contradiction	Amy and Roger are from Pakistan and Iraq respectively.	Amy is from Iraq.
contradiction	Kim and Emily are from Netherlands and Canada respectively.	Kim is from Canada.
contradiction	Joan and Ray are from India and Canada respectively.	Joan is from Canada.
contradiction	Tony and Ralph are from China and North Korea respectively.	Tony is from North Korea.
contradiction	Ray and Tim are from Greece and Bhutan respectively.	Ray is from Bhutan.
contradiction	Charlie and Sally are from South Korea and Chile respectively.	Charlie is from Chile.
contradiction	Mark and Kim are from Netherlands and Sweden respectively.	Mark is from Sweden.
contradiction	William and Ben are from New Zealand and Italy respectively.	William is from Italy.
contradiction	Jennifer and Carolyn are from Colombia and Haiti respectively.	Jennifer is from Haiti.
contradiction	Ruth and Bruce are from Thailand and Ecuador respectively.	Ruth is from Ecuador.
contradiction	Bruce and Edith are from Hungary and Denmark respectively.	Bruce is from Denmark.
contradiction	Barbara and Sharon are from Denmark and United States of America respectively.	Barbara is from United States of America.
contradiction	Ann and Michelle are from Ecuador and United States of America respectively.	Ann is from United States of America.
contradiction	Grace and Michelle are from Malaysia and Chile respectively.	Grace is from Chile.
contradiction	Johnny and Elaine are from Zimbabwe and Finland respectively.	Johnny is from Finland.
contradiction	William and Howard are from Argentina and Saudi Arabia respectively.	William is from Saudi Arabia.
contradiction	Emily and Nicole are from India and France respectively.	Emily is from France.
contradiction	Lynn and Grace are from China and Egypt respectively.	Lynn is from Egypt.
contradiction	Billy and Keith are from Iraq and New Zealand respectively.	Billy is from New Zealand.
contradiction	Richard and Rose are from Zimbabwe and Belarus respectively.	Richard is from Belarus.
contradiction	Jack and Sara are from Iran and Israel respectively.	Jack is from Israel.
contradiction	Maria and Anne are from Turkey and Singapore respectively.	Maria is from Singapore.
contradiction	Robin and Mary are from Ukraine and Chile respectively.	Robin is from Chile.
contradiction	Sarah and Bob are from Pakistan and Belarus respectively.	Sarah is from Belarus.
contradiction	Sophie and Kathy are from Australia and Bhutan respectively.	Sophie is from Bhutan.
contradiction	Ruth and Eleanor are from Argentina and Maldives respectively.	Ruth is from Maldives.
contradiction	Ray and Ralph are from Zimbabwe and United States of America respectively.	Ray is from United States of America.
contradiction	Arthur and Carl are from France and Sweden respectively.	Arthur is from Sweden.
contradiction	Alfred and Harry are from Chile and Argentina respectively.	Alfred is from Argentina.
contradiction	Scott and Walter are from Belarus and Fiji respectively.	Scott is from Fiji.
contradiction	Michael and Greg are from Oman and Australia respectively.	Michael is from Australia.
contradiction	Patrick and Frances are from Belarus and Iran respectively.	Patrick is from Iran.
contradiction	Judith and Evelyn are from Maldives and Austria respectively.	Judith is from Austria.
contradiction	Christopher and Louise are from Russia and Sweden respectively.	Christopher is from Sweden.
contradiction	Jerry and Jean are from Finland and India respectively.	Jerry is from India.
contradiction	Charles and Janet are from Laos and Netherlands respectively.	Charles is from Netherlands.
contradiction	Keith and Simon are from Bangladesh and Fiji respectively.	Keith is from Fiji.
contradiction	Julie and Catherine are from Laos and Ecuador respectively.	Julie is from Ecuador.
contradiction	Daniel and Roy are from Poland and Ireland respectively.	Daniel is from Ireland.
contradiction	Julia and Caroline are from Denmark and China respectively.	Julia is from China.
contradiction	Christine and Mike are from Austria and Colombia respectively.	Christine is from Colombia.
contradiction	Louis and Stephanie are from United Kingdom and Turkey respectively.	Louis is from Turkey.
contradiction	Don and Benjamin are from Iraq and Israel respectively.	Don is from Israel.
contradiction	Ian and Grace are from Haiti and Iraq respectively.	Ian is from Iraq.
contradiction	Louis and Jeff are from Belarus and United States of America respectively.	Louis is from United States of America.
contradiction	Martin and Alex are from Cuba and Japan respectively.	Martin is from Japan.
contradiction	Lynn and Edwin are from Afghanistan and Laos respectively.	Lynn is from Laos.
contradiction	Christine and Jim are from France and Sweden respectively.	Christine is from Sweden.
contradiction	Ben and Rachel are from Qatar and Belarus respectively.	Ben is from Belarus.
contradiction	Lucy and Steven are from United States of America and Denmark respectively.	Lucy is from Denmark.
contradiction	Scott and Albert are from Netherlands and Uruguay respectively.	Scott is from Uruguay.
contradiction	Alfred and Michael are from Indonesia and Greece respectively.	Alfred is from Greece.
contradiction	Louise and Kenneth are from Turkey and Cuba respectively.	Louise is from Cuba.
contradiction	Matt and Thomas are from Oman and Austria respectively.	Matt is from Austria.
contradiction	Philip and Arthur are from India and Fiji respectively.	Philip is from Fiji.
contradiction	Brian and Alexandra are from Switzerland and Denmark respectively.	Brian is from Denmark.
contradiction	Billy and Alison are from United States of America and Iceland respectively.	Billy is from Iceland.
contradiction	Francis and Hugh are from Portugal and Belgium respectively.	Francis is from Belgium.
contradiction	Steve and Andrew are from Pakistan and Russia respectively.	Steve is from Russia.
contradiction	Edith and Charles are from Bangladesh and Poland respectively.	Edith is from Poland.
contradiction	Emily and Charlotte are from Mexico and South Korea respectively.	Emily is from South Korea.
contradiction	Kathy and Stephen are from United Arab Emirates and Turkey respectively.	Kathy is from Turkey.
contradiction	Jeff and Laura are from Denmark and Iraq respectively.	Jeff is from Iraq.
contradiction	Eleanor and Tony are from Argentina and Ukraine respectively.	Eleanor is from Ukraine.
contradiction	Dan and Louis are from Portugal and Poland respectively.	Dan is from Poland.
contradiction	Maria and Tony are from Egypt and Azerbaijan respectively.	Maria is from Azerbaijan.
contradiction	Maria and Matt are from Qatar and Portugal respectively.	Maria is from Portugal.
contradiction	Larry and Ron are from Philippines and New Zealand respectively.	Larry is from New Zealand.
contradiction	Greg and Ralph are from Maldives and Ukraine respectively.	Greg is from Ukraine.
contradiction	Tony and Brian are from Brazil and Netherlands respectively.	Tony is from Netherlands.
contradiction	Caroline and Sue are from Sweden and Saudi Arabia respectively.	Caroline is from Saudi Arabia.
contradiction	Emily and Jean are from Australia and South Korea respectively.	Emily is from South Korea.
contradiction	Matthew and Eric are from Maldives and Thailand respectively.	Matthew is from Thailand.
contradiction	Nicole and Charlie are from Azerbaijan and Netherlands respectively.	Nicole is from Netherlands.
contradiction	Adam and Scott are from Iraq and Zimbabwe respectively.	Adam is from Zimbabwe.
contradiction	Colin and John are from Philippines and Iraq respectively.	Colin is from Iraq.
contradiction	Chris and Frances are from Russia and South Korea respectively.	Chris is from South Korea.
contradiction	Bobby and Lucy are from New Zealand and Taiwan respectively.	Bobby is from Taiwan.
contradiction	Ken and Lisa are from Greece and Germany respectively.	Ken is from Germany.
contradiction	Kathleen and Ann are from Qatar and Thailand respectively.	Kathleen is from Thailand.
contradiction	Leslie and Diane are from Netherlands and Japan respectively.	Leslie is from Japan.
contradiction	Dick and Judith are from South Korea and Belgium respectively.	Dick is from Belgium.
contradiction	Susan and Ryan are from Iraq and China respectively.	Susan is from China.
contradiction	Paul and Joan are from North Korea and Thailand respectively.	Paul is from Thailand.
contradiction	Frank and Jerry are from United Arab Emirates and Germany respectively.	Frank is from Germany.
contradiction	Bruce and Susan are from United States of America and Israel respectively.	Bruce is from Israel.
contradiction	Harold and Michael are from Maldives and Chile respectively.	Harold is from Chile.
contradiction	Jill and Ryan are from Brazil and Philippines respectively.	Jill is from Philippines.
contradiction	Marilyn and Lawrence are from Belgium and Pakistan respectively.	Marilyn is from Pakistan.
contradiction	Bill and David are from Switzerland and Bhutan respectively.	Bill is from Bhutan.
contradiction	Amanda and Dan are from Qatar and Cuba respectively.	Amanda is from Cuba.
contradiction	Jill and Kelly are from Ecuador and United States of America respectively.	Jill is from United States of America.
contradiction	Sandra and Anne are from Georgia and Zimbabwe respectively.	Sandra is from Zimbabwe.
contradiction	Anthony and Ben are from Laos and Australia respectively.	Anthony is from Australia.
contradiction	Alexandra and Joseph are from Ireland and South Korea respectively.	Alexandra is from South Korea.
contradiction	Andrea and Jane are from Zimbabwe and Taiwan respectively.	Andrea is from Taiwan.
contradiction	Joan and Ben are from Austria and Ghana respectively.	Joan is from Ghana.
contradiction	Kelly and Elaine are from India and Libya respectively.	Kelly is from Libya.
contradiction	Jimmy and Evelyn are from Oman and Pakistan respectively.	Jimmy is from Pakistan.
contradiction	Harriet and Nicole are from Indonesia and Turkey respectively.	Harriet is from Turkey.
contradiction	Edith and Amy are from Portugal and Indonesia respectively.	Edith is from Indonesia.
contradiction	Edith and Kate are from Japan and Qatar respectively.	Edith is from Qatar.
contradiction	Grace and Amanda are from North Korea and Iran respectively.	Grace is from Iran.
contradiction	Donna and Gary are from Vietnam and Ukraine respectively.	Donna is from Ukraine.
contradiction	Lucy and Janet are from Japan and India respectively.	Lucy is from India.
contradiction	Chris and Kathy are from Fiji and Philippines respectively.	Chris is from Philippines.
contradiction	Caroline and Chris are from Japan and Colombia respectively.	Caroline is from Colombia.
contradiction	Evelyn and Elizabeth are from Zimbabwe and Qatar respectively.	Evelyn is from Qatar.
contradiction	Jeff and Kenneth are from Denmark and Mexico respectively.	Jeff is from Mexico.
contradiction	Stephen and Ralph are from United States of America and France respectively.	Stephen is from France.
contradiction	Samuel and Marilyn are from Argentina and Azerbaijan respectively.	Samuel is from Azerbaijan.
contradiction	Jeff and Charles are from Canada and Switzerland respectively.	Jeff is from Switzerland.
contradiction	Simon and Katherine are from Ireland and Georgia respectively.	Simon is from Georgia.
contradiction	William and Caroline are from Nepal and Pakistan respectively.	William is from Pakistan.
contradiction	Alison and Fiona are from Belgium and United Kingdom respectively.	Alison is from United Kingdom.
contradiction	Anna and Leslie are from Austria and Zimbabwe respectively.	Anna is from Zimbabwe.
contradiction	William and Louis are from South Korea and Turkey respectively.	William is from Turkey.
contradiction	Judy and Jay are from Germany and Qatar respectively.	Judy is from Qatar.
contradiction	Stephen and Patricia are from New Zealand and Bhutan respectively.	Stephen is from Bhutan.
contradiction	Alison and Ken are from Sweden and New Zealand respectively.	Alison is from New Zealand.
contradiction	Caroline and Maria are from Colombia and United States of America respectively.	Caroline is from United States of America.
contradiction	Alexandra and Harry are from Greece and Georgia respectively.	Alexandra is from Georgia.
contradiction	Heather and Laura are from Haiti and Taiwan respectively.	Heather is from Taiwan.
contradiction	Joseph and Angela are from Philippines and Egypt respectively.	Joseph is from Egypt.
contradiction	Judy and Joan are from Fiji and Bangladesh respectively.	Judy is from Bangladesh.
contradiction	Marie and Kelly are from Singapore and Philippines respectively.	Marie is from Philippines.
contradiction	Rachel and Ed are from Switzerland and Thailand respectively.	Rachel is from Thailand.
contradiction	Julia and Mary are from Switzerland and Netherlands respectively.	Julia is from Netherlands.
contradiction	Albert and Nancy are from Finland and Italy respectively.	Albert is from Italy.
contradiction	Frank and Edward are from Iran and China respectively.	Frank is from China.
contradiction	Ken and Jack are from United Kingdom and Haiti respectively.	Ken is from Haiti.
contradiction	Emma and Jean are from United States of America and Zimbabwe respectively.	Emma is from Zimbabwe.
contradiction	Frederick and Jean are from Portugal and Russia respectively.	Frederick is from Russia.
contradiction	Stephen and Harriet are from Colombia and Qatar respectively.	Stephen is from Qatar.
contradiction	Kim and Betty are from Germany and Azerbaijan respectively.	Kim is from Azerbaijan.
contradiction	Fred and Evelyn are from Portugal and Russia respectively.	Fred is from Russia.
contradiction	Jill and Julie are from New Zealand and Malaysia respectively.	Jill is from Malaysia.
contradiction	Kathy and Carl are from Ecuador and Italy respectively.	Kathy is from Italy.
contradiction	Julie and Jerry are from Thailand and United Arab Emirates respectively.	Julie is from United Arab Emirates.
contradiction	Edward and Don are from Thailand and United States of America respectively.	Edward is from United States of America.
contradiction	Kathleen and Lisa are from Brazil and Italy respectively.	Kathleen is from Italy.
contradiction	Rachel and Amanda are from Germany and New Zealand respectively.	Rachel is from New Zealand.
contradiction	Jonathan and Betty are from Taiwan and Egypt respectively.	Jonathan is from Egypt.
contradiction	Steven and Sally are from Indonesia and United States of America respectively.	Steven is from United States of America.
contradiction	George and Dick are from Netherlands and Ghana respectively.	George is from Ghana.
contradiction	William and Elizabeth are from Argentina and Cuba respectively.	William is from Cuba.
contradiction	Jane and Fred are from Belgium and Canada respectively.	Jane is from Canada.
contradiction	Anna and Dorothy are from Libya and Chile respectively.	Anna is from Chile.
contradiction	Lauren and Helen are from France and Iraq respectively.	Lauren is from Iraq.
contradiction	Kate and Frances are from Colombia and Vietnam respectively.	Kate is from Vietnam.
contradiction	Dick and Frank are from Laos and Fiji respectively.	Dick is from Fiji.
contradiction	Stephen and Sophie are from Afghanistan and Chile respectively.	Stephen is from Chile.
contradiction	Dick and Dave are from Maldives and Laos respectively.	Dick is from Laos.
contradiction	Nancy and Colin are from Egypt and Indonesia respectively.	Nancy is from Indonesia.
contradiction	Michelle and Catherine are from Uruguay and Iraq respectively.	Michelle is from Iraq.
contradiction	Sally and Ed are from Ecuador and Indonesia respectively.	Sally is from Indonesia.
contradiction	Nick and Andrew are from Finland and China respectively.	Nick is from China.
contradiction	Larry and Harriet are from Israel and Vietnam respectively.	Larry is from Vietnam.
contradiction	Ed and Jonathan are from Belarus and Sweden respectively.	Ed is from Sweden.
contradiction	Ellen and Bruce are from Georgia and Belgium respectively.	Ellen is from Belgium.
contradiction	Judy and Christopher are from Sweden and Iceland respectively.	Judy is from Iceland.
contradiction	Anne and Jack are from Vietnam and Laos respectively.	Anne is from Laos.
contradiction	Peter and Betty are from Austria and Portugal respectively.	Peter is from Portugal.
contradiction	Claire and Robin are from Japan and Zimbabwe respectively.	Claire is from Zimbabwe.
contradiction	Richard and Evelyn are from Afghanistan and Belarus respectively.	Richard is from Belarus.
contradiction	Mike and Julia are from Hungary and Germany respectively.	Mike is from Germany.
contradiction	Jean and Jay are from Azerbaijan and Saudi Arabia respectively.	Jean is from Saudi Arabia.
contradiction	Tim and Kathryn are from South Korea and Finland respectively.	Tim is from Finland.
contradiction	Ben and Alexander are from Pakistan and Germany respectively.	Ben is from Germany.
contradiction	Judith and Ann are from Poland and Hungary respectively.	Judith is from Hungary.
contradiction	Frank and Arthur are from Vietnam and Egypt respectively.	Frank is from Egypt.
contradiction	Catherine and Sue are from Ireland and Mexico respectively.	Catherine is from Mexico.
contradiction	Leslie and Rebecca are from Philippines and Argentina respectively.	Leslie is from Argentina.
contradiction	Keith and Claire are from Poland and Iran respectively.	Keith is from Iran.
contradiction	Kathy and Maria are from Azerbaijan and Hungary respectively.	Kathy is from Hungary.
contradiction	Charlotte and Pamela are from Brazil and United States of America respectively.	Charlotte is from United States of America.
contradiction	Helen and Tony are from Greece and Maldives respectively.	Helen is from Maldives.
contradiction	Roy and Henry are from New Zealand and Russia respectively.	Roy is from Russia.
contradiction	Julie and Susan are from Sweden and Ireland respectively.	Julie is from Ireland.
contradiction	Jay and Ed are from Taiwan and Mexico respectively.	Jay is from Mexico.
contradiction	Edwin and Annie are from Portugal and New Zealand respectively.	Edwin is from New Zealand.
contradiction	Patrick and Tom are from Georgia and South Korea respectively.	Patrick is from South Korea.
contradiction	Roy and Victoria are from Turkey and Italy respectively.	Roy is from Italy.
contradiction	Alice and Mary are from Zimbabwe and Taiwan respectively.	Alice is from Taiwan.
contradiction	Robin and Mark are from Brazil and Haiti respectively.	Robin is from Haiti.
contradiction	Barbara and Andrew are from China and Netherlands respectively.	Barbara is from Netherlands.
contradiction	Maria and Dick are from Russia and United Kingdom respectively.	Maria is from United Kingdom.
contradiction	Brian and Judith are from Switzerland and Georgia respectively.	Brian is from Georgia.
contradiction	Amanda and Sarah are from Thailand and South Korea respectively.	Amanda is from South Korea.
contradiction	Joseph and Joe are from Denmark and Fiji respectively.	Joseph is from Fiji.
contradiction	Kathy and Jane are from Taiwan and Chile respectively.	Kathy is from Chile.
contradiction	Rebecca and Ron are from Ecuador and Fiji respectively.	Rebecca is from Fiji.
contradiction	Anne and Jane are from Thailand and Brazil respectively.	Anne is from Brazil.
contradiction	Martha and Claire are from France and Sweden respectively.	Martha is from Sweden.
contradiction	Sharon and Dorothy are from Australia and Oman respectively.	Sharon is from Oman.
contradiction	Ian and Jennifer are from Singapore and India respectively.	Ian is from India.
contradiction	Catherine and Larry are from Hungary and Iraq respectively.	Catherine is from Iraq.
contradiction	Carolyn and Suzanne are from Chile and Thailand respectively.	Carolyn is from Thailand.
contradiction	Sara and Charlie are from Pakistan and Ukraine respectively.	Sara is from Ukraine.
contradiction	Laura and Johnny are from Ecuador and Zimbabwe respectively.	Laura is from Zimbabwe.
contradiction	Robin and Jonathan are from Laos and Finland respectively.	Robin is from Finland.
contradiction	Edward and Sharon are from Qatar and Greece respectively.	Edward is from Greece.
contradiction	Anna and Linda are from Chile and United States of America respectively.	Anna is from United States of America.
contradiction	Lauren and Steven are from Laos and North Korea respectively.	Lauren is from North Korea.
contradiction	Alexandra and Katherine are from India and Australia respectively.	Alexandra is from Australia.
contradiction	Christopher and Diane are from Netherlands and South Korea respectively.	Christopher is from South Korea.
contradiction	Hugh and Joan are from Colombia and Cuba respectively.	Hugh is from Cuba.
contradiction	Paul and Anne are from Turkey and Zimbabwe respectively.	Paul is from Zimbabwe.
contradiction	Jimmy and Frank are from Denmark and Iraq respectively.	Jimmy is from Iraq.
contradiction	Lynn and Mike are from Finland and Colombia respectively.	Lynn is from Colombia.
contradiction	Judith and Joan are from Belarus and China respectively.	Judith is from China.
contradiction	Colin and Linda are from Afghanistan and Egypt respectively.	Colin is from Egypt.
contradiction	Ben and Dick are from India and Georgia respectively.	Ben is from Georgia.
contradiction	Katherine and Matt are from Ireland and Qatar respectively.	Katherine is from Qatar.
contradiction	Chris and Carolyn are from Zimbabwe and Ecuador respectively.	Chris is from Ecuador.
contradiction	Steven and Michelle are from Denmark and Belarus respectively.	Steven is from Belarus.
contradiction	David and Ed are from Azerbaijan and Chile respectively.	David is from Chile.
contradiction	Lucy and Andrew are from United States of America and Laos respectively.	Lucy is from Laos.
contradiction	Carol and Bob are from Greece and Thailand respectively.	Carol is from Thailand.
contradiction	Ed and Tony are from Egypt and Hungary respectively.	Ed is from Hungary.
contradiction	Carl and Jack are from Malaysia and Libya respectively.	Carl is from Libya.
contradiction	Lawrence and Patricia are from Ireland and Zimbabwe respectively.	Lawrence is from Zimbabwe.
contradiction	Keith and Johnny are from Italy and France respectively.	Keith is from France.
contradiction	Roger and Victoria are from Afghanistan and Vietnam respectively.	Roger is from Vietnam.
contradiction	Catherine and Eleanor are from Egypt and Israel respectively.	Catherine is from Israel.
contradiction	Ralph and Paul are from Brazil and Belarus respectively.	Ralph is from Belarus.
contradiction	Robin and Ellen are from Georgia and Turkey respectively.	Robin is from Turkey.
contradiction	Ed and Patrick are from Iran and Ghana respectively.	Ed is from Ghana.
contradiction	Matthew and Eleanor are from Mexico and Portugal respectively.	Matthew is from Portugal.
contradiction	Edwin and Frederick are from France and Ukraine respectively.	Edwin is from Ukraine.
contradiction	Amy and Sarah are from United Kingdom and Australia respectively.	Amy is from Australia.
contradiction	Carolyn and Ken are from Zimbabwe and North Korea respectively.	Carolyn is from North Korea.
contradiction	Greg and Brian are from France and Qatar respectively.	Greg is from Qatar.
contradiction	Peter and Evelyn are from Japan and Finland respectively.	Peter is from Finland.
contradiction	Sam and Arthur are from Cuba and Greece respectively.	Sam is from Greece.
contradiction	Christine and Amanda are from Canada and Brazil respectively.	Christine is from Brazil.
contradiction	Ellen and Ashley are from Philippines and Greece respectively.	Ellen is from Greece.
contradiction	Mary and Amanda are from Colombia and Uruguay respectively.	Mary is from Uruguay.
contradiction	Frederick and Julia are from Germany and Oman respectively.	Frederick is from Oman.
contradiction	Edward and Mary are from Belgium and India respectively.	Edward is from India.
contradiction	Judy and Amanda are from India and United States of America respectively.	Judy is from United States of America.
contradiction	Lucy and Sue are from Nepal and Greece respectively.	Lucy is from Greece.
contradiction	Frederick and Angela are from Saudi Arabia and Japan respectively.	Frederick is from Japan.
contradiction	Anna and Joseph are from Ecuador and United Kingdom respectively.	Anna is from United Kingdom.
contradiction	Ron and Katherine are from United Arab Emirates and Libya respectively.	Ron is from Libya.
contradiction	Anne and Betty are from Japan and Azerbaijan respectively.	Anne is from Azerbaijan.
contradiction	Frederick and Bruce are from Sweden and Iceland respectively.	Frederick is from Iceland.
contradiction	Ryan and Robert are from Libya and Malaysia respectively.	Ryan is from Malaysia.
contradiction	Christopher and Anne are from Sweden and Vietnam respectively.	Christopher is from Vietnam.
contradiction	Louise and Betty are from Afghanistan and Brazil respectively.	Louise is from Brazil.
contradiction	Virginia and Judith are from Portugal and Sweden respectively.	Virginia is from Sweden.
contradiction	Sue and Thomas are from Ukraine and Greece respectively.	Sue is from Greece.
contradiction	Edward and Keith are from Georgia and Greece respectively.	Edward is from Greece.
contradiction	Daniel and Kate are from Belarus and Haiti respectively.	Daniel is from Haiti.
contradiction	Donna and Chris are from Hungary and Saudi Arabia respectively.	Donna is from Saudi Arabia.
contradiction	Harold and Kevin are from Nepal and Pakistan respectively.	Harold is from Pakistan.
contradiction	Keith and Louise are from New Zealand and Bhutan respectively.	Keith is from Bhutan.
contradiction	Charles and James are from Netherlands and Portugal respectively.	Charles is from Portugal.
contradiction	Katie and Michelle are from Brazil and South Korea respectively.	Katie is from South Korea.
contradiction	Florence and Karen are from Hungary and Uruguay respectively.	Florence is from Uruguay.
contradiction	Matt and Lynn are from Vietnam and Iraq respectively.	Matt is from Iraq.
contradiction	Brian and Edith are from Saudi Arabia and Azerbaijan respectively.	Brian is from Azerbaijan.
contradiction	Andrea and Victoria are from North Korea and Pakistan respectively.	Andrea is from Pakistan.
contradiction	Ben and Fiona are from Singapore and Austria respectively.	Ben is from Austria.
contradiction	Michelle and Cynthia are from Georgia and Hungary respectively.	Michelle is from Hungary.
contradiction	Lucy and Ann are from Australia and Azerbaijan respectively.	Lucy is from Azerbaijan.
contradiction	Bob and Alison are from Argentina and France respectively.	Bob is from France.
contradiction	Larry and Sue are from Libya and Ireland respectively.	Larry is from Ireland.
contradiction	Francis and Ann are from North Korea and Hungary respectively.	Francis is from Hungary.
contradiction	Joan and Brian are from South Korea and Switzerland respectively.	Joan is from Switzerland.
contradiction	Alexandra and Claire are from South Korea and Cuba respectively.	Alexandra is from Cuba.
contradiction	Kenneth and Robert are from Netherlands and Iran respectively.	Kenneth is from Iran.
contradiction	Grace and Michelle are from Hungary and Saudi Arabia respectively.	Grace is from Saudi Arabia.
contradiction	Sophie and Angela are from Hungary and Laos respectively.	Sophie is from Laos.
contradiction	Diana and Louis are from South Korea and Singapore respectively.	Diana is from Singapore.
contradiction	Ray and Angela are from Qatar and Turkey respectively.	Ray is from Turkey.
contradiction	Bobby and David are from China and United Arab Emirates respectively.	Bobby is from United Arab Emirates.
contradiction	Julie and Robin are from Australia and Thailand respectively.	Julie is from Thailand.
contradiction	Eleanor and Bob are from Poland and China respectively.	Eleanor is from China.
contradiction	Leslie and Kate are from Oman and United Kingdom respectively.	Leslie is from United Kingdom.
contradiction	Steven and Pamela are from Ecuador and Bhutan respectively.	Steven is from Bhutan.
contradiction	Adam and Thomas are from Maldives and Nepal respectively.	Adam is from Nepal.
contradiction	Susan and Anne are from China and France respectively.	Susan is from France.
contradiction	Rachel and Fred are from Canada and Greece respectively.	Rachel is from Greece.
contradiction	Dan and Barbara are from United Arab Emirates and Portugal respectively.	Dan is from Portugal.
contradiction	Donna and Anna are from Israel and Zimbabwe respectively.	Donna is from Zimbabwe.
contradiction	Al and Sue are from Colombia and Qatar respectively.	Al is from Qatar.
contradiction	Julie and Mark are from Pakistan and Philippines respectively.	Julie is from Philippines.
contradiction	Elizabeth and Ed are from Afghanistan and Fiji respectively.	Elizabeth is from Fiji.
contradiction	Stephen and Virginia are from Cuba and Belgium respectively.	Stephen is from Belgium.
contradiction	Steve and Arthur are from Chile and Nepal respectively.	Steve is from Nepal.
contradiction	Dick and Kate are from Qatar and Cuba respectively.	Dick is from Cuba.
contradiction	Emily and Heather are from Uruguay and Ecuador respectively.	Emily is from Ecuador.
contradiction	Sue and Dan are from Austria and Russia respectively.	Sue is from Russia.
contradiction	Andrea and Frances are from Mexico and Switzerland respectively.	Andrea is from Switzerland.
contradiction	Amy and Louis are from Iran and Iceland respectively.	Amy is from Iceland.
contradiction	Walter and Samuel are from Canada and Chile respectively.	Walter is from Chile.
contradiction	Margaret and Alex are from Uruguay and Portugal respectively.	Margaret is from Portugal.
contradiction	Dave and Simon are from Maldives and Nepal respectively.	Dave is from Nepal.
contradiction	Alison and Heather are from Mexico and Sweden respectively.	Alison is from Sweden.
contradiction	Suzanne and Grace are from United Kingdom and Philippines respectively.	Suzanne is from Philippines.
contradiction	Kenneth and Kelly are from Chile and Cuba respectively.	Kenneth is from Cuba.
contradiction	Dan and Sam are from Netherlands and Cuba respectively.	Dan is from Cuba.
contradiction	Marilyn and Wendy are from Denmark and Poland respectively.	Marilyn is from Poland.
contradiction	Angela and Fred are from Ecuador and Argentina respectively.	Angela is from Argentina.
contradiction	Lawrence and Steven are from Malaysia and Denmark respectively.	Lawrence is from Denmark.
contradiction	Colin and Kathleen are from Fiji and United States of America respectively.	Colin is from United States of America.
contradiction	Gary and Dave are from Bhutan and Italy respectively.	Gary is from Italy.
contradiction	Jill and Richard are from Netherlands and China respectively.	Jill is from China.
contradiction	Jill and Emily are from Australia and South Korea respectively.	Jill is from South Korea.
contradiction	Maria and Nick are from Georgia and Netherlands respectively.	Maria is from Netherlands.
contradiction	John and Frances are from South Korea and Mexico respectively.	John is from Mexico.
contradiction	Tim and Sandra are from Poland and Libya respectively.	Tim is from Libya.
contradiction	Ryan and Anne are from Thailand and Japan respectively.	Ryan is from Japan.
contradiction	Nicole and Martin are from United Kingdom and Canada respectively.	Nicole is from Canada.
contradiction	Brian and Catherine are from Oman and United States of America respectively.	Brian is from United States of America.
contradiction	Eleanor and Jill are from Italy and Egypt respectively.	Eleanor is from Egypt.
contradiction	Elaine and Kathryn are from Germany and China respectively.	Elaine is from China.
contradiction	Frank and Patrick are from Germany and Australia respectively.	Frank is from Australia.
contradiction	Tom and Emily are from Ireland and Netherlands respectively.	Tom is from Netherlands.
contradiction	Hugh and Simon are from Germany and Brazil respectively.	Hugh is from Brazil.
contradiction	Ruth and Suzanne are from Bhutan and Austria respectively.	Ruth is from Austria.
contradiction	Ben and Sally are from Canada and Brazil respectively.	Ben is from Brazil.
contradiction	Ashley and Alex are from Canada and Chile respectively.	Ashley is from Chile.
contradiction	Emma and Jason are from Cuba and Laos respectively.	Emma is from Laos.
contradiction	Sue and Billy are from Zimbabwe and Turkey respectively.	Sue is from Turkey.
contradiction	Frances and Deborah are from Ghana and Thailand respectively.	Frances is from Thailand.
contradiction	Greg and Victoria are from Afghanistan and Greece respectively.	Greg is from Greece.
contradiction	Sara and Julie are from Turkey and Greece respectively.	Sara is from Greece.
contradiction	Francis and Lynn are from Malaysia and United States of America respectively.	Francis is from United States of America.
contradiction	Mary and Dave are from Netherlands and Poland respectively.	Mary is from Poland.
contradiction	Florence and Jerry are from Italy and Fiji respectively.	Florence is from Fiji.
contradiction	Marilyn and Ron are from Egypt and Oman respectively.	Marilyn is from Oman.
contradiction	Ken and Gary are from Afghanistan and Canada respectively.	Ken is from Canada.
contradiction	Alexandra and Emily are from South Korea and Italy respectively.	Alexandra is from Italy.
contradiction	Deborah and Jane are from Turkey and Bangladesh respectively.	Deborah is from Bangladesh.
contradiction	Virginia and Michael are from Portugal and Turkey respectively.	Virginia is from Turkey.
contradiction	Leslie and James are from Poland and Egypt respectively.	Leslie is from Egypt.
contradiction	Paul and Daniel are from Libya and Iraq respectively.	Paul is from Iraq.
contradiction	Charlie and Christine are from United Kingdom and China respectively.	Charlie is from China.
contradiction	Ray and Francis are from Ireland and Egypt respectively.	Ray is from Egypt.
contradiction	Jason and Steven are from Germany and Australia respectively.	Jason is from Australia.
contradiction	Leslie and Judith are from Azerbaijan and Switzerland respectively.	Leslie is from Switzerland.
contradiction	Ashley and Nancy are from Ecuador and Laos respectively.	Ashley is from Laos.
contradiction	Louise and Andrea are from Oman and Colombia respectively.	Louise is from Colombia.
contradiction	Alfred and Philip are from Iraq and Belgium respectively.	Alfred is from Belgium.
contradiction	Harriet and Julia are from Fiji and Haiti respectively.	Harriet is from Haiti.
contradiction	Julia and Billy are from Sweden and Thailand respectively.	Julia is from Thailand.
contradiction	George and Leslie are from Ecuador and Bhutan respectively.	George is from Bhutan.
contradiction	Steven and Andrea are from Poland and United States of America respectively.	Steven is from United States of America.
contradiction	Mark and Laura are from Mexico and Philippines respectively.	Mark is from Philippines.
contradiction	Andrea and Marie are from Ukraine and Japan respectively.	Andrea is from Japan.
contradiction	Benjamin and Joan are from Fiji and Portugal respectively.	Benjamin is from Portugal.
contradiction	Robin and Eric are from Chile and Switzerland respectively.	Robin is from Switzerland.
contradiction	Jason and Bruce are from Portugal and Iran respectively.	Jason is from Iran.
contradiction	Steven and John are from Saudi Arabia and Chile respectively.	Steven is from Chile.
contradiction	Kevin and Matt are from Australia and France respectively.	Kevin is from France.
contradiction	Eric and Alexandra are from Thailand and Germany respectively.	Eric is from Germany.
contradiction	Roy and Greg are from Russia and Argentina respectively.	Roy is from Argentina.
contradiction	Ryan and Steven are from Italy and Switzerland respectively.	Ryan is from Switzerland.
contradiction	Caroline and Deborah are from Qatar and Russia respectively.	Caroline is from Russia.
contradiction	Sandra and James are from Qatar and Egypt respectively.	Sandra is from Egypt.
contradiction	Tom and Gary are from Ghana and United States of America respectively.	Tom is from United States of America.
contradiction	Jay and Karen are from Netherlands and Haiti respectively.	Jay is from Haiti.
contradiction	Victoria and Robert are from France and Netherlands respectively.	Victoria is from Netherlands.
contradiction	Andrew and Nancy are from Fiji and Taiwan respectively.	Andrew is from Taiwan.
contradiction	Bobby and Frances are from New Zealand and Brazil respectively.	Bobby is from Brazil.
contradiction	Elizabeth and Alexandra are from Uruguay and Japan respectively.	Elizabeth is from Japan.
contradiction	Lynn and Donald are from Japan and Sweden respectively.	Lynn is from Sweden.
contradiction	Fiona and Jill are from Thailand and Georgia respectively.	Fiona is from Georgia.
contradiction	Emily and Lynn are from Russia and Vietnam respectively.	Emily is from Vietnam.
contradiction	Heather and Claire are from Brazil and Ukraine respectively.	Heather is from Ukraine.
contradiction	Philip and Anna are from Laos and Oman respectively.	Philip is from Oman.
contradiction	Jerry and Frances are from Greece and Libya respectively.	Jerry is from Libya.
contradiction	Alexandra and Howard are from Sweden and Uruguay respectively.	Alexandra is from Uruguay.
contradiction	Mary and Jack are from Oman and Denmark respectively.	Mary is from Denmark.
contradiction	Alfred and Christopher are from Uruguay and France respectively.	Alfred is from France.
contradiction	Steven and Ann are from Indonesia and Thailand respectively.	Steven is from Thailand.
contradiction	Daniel and Lisa are from Ecuador and Libya respectively.	Daniel is from Libya.
contradiction	Maria and Louis are from Pakistan and Finland respectively.	Maria is from Finland.
contradiction	David and Sarah are from Haiti and Indonesia respectively.	David is from Indonesia.
contradiction	Anne and Bob are from Azerbaijan and Netherlands respectively.	Anne is from Netherlands.
contradiction	Harold and Linda are from Ukraine and Maldives respectively.	Harold is from Maldives.
contradiction	Andrea and Kevin are from North Korea and Nepal respectively.	Andrea is from Nepal.
contradiction	Sue and Jerry are from Vietnam and Indonesia respectively.	Sue is from Indonesia.
contradiction	Rose and Billy are from Cuba and Belgium respectively.	Rose is from Belgium.
contradiction	Kathy and Fiona are from Qatar and Ghana respectively.	Kathy is from Ghana.
contradiction	Kathy and Janet are from Colombia and Netherlands respectively.	Kathy is from Netherlands.
contradiction	Don and Donald are from Denmark and Canada respectively.	Don is from Canada.
contradiction	Christopher and Cynthia are from Chile and Hungary respectively.	Christopher is from Hungary.
contradiction	Tom and Angela are from Azerbaijan and United Kingdom respectively.	Tom is from United Kingdom.
contradiction	Larry and Adam are from Malaysia and Laos respectively.	Larry is from Laos.
contradiction	Jean and Cynthia are from Japan and Denmark respectively.	Jean is from Denmark.
contradiction	Marilyn and Ann are from Brazil and Libya respectively.	Marilyn is from Libya.
contradiction	Helen and Colin are from Pakistan and Hungary respectively.	Helen is from Hungary.
contradiction	Lauren and Victoria are from Uruguay and Japan respectively.	Lauren is from Japan.
contradiction	Joe and Suzanne are from Fiji and Australia respectively.	Joe is from Australia.
contradiction	Catherine and Scott are from Zimbabwe and Japan respectively.	Catherine is from Japan.
contradiction	Emma and Ann are from Japan and Iran respectively.	Emma is from Iran.
contradiction	Catherine and Larry are from Russia and South Korea respectively.	Catherine is from South Korea.
contradiction	Jason and Fiona are from Egypt and India respectively.	Jason is from India.
contradiction	Ruth and Rebecca are from Zimbabwe and Ireland respectively.	Ruth is from Ireland.
contradiction	Brian and Philip are from Switzerland and France respectively.	Brian is from France.
contradiction	Emily and Jennifer are from China and Philippines respectively.	Emily is from Philippines.
contradiction	Alex and Greg are from Portugal and Austria respectively.	Alex is from Austria.
contradiction	Rachel and Ruth are from Portugal and Japan respectively.	Rachel is from Japan.
contradiction	Ron and Don are from China and Portugal respectively.	Ron is from Portugal.
contradiction	Ruth and Arthur are from Thailand and Hungary respectively.	Ruth is from Hungary.
contradiction	Hugh and Emma are from Pakistan and Poland respectively.	Hugh is from Poland.
contradiction	Mary and Lynn are from Belgium and Bangladesh respectively.	Mary is from Bangladesh.
contradiction	Andrew and Arthur are from North Korea and United States of America respectively.	Andrew is from United States of America.
contradiction	Marilyn and Suzanne are from Ecuador and Mexico respectively.	Marilyn is from Mexico.
contradiction	Mike and Maria are from Netherlands and Turkey respectively.	Mike is from Turkey.
contradiction	Maria and Sandra are from Argentina and Greece respectively.	Maria is from Greece.
contradiction	Susan and Dan are from Switzerland and Israel respectively.	Susan is from Israel.
contradiction	Pamela and Ruth are from Hungary and Australia respectively.	Pamela is from Australia.
contradiction	Nick and George are from Libya and Chile respectively.	Nick is from Chile.
contradiction	Joe and Charlotte are from New Zealand and Switzerland respectively.	Joe is from Switzerland.
contradiction	Mary and Hugh are from United Arab Emirates and Malaysia respectively.	Mary is from Malaysia.
contradiction	Cynthia and Ron are from United Arab Emirates and Iceland respectively.	Cynthia is from Iceland.
contradiction	David and Larry are from Japan and Libya respectively.	David is from Libya.
contradiction	Peter and Thomas are from Oman and France respectively.	Peter is from France.
contradiction	Kathleen and Jessica are from United States of America and Maldives respectively.	Kathleen is from Maldives.
contradiction	Andrea and Lauren are from Iran and Georgia respectively.	Andrea is from Georgia.
contradiction	Dick and Tony are from Canada and Iran respectively.	Dick is from Iran.
contradiction	Thomas and Harry are from Australia and Greece respectively.	Thomas is from Greece.
contradiction	Barbara and Frederick are from Mexico and Afghanistan respectively.	Barbara is from Afghanistan.
contradiction	Paul and Keith are from Bangladesh and Denmark respectively.	Paul is from Denmark.
contradiction	Steven and Sara are from Italy and Israel respectively.	Steven is from Israel.
contradiction	Sam and Lawrence are from United Kingdom and Russia respectively.	Sam is from Russia.
contradiction	Angela and Eric are from Austria and Brazil respectively.	Angela is from Brazil.
contradiction	Elaine and Jason are from Finland and Egypt respectively.	Elaine is from Egypt.
contradiction	Laura and Hugh are from Israel and Denmark respectively.	Laura is from Denmark.
contradiction	Jane and Stephanie are from Saudi Arabia and United Arab Emirates respectively.	Jane is from United Arab Emirates.
contradiction	Sam and Alison are from Qatar and Vietnam respectively.	Sam is from Vietnam.
contradiction	Harriet and Dorothy are from Uruguay and Germany respectively.	Harriet is from Germany.
contradiction	Martha and Linda are from South Korea and Afghanistan respectively.	Martha is from Afghanistan.
contradiction	Fiona and Dorothy are from Ireland and Portugal respectively.	Fiona is from Portugal.
contradiction	Marie and Amanda are from Sweden and Mexico respectively.	Marie is from Mexico.
contradiction	Karen and Nancy are from France and Denmark respectively.	Karen is from Denmark.
contradiction	Julie and Ray are from Oman and Canada respectively.	Julie is from Canada.
contradiction	Leslie and Martin are from Maldives and Philippines respectively.	Leslie is from Philippines.
contradiction	Paul and Ray are from United States of America and Libya respectively.	Paul is from Libya.
contradiction	Alfred and Samuel are from Laos and Haiti respectively.	Alfred is from Haiti.
contradiction	Christine and Karen are from Cuba and Portugal respectively.	Christine is from Portugal.
contradiction	Judy and Anthony are from Nepal and Portugal respectively.	Judy is from Portugal.
contradiction	Jerry and Carl are from Colombia and Oman respectively.	Jerry is from Oman.
contradiction	Laura and Bob are from Belarus and Libya respectively.	Laura is from Libya.
contradiction	Jason and James are from Colombia and Australia respectively.	Jason is from Australia.
contradiction	Bob and Sarah are from Greece and Japan respectively.	Bob is from Japan.
contradiction	Carolyn and Joe are from Ecuador and Egypt respectively.	Carolyn is from Egypt.
contradiction	Anne and Emily are from Zimbabwe and United Kingdom respectively.	Anne is from United Kingdom.
contradiction	Harriet and Katherine are from Maldives and New Zealand respectively.	Harriet is from New Zealand.
contradiction	Bobby and Betty are from Mexico and Afghanistan respectively.	Bobby is from Afghanistan.
contradiction	Grace and Angela are from Malaysia and Switzerland respectively.	Grace is from Switzerland.
contradiction	Patrick and Amanda are from Maldives and Ukraine respectively.	Patrick is from Ukraine.
contradiction	Fiona and Mike are from Germany and Oman respectively.	Fiona is from Oman.
contradiction	Steve and Wendy are from Iran and Haiti respectively.	Steve is from Haiti.
contradiction	Susan and James are from Bangladesh and Uruguay respectively.	Susan is from Uruguay.
contradiction	Sharon and Sarah are from Poland and Russia respectively.	Sharon is from Russia.
contradiction	Christopher and Fred are from Denmark and India respectively.	Christopher is from India.
contradiction	Rose and Emily are from India and Ireland respectively.	Rose is from Ireland.
contradiction	Colin and Sophie are from Chile and Denmark respectively.	Colin is from Denmark.
contradiction	Jerry and Kathryn are from Indonesia and Colombia respectively.	Jerry is from Colombia.
contradiction	Betty and Nick are from Iraq and United Kingdom respectively.	Betty is from United Kingdom.
contradiction	George and Nicole are from Iraq and Bangladesh respectively.	George is from Bangladesh.
contradiction	Julia and Anthony are from Qatar and Laos respectively.	Julia is from Laos.
contradiction	Fred and Nicole are from Taiwan and Brazil respectively.	Fred is from Brazil.
contradiction	Jane and Alex are from Philippines and Ireland respectively.	Jane is from Ireland.
contradiction	Alice and Ryan are from Laos and Poland respectively.	Alice is from Poland.
contradiction	Steven and Julia are from Pakistan and Malaysia respectively.	Steven is from Malaysia.
contradiction	Roger and Alan are from Fiji and China respectively.	Roger is from China.
contradiction	Francis and Elaine are from India and Canada respectively.	Francis is from Canada.
contradiction	Mark and Larry are from Chile and Russia respectively.	Mark is from Russia.
contradiction	Laura and Steve are from Russia and New Zealand respectively.	Laura is from New Zealand.
contradiction	Carl and Edward are from India and Russia respectively.	Carl is from Russia.
contradiction	Chris and Brian are from Cuba and Iran respectively.	Chris is from Iran.
contradiction	Anne and Lucy are from Denmark and Greece respectively.	Anne is from Greece.
contradiction	Gary and Julie are from Azerbaijan and Bhutan respectively.	Gary is from Bhutan.
contradiction	Jane and Anthony are from Indonesia and Sweden respectively.	Jane is from Sweden.
contradiction	Benjamin and Jack are from Haiti and Bangladesh respectively.	Benjamin is from Bangladesh.
contradiction	Sandra and Ben are from Fiji and United Arab Emirates respectively.	Sandra is from United Arab Emirates.
contradiction	Peter and Ray are from France and Australia respectively.	Peter is from Australia.
contradiction	Donald and Mike are from Greece and Austria respectively.	Donald is from Austria.
contradiction	Michael and Sandra are from Ukraine and Denmark respectively.	Michael is from Denmark.
contradiction	Louis and Rebecca are from Israel and United Arab Emirates respectively.	Louis is from United Arab Emirates.
contradiction	John and Jimmy are from United States of America and Laos respectively.	John is from Laos.
contradiction	Michelle and Fred are from Thailand and Singapore respectively.	Michelle is from Singapore.
contradiction	Edith and Alison are from United States of America and Zimbabwe respectively.	Edith is from Zimbabwe.
contradiction	Carl and Anne are from Ecuador and Brazil respectively.	Carl is from Brazil.
contradiction	Jennifer and Alexander are from Germany and North Korea respectively.	Jennifer is from North Korea.
contradiction	Jean and Rachel are from Taiwan and Greece respectively.	Jean is from Greece.
contradiction	Paul and Dan are from Thailand and Oman respectively.	Paul is from Oman.
contradiction	Ron and Don are from Singapore and Greece respectively.	Ron is from Greece.
contradiction	Jimmy and Alexander are from Netherlands and Sweden respectively.	Jimmy is from Sweden.
contradiction	Janet and Matthew are from Sweden and Australia respectively.	Janet is from Australia.
contradiction	Jimmy and Billy are from Hungary and Ecuador respectively.	Jimmy is from Ecuador.
contradiction	Bobby and Lawrence are from Afghanistan and Sweden respectively.	Bobby is from Sweden.
contradiction	Michael and Caroline are from Malaysia and United Arab Emirates respectively.	Michael is from United Arab Emirates.
contradiction	Roger and Heather are from Australia and New Zealand respectively.	Roger is from New Zealand.
contradiction	Robin and Joseph are from Fiji and Poland respectively.	Robin is from Poland.
contradiction	Marie and Alexandra are from Ukraine and Bhutan respectively.	Marie is from Bhutan.
contradiction	Nancy and Ruth are from Philippines and Switzerland respectively.	Nancy is from Switzerland.
contradiction	Tom and Catherine are from Ghana and Israel respectively.	Tom is from Israel.
contradiction	Simon and Mark are from Germany and Haiti respectively.	Simon is from Haiti.
contradiction	Jean and Caroline are from Libya and Laos respectively.	Jean is from Laos.
contradiction	Sally and Elizabeth are from Ukraine and Greece respectively.	Sally is from Greece.
contradiction	Steve and Bruce are from Netherlands and Indonesia respectively.	Steve is from Indonesia.
contradiction	Heather and Kathryn are from North Korea and India respectively.	Heather is from India.
contradiction	Nancy and Joan are from Ukraine and Belarus respectively.	Nancy is from Belarus.
contradiction	Johnny and Ruth are from China and Oman respectively.	Johnny is from Oman.
contradiction	Edith and Annie are from Afghanistan and Belgium respectively.	Edith is from Belgium.
contradiction	Charlotte and Al are from Afghanistan and Israel respectively.	Charlotte is from Israel.
contradiction	Ed and Annie are from Austria and Pakistan respectively.	Ed is from Pakistan.
contradiction	Kenneth and Annie are from North Korea and Sweden respectively.	Kenneth is from Sweden.
contradiction	Maria and Donna are from Brazil and Argentina respectively.	Maria is from Argentina.
contradiction	William and Keith are from Qatar and Afghanistan respectively.	William is from Afghanistan.
contradiction	Andrea and Kathryn are from Chile and New Zealand respectively.	Andrea is from New Zealand.
contradiction	Adam and Emma are from Laos and Qatar respectively.	Adam is from Qatar.
contradiction	Deborah and Virginia are from New Zealand and Chile respectively.	Deborah is from Chile.
contradiction	Arthur and Bill are from Libya and New Zealand respectively.	Arthur is from New Zealand.
contradiction	Ed and Gary are from Zimbabwe and Libya respectively.	Ed is from Libya.
contradiction	Donald and Elaine are from Taiwan and Qatar respectively.	Donald is from Qatar.
contradiction	Karen and Florence are from Turkey and Netherlands respectively.	Karen is from Netherlands.
contradiction	Margaret and Kenneth are from Colombia and Haiti respectively.	Margaret is from Haiti.
contradiction	Margaret and Paul are from Ireland and Afghanistan respectively.	Margaret is from Afghanistan.
contradiction	Eleanor and Frank are from South Korea and Italy respectively.	Eleanor is from Italy.
contradiction	Robin and Sophie are from Maldives and Vietnam respectively.	Robin is from Vietnam.
contradiction	Jimmy and Marilyn are from Iraq and Mexico respectively.	Jimmy is from Mexico.
contradiction	Matthew and William are from Azerbaijan and Poland respectively.	Matthew is from Poland.
contradiction	Arthur and Don are from South Korea and Italy respectively.	Arthur is from Italy.
contradiction	Patrick and Roy are from Pakistan and Brazil respectively.	Patrick is from Brazil.
contradiction	Leslie and Albert are from Georgia and Netherlands respectively.	Leslie is from Netherlands.
contradiction	Pamela and Emily are from Colombia and Georgia respectively.	Pamela is from Georgia.
contradiction	Stephen and Judith are from Portugal and Malaysia respectively.	Stephen is from Malaysia.
contradiction	Kathryn and Victoria are from Argentina and Oman respectively.	Kathryn is from Oman.
contradiction	Edwin and Andrea are from Iran and Japan respectively.	Edwin is from Japan.
contradiction	Emily and Jeff are from Cuba and North Korea respectively.	Emily is from North Korea.
contradiction	Edith and Kevin are from Libya and Colombia respectively.	Edith is from Colombia.
contradiction	Frederick and Brian are from Japan and Azerbaijan respectively.	Frederick is from Azerbaijan.
contradiction	Martin and Mark are from Zimbabwe and Bangladesh respectively.	Martin is from Bangladesh.
contradiction	Jim and Barbara are from Greece and Israel respectively.	Jim is from Israel.
contradiction	Leslie and Bruce are from Laos and Japan respectively.	Leslie is from Japan.
contradiction	Larry and Rachel are from Iran and Bhutan respectively.	Larry is from Bhutan.
contradiction	Thomas and Diana are from Qatar and Hungary respectively.	Thomas is from Hungary.
contradiction	Elaine and Paul are from Indonesia and Uruguay respectively.	Elaine is from Uruguay.
contradiction	Mike and Amy are from Egypt and Bangladesh respectively.	Mike is from Bangladesh.
contradiction	Andrea and Dave are from Finland and Zimbabwe respectively.	Andrea is from Zimbabwe.
contradiction	Alison and Rebecca are from Haiti and Japan respectively.	Alison is from Japan.
contradiction	Marilyn and Ken are from Ghana and Iceland respectively.	Marilyn is from Iceland.
contradiction	Ashley and Michelle are from Netherlands and Australia respectively.	Ashley is from Australia.
contradiction	Charlie and Kevin are from Egypt and Ghana respectively.	Charlie is from Ghana.
contradiction	Tony and Anne are from Malaysia and Bangladesh respectively.	Tony is from Bangladesh.
contradiction	Roy and Leslie are from New Zealand and Belarus respectively.	Roy is from Belarus.
contradiction	Ellen and Laura are from Hungary and Israel respectively.	Ellen is from Israel.
contradiction	Nicole and Sue are from Chile and Maldives respectively.	Nicole is from Maldives.
contradiction	Dorothy and Jonathan are from China and Australia respectively.	Dorothy is from Australia.
contradiction	Grace and Keith are from Philippines and Iraq respectively.	Grace is from Iraq.
contradiction	Frank and Pamela are from Hungary and Egypt respectively.	Frank is from Egypt.
contradiction	Sam and Catherine are from Switzerland and France respectively.	Sam is from France.
contradiction	Scott and Chris are from Hungary and United Arab Emirates respectively.	Scott is from United Arab Emirates.
contradiction	Paul and Sally are from Greece and Portugal respectively.	Paul is from Portugal.
contradiction	Joe and Jonathan are from Austria and Indonesia respectively.	Joe is from Indonesia.
contradiction	Eleanor and Steve are from Taiwan and Germany respectively.	Eleanor is from Germany.
contradiction	Bobby and Dick are from Ireland and Japan respectively.	Bobby is from Japan.
contradiction	Stephanie and Karen are from Hungary and Taiwan respectively.	Stephanie is from Taiwan.
contradiction	Linda and Emily are from Pakistan and Netherlands respectively.	Linda is from Netherlands.
contradiction	Susan and Kate are from Bhutan and Uruguay respectively.	Susan is from Uruguay.
contradiction	Edwin and Donald are from Iceland and Cuba respectively.	Edwin is from Cuba.
contradiction	Kathryn and Lynn are from Ecuador and Colombia respectively.	Kathryn is from Colombia.
contradiction	Mark and Edith are from Russia and Ireland respectively.	Mark is from Ireland.
contradiction	Kevin and Patrick are from Laos and Italy respectively.	Kevin is from Italy.
contradiction	Scott and Alan are from Egypt and Chile respectively.	Scott is from Chile.
contradiction	Karen and Bill are from Finland and Iraq respectively.	Karen is from Iraq.
contradiction	Frederick and Frances are from Iraq and Oman respectively.	Frederick is from Oman.
contradiction	Kelly and Ed are from Greece and Brazil respectively.	Kelly is from Brazil.
contradiction	Julia and Alison are from China and Israel respectively.	Julia is from Israel.
contradiction	Carol and Adam are from Pakistan and Oman respectively.	Carol is from Oman.
contradiction	Anne and Kenneth are from Finland and Thailand respectively.	Anne is from Thailand.
contradiction	Ian and Kathryn are from Zimbabwe and Egypt respectively.	Ian is from Egypt.
contradiction	Helen and Henry are from Zimbabwe and China respectively.	Helen is from China.
contradiction	Edward and Katherine are from Japan and Italy respectively.	Edward is from Italy.
contradiction	Jill and Kim are from Philippines and China respectively.	Jill is from China.
contradiction	Simon and Rose are from Oman and Portugal respectively.	Simon is from Portugal.
contradiction	Lucy and Virginia are from Ghana and North Korea respectively.	Lucy is from North Korea.
contradiction	Steven and Charles are from North Korea and South Korea respectively.	Steven is from South Korea.
contradiction	Helen and Matt are from Iran and Thailand respectively.	Helen is from Thailand.
contradiction	Carol and Dan are from Georgia and Argentina respectively.	Carol is from Argentina.
contradiction	Richard and Carl are from Haiti and Vietnam respectively.	Richard is from Vietnam.
contradiction	George and Kim are from Vietnam and Azerbaijan respectively.	George is from Azerbaijan.
contradiction	Nicole and Andrew are from Chile and Nepal respectively.	Nicole is from Nepal.
contradiction	Joseph and Sarah are from Belarus and Fiji respectively.	Joseph is from Fiji.
contradiction	Frank and Diana are from Japan and Libya respectively.	Frank is from Libya.
contradiction	Helen and Sandra are from Oman and Laos respectively.	Helen is from Laos.
contradiction	Carol and Angela are from Sweden and Singapore respectively.	Carol is from Singapore.
contradiction	Michael and Judy are from Singapore and Afghanistan respectively.	Michael is from Afghanistan.
contradiction	Steven and Laura are from Qatar and Zimbabwe respectively.	Steven is from Zimbabwe.
contradiction	Melissa and Arthur are from Ukraine and Denmark respectively.	Melissa is from Denmark.
contradiction	Anthony and Maria are from Pakistan and Philippines respectively.	Anthony is from Philippines.
contradiction	Charlie and Kathleen are from China and Philippines respectively.	Charlie is from Philippines.
contradiction	Francis and Kim are from Bangladesh and United States of America respectively.	Francis is from United States of America.
contradiction	Bob and Michael are from Saudi Arabia and Poland respectively.	Bob is from Poland.
contradiction	Edward and Laura are from Taiwan and United States of America respectively.	Edward is from United States of America.
contradiction	Al and Charlie are from Austria and United Kingdom respectively.	Al is from United Kingdom.
contradiction	Anne and Pamela are from Canada and Switzerland respectively.	Anne is from Switzerland.
contradiction	Rose and Jay are from Haiti and Belarus respectively.	Rose is from Belarus.
contradiction	Janet and Rebecca are from Uruguay and Afghanistan respectively.	Janet is from Afghanistan.
contradiction	Kathy and Judith are from Italy and Chile respectively.	Kathy is from Chile.
contradiction	Eric and Ron are from Qatar and India respectively.	Eric is from India.
contradiction	Janet and Leslie are from Qatar and Bhutan respectively.	Janet is from Bhutan.
contradiction	Richard and Roy are from Fiji and India respectively.	Richard is from India.
contradiction	Sharon and Marilyn are from Hungary and Greece respectively.	Sharon is from Greece.
contradiction	Ed and Jean are from Bhutan and Georgia respectively.	Ed is from Georgia.
contradiction	Diane and Patricia are from Austria and Greece respectively.	Diane is from Greece.
contradiction	Emily and Amanda are from Saudi Arabia and Japan respectively.	Emily is from Japan.
contradiction	Harry and Robert are from Maldives and Ghana respectively.	Harry is from Ghana.
contradiction	Jonathan and Dick are from Qatar and Georgia respectively.	Jonathan is from Georgia.
contradiction	Sue and Anna are from United States of America and Vietnam respectively.	Sue is from Vietnam.
contradiction	Richard and Roy are from Russia and Poland respectively.	Richard is from Poland.
contradiction	Jason and Laura are from United Kingdom and Mexico respectively.	Jason is from Mexico.
contradiction	Emily and Nick are from Haiti and Canada respectively.	Emily is from Canada.
contradiction	Charlotte and Donna are from Netherlands and Bangladesh respectively.	Charlotte is from Bangladesh.
contradiction	Peter and Johnny are from Azerbaijan and Egypt respectively.	Peter is from Egypt.
contradiction	Ashley and Benjamin are from Greece and Taiwan respectively.	Ashley is from Taiwan.
contradiction	Jean and Frances are from South Korea and Singapore respectively.	Jean is from Singapore.
contradiction	Harry and Edward are from Turkey and Ecuador respectively.	Harry is from Ecuador.
contradiction	Larry and Donna are from Azerbaijan and Georgia respectively.	Larry is from Georgia.
contradiction	Roger and Stephanie are from Denmark and Pakistan respectively.	Roger is from Pakistan.
contradiction	Daniel and Cynthia are from Canada and Austria respectively.	Daniel is from Austria.
contradiction	Kenneth and Al are from Egypt and Maldives respectively.	Kenneth is from Maldives.
contradiction	Anne and Simon are from Iran and Pakistan respectively.	Anne is from Pakistan.
contradiction	Elizabeth and Tim are from China and Vietnam respectively.	Elizabeth is from Vietnam.
contradiction	Stephanie and Fiona are from Vietnam and Australia respectively.	Stephanie is from Australia.
contradiction	Suzanne and Don are from Azerbaijan and Pakistan respectively.	Suzanne is from Pakistan.
contradiction	Martha and Ed are from Ecuador and Brazil respectively.	Martha is from Brazil.
contradiction	Nancy and Sue are from Philippines and Indonesia respectively.	Nancy is from Indonesia.
contradiction	Howard and Sandra are from Iceland and Ghana respectively.	Howard is from Ghana.
contradiction	George and Barbara are from Zimbabwe and Austria respectively.	George is from Austria.
contradiction	Annie and Fiona are from Iran and Portugal respectively.	Annie is from Portugal.
contradiction	Leslie and Andrew are from Switzerland and Libya respectively.	Leslie is from Libya.
contradiction	David and Stephanie are from Uruguay and Turkey respectively.	David is from Turkey.
contradiction	Michelle and Emily are from Austria and Haiti respectively.	Michelle is from Haiti.
contradiction	Richard and Kim are from Ecuador and Austria respectively.	Richard is from Austria.
contradiction	Rebecca and Scott are from Indonesia and Ukraine respectively.	Rebecca is from Ukraine.
contradiction	Kenneth and Frances are from China and Chile respectively.	Kenneth is from Chile.
contradiction	Walter and Jack are from Belgium and Georgia respectively.	Walter is from Georgia.
contradiction	Edward and Helen are from Belgium and Germany respectively.	Edward is from Germany.
contradiction	Ann and Ralph are from Georgia and Uruguay respectively.	Ann is from Uruguay.
contradiction	Patricia and Helen are from Zimbabwe and Malaysia respectively.	Patricia is from Malaysia.
contradiction	Jane and Sandra are from Italy and Austria respectively.	Jane is from Austria.
contradiction	Harold and Philip are from Ukraine and Indonesia respectively.	Harold is from Indonesia.
contradiction	Dorothy and Bruce are from Iceland and Italy respectively.	Dorothy is from Italy.
contradiction	Jessica and Al are from Turkey and Philippines respectively.	Jessica is from Philippines.
contradiction	Sue and Charlie are from China and Chile respectively.	Sue is from Chile.
contradiction	John and Kathryn are from Turkey and Qatar respectively.	John is from Qatar.
contradiction	Ray and Jason are from France and Georgia respectively.	Ray is from Georgia.
contradiction	Ruth and Stephen are from Finland and Mexico respectively.	Ruth is from Mexico.
contradiction	Laura and Walter are from Greece and Afghanistan respectively.	Laura is from Afghanistan.
contradiction	Walter and Rose are from Japan and Switzerland respectively.	Walter is from Switzerland.
contradiction	Alan and Anthony are from Egypt and Canada respectively.	Alan is from Canada.
contradiction	Jim and Sandra are from Argentina and Taiwan respectively.	Jim is from Taiwan.
contradiction	Martin and Kate are from Sweden and Belarus respectively.	Martin is from Belarus.
contradiction	Mike and Eleanor are from Colombia and Ghana respectively.	Mike is from Ghana.
contradiction	Dorothy and Jean are from Brazil and United Kingdom respectively.	Dorothy is from United Kingdom.
contradiction	Hugh and Carl are from United Kingdom and Brazil respectively.	Hugh is from Brazil.
contradiction	Jennifer and Peter are from Ireland and Belarus respectively.	Jennifer is from Belarus.
contradiction	Tony and Donna are from Maldives and Qatar respectively.	Tony is from Qatar.
contradiction	Katie and Keith are from Sweden and Azerbaijan respectively.	Katie is from Azerbaijan.
contradiction	Roger and Wendy are from Azerbaijan and Netherlands respectively.	Roger is from Netherlands.
contradiction	Dan and Ron are from Switzerland and Belarus respectively.	Dan is from Belarus.
contradiction	Ruth and Tom are from Belgium and Qatar respectively.	Ruth is from Qatar.
contradiction	Samuel and Jill are from China and Finland respectively.	Samuel is from Finland.
contradiction	Sara and Diane are from Belgium and Saudi Arabia respectively.	Sara is from Saudi Arabia.
contradiction	Tom and Dan are from Argentina and Sweden respectively.	Tom is from Sweden.
contradiction	Fiona and Claire are from Hungary and Fiji respectively.	Fiona is from Fiji.
contradiction	Eric and Jack are from Sweden and United States of America respectively.	Eric is from United States of America.
contradiction	William and Lauren are from Qatar and Australia respectively.	William is from Australia.
contradiction	Ruth and Jeff are from Malaysia and Ireland respectively.	Ruth is from Ireland.
contradiction	Ellen and Paul are from North Korea and Iceland respectively.	Ellen is from Iceland.
contradiction	Ian and Cynthia are from France and Taiwan respectively.	Ian is from Taiwan.
contradiction	Jerry and Richard are from Germany and Taiwan respectively.	Jerry is from Taiwan.
contradiction	Alison and Louise are from Bangladesh and Poland respectively.	Alison is from Poland.
contradiction	Matthew and Ruth are from Australia and Israel respectively.	Matthew is from Israel.
contradiction	Christine and Sharon are from Thailand and Zimbabwe respectively.	Christine is from Zimbabwe.
contradiction	Kate and Roy are from Argentina and Austria respectively.	Kate is from Austria.
contradiction	Betty and Patricia are from Ecuador and Egypt respectively.	Betty is from Egypt.
contradiction	Kathleen and Alfred are from Haiti and Iran respectively.	Kathleen is from Iran.
contradiction	Alison and Matt are from Laos and Qatar respectively.	Alison is from Qatar.
contradiction	Virginia and Johnny are from Cuba and Iraq respectively.	Virginia is from Iraq.
contradiction	Frederick and Henry are from Oman and Fiji respectively.	Frederick is from Fiji.
contradiction	Michael and Ruth are from Colombia and France respectively.	Michael is from France.
contradiction	Dan and Roy are from Zimbabwe and Haiti respectively.	Dan is from Haiti.
contradiction	Ellen and Rachel are from Russia and Australia respectively.	Ellen is from Australia.
contradiction	Janet and Harold are from Sweden and Qatar respectively.	Janet is from Qatar.
contradiction	Francis and Benjamin are from China and Cuba respectively.	Francis is from Cuba.
contradiction	Steven and Ryan are from Thailand and Iceland respectively.	Steven is from Iceland.
contradiction	Sam and Diana are from China and Colombia respectively.	Sam is from Colombia.
contradiction	Matt and Lucy are from Laos and Thailand respectively.	Matt is from Thailand.
contradiction	Sharon and Ralph are from Uruguay and Ukraine respectively.	Sharon is from Ukraine.
contradiction	Dave and Colin are from North Korea and Zimbabwe respectively.	Dave is from Zimbabwe.
contradiction	Ralph and Alexandra are from New Zealand and Ecuador respectively.	Ralph is from Ecuador.
contradiction	Eleanor and Alexander are from Netherlands and Vietnam respectively.	Eleanor is from Vietnam.
contradiction	Carl and Lucy are from Japan and Turkey respectively.	Carl is from Turkey.
contradiction	Roy and Daniel are from Oman and Maldives respectively.	Roy is from Maldives.
contradiction	Florence and Gary are from New Zealand and North Korea respectively.	Florence is from North Korea.
contradiction	Brian and Howard are from South Korea and India respectively.	Brian is from India.
contradiction	Eric and Adam are from Georgia and Laos respectively.	Eric is from Laos.
contradiction	Angela and Julia are from Ecuador and China respectively.	Angela is from China.
contradiction	Angela and Benjamin are from Nepal and Poland respectively.	Angela is from Poland.
contradiction	Johnny and Tony are from Austria and Fiji respectively.	Johnny is from Fiji.
contradiction	Ryan and Frederick are from Austria and Ecuador respectively.	Ryan is from Ecuador.
contradiction	Lynn and Hugh are from Finland and Saudi Arabia respectively.	Lynn is from Saudi Arabia.
contradiction	Sam and Ruth are from United States of America and Iceland respectively.	Sam is from Iceland.
contradiction	Jane and Susan are from Qatar and Philippines respectively.	Jane is from Philippines.
contradiction	Edwin and Sarah are from Georgia and Colombia respectively.	Edwin is from Colombia.
contradiction	Cynthia and Fiona are from Australia and Singapore respectively.	Cynthia is from Singapore.
contradiction	Katie and Martha are from Azerbaijan and Thailand respectively.	Katie is from Thailand.
contradiction	Karen and Robert are from Libya and Colombia respectively.	Karen is from Colombia.
contradiction	Nancy and Edward are from Malaysia and Brazil respectively.	Nancy is from Brazil.
contradiction	Greg and Alexandra are from Chile and Qatar respectively.	Greg is from Qatar.
contradiction	Ed and Virginia are from Qatar and Ghana respectively.	Ed is from Ghana.
contradiction	Suzanne and Michelle are from France and Chile respectively.	Suzanne is from Chile.
contradiction	Keith and Greg are from Ireland and India respectively.	Keith is from India.
contradiction	Joan and Roger are from Taiwan and Finland respectively.	Joan is from Finland.
contradiction	Sarah and Carol are from United Kingdom and Hungary respectively.	Sarah is from Hungary.
contradiction	Rose and Lucy are from Pakistan and Finland respectively.	Rose is from Finland.
contradiction	Laura and Billy are from United Arab Emirates and Hungary respectively.	Laura is from Hungary.
contradiction	Marie and Judy are from Pakistan and Denmark respectively.	Marie is from Denmark.
contradiction	Betty and Diana are from Afghanistan and Sweden respectively.	Betty is from Sweden.
contradiction	Lawrence and Ryan are from Zimbabwe and Cuba respectively.	Lawrence is from Cuba.
contradiction	Robert and Jay are from Indonesia and Ghana respectively.	Robert is from Ghana.
contradiction	Edwin and Patricia are from Argentina and Israel respectively.	Edwin is from Israel.
contradiction	Mary and Annie are from France and Austria respectively.	Mary is from Austria.
contradiction	Jennifer and Susan are from Fiji and Thailand respectively.	Jennifer is from Thailand.
contradiction	Sharon and Kenneth are from South Korea and Vietnam respectively.	Sharon is from Vietnam.
contradiction	Melissa and Harry are from Italy and Iran respectively.	Melissa is from Iran.
contradiction	Kathleen and Stephen are from Russia and Israel respectively.	Kathleen is from Israel.
contradiction	Sharon and Gary are from Egypt and Taiwan respectively.	Sharon is from Taiwan.
contradiction	Virginia and Matt are from Thailand and Philippines respectively.	Virginia is from Philippines.
contradiction	Lawrence and Florence are from Qatar and Indonesia respectively.	Lawrence is from Indonesia.
contradiction	James and Alexander are from Maldives and Poland respectively.	James is from Poland.
contradiction	Lucy and James are from Brazil and Cuba respectively.	Lucy is from Cuba.
contradiction	Alfred and Kevin are from Australia and United Kingdom respectively.	Alfred is from United Kingdom.
contradiction	Marilyn and Jerry are from Iran and Indonesia respectively.	Marilyn is from Indonesia.
contradiction	Amanda and Ben are from India and South Korea respectively.	Amanda is from South Korea.
contradiction	Jack and Catherine are from Portugal and Turkey respectively.	Jack is from Turkey.
contradiction	Philip and Martin are from Australia and Ukraine respectively.	Philip is from Ukraine.
contradiction	Albert and Mark are from Denmark and Germany respectively.	Albert is from Germany.
contradiction	James and David are from Haiti and Sweden respectively.	James is from Sweden.
contradiction	Jeff and Amanda are from Australia and Israel respectively.	Jeff is from Israel.
contradiction	Emily and Jerry are from Indonesia and Libya respectively.	Emily is from Libya.
contradiction	Victoria and Tom are from Fiji and Iran respectively.	Victoria is from Iran.
contradiction	Albert and Johnny are from Fiji and Denmark respectively.	Albert is from Denmark.
contradiction	Janet and Scott are from Belgium and Sweden respectively.	Janet is from Sweden.
contradiction	Harold and Charlotte are from Azerbaijan and Brazil respectively.	Harold is from Brazil.
contradiction	John and Jim are from Saudi Arabia and Austria respectively.	John is from Austria.
contradiction	Sara and Brian are from Bhutan and Vietnam respectively.	Sara is from Vietnam.
contradiction	Joe and Jessica are from Uruguay and India respectively.	Joe is from India.
contradiction	Sally and Jane are from Chile and Switzerland respectively.	Sally is from Switzerland.
contradiction	Edwin and Samuel are from Libya and Malaysia respectively.	Edwin is from Malaysia.
contradiction	Marilyn and Leslie are from Indonesia and Russia respectively.	Marilyn is from Russia.
contradiction	Marie and Daniel are from Netherlands and Malaysia respectively.	Marie is from Malaysia.
contradiction	Larry and Martin are from Mexico and Iceland respectively.	Larry is from Iceland.
contradiction	Bill and Helen are from Bangladesh and Mexico respectively.	Bill is from Mexico.
contradiction	Ray and Charles are from Fiji and Netherlands respectively.	Ray is from Netherlands.
contradiction	Lauren and Frank are from Taiwan and Finland respectively.	Lauren is from Finland.
contradiction	Larry and George are from Ukraine and China respectively.	Larry is from China.
contradiction	Roy and Steven are from Taiwan and Pakistan respectively.	Roy is from Pakistan.
contradiction	Anthony and Alison are from Uruguay and Iraq respectively.	Anthony is from Iraq.
contradiction	Kathryn and Lynn are from New Zealand and Singapore respectively.	Kathryn is from Singapore.
contradiction	Ron and Ruth are from Qatar and Uruguay respectively.	Ron is from Uruguay.
contradiction	Sara and Paul are from Bangladesh and Laos respectively.	Sara is from Laos.
contradiction	Kate and Lucy are from Denmark and Cuba respectively.	Kate is from Cuba.
contradiction	Louise and Leslie are from Zimbabwe and Bhutan respectively.	Louise is from Bhutan.
contradiction	Bruce and Michael are from South Korea and Oman respectively.	Bruce is from Oman.
contradiction	Jennifer and Rachel are from Germany and New Zealand respectively.	Jennifer is from New Zealand.
contradiction	Janet and Jerry are from Hungary and Japan respectively.	Janet is from Japan.
contradiction	Samuel and Paul are from Belgium and Malaysia respectively.	Samuel is from Malaysia.
contradiction	Roy and Diane are from United Kingdom and United States of America respectively.	Roy is from United States of America.
contradiction	Wendy and Kim are from Denmark and Netherlands respectively.	Wendy is from Netherlands.
contradiction	Karen and Margaret are from Bhutan and Haiti respectively.	Karen is from Haiti.
contradiction	Alexandra and Richard are from Taiwan and Cuba respectively.	Alexandra is from Cuba.
contradiction	Bill and Louis are from Afghanistan and Taiwan respectively.	Bill is from Taiwan.
contradiction	Jonathan and Sophie are from Ireland and Bangladesh respectively.	Jonathan is from Bangladesh.
contradiction	Louis and Dorothy are from Maldives and China respectively.	Louis is from China.
contradiction	Marilyn and Linda are from Netherlands and Italy respectively.	Marilyn is from Italy.
contradiction	Judith and Edward are from United Arab Emirates and Zimbabwe respectively.	Judith is from Zimbabwe.
contradiction	Susan and Kathleen are from North Korea and Brazil respectively.	Susan is from Brazil.
contradiction	Lynn and Rebecca are from Nepal and Thailand respectively.	Lynn is from Thailand.
contradiction	Benjamin and Al are from Argentina and North Korea respectively.	Benjamin is from North Korea.
contradiction	Jason and Patrick are from Finland and Georgia respectively.	Jason is from Georgia.
contradiction	Bob and Kenneth are from Haiti and Argentina respectively.	Bob is from Argentina.
contradiction	Christine and Patricia are from Canada and Sweden respectively.	Christine is from Sweden.
contradiction	Al and Judith are from North Korea and Taiwan respectively.	Al is from Taiwan.
contradiction	Rebecca and James are from Iran and Pakistan respectively.	Rebecca is from Pakistan.
contradiction	Lisa and Harry are from Egypt and Pakistan respectively.	Lisa is from Pakistan.
contradiction	Lisa and Matt are from Saudi Arabia and Thailand respectively.	Lisa is from Thailand.
contradiction	Hugh and Deborah are from Turkey and Israel respectively.	Hugh is from Israel.
contradiction	Chris and Heather are from Libya and Finland respectively.	Chris is from Finland.
contradiction	Arthur and Bobby are from Bangladesh and North Korea respectively.	Arthur is from North Korea.
contradiction	Tom and Kathryn are from Sweden and Oman respectively.	Tom is from Oman.
contradiction	Joseph and Katie are from Germany and Russia respectively.	Joseph is from Russia.
contradiction	Edith and Evelyn are from Colombia and Israel respectively.	Edith is from Israel.
contradiction	Christopher and Kevin are from Egypt and Qatar respectively.	Christopher is from Qatar.
contradiction	Sophie and Walter are from Austria and Philippines respectively.	Sophie is from Philippines.
contradiction	Helen and Ryan are from Indonesia and Georgia respectively.	Helen is from Georgia.
contradiction	Wendy and Jane are from Uruguay and Belgium respectively.	Wendy is from Belgium.
contradiction	Caroline and Thomas are from Canada and Ireland respectively.	Caroline is from Ireland.
contradiction	Anna and Deborah are from Bhutan and Nepal respectively.	Anna is from Nepal.
contradiction	Sarah and Sue are from Egypt and Portugal respectively.	Sarah is from Portugal.
contradiction	Linda and Sara are from Turkey and China respectively.	Linda is from China.
contradiction	Charlotte and Alfred are from Pakistan and Zimbabwe respectively.	Charlotte is from Zimbabwe.
contradiction	Grace and Heather are from Iceland and Haiti respectively.	Grace is from Haiti.
contradiction	Larry and Bill are from Libya and Greece respectively.	Larry is from Greece.
contradiction	Jessica and Roy are from France and Ghana respectively.	Jessica is from Ghana.
contradiction	Bobby and Frank are from Egypt and Italy respectively.	Bobby is from Italy.
contradiction	Michael and Donald are from Denmark and Portugal respectively.	Michael is from Portugal.
contradiction	Virginia and Robert are from Maldives and Ghana respectively.	Virginia is from Ghana.
contradiction	Samuel and Melissa are from Maldives and Turkey respectively.	Samuel is from Turkey.
contradiction	Virginia and Rebecca are from Bangladesh and Cuba respectively.	Virginia is from Cuba.
contradiction	Carolyn and Sara are from South Korea and United Kingdom respectively.	Carolyn is from United Kingdom.
contradiction	Philip and Ken are from Brazil and Switzerland respectively.	Philip is from Switzerland.
contradiction	Christine and William are from Ireland and Haiti respectively.	Christine is from Haiti.
contradiction	Greg and George are from Poland and Afghanistan respectively.	Greg is from Afghanistan.
contradiction	Janet and Karen are from Greece and Ecuador respectively.	Janet is from Ecuador.
contradiction	Marie and Christine are from Ukraine and Thailand respectively.	Marie is from Thailand.
contradiction	Linda and Ryan are from Switzerland and Philippines respectively.	Linda is from Philippines.
contradiction	Don and Ben are from New Zealand and United Kingdom respectively.	Don is from United Kingdom.
contradiction	Donna and Louis are from India and Bangladesh respectively.	Donna is from Bangladesh.
contradiction	Joseph and Charles are from Laos and Iran respectively.	Joseph is from Iran.
contradiction	Robin and Edwin are from Taiwan and Philippines respectively.	Robin is from Philippines.
contradiction	Rose and Thomas are from Philippines and Indonesia respectively.	Rose is from Indonesia.
contradiction	Helen and Mike are from Singapore and Ghana respectively.	Helen is from Ghana.
contradiction	Tony and John are from Libya and Taiwan respectively.	Tony is from Taiwan.
contradiction	Lucy and Lauren are from Belarus and Bhutan respectively.	Lucy is from Bhutan.
contradiction	Melissa and Matt are from Saudi Arabia and Denmark respectively.	Melissa is from Denmark.
contradiction	Louis and Patrick are from Colombia and Greece respectively.	Louis is from Greece.
contradiction	Jimmy and Lawrence are from Hungary and Mexico respectively.	Jimmy is from Mexico.
contradiction	Kelly and Frances are from Italy and Iceland respectively.	Kelly is from Iceland.
contradiction	Sally and Mary are from United States of America and Sweden respectively.	Sally is from Sweden.
contradiction	Nicole and Jeff are from Netherlands and Australia respectively.	Nicole is from Australia.
contradiction	Matthew and Ashley are from Sweden and Fiji respectively.	Matthew is from Fiji.
contradiction	Jessica and Florence are from Oman and Vietnam respectively.	Jessica is from Vietnam.
contradiction	Lisa and Kevin are from Germany and Qatar respectively.	Lisa is from Qatar.
contradiction	Larry and Donald are from Hungary and Libya respectively.	Larry is from Libya.
contradiction	Amy and Stephanie are from Maldives and Egypt respectively.	Amy is from Egypt.
contradiction	Jay and Rachel are from Ghana and Greece respectively.	Jay is from Greece.
contradiction	Joe and Alice are from Ghana and China respectively.	Joe is from China.
contradiction	Ray and Al are from Uruguay and China respectively.	Ray is from China.
contradiction	Walter and Lucy are from India and United Kingdom respectively.	Walter is from United Kingdom.
contradiction	Louise and Paul are from Georgia and Poland respectively.	Louise is from Poland.
contradiction	Carolyn and Deborah are from Afghanistan and Georgia respectively.	Carolyn is from Georgia.
contradiction	Tim and Annie are from Thailand and Italy respectively.	Tim is from Italy.
contradiction	Lisa and Joseph are from Ecuador and India respectively.	Lisa is from India.
contradiction	George and Heather are from Philippines and North Korea respectively.	George is from North Korea.
contradiction	Marie and Sandra are from Sweden and Russia respectively.	Marie is from Russia.
contradiction	Charles and Harry are from Egypt and Hungary respectively.	Charles is from Hungary.
contradiction	Donald and Larry are from Russia and Denmark respectively.	Donald is from Denmark.
contradiction	Ray and Catherine are from Fiji and Switzerland respectively.	Ray is from Switzerland.
contradiction	Karen and Carol are from Qatar and Pakistan respectively.	Karen is from Pakistan.
contradiction	Mary and Helen are from Taiwan and Saudi Arabia respectively.	Mary is from Saudi Arabia.
contradiction	Tony and Diana are from United Kingdom and Finland respectively.	Tony is from Finland.
contradiction	Ann and Alfred are from Cuba and Ireland respectively.	Ann is from Ireland.
contradiction	Kathryn and Edward are from Switzerland and Malaysia respectively.	Kathryn is from Malaysia.
contradiction	Dave and Stephanie are from Zimbabwe and Australia respectively.	Dave is from Australia.
contradiction	Roy and Bill are from Ireland and Finland respectively.	Roy is from Finland.
contradiction	Sophie and Don are from Portugal and Fiji respectively.	Sophie is from Fiji.
contradiction	Scott and Kathryn are from North Korea and United Arab Emirates respectively.	Scott is from United Arab Emirates.
contradiction	Paul and Jessica are from Bangladesh and Netherlands respectively.	Paul is from Netherlands.
contradiction	Eleanor and Nancy are from Mexico and Japan respectively.	Eleanor is from Japan.
contradiction	Alexandra and Ashley are from Iran and Greece respectively.	Alexandra is from Greece.
contradiction	Bob and Larry are from Ireland and Hungary respectively.	Bob is from Hungary.
contradiction	Diane and Annie are from Laos and Denmark respectively.	Diane is from Denmark.
contradiction	Ian and Louise are from Sweden and Finland respectively.	Ian is from Finland.
contradiction	Michael and Kathryn are from Sweden and Nepal respectively.	Michael is from Nepal.
contradiction	Steven and Pamela are from Laos and Ukraine respectively.	Steven is from Ukraine.
contradiction	Sally and Jason are from Argentina and Colombia respectively.	Sally is from Colombia.
contradiction	Elizabeth and Anne are from India and Portugal respectively.	Elizabeth is from Portugal.
contradiction	Ed and Anne are from Ghana and Finland respectively.	Ed is from Finland.
contradiction	Arthur and Sandra are from Ecuador and Taiwan respectively.	Arthur is from Taiwan.
contradiction	Paul and Alex are from New Zealand and Mexico respectively.	Paul is from Mexico.
contradiction	Jennifer and Elizabeth are from Laos and Austria respectively.	Jennifer is from Austria.
contradiction	Joe and Bruce are from Belarus and Australia respectively.	Joe is from Australia.
contradiction	Matthew and Bob are from Turkey and Cuba respectively.	Matthew is from Cuba.
contradiction	Paul and Melissa are from India and Haiti respectively.	Paul is from Haiti.
contradiction	Jason and Johnny are from Libya and Colombia respectively.	Jason is from Colombia.
contradiction	Christopher and Virginia are from Cuba and Ukraine respectively.	Christopher is from Ukraine.
contradiction	Janet and Sarah are from Netherlands and Nepal respectively.	Janet is from Nepal.
contradiction	Philip and Alex are from Taiwan and Israel respectively.	Philip is from Israel.
contradiction	Jason and Melissa are from Azerbaijan and Maldives respectively.	Jason is from Maldives.
contradiction	Joseph and Judith are from Cuba and Brazil respectively.	Joseph is from Brazil.
contradiction	Dave and Sophie are from Georgia and Afghanistan respectively.	Dave is from Afghanistan.
contradiction	Dick and Kevin are from Libya and Cuba respectively.	Dick is from Cuba.
contradiction	Lucy and Julia are from Azerbaijan and Poland respectively.	Lucy is from Poland.
contradiction	Roger and Jim are from Maldives and Turkey respectively.	Roger is from Turkey.
contradiction	Daniel and Albert are from Colombia and Bangladesh respectively.	Daniel is from Bangladesh.
contradiction	Julie and Fred are from Ecuador and Philippines respectively.	Julie is from Philippines.
contradiction	Kevin and Frank are from Hungary and Singapore respectively.	Kevin is from Singapore.
contradiction	Robert and Joe are from Belgium and Laos respectively.	Robert is from Laos.
contradiction	Katie and Frank are from Uruguay and Libya respectively.	Katie is from Libya.
contradiction	Sandra and Nicole are from Japan and Nepal respectively.	Sandra is from Nepal.
contradiction	Robin and Betty are from Australia and Canada respectively.	Robin is from Canada.
contradiction	Dave and Lauren are from Ireland and Greece respectively.	Dave is from Greece.
contradiction	Brian and Andrew are from Sweden and United Kingdom respectively.	Brian is from United Kingdom.
contradiction	Ruth and Arthur are from Chile and Ukraine respectively.	Ruth is from Ukraine.
contradiction	Claire and Kelly are from France and Russia respectively.	Claire is from Russia.
contradiction	Howard and Ed are from Netherlands and Belarus respectively.	Howard is from Belarus.
contradiction	Ralph and Louise are from Hungary and Ukraine respectively.	Ralph is from Ukraine.
contradiction	Emily and Kevin are from Chile and Zimbabwe respectively.	Emily is from Zimbabwe.
contradiction	Joan and Amy are from Belgium and Iceland respectively.	Joan is from Iceland.
contradiction	Susan and Anne are from Taiwan and France respectively.	Susan is from France.
contradiction	Linda and Richard are from United Kingdom and Saudi Arabia respectively.	Linda is from Saudi Arabia.
contradiction	Rachel and Jessica are from Ghana and Argentina respectively.	Rachel is from Argentina.
contradiction	Victoria and Kathryn are from Ghana and Belarus respectively.	Victoria is from Belarus.
contradiction	Ryan and Alison are from Bhutan and Pakistan respectively.	Ryan is from Pakistan.
contradiction	Wendy and Bob are from Belarus and Indonesia respectively.	Wendy is from Indonesia.
contradiction	Ray and Alex are from Egypt and Nepal respectively.	Ray is from Nepal.
contradiction	Simon and Sharon are from Nepal and India respectively.	Simon is from India.
contradiction	Ian and Sara are from France and Argentina respectively.	Ian is from Argentina.
contradiction	Simon and Sue are from Colombia and Egypt respectively.	Simon is from Egypt.
contradiction	Lawrence and Marie are from Indonesia and Belarus respectively.	Lawrence is from Belarus.
contradiction	Margaret and Joan are from United States of America and Thailand respectively.	Margaret is from Thailand.
contradiction	Rachel and Maria are from Vietnam and Italy respectively.	Rachel is from Italy.
contradiction	Larry and Philip are from Libya and Malaysia respectively.	Larry is from Malaysia.
contradiction	Johnny and Alexandra are from Azerbaijan and Taiwan respectively.	Johnny is from Taiwan.
contradiction	Linda and Alan are from Iceland and Pakistan respectively.	Linda is from Pakistan.
contradiction	Nancy and Karen are from Fiji and United Kingdom respectively.	Nancy is from United Kingdom.
contradiction	Roy and Jim are from Australia and Portugal respectively.	Roy is from Portugal.
contradiction	Jean and Stephanie are from United Kingdom and Mexico respectively.	Jean is from Mexico.
contradiction	Ruth and Ray are from Australia and Oman respectively.	Ruth is from Oman.
contradiction	Mark and Scott are from Chile and Cuba respectively.	Mark is from Cuba.
contradiction	Walter and Rose are from China and Libya respectively.	Walter is from Libya.
contradiction	Katie and Michael are from France and Haiti respectively.	Katie is from Haiti.
contradiction	Benjamin and Joe are from Belarus and Philippines respectively.	Benjamin is from Philippines.
contradiction	Marilyn and Ralph are from Indonesia and Canada respectively.	Marilyn is from Canada.
contradiction	Kate and Jane are from Georgia and Belgium respectively.	Kate is from Belgium.
contradiction	Henry and Ray are from Fiji and Nepal respectively.	Henry is from Nepal.
contradiction	John and Anthony are from Taiwan and Libya respectively.	John is from Libya.
contradiction	Frederick and Elizabeth are from Georgia and Belgium respectively.	Frederick is from Belgium.
contradiction	Kevin and Jessica are from Ireland and Belgium respectively.	Kevin is from Belgium.
contradiction	John and Catherine are from Ghana and Hungary respectively.	John is from Hungary.
contradiction	Joe and Adam are from Japan and Netherlands respectively.	Joe is from Netherlands.
contradiction	Samuel and Tony are from Belarus and Azerbaijan respectively.	Samuel is from Azerbaijan.
contradiction	Louise and Virginia are from Mexico and Zimbabwe respectively.	Louise is from Zimbabwe.
contradiction	William and Kim are from Germany and China respectively.	William is from China.
contradiction	Jessica and Paul are from Zimbabwe and Pakistan respectively.	Jessica is from Pakistan.
contradiction	Matthew and Nicole are from Israel and Iraq respectively.	Matthew is from Iraq.
contradiction	Daniel and Ian are from Ghana and Saudi Arabia respectively.	Daniel is from Saudi Arabia.
contradiction	Kevin and Melissa are from Greece and Azerbaijan respectively.	Kevin is from Azerbaijan.
contradiction	Mark and Catherine are from Bangladesh and Netherlands respectively.	Mark is from Netherlands.
contradiction	Christopher and Lauren are from South Korea and Austria respectively.	Christopher is from Austria.
contradiction	Eric and Howard are from Ghana and Bangladesh respectively.	Eric is from Bangladesh.
contradiction	Lucy and Dorothy are from Chile and Japan respectively.	Lucy is from Japan.
contradiction	Albert and Julie are from Oman and Georgia respectively.	Albert is from Georgia.
contradiction	Louise and Roger are from Indonesia and Finland respectively.	Louise is from Finland.
contradiction	Katherine and Barbara are from Iraq and Pakistan respectively.	Katherine is from Pakistan.
contradiction	Lauren and Robert are from Colombia and India respectively.	Lauren is from India.
contradiction	Julie and Sophie are from Iceland and Uruguay respectively.	Julie is from Uruguay.
contradiction	Steven and Matthew are from Japan and Germany respectively.	Steven is from Germany.
contradiction	Evelyn and Lisa are from Vietnam and South Korea respectively.	Evelyn is from South Korea.
contradiction	Kevin and Larry are from Bangladesh and Afghanistan respectively.	Kevin is from Afghanistan.
contradiction	Lisa and Matthew are from Egypt and Colombia respectively.	Lisa is from Colombia.
contradiction	Laura and Donald are from Vietnam and North Korea respectively.	Laura is from North Korea.
contradiction	Louis and Charles are from Ireland and Italy respectively.	Louis is from Italy.
contradiction	Lisa and Eleanor are from Portugal and Austria respectively.	Lisa is from Austria.
contradiction	Patrick and Chris are from Bhutan and Afghanistan respectively.	Patrick is from Afghanistan.
contradiction	Bob and Linda are from Laos and Vietnam respectively.	Bob is from Vietnam.
contradiction	Paul and Eric are from Thailand and Canada respectively.	Paul is from Canada.
contradiction	Alfred and Roger are from Afghanistan and Zimbabwe respectively.	Alfred is from Zimbabwe.
contradiction	Dave and Paul are from Saudi Arabia and Turkey respectively.	Dave is from Turkey.
contradiction	Charlie and Harold are from Sweden and Australia respectively.	Charlie is from Australia.
contradiction	Sam and Deborah are from Belarus and Argentina respectively.	Sam is from Argentina.
contradiction	Albert and Jim are from Turkey and Russia respectively.	Albert is from Russia.
contradiction	Kathryn and Charlotte are from Malaysia and Afghanistan respectively.	Kathryn is from Afghanistan.
contradiction	Adam and John are from Greece and Libya respectively.	Adam is from Libya.
contradiction	Julia and Lauren are from Iran and Qatar respectively.	Julia is from Qatar.
contradiction	Amy and Elaine are from Singapore and Malaysia respectively.	Amy is from Malaysia.
contradiction	Dave and Evelyn are from Israel and Egypt respectively.	Dave is from Egypt.
contradiction	Jean and Maria are from Austria and Portugal respectively.	Jean is from Portugal.
contradiction	Maria and Kate are from United Arab Emirates and Iceland respectively.	Maria is from Iceland.
contradiction	Sue and Jerry are from Belarus and Afghanistan respectively.	Sue is from Afghanistan.
contradiction	Robin and Jim are from Germany and Ireland respectively.	Robin is from Ireland.
contradiction	Tim and Keith are from Pakistan and Thailand respectively.	Tim is from Thailand.
contradiction	Lucy and Al are from United Arab Emirates and Vietnam respectively.	Lucy is from Vietnam.
contradiction	Thomas and Alexander are from Libya and France respectively.	Thomas is from France.
contradiction	Robin and Eleanor are from Mexico and Pakistan respectively.	Robin is from Pakistan.
contradiction	Johnny and Billy are from Fiji and Zimbabwe respectively.	Johnny is from Zimbabwe.
contradiction	Alison and Edith are from Finland and Pakistan respectively.	Alison is from Pakistan.
contradiction	Edith and Alex are from Indonesia and Nepal respectively.	Edith is from Nepal.
contradiction	Michelle and Johnny are from Bhutan and Greece respectively.	Michelle is from Greece.
contradiction	Peter and Al are from Singapore and Vietnam respectively.	Peter is from Vietnam.
contradiction	Sally and Rose are from Belarus and Bangladesh respectively.	Sally is from Bangladesh.
contradiction	Dan and Frederick are from Singapore and Georgia respectively.	Dan is from Georgia.
contradiction	Frank and Jason are from United States of America and Pakistan respectively.	Frank is from Pakistan.
contradiction	Carol and Jennifer are from Iran and Belgium respectively.	Carol is from Belgium.
contradiction	Albert and Frank are from Italy and Bhutan respectively.	Albert is from Bhutan.
contradiction	Diana and Ralph are from Maldives and Australia respectively.	Diana is from Australia.
contradiction	Mike and Betty are from Sweden and Philippines respectively.	Mike is from Philippines.
contradiction	Michelle and Paul are from North Korea and Argentina respectively.	Michelle is from Argentina.
contradiction	Jerry and Mary are from India and Portugal respectively.	Jerry is from Portugal.
