entailment	Edwin is incisive and energetic.	Edwin is energetic and incisive.
entailment	Albert is lean and self-assured.	Albert is self-assured and lean.
entailment	Cynthia is great and resigned.	Cynthia is resigned and great.
entailment	Larry is lazy and unwilling.	Larry is unwilling and lazy.
entailment	Ashley is self-assured and adventurous.	Ashley is adventurous and self-assured.
entailment	Kathy is fabulous and supercilious.	Kathy is supercilious and fabulous.
entailment	Robert is naive and cynical.	Robert is cynical and naive.
entailment	Christopher is unsophisticated and imperturbable.	Christopher is imperturbable and unsophisticated.
entailment	Albert is fiery and subtle.	Albert is subtle and fiery.
entailment	Cynthia is snobby and sensitive.	Cynthia is sensitive and snobby.
entailment	Frank is confident and serene.	Frank is serene and confident.
entailment	Richard is morose and grave.	Richard is grave and morose.
entailment	Donna is dutiful and candid.	Donna is candid and dutiful.
entailment	Lynn is intolerant and unwilling.	Lynn is unwilling and intolerant.
entailment	Emily is considerate and resourceful.	Emily is resourceful and considerate.
entailment	Virginia is amazing and conscientious.	Virginia is conscientious and amazing.
entailment	Jim is crafty and tolerant.	Jim is tolerant and crafty.
entailment	Patrick is below average and friendly.	Patrick is friendly and below average.
entailment	Ray is egotistical and snobby.	Ray is snobby and egotistical.
entailment	Charles is slothful and self-assured.	Charles is self-assured and slothful.
entailment	Gary is motivated and blue.	Gary is blue and motivated.
entailment	Carl is local and cranky.	Carl is cranky and local.
entailment	Brian is suspicious and childish.	Brian is childish and suspicious.
entailment	Susan is amiable and superficial.	Susan is superficial and amiable.
entailment	Jill is petulant and lithe.	Jill is lithe and petulant.
entailment	Ben is amiable and cautious.	Ben is cautious and amiable.
entailment	Anthony is capable and obliging.	Anthony is obliging and capable.
entailment	Alison is logical and mild.	Alison is mild and logical.
entailment	Julie is warmhearted and good.	Julie is good and warmhearted.
entailment	Jean is angelic and agreeable.	Jean is agreeable and angelic.
entailment	Nicole is one-sided and impetuous.	Nicole is impetuous and one-sided.
entailment	Patrick is cowardly and bright.	Patrick is bright and cowardly.
entailment	Kathryn is assertive and unpopular.	Kathryn is unpopular and assertive.
entailment	Sharon is weak and coherent.	Sharon is coherent and weak.
entailment	Melissa is unemotional and content.	Melissa is content and unemotional.
entailment	Barbara is subtle and unguarded.	Barbara is unguarded and subtle.
entailment	Fiona is cautious and slothful.	Fiona is slothful and cautious.
entailment	Maria is mercurial and sincere.	Maria is sincere and mercurial.
entailment	Jim is exacting and earnest.	Jim is earnest and exacting.
entailment	Jennifer is inventive and venal.	Jennifer is venal and inventive.
entailment	Dorothy is thoughtful and unreliable.	Dorothy is unreliable and thoughtful.
entailment	Barbara is noisy and caustic.	Barbara is caustic and noisy.
entailment	Virginia is gloomy and reassuring.	Virginia is reassuring and gloomy.
entailment	Alexander is tired and fabulous.	Alexander is fabulous and tired.
entailment	Larry is keen and undependable.	Larry is undependable and keen.
entailment	Simon is sober and kind.	Simon is kind and sober.
entailment	Benjamin is weak and nasty.	Benjamin is nasty and weak.
entailment	Harriet is careless and dull.	Harriet is dull and careless.
entailment	Katherine is deft and dull.	Katherine is dull and deft.
entailment	Michael is egotistical and dextrous.	Michael is dextrous and egotistical.
entailment	Nancy is suspicious and exacting.	Nancy is exacting and suspicious.
entailment	Mark is evasive and reluctant.	Mark is reluctant and evasive.
entailment	Ellen is sober and cynical.	Ellen is cynical and sober.
entailment	Louise is impulsive and confused.	Louise is confused and impulsive.
entailment	Ben is lazy and testy.	Ben is testy and lazy.
entailment	Judy is condescending and negative.	Judy is negative and condescending.
entailment	Angela is volcanic and unimaginative.	Angela is unimaginative and volcanic.
entailment	Philip is reserved and plain.	Philip is plain and reserved.
entailment	Mary is intelligent and fussy.	Mary is fussy and intelligent.
entailment	Colin is apathetic and devoted.	Colin is devoted and apathetic.
entailment	Deborah is unfriendly and curious.	Deborah is curious and unfriendly.
entailment	Heather is curious and powerful.	Heather is powerful and curious.
entailment	Michelle is strong and depressed.	Michelle is depressed and strong.
entailment	Barbara is unsure and callous.	Barbara is callous and unsure.
entailment	Paul is positive and suspicious.	Paul is suspicious and positive.
entailment	Charlotte is ugly and insensitive.	Charlotte is insensitive and ugly.
entailment	Alexander is thoughtless and local.	Alexander is local and thoughtless.
entailment	Steven is great and cruel.	Steven is cruel and great.
entailment	Jimmy is kind and slow.	Jimmy is slow and kind.
entailment	Jonathan is confused and unemotional.	Jonathan is unemotional and confused.
entailment	Nick is sober and serene.	Nick is serene and sober.
entailment	Helen is hysterical and long-winded.	Helen is long-winded and hysterical.
entailment	Emma is tranquil and even-tempered.	Emma is even-tempered and tranquil.
entailment	Chris is playful and outgoing.	Chris is outgoing and playful.
entailment	Charlotte is nasty and enterprising.	Charlotte is enterprising and nasty.
entailment	Karen is diligent and passionate.	Karen is passionate and diligent.
entailment	Dan is callous and experienced.	Dan is experienced and callous.
entailment	Louise is outspoken and sad.	Louise is sad and outspoken.
entailment	Keith is below average and slovenly.	Keith is slovenly and below average.
entailment	Kathryn is unfriendly and quick.	Kathryn is quick and unfriendly.
entailment	Charles is well-intentioned and well-rounded.	Charles is well-rounded and well-intentioned.
entailment	Rose is distant and mature.	Rose is mature and distant.
entailment	Amy is impractical and irritable.	Amy is irritable and impractical.
entailment	Judith is demure and miserable.	Judith is miserable and demure.
entailment	Robert is easy-going and deft.	Robert is deft and easy-going.
entailment	Victoria is practical and logical.	Victoria is logical and practical.
entailment	Christopher is analytical and subtle.	Christopher is subtle and analytical.
entailment	Martha is quarrelsome and judgmental.	Martha is judgmental and quarrelsome.
entailment	Charles is enterprising and fussy.	Charles is fussy and enterprising.
entailment	Edith is amusing and respected.	Edith is respected and amusing.
entailment	Robin is prudent and unsure.	Robin is unsure and prudent.
entailment	Jeff is lean and unstable.	Jeff is unstable and lean.
entailment	Martin is average and prudent.	Martin is prudent and average.
entailment	Simon is serene and positive.	Simon is positive and serene.
entailment	Cynthia is direct and persevering.	Cynthia is persevering and direct.
entailment	Mark is ridiculous and quiet.	Mark is quiet and ridiculous.
entailment	Judy is assertive and discerning.	Judy is discerning and assertive.
entailment	Johnny is dextrous and gloomy.	Johnny is gloomy and dextrous.
entailment	Rachel is charming and well-developed.	Rachel is well-developed and charming.
entailment	Jill is naive and alert.	Jill is alert and naive.
entailment	Kelly is illogical and clumsy.	Kelly is clumsy and illogical.
entailment	Carl is lethargic and brilliant.	Carl is brilliant and lethargic.
entailment	Caroline is imperturbable and sweet.	Caroline is sweet and imperturbable.
entailment	Alice is well-behaved and unpleasant.	Alice is unpleasant and well-behaved.
entailment	Dick is powerful and devoted.	Dick is devoted and powerful.
entailment	Andrew is callous and jocular.	Andrew is jocular and callous.
entailment	Jay is inexperienced and deep.	Jay is deep and inexperienced.
entailment	Dorothy is demure and frank.	Dorothy is frank and demure.
entailment	Scott is cheerful and bright.	Scott is bright and cheerful.
entailment	David is immodest and idle.	David is idle and immodest.
entailment	Roy is impractical and alert.	Roy is alert and impractical.
entailment	Philip is beautiful and meticulous.	Philip is meticulous and beautiful.
entailment	Kim is condescending and alert.	Kim is alert and condescending.
entailment	Christopher is unpopular and gloomy.	Christopher is gloomy and unpopular.
entailment	Lucy is gentle and indolent.	Lucy is indolent and gentle.
entailment	Francis is well-behaved and outspoken.	Francis is outspoken and well-behaved.
entailment	Marilyn is quarrelsome and long-winded.	Marilyn is long-winded and quarrelsome.
entailment	Karen is sullen and ferocious.	Karen is ferocious and sullen.
entailment	Virginia is tired and snazzy.	Virginia is snazzy and tired.
entailment	Julie is uncooperative and generous.	Julie is generous and uncooperative.
entailment	Grace is tranquil and deep.	Grace is deep and tranquil.
entailment	Adam is analytical and well-behaved.	Adam is well-behaved and analytical.
entailment	Larry is proud and below average.	Larry is below average and proud.
entailment	Philip is surly and impetuous.	Philip is impetuous and surly.
entailment	Ken is great and fastidious.	Ken is fastidious and great.
entailment	Dan is fussy and groggy.	Dan is groggy and fussy.
entailment	Joe is brilliant and frank.	Joe is frank and brilliant.
entailment	Grace is idiotic and cynical.	Grace is cynical and idiotic.
entailment	Sarah is reclusive and reluctant.	Sarah is reluctant and reclusive.
entailment	Andrea is unpopular and agile.	Andrea is agile and unpopular.
entailment	Dick is striking and enterprising.	Dick is enterprising and striking.
entailment	Dick is mean and sincere.	Dick is sincere and mean.
entailment	Eleanor is noisy and mercurial.	Eleanor is mercurial and noisy.
entailment	Nicole is easy-going and artistic.	Nicole is artistic and easy-going.
entailment	Harold is boisterous and helpful.	Harold is helpful and boisterous.
entailment	Lauren is jocular and ambitious.	Lauren is ambitious and jocular.
entailment	Fred is picky and methodical.	Fred is methodical and picky.
entailment	Cynthia is cheerful and positive.	Cynthia is positive and cheerful.
entailment	Kathleen is responsible and outspoken.	Kathleen is outspoken and responsible.
entailment	Edith is awful and unthinking.	Edith is unthinking and awful.
entailment	Stephen is spirited and lovable.	Stephen is lovable and spirited.
entailment	Dorothy is sulky and caustic.	Dorothy is caustic and sulky.
entailment	Marie is unwilling and tolerant.	Marie is tolerant and unwilling.
entailment	Joe is well-respected and unaffected.	Joe is unaffected and well-respected.
entailment	Marilyn is alert and charming.	Marilyn is charming and alert.
entailment	Sharon is ridiculous and gentle.	Sharon is gentle and ridiculous.
entailment	Patricia is moronic and leery.	Patricia is leery and moronic.
entailment	Bruce is ardent and curious.	Bruce is curious and ardent.
entailment	Wendy is sneering and stern.	Wendy is stern and sneering.
entailment	Arthur is quiet and lovable.	Arthur is lovable and quiet.
entailment	Al is inspiring and outgoing.	Al is outgoing and inspiring.
entailment	Harold is jocular and vigilant.	Harold is vigilant and jocular.
entailment	Deborah is charming and proficient.	Deborah is proficient and charming.
entailment	Diane is positive and decisive.	Diane is decisive and positive.
entailment	Sandra is tranquil and guarded.	Sandra is guarded and tranquil.
entailment	Dave is direct and spiteful.	Dave is spiteful and direct.
entailment	Bruce is fussy and peevish.	Bruce is peevish and fussy.
entailment	Louise is versatile and cheerful.	Louise is cheerful and versatile.
entailment	Adam is provocative and efficient.	Adam is efficient and provocative.
entailment	Samuel is analytical and supercilious.	Samuel is supercilious and analytical.
entailment	Jack is charming and funny.	Jack is funny and charming.
entailment	Simon is experienced and dependent.	Simon is dependent and experienced.
entailment	Alan is ferocious and crass.	Alan is crass and ferocious.
entailment	Francis is inexperienced and sensitive.	Francis is sensitive and inexperienced.
entailment	William is petulant and careless.	William is careless and petulant.
entailment	Jack is candid and resourceful.	Jack is resourceful and candid.
entailment	Alexandra is competent and insensitive.	Alexandra is insensitive and competent.
entailment	Sara is crass and chic.	Sara is chic and crass.
entailment	Harold is good and irascible.	Harold is irascible and good.
entailment	Adam is cantankerous and cranky.	Adam is cranky and cantankerous.
entailment	Louis is caustic and deep.	Louis is deep and caustic.
entailment	Fiona is brilliant and dirty.	Fiona is dirty and brilliant.
entailment	Kathryn is obliging and exacting.	Kathryn is exacting and obliging.
entailment	Jean is drunk and fastidious.	Jean is fastidious and drunk.
entailment	Catherine is eager and hateful.	Catherine is hateful and eager.
entailment	Andrew is industrious and popular.	Andrew is popular and industrious.
entailment	Helen is plain and inexperienced.	Helen is inexperienced and plain.
entailment	Lisa is paternalistic and indolent.	Lisa is indolent and paternalistic.
entailment	Al is somber and wonderful.	Al is wonderful and somber.
entailment	Carl is crass and childlike.	Carl is childlike and crass.
entailment	George is negative and cruel.	George is cruel and negative.
entailment	Dan is morose and passive.	Dan is passive and morose.
entailment	Dorothy is curious and peaceful.	Dorothy is peaceful and curious.
entailment	Ray is energetic and cheerful.	Ray is cheerful and energetic.
entailment	Ralph is caustic and competent.	Ralph is competent and caustic.
entailment	Jean is guarded and grouchy.	Jean is grouchy and guarded.
entailment	Jimmy is even-tempered and incisive.	Jimmy is incisive and even-tempered.
entailment	Alexander is absent-minded and practical.	Alexander is practical and absent-minded.
entailment	Sue is snobby and prudent.	Sue is prudent and snobby.
entailment	Kate is watchful and tactful.	Kate is tactful and watchful.
entailment	Judy is short-tempered and mild.	Judy is mild and short-tempered.
entailment	Mike is shrewd and uncertain.	Mike is uncertain and shrewd.
entailment	Frances is orderly and emotional.	Frances is emotional and orderly.
entailment	Claire is circumspect and slow.	Claire is slow and circumspect.
entailment	Ann is cynical and lovable.	Ann is lovable and cynical.
entailment	Heather is cool and resentful.	Heather is resentful and cool.
entailment	Chris is amazing and nasty.	Chris is nasty and amazing.
entailment	Charlotte is experienced and disruptive.	Charlotte is disruptive and experienced.
entailment	Susan is indefatigable and local.	Susan is local and indefatigable.
entailment	Sam is unhelpful and mean.	Sam is mean and unhelpful.
entailment	Kate is guarded and gloomy.	Kate is gloomy and guarded.
entailment	Elizabeth is ardent and morose.	Elizabeth is morose and ardent.
entailment	Andrea is versatile and hysterical.	Andrea is hysterical and versatile.
entailment	Harold is indiscreet and direct.	Harold is direct and indiscreet.
entailment	Sharon is sleepy and soulless.	Sharon is soulless and sleepy.
entailment	Francis is ardent and impressive.	Francis is impressive and ardent.
entailment	Betty is logical and uncooperative.	Betty is uncooperative and logical.
entailment	Edward is outgoing and balanced.	Edward is balanced and outgoing.
entailment	Jean is silly and outgoing.	Jean is outgoing and silly.
entailment	Anne is gluttonous and delicate.	Anne is delicate and gluttonous.
entailment	Virginia is quick and naughty.	Virginia is naughty and quick.
entailment	Kevin is negative and moronic.	Kevin is moronic and negative.
entailment	Marilyn is composed and evasive.	Marilyn is evasive and composed.
entailment	Karen is plucky and well-rounded.	Karen is well-rounded and plucky.
entailment	George is chic and discreet.	George is discreet and chic.
entailment	Frederick is idle and beautiful.	Frederick is beautiful and idle.
entailment	Edward is sweet and intelligent.	Edward is intelligent and sweet.
entailment	Melissa is thoughtful and snobby.	Melissa is snobby and thoughtful.
entailment	Janet is apprehensive and shrewd.	Janet is shrewd and apprehensive.
entailment	Lawrence is old-fashioned and inconsiderate.	Lawrence is inconsiderate and old-fashioned.
entailment	Don is impractical and jovial.	Don is jovial and impractical.
entailment	Ben is buff and sassy.	Ben is sassy and buff.
entailment	Dave is amusing and affectionate.	Dave is affectionate and amusing.
entailment	Anna is reliable and logical.	Anna is logical and reliable.
entailment	David is cautious and unemotional.	David is unemotional and cautious.
entailment	Dorothy is content and absent-minded.	Dorothy is absent-minded and content.
entailment	Julie is unhelpful and slothful.	Julie is slothful and unhelpful.
entailment	Lynn is stable and positive.	Lynn is positive and stable.
entailment	Scott is persnickety and supercilious.	Scott is supercilious and persnickety.
entailment	Elizabeth is balanced and quick.	Elizabeth is quick and balanced.
entailment	Rose is clever and childish.	Rose is childish and clever.
entailment	Stephanie is cool-headed and orderly.	Stephanie is orderly and cool-headed.
entailment	Virginia is discerning and slow.	Virginia is slow and discerning.
entailment	Matthew is timid and direct.	Matthew is direct and timid.
entailment	Brian is unhelpful and zealous.	Brian is zealous and unhelpful.
entailment	Jay is wonderful and cordial.	Jay is cordial and wonderful.
entailment	Scott is awful and childish.	Scott is childish and awful.
entailment	Patrick is apprehensive and quiet.	Patrick is quiet and apprehensive.
entailment	Robert is confident and logical.	Robert is logical and confident.
entailment	Bobby is capable and reserved.	Bobby is reserved and capable.
entailment	Jason is flabby and beneficent.	Jason is beneficent and flabby.
entailment	Martin is inexperienced and gloomy.	Martin is gloomy and inexperienced.
entailment	Patricia is conscientious and orderly.	Patricia is orderly and conscientious.
entailment	Lisa is indolent and enthusiastic.	Lisa is enthusiastic and indolent.
entailment	Benjamin is naughty and able.	Benjamin is able and naughty.
entailment	Mike is artistic and musical.	Mike is musical and artistic.
entailment	Emily is stupid and shy.	Emily is shy and stupid.
entailment	Rebecca is proficient and meddlesome.	Rebecca is meddlesome and proficient.
entailment	Ron is distant and flaky.	Ron is flaky and distant.
entailment	George is spiteful and uncertain.	George is uncertain and spiteful.
entailment	Jean is frank and adventurous.	Jean is adventurous and frank.
entailment	Leslie is unsure and touchy.	Leslie is touchy and unsure.
entailment	Martha is staid and well-respected.	Martha is well-respected and staid.
entailment	Patricia is sober and crass.	Patricia is crass and sober.
entailment	Jimmy is well-respected and slow.	Jimmy is slow and well-respected.
entailment	Martin is earnest and nervous.	Martin is nervous and earnest.
entailment	Nicole is stern and deft.	Nicole is deft and stern.
entailment	Jessica is demonic and patient.	Jessica is patient and demonic.
entailment	Alfred is brilliant and stable.	Alfred is stable and brilliant.
entailment	Mark is critical and funny.	Mark is funny and critical.
entailment	Tony is testy and staid.	Tony is staid and testy.
entailment	Alexander is nervous and well-developed.	Alexander is well-developed and nervous.
entailment	Steve is stern and flabby.	Steve is flabby and stern.
entailment	Kenneth is thoughtful and proud.	Kenneth is proud and thoughtful.
entailment	Tim is apprehensive and one-sided.	Tim is one-sided and apprehensive.
entailment	Stephanie is demure and well-behaved.	Stephanie is well-behaved and demure.
entailment	Diana is incisive and slight.	Diana is slight and incisive.
entailment	Heather is naughty and hysterical.	Heather is hysterical and naughty.
entailment	Sophie is watchful and silly.	Sophie is silly and watchful.
entailment	Helen is beautiful and coherent.	Helen is coherent and beautiful.
entailment	Jane is prejudiced and efficient.	Jane is efficient and prejudiced.
entailment	Annie is thinking and well-intentioned.	Annie is well-intentioned and thinking.
entailment	Marie is unreliable and slow.	Marie is slow and unreliable.
entailment	Sharon is generous and adventurous.	Sharon is adventurous and generous.
entailment	Deborah is sensible and agile.	Deborah is agile and sensible.
entailment	Jean is inexperienced and amazing.	Jean is amazing and inexperienced.
entailment	Jimmy is one-sided and tolerant.	Jimmy is tolerant and one-sided.
entailment	Bobby is versatile and practical.	Bobby is practical and versatile.
entailment	Ed is discerning and sleepy.	Ed is sleepy and discerning.
entailment	Donald is unsophisticated and incompetent.	Donald is incompetent and unsophisticated.
entailment	Jack is inspiring and tactful.	Jack is tactful and inspiring.
entailment	Alex is discreet and blue.	Alex is blue and discreet.
entailment	Ashley is content and restless.	Ashley is restless and content.
entailment	Donald is level-headed and well-intentioned.	Donald is well-intentioned and level-headed.
entailment	Virginia is wonderful and friendly.	Virginia is friendly and wonderful.
entailment	Ed is dutiful and irascible.	Ed is irascible and dutiful.
entailment	Betty is delightful and lively.	Betty is lively and delightful.
entailment	Michelle is slight and caustic.	Michelle is caustic and slight.
entailment	Dan is naughty and persnickety.	Dan is persnickety and naughty.
entailment	Janet is unsure and gluttonous.	Janet is gluttonous and unsure.
entailment	Robert is keen and unwilling.	Robert is unwilling and keen.
entailment	Peter is jocular and prudent.	Peter is prudent and jocular.
entailment	Harry is unfriendly and nasty.	Harry is nasty and unfriendly.
entailment	Sue is unimaginative and mean.	Sue is mean and unimaginative.
entailment	Maria is able and shrewd.	Maria is shrewd and able.
entailment	Christine is touchy and careless.	Christine is careless and touchy.
entailment	Carol is logical and reluctant.	Carol is reluctant and logical.
entailment	Joseph is clever and stupid.	Joseph is stupid and clever.
entailment	Diana is hearty and bright.	Diana is bright and hearty.
entailment	Rose is cool-headed and careful.	Rose is careful and cool-headed.
entailment	Don is discreet and staid.	Don is staid and discreet.
entailment	Stephanie is eager and drugged.	Stephanie is drugged and eager.
entailment	Anna is supercilious and unemotional.	Anna is unemotional and supercilious.
entailment	Emily is negative and coherent.	Emily is coherent and negative.
entailment	Jason is self-assured and cold.	Jason is cold and self-assured.
entailment	Nick is elfin and crafty.	Nick is crafty and elfin.
entailment	Adam is mercurial and inexperienced.	Adam is inexperienced and mercurial.
entailment	Louise is disagreeable and resentful.	Louise is resentful and disagreeable.
entailment	Edwin is crafty and quick.	Edwin is quick and crafty.
entailment	Christopher is undependable and clever.	Christopher is clever and undependable.
entailment	Carolyn is selfish and vulnerable.	Carolyn is vulnerable and selfish.
entailment	Matt is serene and unhelpful.	Matt is unhelpful and serene.
entailment	Don is brilliant and local.	Don is local and brilliant.
entailment	Lawrence is well-intentioned and angelic.	Lawrence is angelic and well-intentioned.
entailment	Carolyn is level-headed and dull.	Carolyn is dull and level-headed.
entailment	Jill is irritating and wonderful.	Jill is wonderful and irritating.
entailment	Arthur is able and stoic.	Arthur is stoic and able.
entailment	Jack is stoic and artistic.	Jack is artistic and stoic.
entailment	Deborah is meddlesome and drugged.	Deborah is drugged and meddlesome.
entailment	Kate is indiscreet and sentimental.	Kate is sentimental and indiscreet.
entailment	Nicole is efficient and gloomy.	Nicole is gloomy and efficient.
entailment	Christine is diligent and outgoing.	Christine is outgoing and diligent.
entailment	Cynthia is restless and level-headed.	Cynthia is level-headed and restless.
entailment	Annie is kind and undependable.	Annie is undependable and kind.
entailment	Philip is meticulous and chic.	Philip is chic and meticulous.
entailment	Louis is sophisticated and modest.	Louis is modest and sophisticated.
entailment	Bruce is warmhearted and affectionate.	Bruce is affectionate and warmhearted.
entailment	Ian is drowsy and morose.	Ian is morose and drowsy.
entailment	Jerry is lazy and unaffected.	Jerry is unaffected and lazy.
entailment	Chris is popular and judgmental.	Chris is judgmental and popular.
entailment	Ian is nasty and emotional.	Ian is emotional and nasty.
entailment	Betty is blue and kind.	Betty is kind and blue.
entailment	Dorothy is practical and sensible.	Dorothy is sensible and practical.
entailment	Edith is indolent and capable.	Edith is capable and indolent.
entailment	Tony is dependent and sloppy.	Tony is sloppy and dependent.
entailment	Martha is cool-headed and warm.	Martha is warm and cool-headed.
entailment	Alison is uncertain and childish.	Alison is childish and uncertain.
entailment	Carolyn is well-respected and evasive.	Carolyn is evasive and well-respected.
entailment	Simon is incompetent and naive.	Simon is naive and incompetent.
entailment	Maria is quick-tempered and maternal.	Maria is maternal and quick-tempered.
entailment	Alex is insensitive and deep.	Alex is deep and insensitive.
entailment	Eleanor is snobby and considerate.	Eleanor is considerate and snobby.
entailment	Patricia is amiable and mercurial.	Patricia is mercurial and amiable.
entailment	Jean is quick-tempered and frank.	Jean is frank and quick-tempered.
entailment	Matt is surly and hearty.	Matt is hearty and surly.
entailment	Keith is amiable and unguarded.	Keith is unguarded and amiable.
entailment	Greg is maternal and enterprising.	Greg is enterprising and maternal.
entailment	Anna is lovely and unmotivated.	Anna is unmotivated and lovely.
entailment	Ken is sweet and unpleasant.	Ken is unpleasant and sweet.
entailment	David is unwilling and efficient.	David is efficient and unwilling.
entailment	Jack is dowdy and cool.	Jack is cool and dowdy.
entailment	Matthew is level-headed and sour.	Matthew is sour and level-headed.
entailment	Stephanie is love-lorn and depressed.	Stephanie is depressed and love-lorn.
entailment	Diana is naive and dependent.	Diana is dependent and naive.
entailment	Carl is demonic and conceited.	Carl is conceited and demonic.
entailment	Dick is keen and provocative.	Dick is provocative and keen.
entailment	Alexander is passionate and obnoxious.	Alexander is obnoxious and passionate.
entailment	Angela is crabby and selfish.	Angela is selfish and crabby.
entailment	Leslie is adventurous and apathetic.	Leslie is apathetic and adventurous.
entailment	Chris is guarded and inactive.	Chris is inactive and guarded.
entailment	Donna is impractical and willing.	Donna is willing and impractical.
entailment	Katie is dependent and cynical.	Katie is cynical and dependent.
entailment	Edith is persevering and lazy.	Edith is lazy and persevering.
entailment	Lauren is ugly and conscientious.	Lauren is conscientious and ugly.
entailment	Ian is negative and saucy.	Ian is saucy and negative.
entailment	Keith is ostentatious and local.	Keith is local and ostentatious.
entailment	Edward is gloomy and sober.	Edward is sober and gloomy.
entailment	Sally is plain and impulsive.	Sally is impulsive and plain.
entailment	Angela is condescending and unpopular.	Angela is unpopular and condescending.
entailment	Albert is playful and practical.	Albert is practical and playful.
entailment	Dorothy is normal and careless.	Dorothy is careless and normal.
entailment	Tom is unguarded and naive.	Tom is naive and unguarded.
entailment	Dorothy is earnest and drowsy.	Dorothy is drowsy and earnest.
entailment	Lauren is clever and miserable.	Lauren is miserable and clever.
entailment	Matthew is agile and confused.	Matthew is confused and agile.
entailment	William is sentimental and lovely.	William is lovely and sentimental.
entailment	Nancy is funny and childish.	Nancy is childish and funny.
entailment	Kenneth is conceited and dextrous.	Kenneth is dextrous and conceited.
entailment	Adam is stable and thoughtful.	Adam is thoughtful and stable.
entailment	Christine is beneficent and serious.	Christine is serious and beneficent.
entailment	Arthur is incompetent and timid.	Arthur is timid and incompetent.
entailment	Steve is deft and cordial.	Steve is cordial and deft.
entailment	Simon is reserved and imaginative.	Simon is imaginative and reserved.
entailment	Lucy is dextrous and judgmental.	Lucy is judgmental and dextrous.
entailment	Ben is warmhearted and grouchy.	Ben is grouchy and warmhearted.
entailment	Catherine is peaceful and grave.	Catherine is grave and peaceful.
entailment	Keith is irritable and fastidious.	Keith is fastidious and irritable.
entailment	Pamela is grouchy and drugged.	Pamela is drugged and grouchy.
entailment	Katie is judgmental and unpopular.	Katie is unpopular and judgmental.
entailment	Sally is inspiring and stern.	Sally is stern and inspiring.
entailment	Ruth is petulant and restless.	Ruth is restless and petulant.
entailment	Lynn is fussy and careful.	Lynn is careful and fussy.
entailment	Jay is ambitious and unpleasant.	Jay is unpleasant and ambitious.
entailment	Linda is tranquil and bright.	Linda is bright and tranquil.
entailment	Billy is charming and amazing.	Billy is amazing and charming.
entailment	Jill is able and beautiful.	Jill is beautiful and able.
entailment	Virginia is reliable and beautiful.	Virginia is beautiful and reliable.
entailment	Ben is considerate and ambitious.	Ben is ambitious and considerate.
entailment	Jeff is powerful and awful.	Jeff is awful and powerful.
entailment	Lucy is querulous and flashy.	Lucy is flashy and querulous.
entailment	Ruth is strong and confused.	Ruth is confused and strong.
entailment	Stephanie is tired and kind.	Stephanie is kind and tired.
entailment	Helen is inventive and dreary.	Helen is dreary and inventive.
entailment	Daniel is pleasant and competent.	Daniel is competent and pleasant.
entailment	Patrick is inconsistent and sharp.	Patrick is sharp and inconsistent.
entailment	Steven is inconsistent and orderly.	Steven is orderly and inconsistent.
entailment	Ken is analytical and dirty.	Ken is dirty and analytical.
entailment	Benjamin is tranquil and modest.	Benjamin is modest and tranquil.
entailment	Edward is undependable and wary.	Edward is wary and undependable.
entailment	Henry is passive and joyous.	Henry is joyous and passive.
entailment	Simon is weak and venal.	Simon is venal and weak.
entailment	Lawrence is somber and careless.	Lawrence is careless and somber.
entailment	Steve is lovable and grouchy.	Steve is grouchy and lovable.
entailment	Edwin is dramatic and artificial.	Edwin is artificial and dramatic.
entailment	Cynthia is thoughtful and blue.	Cynthia is blue and thoughtful.
entailment	Ruth is intelligent and conceited.	Ruth is conceited and intelligent.
entailment	Diana is respectful and direct.	Diana is direct and respectful.
entailment	Ryan is hysterical and average.	Ryan is average and hysterical.
entailment	Ralph is churlish and meddlesome.	Ralph is meddlesome and churlish.
entailment	Jay is steady and ardent.	Jay is ardent and steady.
entailment	Walter is careless and quick.	Walter is quick and careless.
entailment	Billy is direct and coherent.	Billy is coherent and direct.
entailment	Paul is groggy and impractical.	Paul is impractical and groggy.
entailment	Maria is resourceful and direct.	Maria is direct and resourceful.
entailment	Paul is below average and pleasant.	Paul is pleasant and below average.
entailment	Patrick is respected and careful.	Patrick is careful and respected.
entailment	Sandra is snobby and capable.	Sandra is capable and snobby.
entailment	Ron is blue and hesitant.	Ron is hesitant and blue.
entailment	Samuel is inconsistent and emotional.	Samuel is emotional and inconsistent.
entailment	Leslie is slow and cold.	Leslie is cold and slow.
entailment	Helen is demonic and realistic.	Helen is realistic and demonic.
entailment	Lauren is provocative and unwilling.	Lauren is unwilling and provocative.
entailment	Charlie is wonderful and delicate.	Charlie is delicate and wonderful.
entailment	Jeff is mercurial and attentive.	Jeff is attentive and mercurial.
entailment	Paul is uncertain and crass.	Paul is crass and uncertain.
entailment	Cynthia is subtle and sloppy.	Cynthia is sloppy and subtle.
entailment	Arthur is realistic and selfish.	Arthur is selfish and realistic.
entailment	Maria is warmhearted and obliging.	Maria is obliging and warmhearted.
entailment	Jennifer is sweet and uncertain.	Jennifer is uncertain and sweet.
entailment	Edwin is easy-going and sulky.	Edwin is sulky and easy-going.
entailment	Louise is reclusive and mean.	Louise is mean and reclusive.
entailment	Amy is leery and attentive.	Amy is attentive and leery.
entailment	Ben is easy-going and snazzy.	Ben is snazzy and easy-going.
entailment	Caroline is boisterous and disruptive.	Caroline is disruptive and boisterous.
entailment	Ann is dextrous and plain.	Ann is plain and dextrous.
entailment	Patricia is obnoxious and joyous.	Patricia is joyous and obnoxious.
entailment	Kim is wonderful and fervent.	Kim is fervent and wonderful.
entailment	Joan is cautious and deferential.	Joan is deferential and cautious.
entailment	Samuel is depressed and well-behaved.	Samuel is well-behaved and depressed.
entailment	Kathy is ostentatious and funny.	Kathy is funny and ostentatious.
entailment	Emma is thoughtful and earnest.	Emma is earnest and thoughtful.
entailment	Rose is love-lorn and kind.	Rose is kind and love-lorn.
entailment	Ellen is unemotional and resigned.	Ellen is resigned and unemotional.
entailment	Bob is well-behaved and modest.	Bob is modest and well-behaved.
entailment	Jill is chic and fervent.	Jill is fervent and chic.
entailment	Victoria is punctual and generous.	Victoria is generous and punctual.
entailment	Ryan is impressionable and practical.	Ryan is practical and impressionable.
entailment	Betty is proud and discerning.	Betty is discerning and proud.
entailment	Judith is somber and naive.	Judith is naive and somber.
entailment	Carl is coherent and vigilant.	Carl is vigilant and coherent.
entailment	Judy is artificial and ostentatious.	Judy is ostentatious and artificial.
entailment	Harry is inactive and surly.	Harry is surly and inactive.
entailment	Mary is drunk and shy.	Mary is shy and drunk.
entailment	Carolyn is eager and incisive.	Carolyn is incisive and eager.
entailment	Benjamin is interesting and illogical.	Benjamin is illogical and interesting.
entailment	Alex is unstable and fussy.	Alex is fussy and unstable.
entailment	Charles is sulky and hateful.	Charles is hateful and sulky.
entailment	Mary is caustic and hesitant.	Mary is hesitant and caustic.
entailment	Kenneth is leery and inactive.	Kenneth is inactive and leery.
entailment	Dave is ridiculous and miserable.	Dave is miserable and ridiculous.
entailment	Charlotte is quick-tempered and delicate.	Charlotte is delicate and quick-tempered.
entailment	Eric is stern and good.	Eric is good and stern.
entailment	Jane is supercilious and paternal.	Jane is paternal and supercilious.
entailment	Christopher is dextrous and ferocious.	Christopher is ferocious and dextrous.
entailment	Carl is awesome and methodical.	Carl is methodical and awesome.
entailment	Sophie is curious and clever.	Sophie is clever and curious.
entailment	Michael is devoted and miserable.	Michael is miserable and devoted.
entailment	Eric is candid and well-developed.	Eric is well-developed and candid.
entailment	Charles is hot-headed and willing.	Charles is willing and hot-headed.
entailment	Sarah is distant and noisy.	Sarah is noisy and distant.
entailment	Donald is nosy and dull.	Donald is dull and nosy.
entailment	Jason is direct and sincere.	Jason is sincere and direct.
entailment	Simon is analytical and impressive.	Simon is impressive and analytical.
entailment	Albert is thinking and stern.	Albert is stern and thinking.
entailment	Julie is abnormal and hysterical.	Julie is hysterical and abnormal.
entailment	Susan is judgmental and delicate.	Susan is delicate and judgmental.
entailment	Nancy is imaginative and friendly.	Nancy is friendly and imaginative.
entailment	Sandra is ridiculous and stupid.	Sandra is stupid and ridiculous.
entailment	Jack is beneficent and chic.	Jack is chic and beneficent.
entailment	Ben is soulful and willing.	Ben is willing and soulful.
entailment	Sam is buff and below average.	Sam is below average and buff.
entailment	Suzanne is motivated and reclusive.	Suzanne is reclusive and motivated.
entailment	Rose is coherent and buff.	Rose is buff and coherent.
entailment	Ruth is practical and ostentatious.	Ruth is ostentatious and practical.
entailment	Jonathan is blunt and shrewd.	Jonathan is shrewd and blunt.
entailment	Francis is critical and snobby.	Francis is snobby and critical.
entailment	Jack is childish and flaky.	Jack is flaky and childish.
entailment	John is sensitive and conceited.	John is conceited and sensitive.
entailment	Robin is cynical and demonic.	Robin is demonic and cynical.
entailment	Jerry is spirited and evasive.	Jerry is evasive and spirited.
entailment	Lawrence is sloppy and chic.	Lawrence is chic and sloppy.
entailment	Tim is civil and dreary.	Tim is dreary and civil.
entailment	Daniel is weak and coherent.	Daniel is coherent and weak.
entailment	Edith is testy and volcanic.	Edith is volcanic and testy.
entailment	Judith is cranky and clever.	Judith is clever and cranky.
entailment	Stephanie is unemotional and keen.	Stephanie is keen and unemotional.
entailment	Walter is outspoken and idiotic.	Walter is idiotic and outspoken.
entailment	Alexander is flashy and picky.	Alexander is picky and flashy.
entailment	Kate is amiable and inventive.	Kate is inventive and amiable.
entailment	Jeff is plucky and resigned.	Jeff is resigned and plucky.
entailment	Carl is naive and querulous.	Carl is querulous and naive.
entailment	Florence is uncooperative and bright.	Florence is bright and uncooperative.
entailment	Susan is natural and leery.	Susan is leery and natural.
entailment	Johnny is conceited and unimaginative.	Johnny is unimaginative and conceited.
entailment	Laura is flashy and listless.	Laura is listless and flashy.
entailment	Stephanie is hysterical and impressive.	Stephanie is impressive and hysterical.
entailment	Julie is revered and touchy.	Julie is touchy and revered.
entailment	Samuel is buff and dependent.	Samuel is dependent and buff.
entailment	Lynn is frank and pensive.	Lynn is pensive and frank.
entailment	Deborah is steady and composed.	Deborah is composed and steady.
entailment	Louis is awful and above average.	Louis is above average and awful.
entailment	Victoria is ferocious and maternal.	Victoria is maternal and ferocious.
entailment	Rose is one-sided and cooperative.	Rose is cooperative and one-sided.
entailment	Claire is blue and imaginative.	Claire is imaginative and blue.
entailment	Amy is long-winded and polite.	Amy is polite and long-winded.
entailment	Kevin is helpful and brave.	Kevin is brave and helpful.
entailment	Roger is inconsistent and punctual.	Roger is punctual and inconsistent.
entailment	Benjamin is zealous and weak.	Benjamin is weak and zealous.
entailment	Rebecca is warmhearted and sturdy.	Rebecca is sturdy and warmhearted.
entailment	Susan is nervous and talented.	Susan is talented and nervous.
entailment	Greg is average and popular.	Greg is popular and average.
entailment	Julie is snazzy and even-tempered.	Julie is even-tempered and snazzy.
entailment	Roger is persnickety and dreary.	Roger is dreary and persnickety.
entailment	Ralph is groggy and normal.	Ralph is normal and groggy.
entailment	Bob is confident and prudent.	Bob is prudent and confident.
entailment	Michelle is immodest and abnormal.	Michelle is abnormal and immodest.
entailment	Grace is quarrelsome and conceited.	Grace is conceited and quarrelsome.
entailment	Dave is methodical and listless.	Dave is listless and methodical.
entailment	Lisa is enterprising and surly.	Lisa is surly and enterprising.
entailment	Kevin is punctual and proud.	Kevin is proud and punctual.
entailment	Annie is noisy and great.	Annie is great and noisy.
entailment	Michelle is volcanic and amusing.	Michelle is amusing and volcanic.
entailment	Joseph is sincere and positive.	Joseph is positive and sincere.
entailment	Virginia is grave and tolerant.	Virginia is tolerant and grave.
entailment	Michael is distrustful and lame.	Michael is lame and distrustful.
entailment	Claire is vigilant and delightful.	Claire is delightful and vigilant.
entailment	Marilyn is unimaginative and gloomy.	Marilyn is gloomy and unimaginative.
entailment	Philip is intolerant and pensive.	Philip is pensive and intolerant.
entailment	Ashley is shrewd and above average.	Ashley is above average and shrewd.
entailment	Barbara is lean and elfin.	Barbara is elfin and lean.
entailment	Alex is natural and cautious.	Alex is cautious and natural.
entailment	Patricia is practical and hesitant.	Patricia is hesitant and practical.
entailment	Kevin is helpful and below average.	Kevin is below average and helpful.
entailment	Victoria is generous and brilliant.	Victoria is brilliant and generous.
entailment	Charlie is attentive and persnickety.	Charlie is persnickety and attentive.
entailment	Colin is wonderful and leery.	Colin is leery and wonderful.
entailment	Sam is crafty and cruel.	Sam is cruel and crafty.
entailment	Fred is sturdy and uncooperative.	Fred is uncooperative and sturdy.
entailment	Lawrence is irritable and sleepy.	Lawrence is sleepy and irritable.
entailment	Alice is noisy and quick.	Alice is quick and noisy.
entailment	Harold is plain and striking.	Harold is striking and plain.
entailment	Lucy is plain and diligent.	Lucy is diligent and plain.
entailment	Howard is obnoxious and dull.	Howard is dull and obnoxious.
entailment	Angela is reclusive and careful.	Angela is careful and reclusive.
entailment	Carl is inexperienced and coherent.	Carl is coherent and inexperienced.
entailment	Anne is ostentatious and brilliant.	Anne is brilliant and ostentatious.
entailment	Charlotte is apathetic and sensible.	Charlotte is sensible and apathetic.
entailment	Dave is picky and long-winded.	Dave is long-winded and picky.
entailment	Emily is nasty and somber.	Emily is somber and nasty.
entailment	Charlotte is vigilant and artistic.	Charlotte is artistic and vigilant.
entailment	Nicole is below average and snazzy.	Nicole is snazzy and below average.
entailment	Martin is immature and cranky.	Martin is cranky and immature.
entailment	Sarah is thoughtless and mean.	Sarah is mean and thoughtless.
entailment	Deborah is eager and lazy.	Deborah is lazy and eager.
entailment	Carl is joyous and hateful.	Carl is hateful and joyous.
entailment	Claire is versatile and unhelpful.	Claire is unhelpful and versatile.
entailment	Thomas is fiery and irritable.	Thomas is irritable and fiery.
entailment	Lawrence is dramatic and positive.	Lawrence is positive and dramatic.
entailment	Sharon is stupid and grave.	Sharon is grave and stupid.
entailment	George is imperturbable and unthinking.	George is unthinking and imperturbable.
entailment	Philip is proud and ardent.	Philip is ardent and proud.
entailment	Elaine is tactful and stable.	Elaine is stable and tactful.
entailment	Sophie is impatient and unwilling.	Sophie is unwilling and impatient.
entailment	Christine is staid and discerning.	Christine is discerning and staid.
entailment	Jim is eager and snazzy.	Jim is snazzy and eager.
entailment	Ryan is unaffected and touchy.	Ryan is touchy and unaffected.
entailment	Michael is confused and drunk.	Michael is drunk and confused.
entailment	Laura is provocative and sentimental.	Laura is sentimental and provocative.
entailment	Ian is paternalistic and dependent.	Ian is dependent and paternalistic.
entailment	Roy is prudent and jocular.	Roy is jocular and prudent.
entailment	Jill is sharp and selfish.	Jill is selfish and sharp.
entailment	Alan is indefatigable and provocative.	Alan is provocative and indefatigable.
entailment	Dick is guarded and lovely.	Dick is lovely and guarded.
entailment	Matt is popular and proficient.	Matt is proficient and popular.
entailment	William is amazing and unthinking.	William is unthinking and amazing.
entailment	Lucy is versatile and spiteful.	Lucy is spiteful and versatile.
entailment	Carl is unstable and impetuous.	Carl is impetuous and unstable.
entailment	Wendy is lovely and lovable.	Wendy is lovable and lovely.
entailment	Sue is nosy and unsophisticated.	Sue is unsophisticated and nosy.
entailment	Sandra is buff and sentimental.	Sandra is sentimental and buff.
entailment	Anna is zealous and critical.	Anna is critical and zealous.
entailment	Rachel is strong and normal.	Rachel is normal and strong.
entailment	Catherine is surly and apprehensive.	Catherine is apprehensive and surly.
entailment	Catherine is absent-minded and lovely.	Catherine is lovely and absent-minded.
entailment	Philip is efficient and indefatigable.	Philip is indefatigable and efficient.
entailment	Don is conscientious and beautiful.	Don is beautiful and conscientious.
entailment	Claire is adventurous and sentimental.	Claire is sentimental and adventurous.
entailment	Steven is gluttonous and indefatigable.	Steven is indefatigable and gluttonous.
entailment	Alexandra is attentive and content.	Alexandra is content and attentive.
entailment	Rose is brave and dull.	Rose is dull and brave.
entailment	Albert is elfin and condescending.	Albert is condescending and elfin.
entailment	Ken is dramatic and cold.	Ken is cold and dramatic.
entailment	Kenneth is artistic and crafty.	Kenneth is crafty and artistic.
entailment	Judith is confident and inspiring.	Judith is inspiring and confident.
entailment	Tim is zealous and plain-speaking.	Tim is plain-speaking and zealous.
entailment	Grace is unmotivated and civil.	Grace is civil and unmotivated.
entailment	Dick is exacting and alert.	Dick is alert and exacting.
entailment	Fred is courageous and unguarded.	Fred is unguarded and courageous.
entailment	Ray is drugged and cheerful.	Ray is cheerful and drugged.
entailment	Nancy is idiotic and egotistical.	Nancy is egotistical and idiotic.
entailment	Sara is weak and distant.	Sara is distant and weak.
entailment	Scott is surly and smart.	Scott is smart and surly.
entailment	Leslie is stupid and slow.	Leslie is slow and stupid.
entailment	Anna is prejudiced and playful.	Anna is playful and prejudiced.
entailment	Sara is angelic and frank.	Sara is frank and angelic.
entailment	Lisa is independent and crafty.	Lisa is crafty and independent.
entailment	Ian is proud and reserved.	Ian is reserved and proud.
entailment	Edward is restless and even-tempered.	Edward is even-tempered and restless.
entailment	Keith is undependable and mature.	Keith is mature and undependable.
entailment	Charlotte is long-winded and unwilling.	Charlotte is unwilling and long-winded.
entailment	Scott is impractical and peaceful.	Scott is peaceful and impractical.
entailment	Edward is spiteful and amusing.	Edward is amusing and spiteful.
entailment	Martha is fervent and leery.	Martha is leery and fervent.
entailment	Lynn is mean and plain.	Lynn is plain and mean.
entailment	Ron is stupid and able.	Ron is able and stupid.
entailment	Anna is proud and peaceful.	Anna is peaceful and proud.
entailment	Lauren is proficient and clumsy.	Lauren is clumsy and proficient.
entailment	Ellen is clean and fiery.	Ellen is fiery and clean.
entailment	Kathleen is inexperienced and coherent.	Kathleen is coherent and inexperienced.
entailment	Joan is diligent and unemotional.	Joan is unemotional and diligent.
entailment	Rose is versatile and fussy.	Rose is fussy and versatile.
entailment	Albert is sharp and hypercritical.	Albert is hypercritical and sharp.
entailment	Anthony is helpful and unsure.	Anthony is unsure and helpful.
entailment	Chris is tactful and awful.	Chris is awful and tactful.
entailment	Suzanne is confused and alert.	Suzanne is alert and confused.
entailment	Alex is touchy and eager.	Alex is eager and touchy.
entailment	Lynn is cordial and motivated.	Lynn is motivated and cordial.
entailment	Jonathan is maternal and inexperienced.	Jonathan is inexperienced and maternal.
entailment	Andrew is disagreeable and interesting.	Andrew is interesting and disagreeable.
entailment	Frederick is quick-tempered and meticulous.	Frederick is meticulous and quick-tempered.
entailment	Michael is meddlesome and reclusive.	Michael is reclusive and meddlesome.
entailment	Matthew is pensive and thoughtless.	Matthew is thoughtless and pensive.
entailment	Jack is evasive and sophisticated.	Jack is sophisticated and evasive.
entailment	Sam is playful and level-headed.	Sam is level-headed and playful.
entailment	Carolyn is resigned and impractical.	Carolyn is impractical and resigned.
entailment	Edwin is suspicious and plain.	Edwin is plain and suspicious.
entailment	Billy is impractical and proficient.	Billy is proficient and impractical.
entailment	Angela is sulky and deft.	Angela is deft and sulky.
entailment	Dan is caustic and respectful.	Dan is respectful and caustic.
entailment	George is punctual and demure.	George is demure and punctual.
entailment	Brian is grave and thoughtful.	Brian is thoughtful and grave.
entailment	Jonathan is deferential and lazy.	Jonathan is lazy and deferential.
entailment	Arthur is passive and spiteful.	Arthur is spiteful and passive.
entailment	David is artificial and crabby.	David is crabby and artificial.
entailment	Linda is exacting and soulless.	Linda is soulless and exacting.
entailment	Anne is staid and cruel.	Anne is cruel and staid.
entailment	Alan is artistic and enterprising.	Alan is enterprising and artistic.
entailment	Samuel is dutiful and impulsive.	Samuel is impulsive and dutiful.
entailment	Ken is composed and touchy.	Ken is touchy and composed.
entailment	Dick is subtle and artificial.	Dick is artificial and subtle.
entailment	Eric is fervent and flabby.	Eric is flabby and fervent.
entailment	Ben is deep and sullen.	Ben is sullen and deep.
entailment	Judith is outgoing and illogical.	Judith is illogical and outgoing.
entailment	Harriet is moronic and decisive.	Harriet is decisive and moronic.
entailment	Virginia is cheerful and independent.	Virginia is independent and cheerful.
entailment	Joan is easy-going and slothful.	Joan is slothful and easy-going.
entailment	Jeff is playful and moronic.	Jeff is moronic and playful.
entailment	Kathleen is tolerant and condescending.	Kathleen is condescending and tolerant.
entailment	Diane is peaceful and unwilling.	Diane is unwilling and peaceful.
entailment	Barbara is independent and agile.	Barbara is agile and independent.
entailment	Susan is energetic and steady.	Susan is steady and energetic.
entailment	Kathleen is wary and churlish.	Kathleen is churlish and wary.
entailment	George is watchful and tranquil.	George is tranquil and watchful.
entailment	Mary is lithe and level-headed.	Mary is level-headed and lithe.
entailment	Margaret is industrious and respected.	Margaret is respected and industrious.
entailment	Sophie is funny and easy-going.	Sophie is easy-going and funny.
entailment	Anne is impetuous and slight.	Anne is slight and impetuous.
entailment	Julia is testy and playful.	Julia is playful and testy.
entailment	Jay is crafty and resentful.	Jay is resentful and crafty.
entailment	Sara is caustic and gluttonous.	Sara is gluttonous and caustic.
entailment	Jill is superficial and dull.	Jill is dull and superficial.
entailment	Leslie is restless and nervous.	Leslie is nervous and restless.
entailment	Sally is charming and obnoxious.	Sally is obnoxious and charming.
entailment	Susan is irritating and weak.	Susan is weak and irritating.
entailment	Matt is subtle and sensitive.	Matt is sensitive and subtle.
entailment	Marie is sullen and abnormal.	Marie is abnormal and sullen.
entailment	Carol is amazing and direct.	Carol is direct and amazing.
entailment	Ashley is depressed and one-sided.	Ashley is one-sided and depressed.
entailment	Jason is alert and unmotivated.	Jason is unmotivated and alert.
entailment	Steven is blunt and immature.	Steven is immature and blunt.
entailment	Jean is tired and churlish.	Jean is churlish and tired.
entailment	Scott is awesome and dextrous.	Scott is dextrous and awesome.
entailment	Steve is illogical and zealous.	Steve is zealous and illogical.
entailment	Kathleen is impulsive and hateful.	Kathleen is hateful and impulsive.
entailment	Emma is slow and inactive.	Emma is inactive and slow.
entailment	Harry is selfish and hesitant.	Harry is hesitant and selfish.
entailment	Tony is ridiculous and meticulous.	Tony is meticulous and ridiculous.
entailment	Roger is sedate and venal.	Roger is venal and sedate.
entailment	Sue is distrustful and crabby.	Sue is crabby and distrustful.
entailment	Greg is dreary and ugly.	Greg is ugly and dreary.
entailment	Michael is smart and mean.	Michael is mean and smart.
entailment	Linda is provocative and curious.	Linda is curious and provocative.
entailment	Catherine is willing and careless.	Catherine is careless and willing.
entailment	Anne is irritating and impressive.	Anne is impressive and irritating.
entailment	Evelyn is impractical and alert.	Evelyn is alert and impractical.
entailment	Albert is caustic and staid.	Albert is staid and caustic.
entailment	Katie is weak and suspicious.	Katie is suspicious and weak.
entailment	Heather is supercilious and volcanic.	Heather is volcanic and supercilious.
entailment	Jim is well-behaved and demure.	Jim is demure and well-behaved.
entailment	Benjamin is noisy and numb.	Benjamin is numb and noisy.
entailment	Katherine is surly and devoted.	Katherine is devoted and surly.
entailment	Laura is ambitious and chic.	Laura is chic and ambitious.
entailment	Katie is independent and churlish.	Katie is churlish and independent.
entailment	Margaret is hesitant and earnest.	Margaret is earnest and hesitant.
entailment	Bill is selfish and tolerant.	Bill is tolerant and selfish.
entailment	Alex is thoughtful and sober.	Alex is sober and thoughtful.
entailment	Steven is indefatigable and tactless.	Steven is tactless and indefatigable.
entailment	Julia is quiet and inactive.	Julia is inactive and quiet.
entailment	Carolyn is talented and indiscreet.	Carolyn is indiscreet and talented.
entailment	Ken is childlike and watchful.	Ken is watchful and childlike.
entailment	Howard is critical and warmhearted.	Howard is warmhearted and critical.
entailment	Judith is unpopular and reclusive.	Judith is reclusive and unpopular.
entailment	Benjamin is stern and lovable.	Benjamin is lovable and stern.
entailment	David is cool-headed and kind.	David is kind and cool-headed.
entailment	Michelle is hot-headed and composed.	Michelle is composed and hot-headed.
entailment	Paul is lovely and beautiful.	Paul is beautiful and lovely.
entailment	Patricia is shrewd and long-winded.	Patricia is long-winded and shrewd.
entailment	Gary is dowdy and methodical.	Gary is methodical and dowdy.
entailment	Walter is well-rounded and boisterous.	Walter is boisterous and well-rounded.
entailment	Christine is hypercritical and sentimental.	Christine is sentimental and hypercritical.
entailment	Stephen is unpopular and inconsiderate.	Stephen is inconsiderate and unpopular.
entailment	Mary is old-fashioned and artificial.	Mary is artificial and old-fashioned.
entailment	Marie is punctual and cordial.	Marie is cordial and punctual.
entailment	Andrew is dull and enterprising.	Andrew is enterprising and dull.
entailment	Judith is critical and ostentatious.	Judith is ostentatious and critical.
entailment	Paul is brave and insensitive.	Paul is insensitive and brave.
entailment	Chris is noisy and enterprising.	Chris is enterprising and noisy.
entailment	Howard is adventurous and fabulous.	Howard is fabulous and adventurous.
entailment	Brian is demure and ostentatious.	Brian is ostentatious and demure.
entailment	Martha is quick-tempered and lean.	Martha is lean and quick-tempered.
entailment	Mark is conscientious and fastidious.	Mark is fastidious and conscientious.
entailment	David is picky and lean.	David is lean and picky.
entailment	Ken is distrustful and zealous.	Ken is zealous and distrustful.
entailment	Hugh is positive and hateful.	Hugh is hateful and positive.
entailment	Sara is coherent and indefatigable.	Sara is indefatigable and coherent.
entailment	Elaine is cold and grave.	Elaine is grave and cold.
entailment	Louise is stupid and quarrelsome.	Louise is quarrelsome and stupid.
entailment	Alex is flashy and artificial.	Alex is artificial and flashy.
entailment	Nick is depressed and ugly.	Nick is ugly and depressed.
entailment	Ed is polite and gluttonous.	Ed is gluttonous and polite.
entailment	Lauren is quick-tempered and prejudiced.	Lauren is prejudiced and quick-tempered.
entailment	Eric is excellent and intolerant.	Eric is intolerant and excellent.
entailment	Kevin is hysterical and exacting.	Kevin is exacting and hysterical.
entailment	Bob is irascible and circumspect.	Bob is circumspect and irascible.
entailment	Bobby is resentful and shy.	Bobby is shy and resentful.
entailment	Katie is soulless and childlike.	Katie is childlike and soulless.
entailment	Carol is impatient and petulant.	Carol is petulant and impatient.
entailment	Matthew is cooperative and inexperienced.	Matthew is inexperienced and cooperative.
entailment	Jason is ridiculous and slothful.	Jason is slothful and ridiculous.
entailment	Walter is dirty and meddlesome.	Walter is meddlesome and dirty.
entailment	David is enthusiastic and dirty.	David is dirty and enthusiastic.
entailment	Rebecca is nosy and excellent.	Rebecca is excellent and nosy.
entailment	Larry is querulous and passionate.	Larry is passionate and querulous.
entailment	Lynn is competent and lazy.	Lynn is lazy and competent.
entailment	Keith is amiable and nosy.	Keith is nosy and amiable.
entailment	Patrick is cranky and slothful.	Patrick is slothful and cranky.
entailment	Rebecca is stern and deft.	Rebecca is deft and stern.
entailment	Claire is reassuring and abnormal.	Claire is abnormal and reassuring.
entailment	Chris is maternal and dutiful.	Chris is dutiful and maternal.
entailment	Daniel is mean and curious.	Daniel is curious and mean.
entailment	Harriet is well-behaved and grave.	Harriet is grave and well-behaved.
entailment	Andrew is talented and distant.	Andrew is distant and talented.
entailment	Keith is snazzy and agile.	Keith is agile and snazzy.
entailment	Ray is deep and spirited.	Ray is spirited and deep.
entailment	Suzanne is exacting and below average.	Suzanne is below average and exacting.
entailment	Heather is easy-going and serene.	Heather is serene and easy-going.
entailment	Sarah is listless and inactive.	Sarah is inactive and listless.
entailment	Kevin is serene and flabby.	Kevin is flabby and serene.
entailment	Ryan is noisy and cheerful.	Ryan is cheerful and noisy.
entailment	Stephanie is mild and earnest.	Stephanie is earnest and mild.
entailment	Catherine is unhelpful and well-intentioned.	Catherine is well-intentioned and unhelpful.
entailment	Edwin is normal and confident.	Edwin is confident and normal.
entailment	Alexander is tactless and stable.	Alexander is stable and tactless.
entailment	Martin is punctual and discreet.	Martin is discreet and punctual.
entailment	Martin is popular and joyous.	Martin is joyous and popular.
entailment	Ralph is well-intentioned and morose.	Ralph is morose and well-intentioned.
entailment	Laura is exacting and drunk.	Laura is drunk and exacting.
entailment	Susan is delicate and resourceful.	Susan is resourceful and delicate.
entailment	Angela is disagreeable and peaceful.	Angela is peaceful and disagreeable.
entailment	Kenneth is deferential and pretty.	Kenneth is pretty and deferential.
entailment	Donald is confident and caustic.	Donald is caustic and confident.
entailment	Simon is tired and reassuring.	Simon is reassuring and tired.
entailment	Dick is weak and artistic.	Dick is artistic and weak.
entailment	Joan is testy and numb.	Joan is numb and testy.
entailment	Sue is sensitive and absent-minded.	Sue is absent-minded and sensitive.
entailment	Larry is dainty and ferocious.	Larry is ferocious and dainty.
entailment	Alexandra is unsure and revered.	Alexandra is revered and unsure.
entailment	Eleanor is flabby and impractical.	Eleanor is impractical and flabby.
entailment	Susan is plain and flaky.	Susan is flaky and plain.
entailment	Frederick is reserved and cautious.	Frederick is cautious and reserved.
entailment	Caroline is unsure and pleasant.	Caroline is pleasant and unsure.
entailment	Bruce is positive and cool.	Bruce is cool and positive.
entailment	Nicole is warmhearted and self-assured.	Nicole is self-assured and warmhearted.
entailment	Heather is level-headed and superficial.	Heather is superficial and level-headed.
entailment	Melissa is jocular and independent.	Melissa is independent and jocular.
entailment	Al is awesome and drugged.	Al is drugged and awesome.
entailment	Edith is unreliable and lazy.	Edith is lazy and unreliable.
entailment	Christopher is sour and apathetic.	Christopher is apathetic and sour.
entailment	Colin is lame and somber.	Colin is somber and lame.
entailment	Alison is cool and thinking.	Alison is thinking and cool.
entailment	Nicole is awful and inactive.	Nicole is inactive and awful.
entailment	Catherine is crafty and hysterical.	Catherine is hysterical and crafty.
entailment	Ed is enterprising and meticulous.	Ed is meticulous and enterprising.
entailment	Linda is childish and nasty.	Linda is nasty and childish.
entailment	Cynthia is dutiful and experienced.	Cynthia is experienced and dutiful.
entailment	Bill is above average and inventive.	Bill is inventive and above average.
entailment	Philip is cruel and imaginative.	Philip is imaginative and cruel.
entailment	Sophie is indolent and respectful.	Sophie is respectful and indolent.
entailment	Dave is negative and numb.	Dave is numb and negative.
entailment	Adam is reliable and inexperienced.	Adam is inexperienced and reliable.
entailment	Jeff is stupid and disagreeable.	Jeff is disagreeable and stupid.
entailment	Nicole is unsophisticated and drowsy.	Nicole is drowsy and unsophisticated.
entailment	Daniel is peaceful and friendly.	Daniel is friendly and peaceful.
entailment	Ray is content and depressed.	Ray is depressed and content.
entailment	Cynthia is warmhearted and elfin.	Cynthia is elfin and warmhearted.
entailment	Mike is resentful and reclusive.	Mike is reclusive and resentful.
entailment	Cynthia is numb and unguarded.	Cynthia is unguarded and numb.
entailment	Samuel is interesting and proud.	Samuel is proud and interesting.
entailment	Elizabeth is sulky and distrustful.	Elizabeth is distrustful and sulky.
entailment	Jonathan is discerning and resentful.	Jonathan is resentful and discerning.
entailment	Ruth is ferocious and clever.	Ruth is clever and ferocious.
entailment	Victoria is nasty and uncooperative.	Victoria is uncooperative and nasty.
entailment	Scott is insensitive and generous.	Scott is generous and insensitive.
entailment	Marie is talented and shy.	Marie is shy and talented.
entailment	Maria is distraught and unsophisticated.	Maria is unsophisticated and distraught.
entailment	Karen is vigilant and imaginative.	Karen is imaginative and vigilant.
entailment	Jeff is level-headed and dreary.	Jeff is dreary and level-headed.
entailment	John is smart and guarded.	John is guarded and smart.
entailment	Marie is boisterous and churlish.	Marie is churlish and boisterous.
entailment	Virginia is plain and efficient.	Virginia is efficient and plain.
entailment	Laura is angelic and illogical.	Laura is illogical and angelic.
entailment	Kathleen is methodical and ridiculous.	Kathleen is ridiculous and methodical.
entailment	Cynthia is vigilant and amiable.	Cynthia is amiable and vigilant.
entailment	Edwin is unhelpful and able.	Edwin is able and unhelpful.
entailment	Catherine is able and unaffected.	Catherine is unaffected and able.
entailment	Arthur is eager and reliable.	Arthur is reliable and eager.
entailment	Kathy is unhelpful and amazing.	Kathy is amazing and unhelpful.
entailment	Margaret is discerning and cowardly.	Margaret is cowardly and discerning.
entailment	Deborah is idle and fussy.	Deborah is fussy and idle.
entailment	Ann is supercilious and tired.	Ann is tired and supercilious.
entailment	Jimmy is illogical and respectful.	Jimmy is respectful and illogical.
entailment	Jessica is negative and reserved.	Jessica is reserved and negative.
entailment	Charlotte is plucky and sentimental.	Charlotte is sentimental and plucky.
entailment	Ed is undependable and nervous.	Ed is nervous and undependable.
entailment	Florence is sincere and indefatigable.	Florence is indefatigable and sincere.
entailment	Carolyn is tactless and below average.	Carolyn is below average and tactless.
entailment	Susan is excitable and outspoken.	Susan is outspoken and excitable.
entailment	Jim is clumsy and revered.	Jim is revered and clumsy.
entailment	Judy is condescending and assertive.	Judy is assertive and condescending.
entailment	Colin is abnormal and coherent.	Colin is coherent and abnormal.
entailment	Michael is vigilant and unreliable.	Michael is unreliable and vigilant.
entailment	Judy is cantankerous and boisterous.	Judy is boisterous and cantankerous.
entailment	Laura is dextrous and sober.	Laura is sober and dextrous.
entailment	Amy is efficient and depressed.	Amy is depressed and efficient.
entailment	Thomas is awful and unfriendly.	Thomas is unfriendly and awful.
entailment	Rachel is prejudiced and naive.	Rachel is naive and prejudiced.
entailment	Judith is provocative and unpleasant.	Judith is unpleasant and provocative.
entailment	Charles is gluttonous and well-respected.	Charles is well-respected and gluttonous.
entailment	Adam is beneficent and ardent.	Adam is ardent and beneficent.
entailment	Julie is clean and peevish.	Julie is peevish and clean.
entailment	Jerry is vigilant and ambitious.	Jerry is ambitious and vigilant.
entailment	Sally is clean and cool.	Sally is cool and clean.
entailment	Bobby is meddlesome and playful.	Bobby is playful and meddlesome.
entailment	Dick is selfish and gentle.	Dick is gentle and selfish.
entailment	Peter is inventive and quick.	Peter is quick and inventive.
entailment	Deborah is exacting and crass.	Deborah is crass and exacting.
entailment	Annie is obliging and insensitive.	Annie is insensitive and obliging.
entailment	Adam is funny and wary.	Adam is wary and funny.
entailment	Marie is brave and unsophisticated.	Marie is unsophisticated and brave.
entailment	Arthur is willing and obliging.	Arthur is obliging and willing.
entailment	Sally is distrustful and evasive.	Sally is evasive and distrustful.
entailment	Peter is outspoken and courageous.	Peter is courageous and outspoken.
entailment	Victoria is tired and nasty.	Victoria is nasty and tired.
entailment	Jean is assertive and depressed.	Jean is depressed and assertive.
entailment	Jean is blunt and demonic.	Jean is demonic and blunt.
entailment	Sandra is frank and excellent.	Sandra is excellent and frank.
entailment	Barbara is stupid and motivated.	Barbara is motivated and stupid.
entailment	Rose is buff and timid.	Rose is timid and buff.
entailment	Linda is crabby and impatient.	Linda is impatient and crabby.
entailment	Catherine is able and motivated.	Catherine is motivated and able.
entailment	Dan is confused and sentimental.	Dan is sentimental and confused.
entailment	Donna is unsure and reluctant.	Donna is reluctant and unsure.
entailment	Jeff is grave and delicate.	Jeff is delicate and grave.
entailment	Charlotte is beautiful and grouchy.	Charlotte is grouchy and beautiful.
entailment	Simon is coherent and unreliable.	Simon is unreliable and coherent.
entailment	Barbara is sober and tactful.	Barbara is tactful and sober.
entailment	Kenneth is well-behaved and smart.	Kenneth is smart and well-behaved.
entailment	Rebecca is shrewd and soulless.	Rebecca is soulless and shrewd.
entailment	Laura is suspicious and industrious.	Laura is industrious and suspicious.
entailment	Lauren is excellent and listless.	Lauren is listless and excellent.
entailment	Eleanor is quiet and sad.	Eleanor is sad and quiet.
entailment	Henry is funny and clumsy.	Henry is clumsy and funny.
entailment	Patricia is methodical and earnest.	Patricia is earnest and methodical.
entailment	Nicole is absent-minded and enthusiastic.	Nicole is enthusiastic and absent-minded.
entailment	Donald is passionate and cold.	Donald is cold and passionate.
entailment	Pamela is emotional and irascible.	Pamela is irascible and emotional.
entailment	Lucy is paternalistic and nervous.	Lucy is nervous and paternalistic.
entailment	Wendy is volcanic and confident.	Wendy is confident and volcanic.
entailment	Sue is cold and sour.	Sue is sour and cold.
entailment	Claire is eager and brave.	Claire is brave and eager.
entailment	Carolyn is mean and deft.	Carolyn is deft and mean.
entailment	Grace is drowsy and spiteful.	Grace is spiteful and drowsy.
entailment	Larry is spirited and fabulous.	Larry is fabulous and spirited.
entailment	Alice is judgmental and tired.	Alice is tired and judgmental.
entailment	Tim is well-developed and self-assured.	Tim is self-assured and well-developed.
entailment	Patrick is demonic and careless.	Patrick is careless and demonic.
entailment	Charles is artificial and elfin.	Charles is elfin and artificial.
entailment	Roger is grave and demonic.	Roger is demonic and grave.
entailment	Howard is well-developed and irritable.	Howard is irritable and well-developed.
entailment	Anthony is hot-headed and great.	Anthony is great and hot-headed.
entailment	Henry is insensitive and restless.	Henry is restless and insensitive.
entailment	Joseph is clever and proud.	Joseph is proud and clever.
entailment	Eric is conscientious and cool.	Eric is cool and conscientious.
entailment	Stephanie is peevish and sharp.	Stephanie is sharp and peevish.
entailment	Marie is discerning and methodical.	Marie is methodical and discerning.
entailment	Jean is dowdy and natural.	Jean is natural and dowdy.
entailment	Harriet is sophisticated and drowsy.	Harriet is drowsy and sophisticated.
entailment	Ryan is positive and angelic.	Ryan is angelic and positive.
entailment	Margaret is resigned and able.	Margaret is able and resigned.
entailment	Gary is idiotic and adventurous.	Gary is adventurous and idiotic.
entailment	Ed is average and interesting.	Ed is interesting and average.
entailment	Donna is natural and well-intentioned.	Donna is well-intentioned and natural.
entailment	Diana is conceited and respected.	Diana is respected and conceited.
entailment	Andrea is surly and popular.	Andrea is popular and surly.
entailment	Ian is apprehensive and stupid.	Ian is stupid and apprehensive.
entailment	Alison is hysterical and hot-headed.	Alison is hot-headed and hysterical.
entailment	Kelly is sentimental and realistic.	Kelly is realistic and sentimental.
entailment	Joseph is efficient and well-rounded.	Joseph is well-rounded and efficient.
entailment	Maria is dainty and civil.	Maria is civil and dainty.
entailment	Anthony is hypercritical and resentful.	Anthony is resentful and hypercritical.
entailment	Louis is sad and imaginative.	Louis is imaginative and sad.
entailment	Margaret is positive and unemotional.	Margaret is unemotional and positive.
entailment	Ann is childlike and clever.	Ann is clever and childlike.
entailment	Greg is charming and chic.	Greg is chic and charming.
entailment	Joe is civil and unreliable.	Joe is unreliable and civil.
entailment	Alex is mild and unguarded.	Alex is unguarded and mild.
entailment	Peter is unsure and mature.	Peter is mature and unsure.
entailment	Bob is irritating and plain.	Bob is plain and irritating.
entailment	Adam is sharp and cautious.	Adam is cautious and sharp.
entailment	Diane is courageous and evasive.	Diane is evasive and courageous.
entailment	Alan is volcanic and soulful.	Alan is soulful and volcanic.
entailment	Lynn is level-headed and steady.	Lynn is steady and level-headed.
entailment	Matt is long-winded and sedate.	Matt is sedate and long-winded.
entailment	Emma is tranquil and competent.	Emma is competent and tranquil.
entailment	Edith is emotional and lame.	Edith is lame and emotional.
entailment	Joe is critical and sensible.	Joe is sensible and critical.
entailment	Ann is demure and boisterous.	Ann is boisterous and demure.
entailment	George is deft and adventurous.	George is adventurous and deft.
entailment	David is one-sided and long-winded.	David is long-winded and one-sided.
entailment	Alexandra is sincere and hesitant.	Alexandra is hesitant and sincere.
entailment	Diane is stable and beautiful.	Diane is beautiful and stable.
entailment	Kelly is obliging and naughty.	Kelly is naughty and obliging.
entailment	Laura is sturdy and morose.	Laura is morose and sturdy.
entailment	Elizabeth is resigned and resourceful.	Elizabeth is resourceful and resigned.
entailment	Elizabeth is confused and dependent.	Elizabeth is dependent and confused.
entailment	Sharon is cautious and sloppy.	Sharon is sloppy and cautious.
entailment	Nick is dull and curious.	Nick is curious and dull.
entailment	Jeff is absent-minded and brave.	Jeff is brave and absent-minded.
entailment	Nancy is artistic and buff.	Nancy is buff and artistic.
entailment	Ron is old-fashioned and fabulous.	Ron is fabulous and old-fashioned.
entailment	Harold is artificial and tired.	Harold is tired and artificial.
entailment	Charlotte is even-tempered and unreliable.	Charlotte is unreliable and even-tempered.
entailment	Brian is indolent and sullen.	Brian is sullen and indolent.
entailment	Stephanie is striking and amiable.	Stephanie is amiable and striking.
entailment	William is inventive and unguarded.	William is unguarded and inventive.
entailment	Robin is proud and agile.	Robin is agile and proud.
entailment	Sandra is sharp and impressionable.	Sandra is impressionable and sharp.
entailment	Susan is drugged and composed.	Susan is composed and drugged.
entailment	Lauren is warmhearted and ugly.	Lauren is ugly and warmhearted.
entailment	Alice is sassy and blunt.	Alice is blunt and sassy.
entailment	Alan is discerning and playful.	Alan is playful and discerning.
entailment	Dorothy is superficial and dextrous.	Dorothy is dextrous and superficial.
entailment	Kathy is deferential and sullen.	Kathy is sullen and deferential.
entailment	Jane is pleasant and keen.	Jane is keen and pleasant.
entailment	Donna is sweet and sensible.	Donna is sensible and sweet.
entailment	Dave is persevering and positive.	Dave is positive and persevering.
entailment	Alice is clever and shy.	Alice is shy and clever.
entailment	Stephanie is agreeable and earnest.	Stephanie is earnest and agreeable.
entailment	John is responsible and lively.	John is lively and responsible.
entailment	Alice is idiotic and reliable.	Alice is reliable and idiotic.
