neutral	Plate and phone lie on table. Florence asked for plate.	Florence also asked for phone.
neutral	Notebook and coaster lie on table. Kevin asked for notebook.	Kevin also asked for coaster.
neutral	Pitcher and face wash lie on table. Mark asked for pitcher.	Mark also asked for face wash.
neutral	Fork and face wash lie on table. Helen asked for fork.	Helen also asked for face wash.
neutral	Food and toothbrush lie on table. Matthew asked for food.	Matthew also asked for toothbrush.
neutral	Bottle and notebook lie on table. Sharon asked for bottle.	Sharon also asked for notebook.
neutral	Food and plate lie on table. Grace asked for food.	Grace also asked for plate.
neutral	Face wash and knife lie on table. Linda asked for face wash.	Linda also asked for knife.
neutral	Mousepad and cup lie on table. Ian asked for mousepad.	Ian also asked for cup.
neutral	Fork and file lie on table. Kate asked for fork.	Kate also asked for file.
neutral	Face wash and perfume lie on table. Henry asked for face wash.	Henry also asked for perfume.
neutral	Pin and food lie on table. Alison asked for pin.	Alison also asked for food.
neutral	Plate and napkin lie on table. Emily asked for plate.	Emily also asked for napkin.
neutral	Plate and serviette lie on table. Nick asked for plate.	Nick also asked for serviette.
neutral	Laptop and food lie on table. Kevin asked for laptop.	Kevin also asked for food.
neutral	Cup and toothbrush lie on table. Frederick asked for cup.	Frederick also asked for toothbrush.
neutral	Key and bowl lie on table. Carolyn asked for key.	Carolyn also asked for bowl.
neutral	Plate and fork lie on table. Ryan asked for plate.	Ryan also asked for fork.
neutral	Cup and perfume lie on table. Sue asked for cup.	Sue also asked for perfume.
neutral	Pitcher and mousepad lie on table. Christine asked for pitcher.	Christine also asked for mousepad.
neutral	Knife and laptop lie on table. Annie asked for knife.	Annie also asked for laptop.
neutral	Eyeliner and bottle lie on table. Carol asked for eyeliner.	Carol also asked for bottle.
neutral	Knife and pin lie on table. Rachel asked for knife.	Rachel also asked for pin.
neutral	Serviette and phone lie on table. Eleanor asked for serviette.	Eleanor also asked for phone.
neutral	Cookie and food lie on table. Carol asked for cookie.	Carol also asked for food.
neutral	Toothpaste and key lie on table. Kenneth asked for toothpaste.	Kenneth also asked for key.
neutral	Book and spoon lie on table. Carol asked for book.	Carol also asked for spoon.
neutral	Face wash and toothbrush lie on table. Jessica asked for face wash.	Jessica also asked for toothbrush.
neutral	Bottle and toothbrush lie on table. Julia asked for bottle.	Julia also asked for toothbrush.
neutral	Flower pot and mousepad lie on table. Alex asked for flower pot.	Alex also asked for mousepad.
neutral	Flower pot and perfume lie on table. Grace asked for flower pot.	Grace also asked for perfume.
neutral	Phone and mousepad lie on table. Howard asked for phone.	Howard also asked for mousepad.
neutral	Napkin and coaster lie on table. Albert asked for napkin.	Albert also asked for coaster.
neutral	Perfume and key lie on table. Carl asked for perfume.	Carl also asked for key.
neutral	Book and bowl lie on table. Johnny asked for book.	Johnny also asked for bowl.
neutral	Pin and glass lie on table. Patricia asked for pin.	Patricia also asked for glass.
neutral	Fork and toothbrush lie on table. Greg asked for fork.	Greg also asked for toothbrush.
neutral	Bottle and file lie on table. Amanda asked for bottle.	Amanda also asked for file.
neutral	Face wash and bottle lie on table. Mike asked for face wash.	Mike also asked for bottle.
neutral	Pin and toothbrush lie on table. Kim asked for pin.	Kim also asked for toothbrush.
neutral	Napkin and spoon lie on table. Jennifer asked for napkin.	Jennifer also asked for spoon.
neutral	Mousepad and face wash lie on table. Judy asked for mousepad.	Judy also asked for face wash.
neutral	Snack and notebook lie on table. Pamela asked for snack.	Pamela also asked for notebook.
neutral	Glass and flower pot lie on table. Lynn asked for glass.	Lynn also asked for flower pot.
neutral	Fork and bowl lie on table. Greg asked for fork.	Greg also asked for bowl.
neutral	Phone and snack lie on table. William asked for phone.	William also asked for snack.
neutral	Key and toothbrush lie on table. Frank asked for key.	Frank also asked for toothbrush.
neutral	Snack and spoon lie on table. Don asked for snack.	Don also asked for spoon.
neutral	Toothbrush and serviette lie on table. Diana asked for toothbrush.	Diana also asked for serviette.
neutral	Face wash and food lie on table. Frank asked for face wash.	Frank also asked for food.
neutral	Flower pot and laptop lie on table. Billy asked for flower pot.	Billy also asked for laptop.
neutral	Eyeliner and mousepad lie on table. Stephen asked for eyeliner.	Stephen also asked for mousepad.
neutral	Napkin and cup lie on table. Kathleen asked for napkin.	Kathleen also asked for cup.
neutral	Silverware and toothbrush lie on table. Rebecca asked for silverware.	Rebecca also asked for toothbrush.
neutral	Laptop and key lie on table. Keith asked for laptop.	Keith also asked for key.
neutral	Glass and plate lie on table. Kevin asked for glass.	Kevin also asked for plate.
neutral	Fork and coaster lie on table. Florence asked for fork.	Florence also asked for coaster.
neutral	Cup and mousepad lie on table. Jennifer asked for cup.	Jennifer also asked for mousepad.
neutral	Coaster and bowl lie on table. Matthew asked for coaster.	Matthew also asked for bowl.
neutral	Fork and file lie on table. Sophie asked for fork.	Sophie also asked for file.
neutral	Toothpaste and file lie on table. Elaine asked for toothpaste.	Elaine also asked for file.
neutral	Face wash and glass lie on table. Thomas asked for face wash.	Thomas also asked for glass.
neutral	Notebook and cup lie on table. Larry asked for notebook.	Larry also asked for cup.
neutral	Food and serviette lie on table. Susan asked for food.	Susan also asked for serviette.
neutral	Bottle and napkin lie on table. Nancy asked for bottle.	Nancy also asked for napkin.
neutral	Snack and fork lie on table. Greg asked for snack.	Greg also asked for fork.
neutral	Napkin and glass lie on table. Katie asked for napkin.	Katie also asked for glass.
neutral	Food and face wash lie on table. Michelle asked for food.	Michelle also asked for face wash.
neutral	Toothbrush and notebook lie on table. Jim asked for toothbrush.	Jim also asked for notebook.
neutral	Toothbrush and napkin lie on table. Catherine asked for toothbrush.	Catherine also asked for napkin.
neutral	Snack and key lie on table. Samuel asked for snack.	Samuel also asked for key.
neutral	Spoon and toothbrush lie on table. Caroline asked for spoon.	Caroline also asked for toothbrush.
neutral	Knife and phone lie on table. Walter asked for knife.	Walter also asked for phone.
neutral	Flower pot and coaster lie on table. Fred asked for flower pot.	Fred also asked for coaster.
neutral	Key and napkin lie on table. Ben asked for key.	Ben also asked for napkin.
neutral	Cup and napkin lie on table. Martha asked for cup.	Martha also asked for napkin.
neutral	Bottle and notebook lie on table. Charlie asked for bottle.	Charlie also asked for notebook.
neutral	Face wash and fork lie on table. Charlie asked for face wash.	Charlie also asked for fork.
neutral	Napkin and bowl lie on table. Elizabeth asked for napkin.	Elizabeth also asked for bowl.
neutral	Face wash and plate lie on table. Bruce asked for face wash.	Bruce also asked for plate.
neutral	Spoon and face wash lie on table. Ann asked for spoon.	Ann also asked for face wash.
neutral	Glass and file lie on table. Margaret asked for glass.	Margaret also asked for file.
neutral	Notebook and food lie on table. Charlotte asked for notebook.	Charlotte also asked for food.
neutral	Notebook and mousepad lie on table. Emma asked for notebook.	Emma also asked for mousepad.
neutral	Pin and face wash lie on table. Alexandra asked for pin.	Alexandra also asked for face wash.
neutral	Eyeliner and glass lie on table. Suzanne asked for eyeliner.	Suzanne also asked for glass.
neutral	Spoon and napkin lie on table. Alfred asked for spoon.	Alfred also asked for napkin.
neutral	Knife and silverware lie on table. Al asked for knife.	Al also asked for silverware.
neutral	Eyeliner and flower pot lie on table. Patricia asked for eyeliner.	Patricia also asked for flower pot.
neutral	Notebook and eyeliner lie on table. Matthew asked for notebook.	Matthew also asked for eyeliner.
neutral	Flower pot and key lie on table. Alex asked for flower pot.	Alex also asked for key.
neutral	Notebook and pin lie on table. Philip asked for notebook.	Philip also asked for pin.
neutral	Fork and eyeliner lie on table. Christine asked for fork.	Christine also asked for eyeliner.
neutral	Face wash and flower pot lie on table. Martin asked for face wash.	Martin also asked for flower pot.
neutral	Spoon and pitcher lie on table. Angela asked for spoon.	Angela also asked for pitcher.
neutral	Perfume and eyeliner lie on table. Bob asked for perfume.	Bob also asked for eyeliner.
neutral	Pin and cookie lie on table. Alison asked for pin.	Alison also asked for cookie.
neutral	Book and laptop lie on table. Sophie asked for book.	Sophie also asked for laptop.
neutral	Perfume and knife lie on table. Lauren asked for perfume.	Lauren also asked for knife.
neutral	Toothpaste and coaster lie on table. Albert asked for toothpaste.	Albert also asked for coaster.
neutral	Coaster and napkin lie on table. Heather asked for coaster.	Heather also asked for napkin.
neutral	Pitcher and phone lie on table. Keith asked for pitcher.	Keith also asked for phone.
neutral	Spoon and knife lie on table. Joseph asked for spoon.	Joseph also asked for knife.
neutral	Perfume and flower pot lie on table. Roy asked for perfume.	Roy also asked for flower pot.
neutral	File and book lie on table. Claire asked for file.	Claire also asked for book.
neutral	Face wash and notebook lie on table. Cynthia asked for face wash.	Cynthia also asked for notebook.
neutral	Napkin and cup lie on table. Marie asked for napkin.	Marie also asked for cup.
neutral	Coaster and mousepad lie on table. Catherine asked for coaster.	Catherine also asked for mousepad.
neutral	Book and key lie on table. Sandra asked for book.	Sandra also asked for key.
neutral	Serviette and bowl lie on table. Dave asked for serviette.	Dave also asked for bowl.
neutral	Book and spoon lie on table. Jean asked for book.	Jean also asked for spoon.
neutral	Flower pot and pitcher lie on table. Jim asked for flower pot.	Jim also asked for pitcher.
neutral	Book and key lie on table. Karen asked for book.	Karen also asked for key.
neutral	Toothbrush and knife lie on table. Louise asked for toothbrush.	Louise also asked for knife.
neutral	Mousepad and serviette lie on table. Judith asked for mousepad.	Judith also asked for serviette.
neutral	Coaster and pitcher lie on table. Heather asked for coaster.	Heather also asked for pitcher.
neutral	Napkin and fork lie on table. Katherine asked for napkin.	Katherine also asked for fork.
neutral	Toothbrush and knife lie on table. Diana asked for toothbrush.	Diana also asked for knife.
neutral	Toothpaste and toothbrush lie on table. Fiona asked for toothpaste.	Fiona also asked for toothbrush.
neutral	Face wash and notebook lie on table. Julie asked for face wash.	Julie also asked for notebook.
neutral	Pitcher and snack lie on table. Michelle asked for pitcher.	Michelle also asked for snack.
neutral	Cup and glass lie on table. Judith asked for cup.	Judith also asked for glass.
neutral	Eyeliner and phone lie on table. Brian asked for eyeliner.	Brian also asked for phone.
neutral	Toothbrush and plate lie on table. Ellen asked for toothbrush.	Ellen also asked for plate.
neutral	Serviette and toothbrush lie on table. Walter asked for serviette.	Walter also asked for toothbrush.
neutral	Cup and toothbrush lie on table. Amanda asked for cup.	Amanda also asked for toothbrush.
neutral	Notebook and glass lie on table. Frances asked for notebook.	Frances also asked for glass.
neutral	Laptop and eyeliner lie on table. Stephanie asked for laptop.	Stephanie also asked for eyeliner.
neutral	File and serviette lie on table. Fred asked for file.	Fred also asked for serviette.
neutral	File and laptop lie on table. Ron asked for file.	Ron also asked for laptop.
neutral	Serviette and perfume lie on table. Roy asked for serviette.	Roy also asked for perfume.
neutral	Pitcher and bowl lie on table. Ryan asked for pitcher.	Ryan also asked for bowl.
neutral	Knife and pitcher lie on table. Judy asked for knife.	Judy also asked for pitcher.
neutral	Bowl and food lie on table. Stephanie asked for bowl.	Stephanie also asked for food.
neutral	File and food lie on table. Sarah asked for file.	Sarah also asked for food.
neutral	Cup and notebook lie on table. Roy asked for cup.	Roy also asked for notebook.
neutral	Notebook and laptop lie on table. Greg asked for notebook.	Greg also asked for laptop.
neutral	Coaster and napkin lie on table. Peter asked for coaster.	Peter also asked for napkin.
neutral	Pitcher and food lie on table. Ryan asked for pitcher.	Ryan also asked for food.
neutral	Glass and snack lie on table. Sophie asked for glass.	Sophie also asked for snack.
neutral	Coaster and silverware lie on table. Michael asked for coaster.	Michael also asked for silverware.
neutral	Pitcher and phone lie on table. Mark asked for pitcher.	Mark also asked for phone.
neutral	Mousepad and flower pot lie on table. Melissa asked for mousepad.	Melissa also asked for flower pot.
neutral	Glass and book lie on table. Patrick asked for glass.	Patrick also asked for book.
neutral	Eyeliner and pitcher lie on table. Bobby asked for eyeliner.	Bobby also asked for pitcher.
neutral	Mousepad and serviette lie on table. Anne asked for mousepad.	Anne also asked for serviette.
neutral	Spoon and mousepad lie on table. Francis asked for spoon.	Francis also asked for mousepad.
neutral	Cup and knife lie on table. Ruth asked for cup.	Ruth also asked for knife.
neutral	Plate and face wash lie on table. Betty asked for plate.	Betty also asked for face wash.
neutral	Cookie and fork lie on table. Patrick asked for cookie.	Patrick also asked for fork.
neutral	Pin and snack lie on table. Katie asked for pin.	Katie also asked for snack.
neutral	Napkin and perfume lie on table. Harold asked for napkin.	Harold also asked for perfume.
neutral	Spoon and bowl lie on table. Jimmy asked for spoon.	Jimmy also asked for bowl.
neutral	Food and eyeliner lie on table. Nick asked for food.	Nick also asked for eyeliner.
neutral	Bowl and serviette lie on table. Stephen asked for bowl.	Stephen also asked for serviette.
neutral	Mousepad and serviette lie on table. Don asked for mousepad.	Don also asked for serviette.
neutral	Snack and perfume lie on table. Harry asked for snack.	Harry also asked for perfume.
neutral	Laptop and knife lie on table. Anthony asked for laptop.	Anthony also asked for knife.
neutral	Bowl and phone lie on table. Andrew asked for bowl.	Andrew also asked for phone.
neutral	Toothbrush and key lie on table. Victoria asked for toothbrush.	Victoria also asked for key.
neutral	Coaster and laptop lie on table. Brian asked for coaster.	Brian also asked for laptop.
neutral	Bowl and flower pot lie on table. Eleanor asked for bowl.	Eleanor also asked for flower pot.
neutral	Fork and snack lie on table. Benjamin asked for fork.	Benjamin also asked for snack.
neutral	Knife and spoon lie on table. Alex asked for knife.	Alex also asked for spoon.
neutral	Mousepad and cup lie on table. Harriet asked for mousepad.	Harriet also asked for cup.
neutral	Fork and bowl lie on table. Roy asked for fork.	Roy also asked for bowl.
neutral	Phone and flower pot lie on table. Francis asked for phone.	Francis also asked for flower pot.
neutral	Eyeliner and coaster lie on table. Kelly asked for eyeliner.	Kelly also asked for coaster.
neutral	Coaster and bowl lie on table. Bobby asked for coaster.	Bobby also asked for bowl.
neutral	Fork and snack lie on table. Alison asked for fork.	Alison also asked for snack.
neutral	Food and cookie lie on table. Susan asked for food.	Susan also asked for cookie.
neutral	Knife and book lie on table. Sharon asked for knife.	Sharon also asked for book.
neutral	Phone and plate lie on table. Sandra asked for phone.	Sandra also asked for plate.
neutral	Cookie and snack lie on table. Jack asked for cookie.	Jack also asked for snack.
neutral	Eyeliner and serviette lie on table. Jack asked for eyeliner.	Jack also asked for serviette.
neutral	Perfume and napkin lie on table. Susan asked for perfume.	Susan also asked for napkin.
neutral	Mousepad and serviette lie on table. Harriet asked for mousepad.	Harriet also asked for serviette.
neutral	Mousepad and silverware lie on table. Eleanor asked for mousepad.	Eleanor also asked for silverware.
neutral	Glass and notebook lie on table. Jimmy asked for glass.	Jimmy also asked for notebook.
neutral	Spoon and toothbrush lie on table. Howard asked for spoon.	Howard also asked for toothbrush.
neutral	Notebook and flower pot lie on table. Sophie asked for notebook.	Sophie also asked for flower pot.
neutral	Phone and glass lie on table. Heather asked for phone.	Heather also asked for glass.
neutral	Laptop and plate lie on table. Walter asked for laptop.	Walter also asked for plate.
neutral	Cookie and pitcher lie on table. Brian asked for cookie.	Brian also asked for pitcher.
neutral	Book and phone lie on table. Matt asked for book.	Matt also asked for phone.
neutral	Fork and file lie on table. Joseph asked for fork.	Joseph also asked for file.
neutral	Laptop and face wash lie on table. Andrea asked for laptop.	Andrea also asked for face wash.
neutral	File and coaster lie on table. Ryan asked for file.	Ryan also asked for coaster.
neutral	Mousepad and flower pot lie on table. Deborah asked for mousepad.	Deborah also asked for flower pot.
neutral	Cookie and pin lie on table. Francis asked for cookie.	Francis also asked for pin.
neutral	Toothbrush and bottle lie on table. Fred asked for toothbrush.	Fred also asked for bottle.
neutral	Notebook and key lie on table. Melissa asked for notebook.	Melissa also asked for key.
neutral	Spoon and knife lie on table. Betty asked for spoon.	Betty also asked for knife.
neutral	Cookie and spoon lie on table. Colin asked for cookie.	Colin also asked for spoon.
neutral	Fork and food lie on table. Helen asked for fork.	Helen also asked for food.
neutral	Toothbrush and fork lie on table. Matthew asked for toothbrush.	Matthew also asked for fork.
neutral	Toothpaste and cup lie on table. Louis asked for toothpaste.	Louis also asked for cup.
neutral	Face wash and snack lie on table. Donna asked for face wash.	Donna also asked for snack.
neutral	Phone and glass lie on table. Kathryn asked for phone.	Kathryn also asked for glass.
neutral	Key and toothbrush lie on table. Peter asked for key.	Peter also asked for toothbrush.
neutral	Pin and serviette lie on table. Lawrence asked for pin.	Lawrence also asked for serviette.
neutral	Coaster and bottle lie on table. Heather asked for coaster.	Heather also asked for bottle.
neutral	Bottle and mousepad lie on table. Charles asked for bottle.	Charles also asked for mousepad.
neutral	Flower pot and fork lie on table. Edward asked for flower pot.	Edward also asked for fork.
neutral	Napkin and book lie on table. Rebecca asked for napkin.	Rebecca also asked for book.
neutral	Knife and perfume lie on table. Bob asked for knife.	Bob also asked for perfume.
neutral	Fork and pitcher lie on table. Katie asked for fork.	Katie also asked for pitcher.
neutral	Snack and glass lie on table. Ralph asked for snack.	Ralph also asked for glass.
neutral	Laptop and key lie on table. Elaine asked for laptop.	Elaine also asked for key.
neutral	Cup and bottle lie on table. Louise asked for cup.	Louise also asked for bottle.
neutral	Food and bowl lie on table. Jimmy asked for food.	Jimmy also asked for bowl.
neutral	Book and face wash lie on table. Sam asked for book.	Sam also asked for face wash.
neutral	Spoon and eyeliner lie on table. Mark asked for spoon.	Mark also asked for eyeliner.
neutral	Pin and plate lie on table. Sophie asked for pin.	Sophie also asked for plate.
neutral	Pitcher and snack lie on table. Mark asked for pitcher.	Mark also asked for snack.
neutral	Glass and face wash lie on table. Dan asked for glass.	Dan also asked for face wash.
neutral	Toothbrush and snack lie on table. Arthur asked for toothbrush.	Arthur also asked for snack.
neutral	Cup and knife lie on table. Jill asked for cup.	Jill also asked for knife.
neutral	File and pitcher lie on table. Anthony asked for file.	Anthony also asked for pitcher.
neutral	Notebook and eyeliner lie on table. Daniel asked for notebook.	Daniel also asked for eyeliner.
neutral	Toothpaste and knife lie on table. Richard asked for toothpaste.	Richard also asked for knife.
neutral	Snack and pin lie on table. Ron asked for snack.	Ron also asked for pin.
neutral	Cup and face wash lie on table. Dorothy asked for cup.	Dorothy also asked for face wash.
neutral	Silverware and plate lie on table. Linda asked for silverware.	Linda also asked for plate.
neutral	Toothbrush and flower pot lie on table. Joseph asked for toothbrush.	Joseph also asked for flower pot.
neutral	Knife and mousepad lie on table. Kenneth asked for knife.	Kenneth also asked for mousepad.
neutral	File and phone lie on table. Kate asked for file.	Kate also asked for phone.
neutral	Face wash and toothbrush lie on table. Annie asked for face wash.	Annie also asked for toothbrush.
neutral	Toothbrush and phone lie on table. Jane asked for toothbrush.	Jane also asked for phone.
neutral	Flower pot and snack lie on table. Steven asked for flower pot.	Steven also asked for snack.
neutral	Perfume and snack lie on table. Henry asked for perfume.	Henry also asked for snack.
neutral	Pitcher and flower pot lie on table. Bruce asked for pitcher.	Bruce also asked for flower pot.
neutral	File and snack lie on table. Bobby asked for file.	Bobby also asked for snack.
neutral	Bowl and fork lie on table. Steve asked for bowl.	Steve also asked for fork.
neutral	Spoon and file lie on table. Elaine asked for spoon.	Elaine also asked for file.
neutral	Serviette and glass lie on table. Matthew asked for serviette.	Matthew also asked for glass.
neutral	Bottle and food lie on table. Brian asked for bottle.	Brian also asked for food.
neutral	Key and snack lie on table. Lauren asked for key.	Lauren also asked for snack.
neutral	Book and snack lie on table. Pamela asked for book.	Pamela also asked for snack.
neutral	Toothpaste and phone lie on table. Amanda asked for toothpaste.	Amanda also asked for phone.
neutral	Glass and food lie on table. Sara asked for glass.	Sara also asked for food.
neutral	Coaster and serviette lie on table. Kelly asked for coaster.	Kelly also asked for serviette.
neutral	Serviette and mousepad lie on table. Anna asked for serviette.	Anna also asked for mousepad.
neutral	Coaster and toothbrush lie on table. Robert asked for coaster.	Robert also asked for toothbrush.
neutral	Plate and bowl lie on table. Albert asked for plate.	Albert also asked for bowl.
neutral	Pin and pitcher lie on table. Harold asked for pin.	Harold also asked for pitcher.
neutral	Key and serviette lie on table. Linda asked for key.	Linda also asked for serviette.
neutral	Coaster and glass lie on table. Simon asked for coaster.	Simon also asked for glass.
neutral	Spoon and key lie on table. Pamela asked for spoon.	Pamela also asked for key.
neutral	Coaster and file lie on table. Florence asked for coaster.	Florence also asked for file.
neutral	Book and serviette lie on table. Stephanie asked for book.	Stephanie also asked for serviette.
neutral	File and bottle lie on table. Roy asked for file.	Roy also asked for bottle.
neutral	Fork and perfume lie on table. Jim asked for fork.	Jim also asked for perfume.
neutral	Book and toothpaste lie on table. Barbara asked for book.	Barbara also asked for toothpaste.
neutral	Cookie and book lie on table. Frances asked for cookie.	Frances also asked for book.
neutral	File and key lie on table. Mark asked for file.	Mark also asked for key.
neutral	Phone and key lie on table. Jill asked for phone.	Jill also asked for key.
neutral	Serviette and key lie on table. Matt asked for serviette.	Matt also asked for key.
neutral	Serviette and snack lie on table. Richard asked for serviette.	Richard also asked for snack.
neutral	Coaster and bottle lie on table. Lauren asked for coaster.	Lauren also asked for bottle.
neutral	Knife and coaster lie on table. Barbara asked for knife.	Barbara also asked for coaster.
neutral	Food and bottle lie on table. Kate asked for food.	Kate also asked for bottle.
neutral	Face wash and toothpaste lie on table. Joe asked for face wash.	Joe also asked for toothpaste.
neutral	Glass and file lie on table. Jill asked for glass.	Jill also asked for file.
neutral	Cup and spoon lie on table. Ralph asked for cup.	Ralph also asked for spoon.
neutral	Perfume and mousepad lie on table. Jessica asked for perfume.	Jessica also asked for mousepad.
neutral	Flower pot and phone lie on table. Jessica asked for flower pot.	Jessica also asked for phone.
neutral	Perfume and face wash lie on table. Jim asked for perfume.	Jim also asked for face wash.
neutral	Toothpaste and toothbrush lie on table. Don asked for toothpaste.	Don also asked for toothbrush.
neutral	Book and flower pot lie on table. Bobby asked for book.	Bobby also asked for flower pot.
neutral	Book and glass lie on table. Tony asked for book.	Tony also asked for glass.
neutral	Pin and phone lie on table. Donald asked for pin.	Donald also asked for phone.
neutral	Eyeliner and pin lie on table. Jack asked for eyeliner.	Jack also asked for pin.
neutral	Toothpaste and glass lie on table. Helen asked for toothpaste.	Helen also asked for glass.
neutral	Mousepad and perfume lie on table. Peter asked for mousepad.	Peter also asked for perfume.
neutral	Food and toothbrush lie on table. Sara asked for food.	Sara also asked for toothbrush.
neutral	Food and fork lie on table. Charles asked for food.	Charles also asked for fork.
neutral	Key and phone lie on table. Julia asked for key.	Julia also asked for phone.
neutral	Glass and face wash lie on table. Carolyn asked for glass.	Carolyn also asked for face wash.
neutral	Face wash and plate lie on table. Bill asked for face wash.	Bill also asked for plate.
neutral	Silverware and napkin lie on table. Frederick asked for silverware.	Frederick also asked for napkin.
neutral	Bowl and fork lie on table. Claire asked for bowl.	Claire also asked for fork.
neutral	Toothpaste and book lie on table. Frances asked for toothpaste.	Frances also asked for book.
neutral	Cup and book lie on table. Johnny asked for cup.	Johnny also asked for book.
neutral	Book and bottle lie on table. Ian asked for book.	Ian also asked for bottle.
neutral	Fork and spoon lie on table. George asked for fork.	George also asked for spoon.
neutral	Food and perfume lie on table. Keith asked for food.	Keith also asked for perfume.
neutral	Coaster and laptop lie on table. James asked for coaster.	James also asked for laptop.
neutral	Eyeliner and toothbrush lie on table. Fiona asked for eyeliner.	Fiona also asked for toothbrush.
neutral	Flower pot and perfume lie on table. Ben asked for flower pot.	Ben also asked for perfume.
neutral	Perfume and glass lie on table. James asked for perfume.	James also asked for glass.
neutral	Fork and bottle lie on table. Harry asked for fork.	Harry also asked for bottle.
neutral	Spoon and book lie on table. Sam asked for spoon.	Sam also asked for book.
neutral	Phone and mousepad lie on table. Margaret asked for phone.	Margaret also asked for mousepad.
neutral	Toothbrush and perfume lie on table. James asked for toothbrush.	James also asked for perfume.
neutral	Toothpaste and flower pot lie on table. Anna asked for toothpaste.	Anna also asked for flower pot.
neutral	Book and face wash lie on table. Gary asked for book.	Gary also asked for face wash.
neutral	Cup and cookie lie on table. Christopher asked for cup.	Christopher also asked for cookie.
neutral	Glass and snack lie on table. Joan asked for glass.	Joan also asked for snack.
neutral	Perfume and phone lie on table. Alison asked for perfume.	Alison also asked for phone.
neutral	Eyeliner and cup lie on table. Arthur asked for eyeliner.	Arthur also asked for cup.
neutral	Spoon and book lie on table. Ruth asked for spoon.	Ruth also asked for book.
neutral	Cookie and bowl lie on table. Nicole asked for cookie.	Nicole also asked for bowl.
neutral	Coaster and cup lie on table. Diana asked for coaster.	Diana also asked for cup.
neutral	Cookie and bottle lie on table. Barbara asked for cookie.	Barbara also asked for bottle.
neutral	Cup and silverware lie on table. Albert asked for cup.	Albert also asked for silverware.
neutral	Snack and cup lie on table. Lynn asked for snack.	Lynn also asked for cup.
neutral	Fork and snack lie on table. Lucy asked for fork.	Lucy also asked for snack.
neutral	Eyeliner and key lie on table. Ben asked for eyeliner.	Ben also asked for key.
neutral	Flower pot and fork lie on table. Billy asked for flower pot.	Billy also asked for fork.
neutral	Knife and phone lie on table. Jennifer asked for knife.	Jennifer also asked for phone.
neutral	Spoon and mousepad lie on table. Chris asked for spoon.	Chris also asked for mousepad.
neutral	Food and file lie on table. Robert asked for food.	Robert also asked for file.
neutral	Fork and food lie on table. Henry asked for fork.	Henry also asked for food.
neutral	File and knife lie on table. Bruce asked for file.	Bruce also asked for knife.
neutral	Book and cup lie on table. Sandra asked for book.	Sandra also asked for cup.
neutral	Laptop and snack lie on table. Julie asked for laptop.	Julie also asked for snack.
neutral	Fork and food lie on table. Alfred asked for fork.	Alfred also asked for food.
neutral	File and food lie on table. Heather asked for file.	Heather also asked for food.
neutral	Flower pot and coaster lie on table. Chris asked for flower pot.	Chris also asked for coaster.
neutral	Knife and eyeliner lie on table. David asked for knife.	David also asked for eyeliner.
neutral	Spoon and phone lie on table. Diane asked for spoon.	Diane also asked for phone.
neutral	Pitcher and glass lie on table. Gary asked for pitcher.	Gary also asked for glass.
neutral	Coaster and knife lie on table. Jane asked for coaster.	Jane also asked for knife.
neutral	Laptop and fork lie on table. Bob asked for laptop.	Bob also asked for fork.
neutral	Notebook and knife lie on table. Harry asked for notebook.	Harry also asked for knife.
neutral	File and glass lie on table. Alexander asked for file.	Alexander also asked for glass.
neutral	Knife and food lie on table. Robert asked for knife.	Robert also asked for food.
neutral	Coaster and eyeliner lie on table. Ray asked for coaster.	Ray also asked for eyeliner.
neutral	Bottle and notebook lie on table. Mike asked for bottle.	Mike also asked for notebook.
neutral	Book and glass lie on table. Matthew asked for book.	Matthew also asked for glass.
neutral	Face wash and file lie on table. Janet asked for face wash.	Janet also asked for file.
neutral	Key and toothbrush lie on table. Carolyn asked for key.	Carolyn also asked for toothbrush.
neutral	Silverware and bottle lie on table. Maria asked for silverware.	Maria also asked for bottle.
neutral	Notebook and eyeliner lie on table. Marilyn asked for notebook.	Marilyn also asked for eyeliner.
neutral	Cup and pitcher lie on table. Lauren asked for cup.	Lauren also asked for pitcher.
neutral	Flower pot and knife lie on table. Frederick asked for flower pot.	Frederick also asked for knife.
neutral	Cookie and laptop lie on table. Michael asked for cookie.	Michael also asked for laptop.
neutral	Spoon and fork lie on table. Sara asked for spoon.	Sara also asked for fork.
neutral	Pin and toothbrush lie on table. Colin asked for pin.	Colin also asked for toothbrush.
neutral	Bottle and serviette lie on table. Katie asked for bottle.	Katie also asked for serviette.
neutral	Phone and food lie on table. Sally asked for phone.	Sally also asked for food.
neutral	Toothpaste and knife lie on table. Alison asked for toothpaste.	Alison also asked for knife.
neutral	Cup and flower pot lie on table. Anne asked for cup.	Anne also asked for flower pot.
neutral	Glass and pin lie on table. Jack asked for glass.	Jack also asked for pin.
neutral	Glass and fork lie on table. Lauren asked for glass.	Lauren also asked for fork.
neutral	Perfume and face wash lie on table. Rachel asked for perfume.	Rachel also asked for face wash.
neutral	Key and fork lie on table. Claire asked for key.	Claire also asked for fork.
neutral	Cookie and toothpaste lie on table. Edward asked for cookie.	Edward also asked for toothpaste.
neutral	Silverware and flower pot lie on table. Gary asked for silverware.	Gary also asked for flower pot.
neutral	Pitcher and key lie on table. Alison asked for pitcher.	Alison also asked for key.
neutral	Key and bottle lie on table. Philip asked for key.	Philip also asked for bottle.
neutral	Pitcher and spoon lie on table. Bobby asked for pitcher.	Bobby also asked for spoon.
neutral	Bottle and key lie on table. Steven asked for bottle.	Steven also asked for key.
neutral	Perfume and plate lie on table. Thomas asked for perfume.	Thomas also asked for plate.
neutral	Cup and face wash lie on table. Helen asked for cup.	Helen also asked for face wash.
neutral	Fork and napkin lie on table. Florence asked for fork.	Florence also asked for napkin.
neutral	File and eyeliner lie on table. Sarah asked for file.	Sarah also asked for eyeliner.
neutral	Cup and eyeliner lie on table. Lisa asked for cup.	Lisa also asked for eyeliner.
neutral	Toothpaste and book lie on table. Joan asked for toothpaste.	Joan also asked for book.
neutral	Knife and plate lie on table. Rebecca asked for knife.	Rebecca also asked for plate.
neutral	Spoon and snack lie on table. Maria asked for spoon.	Maria also asked for snack.
neutral	Spoon and toothbrush lie on table. Andrea asked for spoon.	Andrea also asked for toothbrush.
neutral	Mousepad and coaster lie on table. Stephanie asked for mousepad.	Stephanie also asked for coaster.
neutral	Spoon and face wash lie on table. Steve asked for spoon.	Steve also asked for face wash.
neutral	Knife and bottle lie on table. Andrea asked for knife.	Andrea also asked for bottle.
neutral	Pitcher and spoon lie on table. Melissa asked for pitcher.	Melissa also asked for spoon.
neutral	Notebook and cookie lie on table. Angela asked for notebook.	Angela also asked for cookie.
neutral	Snack and fork lie on table. George asked for snack.	George also asked for fork.
neutral	Food and fork lie on table. Larry asked for food.	Larry also asked for fork.
neutral	Coaster and silverware lie on table. Kelly asked for coaster.	Kelly also asked for silverware.
neutral	Laptop and napkin lie on table. Laura asked for laptop.	Laura also asked for napkin.
neutral	Notebook and toothpaste lie on table. Peter asked for notebook.	Peter also asked for toothpaste.
neutral	Toothbrush and file lie on table. Roger asked for toothbrush.	Roger also asked for file.
neutral	Coaster and napkin lie on table. Joan asked for coaster.	Joan also asked for napkin.
neutral	Eyeliner and toothbrush lie on table. Joe asked for eyeliner.	Joe also asked for toothbrush.
neutral	Laptop and eyeliner lie on table. Martha asked for laptop.	Martha also asked for eyeliner.
neutral	Notebook and napkin lie on table. Pamela asked for notebook.	Pamela also asked for napkin.
neutral	Snack and serviette lie on table. Louise asked for snack.	Louise also asked for serviette.
neutral	Mousepad and cookie lie on table. Mike asked for mousepad.	Mike also asked for cookie.
neutral	Face wash and food lie on table. Dorothy asked for face wash.	Dorothy also asked for food.
neutral	Food and face wash lie on table. Julia asked for food.	Julia also asked for face wash.
neutral	File and napkin lie on table. Alice asked for file.	Alice also asked for napkin.
neutral	Bowl and plate lie on table. Alfred asked for bowl.	Alfred also asked for plate.
neutral	Pitcher and eyeliner lie on table. Amanda asked for pitcher.	Amanda also asked for eyeliner.
neutral	Phone and notebook lie on table. Ruth asked for phone.	Ruth also asked for notebook.
neutral	Knife and snack lie on table. Richard asked for knife.	Richard also asked for snack.
neutral	Bottle and serviette lie on table. Donald asked for bottle.	Donald also asked for serviette.
neutral	Cookie and bowl lie on table. Emma asked for cookie.	Emma also asked for bowl.
neutral	Flower pot and book lie on table. Kenneth asked for flower pot.	Kenneth also asked for book.
neutral	Flower pot and silverware lie on table. George asked for flower pot.	George also asked for silverware.
neutral	Laptop and glass lie on table. Julia asked for laptop.	Julia also asked for glass.
neutral	Food and eyeliner lie on table. Wendy asked for food.	Wendy also asked for eyeliner.
neutral	Pitcher and food lie on table. Ruth asked for pitcher.	Ruth also asked for food.
neutral	Laptop and key lie on table. Ray asked for laptop.	Ray also asked for key.
neutral	Fork and cookie lie on table. Martin asked for fork.	Martin also asked for cookie.
neutral	File and bowl lie on table. Grace asked for file.	Grace also asked for bowl.
neutral	Laptop and snack lie on table. Benjamin asked for laptop.	Benjamin also asked for snack.
neutral	Toothbrush and serviette lie on table. Henry asked for toothbrush.	Henry also asked for serviette.
neutral	Bowl and mousepad lie on table. Adam asked for bowl.	Adam also asked for mousepad.
neutral	Plate and face wash lie on table. Ian asked for plate.	Ian also asked for face wash.
neutral	Silverware and napkin lie on table. Steve asked for silverware.	Steve also asked for napkin.
neutral	Pin and perfume lie on table. Kate asked for pin.	Kate also asked for perfume.
neutral	Fork and toothbrush lie on table. John asked for fork.	John also asked for toothbrush.
neutral	Phone and spoon lie on table. Nick asked for phone.	Nick also asked for spoon.
neutral	Toothbrush and notebook lie on table. Barbara asked for toothbrush.	Barbara also asked for notebook.
neutral	Laptop and snack lie on table. Marilyn asked for laptop.	Marilyn also asked for snack.
neutral	Key and pin lie on table. Andrea asked for key.	Andrea also asked for pin.
neutral	Cup and face wash lie on table. Tim asked for cup.	Tim also asked for face wash.
neutral	Book and notebook lie on table. Lynn asked for book.	Lynn also asked for notebook.
neutral	Plate and bowl lie on table. Jim asked for plate.	Jim also asked for bowl.
neutral	Fork and cup lie on table. Alfred asked for fork.	Alfred also asked for cup.
neutral	Key and coaster lie on table. Annie asked for key.	Annie also asked for coaster.
neutral	Perfume and flower pot lie on table. Julia asked for perfume.	Julia also asked for flower pot.
neutral	Cup and perfume lie on table. Roy asked for cup.	Roy also asked for perfume.
neutral	Eyeliner and napkin lie on table. Ian asked for eyeliner.	Ian also asked for napkin.
neutral	Perfume and notebook lie on table. Kathleen asked for perfume.	Kathleen also asked for notebook.
neutral	Perfume and fork lie on table. Kim asked for perfume.	Kim also asked for fork.
neutral	Flower pot and book lie on table. Michelle asked for flower pot.	Michelle also asked for book.
neutral	Perfume and file lie on table. Lauren asked for perfume.	Lauren also asked for file.
neutral	Silverware and coaster lie on table. Albert asked for silverware.	Albert also asked for coaster.
neutral	Glass and food lie on table. Thomas asked for glass.	Thomas also asked for food.
neutral	Napkin and laptop lie on table. Rachel asked for napkin.	Rachel also asked for laptop.
neutral	Mousepad and knife lie on table. Donna asked for mousepad.	Donna also asked for knife.
neutral	Laptop and food lie on table. Richard asked for laptop.	Richard also asked for food.
neutral	Knife and pitcher lie on table. Pamela asked for knife.	Pamela also asked for pitcher.
neutral	Key and perfume lie on table. Colin asked for key.	Colin also asked for perfume.
neutral	Food and toothbrush lie on table. Lisa asked for food.	Lisa also asked for toothbrush.
neutral	Knife and spoon lie on table. Rachel asked for knife.	Rachel also asked for spoon.
neutral	Silverware and cup lie on table. Stephanie asked for silverware.	Stephanie also asked for cup.
neutral	Laptop and spoon lie on table. Chris asked for laptop.	Chris also asked for spoon.
neutral	Glass and plate lie on table. Katie asked for glass.	Katie also asked for plate.
neutral	Key and snack lie on table. Sara asked for key.	Sara also asked for snack.
neutral	Flower pot and bowl lie on table. Jerry asked for flower pot.	Jerry also asked for bowl.
neutral	Silverware and phone lie on table. Michael asked for silverware.	Michael also asked for phone.
neutral	Pin and snack lie on table. Melissa asked for pin.	Melissa also asked for snack.
neutral	Glass and key lie on table. Sophie asked for glass.	Sophie also asked for key.
neutral	Laptop and spoon lie on table. Sandra asked for laptop.	Sandra also asked for spoon.
neutral	Book and snack lie on table. Lucy asked for book.	Lucy also asked for snack.
neutral	Flower pot and mousepad lie on table. Donald asked for flower pot.	Donald also asked for mousepad.
neutral	Serviette and napkin lie on table. Bill asked for serviette.	Bill also asked for napkin.
neutral	Face wash and coaster lie on table. Mike asked for face wash.	Mike also asked for coaster.
neutral	Pin and face wash lie on table. Janet asked for pin.	Janet also asked for face wash.
neutral	Fork and toothpaste lie on table. Victoria asked for fork.	Victoria also asked for toothpaste.
neutral	Notebook and mousepad lie on table. Bob asked for notebook.	Bob also asked for mousepad.
neutral	Glass and mousepad lie on table. Lauren asked for glass.	Lauren also asked for mousepad.
neutral	Phone and laptop lie on table. Sandra asked for phone.	Sandra also asked for laptop.
neutral	Toothpaste and coaster lie on table. Henry asked for toothpaste.	Henry also asked for coaster.
neutral	Book and key lie on table. Don asked for book.	Don also asked for key.
neutral	Phone and pin lie on table. Virginia asked for phone.	Virginia also asked for pin.
neutral	Silverware and food lie on table. Donald asked for silverware.	Donald also asked for food.
neutral	Flower pot and bowl lie on table. Walter asked for flower pot.	Walter also asked for bowl.
neutral	Napkin and serviette lie on table. Sophie asked for napkin.	Sophie also asked for serviette.
neutral	Coaster and food lie on table. Karen asked for coaster.	Karen also asked for food.
neutral	Notebook and coaster lie on table. Eric asked for notebook.	Eric also asked for coaster.
neutral	Eyeliner and fork lie on table. Edwin asked for eyeliner.	Edwin also asked for fork.
neutral	Cup and knife lie on table. Joan asked for cup.	Joan also asked for knife.
neutral	Toothpaste and bottle lie on table. Deborah asked for toothpaste.	Deborah also asked for bottle.
neutral	Toothbrush and notebook lie on table. Alice asked for toothbrush.	Alice also asked for notebook.
neutral	Serviette and glass lie on table. Alexander asked for serviette.	Alexander also asked for glass.
neutral	Snack and bottle lie on table. Jessica asked for snack.	Jessica also asked for bottle.
neutral	Glass and serviette lie on table. Angela asked for glass.	Angela also asked for serviette.
neutral	Napkin and key lie on table. Victoria asked for napkin.	Victoria also asked for key.
neutral	Book and plate lie on table. Jean asked for book.	Jean also asked for plate.
neutral	Snack and coaster lie on table. Sara asked for snack.	Sara also asked for coaster.
neutral	Pin and file lie on table. Lynn asked for pin.	Lynn also asked for file.
neutral	Notebook and perfume lie on table. Barbara asked for notebook.	Barbara also asked for perfume.
neutral	Key and cup lie on table. Kim asked for key.	Kim also asked for cup.
neutral	Cup and mousepad lie on table. Matthew asked for cup.	Matthew also asked for mousepad.
neutral	Notebook and eyeliner lie on table. Karen asked for notebook.	Karen also asked for eyeliner.
neutral	Snack and fork lie on table. Maria asked for snack.	Maria also asked for fork.
neutral	Toothpaste and perfume lie on table. Edith asked for toothpaste.	Edith also asked for perfume.
neutral	Plate and toothbrush lie on table. Christopher asked for plate.	Christopher also asked for toothbrush.
neutral	Glass and fork lie on table. Julia asked for glass.	Julia also asked for fork.
neutral	Face wash and pitcher lie on table. Samuel asked for face wash.	Samuel also asked for pitcher.
neutral	Knife and face wash lie on table. Alexandra asked for knife.	Alexandra also asked for face wash.
neutral	Cookie and spoon lie on table. Martha asked for cookie.	Martha also asked for spoon.
neutral	Toothpaste and silverware lie on table. Kate asked for toothpaste.	Kate also asked for silverware.
neutral	Snack and notebook lie on table. Joan asked for snack.	Joan also asked for notebook.
neutral	File and pitcher lie on table. Lawrence asked for file.	Lawrence also asked for pitcher.
neutral	Face wash and serviette lie on table. Jean asked for face wash.	Jean also asked for serviette.
neutral	Toothpaste and silverware lie on table. Kathryn asked for toothpaste.	Kathryn also asked for silverware.
neutral	Flower pot and face wash lie on table. Fred asked for flower pot.	Fred also asked for face wash.
neutral	Spoon and cup lie on table. Steven asked for spoon.	Steven also asked for cup.
neutral	Flower pot and face wash lie on table. Sally asked for flower pot.	Sally also asked for face wash.
neutral	Serviette and snack lie on table. Tim asked for serviette.	Tim also asked for snack.
neutral	Toothbrush and food lie on table. Katherine asked for toothbrush.	Katherine also asked for food.
neutral	Mousepad and coaster lie on table. Deborah asked for mousepad.	Deborah also asked for coaster.
neutral	Key and toothpaste lie on table. Walter asked for key.	Walter also asked for toothpaste.
neutral	Cookie and phone lie on table. Tom asked for cookie.	Tom also asked for phone.
neutral	Mousepad and serviette lie on table. Suzanne asked for mousepad.	Suzanne also asked for serviette.
neutral	Key and face wash lie on table. Alexander asked for key.	Alexander also asked for face wash.
neutral	File and notebook lie on table. Florence asked for file.	Florence also asked for notebook.
neutral	Cookie and notebook lie on table. Mary asked for cookie.	Mary also asked for notebook.
neutral	Eyeliner and book lie on table. Jeff asked for eyeliner.	Jeff also asked for book.
neutral	Toothpaste and serviette lie on table. Harold asked for toothpaste.	Harold also asked for serviette.
neutral	Pin and knife lie on table. Edith asked for pin.	Edith also asked for knife.
neutral	Silverware and notebook lie on table. Ashley asked for silverware.	Ashley also asked for notebook.
neutral	Bowl and perfume lie on table. Lisa asked for bowl.	Lisa also asked for perfume.
neutral	Fork and napkin lie on table. Sharon asked for fork.	Sharon also asked for napkin.
neutral	Napkin and toothbrush lie on table. Caroline asked for napkin.	Caroline also asked for toothbrush.
neutral	Coaster and food lie on table. Kenneth asked for coaster.	Kenneth also asked for food.
neutral	Glass and cookie lie on table. Suzanne asked for glass.	Suzanne also asked for cookie.
neutral	Book and notebook lie on table. William asked for book.	William also asked for notebook.
neutral	Notebook and pitcher lie on table. Anna asked for notebook.	Anna also asked for pitcher.
neutral	Food and phone lie on table. Matt asked for food.	Matt also asked for phone.
neutral	Cup and fork lie on table. Lisa asked for cup.	Lisa also asked for fork.
neutral	Bottle and mousepad lie on table. Margaret asked for bottle.	Margaret also asked for mousepad.
neutral	Cup and file lie on table. Ruth asked for cup.	Ruth also asked for file.
neutral	Snack and cookie lie on table. Joan asked for snack.	Joan also asked for cookie.
neutral	Key and napkin lie on table. Eric asked for key.	Eric also asked for napkin.
neutral	Spoon and coaster lie on table. Nick asked for spoon.	Nick also asked for coaster.
neutral	Spoon and bowl lie on table. Benjamin asked for spoon.	Benjamin also asked for bowl.
neutral	Knife and key lie on table. Ken asked for knife.	Ken also asked for key.
neutral	File and phone lie on table. Helen asked for file.	Helen also asked for phone.
neutral	File and pin lie on table. Fred asked for file.	Fred also asked for pin.
neutral	Serviette and spoon lie on table. Susan asked for serviette.	Susan also asked for spoon.
neutral	Phone and pitcher lie on table. Ben asked for phone.	Ben also asked for pitcher.
neutral	Silverware and toothbrush lie on table. Amanda asked for silverware.	Amanda also asked for toothbrush.
neutral	Food and knife lie on table. Jessica asked for food.	Jessica also asked for knife.
neutral	Cup and pin lie on table. Alexandra asked for cup.	Alexandra also asked for pin.
neutral	Snack and cup lie on table. Jerry asked for snack.	Jerry also asked for cup.
neutral	Silverware and key lie on table. Katherine asked for silverware.	Katherine also asked for key.
neutral	Snack and fork lie on table. George asked for snack.	George also asked for fork.
neutral	Flower pot and perfume lie on table. Michael asked for flower pot.	Michael also asked for perfume.
neutral	Snack and glass lie on table. Ruth asked for snack.	Ruth also asked for glass.
neutral	Napkin and knife lie on table. Donald asked for napkin.	Donald also asked for knife.
neutral	Bottle and flower pot lie on table. Donna asked for bottle.	Donna also asked for flower pot.
neutral	Serviette and toothpaste lie on table. Ian asked for serviette.	Ian also asked for toothpaste.
neutral	Silverware and face wash lie on table. William asked for silverware.	William also asked for face wash.
neutral	Mousepad and knife lie on table. Virginia asked for mousepad.	Virginia also asked for knife.
neutral	Coaster and laptop lie on table. Sam asked for coaster.	Sam also asked for laptop.
neutral	Snack and laptop lie on table. Robin asked for snack.	Robin also asked for laptop.
neutral	Bowl and face wash lie on table. Kathy asked for bowl.	Kathy also asked for face wash.
neutral	Fork and flower pot lie on table. Bobby asked for fork.	Bobby also asked for flower pot.
neutral	Flower pot and book lie on table. Jerry asked for flower pot.	Jerry also asked for book.
neutral	Perfume and food lie on table. Carl asked for perfume.	Carl also asked for food.
neutral	Perfume and silverware lie on table. Jerry asked for perfume.	Jerry also asked for silverware.
neutral	Plate and pin lie on table. Howard asked for plate.	Howard also asked for pin.
neutral	Pitcher and coaster lie on table. Alan asked for pitcher.	Alan also asked for coaster.
neutral	Flower pot and toothpaste lie on table. Ron asked for flower pot.	Ron also asked for toothpaste.
neutral	Mousepad and laptop lie on table. Bill asked for mousepad.	Bill also asked for laptop.
neutral	Phone and silverware lie on table. Anthony asked for phone.	Anthony also asked for silverware.
neutral	Bowl and toothbrush lie on table. Katie asked for bowl.	Katie also asked for toothbrush.
neutral	Serviette and toothpaste lie on table. Bruce asked for serviette.	Bruce also asked for toothpaste.
neutral	Napkin and toothpaste lie on table. Charles asked for napkin.	Charles also asked for toothpaste.
neutral	Knife and spoon lie on table. Kathryn asked for knife.	Kathryn also asked for spoon.
neutral	Flower pot and glass lie on table. Kathryn asked for flower pot.	Kathryn also asked for glass.
neutral	Coaster and notebook lie on table. Joan asked for coaster.	Joan also asked for notebook.
neutral	Pitcher and toothpaste lie on table. Grace asked for pitcher.	Grace also asked for toothpaste.
neutral	Cookie and perfume lie on table. David asked for cookie.	David also asked for perfume.
neutral	Knife and key lie on table. Julia asked for knife.	Julia also asked for key.
neutral	Perfume and fork lie on table. Billy asked for perfume.	Billy also asked for fork.
neutral	Key and coaster lie on table. Daniel asked for key.	Daniel also asked for coaster.
neutral	Laptop and face wash lie on table. Ben asked for laptop.	Ben also asked for face wash.
neutral	Eyeliner and pitcher lie on table. Dan asked for eyeliner.	Dan also asked for pitcher.
neutral	Perfume and face wash lie on table. Jay asked for perfume.	Jay also asked for face wash.
neutral	Laptop and file lie on table. Arthur asked for laptop.	Arthur also asked for file.
neutral	Key and perfume lie on table. Kim asked for key.	Kim also asked for perfume.
neutral	Pin and face wash lie on table. Nancy asked for pin.	Nancy also asked for face wash.
neutral	Face wash and book lie on table. Heather asked for face wash.	Heather also asked for book.
neutral	Book and pin lie on table. Rachel asked for book.	Rachel also asked for pin.
neutral	Laptop and pitcher lie on table. Pamela asked for laptop.	Pamela also asked for pitcher.
neutral	Food and pitcher lie on table. Fred asked for food.	Fred also asked for pitcher.
neutral	Mousepad and snack lie on table. John asked for mousepad.	John also asked for snack.
neutral	File and bottle lie on table. Howard asked for file.	Howard also asked for bottle.
neutral	Spoon and fork lie on table. Billy asked for spoon.	Billy also asked for fork.
neutral	Silverware and notebook lie on table. Alexandra asked for silverware.	Alexandra also asked for notebook.
neutral	Flower pot and pin lie on table. Heather asked for flower pot.	Heather also asked for pin.
neutral	Face wash and file lie on table. Mike asked for face wash.	Mike also asked for file.
neutral	Pin and bowl lie on table. Evelyn asked for pin.	Evelyn also asked for bowl.
neutral	Laptop and silverware lie on table. Betty asked for laptop.	Betty also asked for silverware.
neutral	Food and cookie lie on table. Fred asked for food.	Fred also asked for cookie.
neutral	Cookie and coaster lie on table. Ellen asked for cookie.	Ellen also asked for coaster.
neutral	Serviette and fork lie on table. Dave asked for serviette.	Dave also asked for fork.
neutral	Book and perfume lie on table. Emma asked for book.	Emma also asked for perfume.
neutral	Fork and perfume lie on table. Jack asked for fork.	Jack also asked for perfume.
neutral	Plate and napkin lie on table. Henry asked for plate.	Henry also asked for napkin.
neutral	Cookie and notebook lie on table. Alice asked for cookie.	Alice also asked for notebook.
neutral	Toothbrush and plate lie on table. Chris asked for toothbrush.	Chris also asked for plate.
neutral	Silverware and cup lie on table. Grace asked for silverware.	Grace also asked for cup.
neutral	Napkin and glass lie on table. Steven asked for napkin.	Steven also asked for glass.
neutral	Key and napkin lie on table. Helen asked for key.	Helen also asked for napkin.
neutral	Spoon and notebook lie on table. Rachel asked for spoon.	Rachel also asked for notebook.
neutral	Bowl and phone lie on table. Sue asked for bowl.	Sue also asked for phone.
neutral	Phone and serviette lie on table. Pamela asked for phone.	Pamela also asked for serviette.
neutral	Bottle and serviette lie on table. Harry asked for bottle.	Harry also asked for serviette.
neutral	Laptop and fork lie on table. Carolyn asked for laptop.	Carolyn also asked for fork.
neutral	Silverware and plate lie on table. Don asked for silverware.	Don also asked for plate.
neutral	Glass and silverware lie on table. Katherine asked for glass.	Katherine also asked for silverware.
neutral	Snack and food lie on table. Ed asked for snack.	Ed also asked for food.
neutral	Glass and bowl lie on table. Ann asked for glass.	Ann also asked for bowl.
neutral	Serviette and bottle lie on table. Bill asked for serviette.	Bill also asked for bottle.
neutral	Laptop and fork lie on table. Johnny asked for laptop.	Johnny also asked for fork.
neutral	File and cookie lie on table. Bob asked for file.	Bob also asked for cookie.
neutral	Laptop and flower pot lie on table. Nick asked for laptop.	Nick also asked for flower pot.
neutral	Glass and knife lie on table. Andrew asked for glass.	Andrew also asked for knife.
neutral	Fork and laptop lie on table. James asked for fork.	James also asked for laptop.
neutral	Eyeliner and face wash lie on table. Angela asked for eyeliner.	Angela also asked for face wash.
neutral	Bottle and coaster lie on table. Eric asked for bottle.	Eric also asked for coaster.
neutral	Notebook and cup lie on table. Donna asked for notebook.	Donna also asked for cup.
neutral	Snack and mousepad lie on table. Ryan asked for snack.	Ryan also asked for mousepad.
neutral	Toothpaste and file lie on table. Matt asked for toothpaste.	Matt also asked for file.
neutral	Serviette and phone lie on table. Fred asked for serviette.	Fred also asked for phone.
neutral	Notebook and fork lie on table. Samuel asked for notebook.	Samuel also asked for fork.
neutral	Face wash and eyeliner lie on table. Sue asked for face wash.	Sue also asked for eyeliner.
neutral	Key and knife lie on table. Jonathan asked for key.	Jonathan also asked for knife.
neutral	Napkin and book lie on table. Ann asked for napkin.	Ann also asked for book.
neutral	Pitcher and cookie lie on table. Jessica asked for pitcher.	Jessica also asked for cookie.
neutral	Cup and file lie on table. Tony asked for cup.	Tony also asked for file.
neutral	Flower pot and file lie on table. Lawrence asked for flower pot.	Lawrence also asked for file.
neutral	Key and laptop lie on table. Rachel asked for key.	Rachel also asked for laptop.
neutral	Serviette and book lie on table. Francis asked for serviette.	Francis also asked for book.
neutral	Food and flower pot lie on table. Grace asked for food.	Grace also asked for flower pot.
neutral	Cup and mousepad lie on table. Bob asked for cup.	Bob also asked for mousepad.
neutral	Book and serviette lie on table. Daniel asked for book.	Daniel also asked for serviette.
neutral	Food and cookie lie on table. Ben asked for food.	Ben also asked for cookie.
neutral	Silverware and laptop lie on table. Francis asked for silverware.	Francis also asked for laptop.
neutral	Food and perfume lie on table. Jean asked for food.	Jean also asked for perfume.
neutral	Knife and food lie on table. Charlotte asked for knife.	Charlotte also asked for food.
neutral	Mousepad and napkin lie on table. Kate asked for mousepad.	Kate also asked for napkin.
neutral	Mousepad and phone lie on table. Suzanne asked for mousepad.	Suzanne also asked for phone.
neutral	Serviette and phone lie on table. Brian asked for serviette.	Brian also asked for phone.
neutral	Pin and book lie on table. Fred asked for pin.	Fred also asked for book.
neutral	Bowl and pitcher lie on table. Stephen asked for bowl.	Stephen also asked for pitcher.
neutral	Notebook and toothpaste lie on table. Fred asked for notebook.	Fred also asked for toothpaste.
neutral	Silverware and toothbrush lie on table. Linda asked for silverware.	Linda also asked for toothbrush.
neutral	Face wash and coaster lie on table. Fiona asked for face wash.	Fiona also asked for coaster.
neutral	Silverware and pitcher lie on table. Donna asked for silverware.	Donna also asked for pitcher.
neutral	Pitcher and napkin lie on table. Jean asked for pitcher.	Jean also asked for napkin.
neutral	Key and laptop lie on table. Roy asked for key.	Roy also asked for laptop.
neutral	Plate and phone lie on table. Andrew asked for plate.	Andrew also asked for phone.
neutral	Coaster and plate lie on table. Dave asked for coaster.	Dave also asked for plate.
neutral	Serviette and key lie on table. Susan asked for serviette.	Susan also asked for key.
neutral	Bottle and mousepad lie on table. Bob asked for bottle.	Bob also asked for mousepad.
neutral	Food and bowl lie on table. Mark asked for food.	Mark also asked for bowl.
neutral	Perfume and bottle lie on table. Philip asked for perfume.	Philip also asked for bottle.
neutral	Mousepad and food lie on table. Melissa asked for mousepad.	Melissa also asked for food.
neutral	Pin and book lie on table. Henry asked for pin.	Henry also asked for book.
neutral	Toothbrush and fork lie on table. Alex asked for toothbrush.	Alex also asked for fork.
neutral	Glass and serviette lie on table. Rachel asked for glass.	Rachel also asked for serviette.
neutral	Spoon and file lie on table. Nancy asked for spoon.	Nancy also asked for file.
neutral	Phone and silverware lie on table. Alexander asked for phone.	Alexander also asked for silverware.
neutral	Glass and pitcher lie on table. Fiona asked for glass.	Fiona also asked for pitcher.
neutral	Toothpaste and key lie on table. Lauren asked for toothpaste.	Lauren also asked for key.
neutral	Laptop and pitcher lie on table. Margaret asked for laptop.	Margaret also asked for pitcher.
neutral	Key and pitcher lie on table. Diana asked for key.	Diana also asked for pitcher.
neutral	Face wash and bottle lie on table. Lynn asked for face wash.	Lynn also asked for bottle.
neutral	Food and pin lie on table. Greg asked for food.	Greg also asked for pin.
neutral	Key and snack lie on table. Amy asked for key.	Amy also asked for snack.
neutral	Toothbrush and eyeliner lie on table. James asked for toothbrush.	James also asked for eyeliner.
neutral	Serviette and flower pot lie on table. Anthony asked for serviette.	Anthony also asked for flower pot.
neutral	Mousepad and food lie on table. Sandra asked for mousepad.	Sandra also asked for food.
neutral	Glass and knife lie on table. Fred asked for glass.	Fred also asked for knife.
neutral	Laptop and pin lie on table. Larry asked for laptop.	Larry also asked for pin.
neutral	Silverware and plate lie on table. Julie asked for silverware.	Julie also asked for plate.
neutral	Food and notebook lie on table. Alex asked for food.	Alex also asked for notebook.
neutral	Silverware and laptop lie on table. Heather asked for silverware.	Heather also asked for laptop.
neutral	Cup and phone lie on table. Linda asked for cup.	Linda also asked for phone.
neutral	Coaster and flower pot lie on table. Elizabeth asked for coaster.	Elizabeth also asked for flower pot.
neutral	Fork and notebook lie on table. Katie asked for fork.	Katie also asked for notebook.
neutral	Phone and cup lie on table. Kelly asked for phone.	Kelly also asked for cup.
neutral	Face wash and phone lie on table. Bruce asked for face wash.	Bruce also asked for phone.
neutral	Plate and mousepad lie on table. Alfred asked for plate.	Alfred also asked for mousepad.
neutral	Phone and file lie on table. Bob asked for phone.	Bob also asked for file.
neutral	Toothpaste and napkin lie on table. Alice asked for toothpaste.	Alice also asked for napkin.
neutral	Coaster and flower pot lie on table. Frances asked for coaster.	Frances also asked for flower pot.
neutral	Silverware and napkin lie on table. Catherine asked for silverware.	Catherine also asked for napkin.
neutral	Serviette and spoon lie on table. Judith asked for serviette.	Judith also asked for spoon.
neutral	Food and bottle lie on table. Mark asked for food.	Mark also asked for bottle.
neutral	Cookie and coaster lie on table. Don asked for cookie.	Don also asked for coaster.
neutral	Cup and cookie lie on table. Joan asked for cup.	Joan also asked for cookie.
neutral	Key and bowl lie on table. Arthur asked for key.	Arthur also asked for bowl.
neutral	Plate and notebook lie on table. Mark asked for plate.	Mark also asked for notebook.
neutral	Napkin and silverware lie on table. Emily asked for napkin.	Emily also asked for silverware.
neutral	Notebook and food lie on table. Samuel asked for notebook.	Samuel also asked for food.
neutral	Fork and perfume lie on table. Fred asked for fork.	Fred also asked for perfume.
neutral	Pin and laptop lie on table. Bob asked for pin.	Bob also asked for laptop.
neutral	Book and knife lie on table. Peter asked for book.	Peter also asked for knife.
neutral	Pitcher and spoon lie on table. Amanda asked for pitcher.	Amanda also asked for spoon.
neutral	File and laptop lie on table. Cynthia asked for file.	Cynthia also asked for laptop.
neutral	Notebook and bottle lie on table. Leslie asked for notebook.	Leslie also asked for bottle.
neutral	Silverware and flower pot lie on table. David asked for silverware.	David also asked for flower pot.
neutral	Laptop and book lie on table. Hugh asked for laptop.	Hugh also asked for book.
neutral	Snack and food lie on table. Robert asked for snack.	Robert also asked for food.
neutral	Perfume and flower pot lie on table. Walter asked for perfume.	Walter also asked for flower pot.
neutral	Perfume and cookie lie on table. Alison asked for perfume.	Alison also asked for cookie.
neutral	Cookie and snack lie on table. Ashley asked for cookie.	Ashley also asked for snack.
neutral	Glass and key lie on table. Carol asked for glass.	Carol also asked for key.
neutral	Plate and mousepad lie on table. Robin asked for plate.	Robin also asked for mousepad.
neutral	Cookie and perfume lie on table. Rachel asked for cookie.	Rachel also asked for perfume.
neutral	Serviette and laptop lie on table. Heather asked for serviette.	Heather also asked for laptop.
neutral	Face wash and plate lie on table. Judith asked for face wash.	Judith also asked for plate.
neutral	Pin and bowl lie on table. Francis asked for pin.	Francis also asked for bowl.
neutral	Laptop and toothbrush lie on table. Roger asked for laptop.	Roger also asked for toothbrush.
neutral	Laptop and knife lie on table. Andrea asked for laptop.	Andrea also asked for knife.
neutral	Notebook and pitcher lie on table. Samuel asked for notebook.	Samuel also asked for pitcher.
neutral	Snack and bottle lie on table. Michelle asked for snack.	Michelle also asked for bottle.
neutral	File and book lie on table. Anthony asked for file.	Anthony also asked for book.
neutral	Eyeliner and flower pot lie on table. Daniel asked for eyeliner.	Daniel also asked for flower pot.
neutral	Pin and bottle lie on table. Larry asked for pin.	Larry also asked for bottle.
neutral	Silverware and knife lie on table. Ed asked for silverware.	Ed also asked for knife.
neutral	Silverware and coaster lie on table. Harold asked for silverware.	Harold also asked for coaster.
neutral	Snack and plate lie on table. Harriet asked for snack.	Harriet also asked for plate.
neutral	Coaster and snack lie on table. Peter asked for coaster.	Peter also asked for snack.
neutral	Serviette and file lie on table. Howard asked for serviette.	Howard also asked for file.
neutral	Book and pitcher lie on table. Ellen asked for book.	Ellen also asked for pitcher.
neutral	Pin and bowl lie on table. Grace asked for pin.	Grace also asked for bowl.
neutral	Cup and pitcher lie on table. Alfred asked for cup.	Alfred also asked for pitcher.
neutral	Cup and face wash lie on table. Rose asked for cup.	Rose also asked for face wash.
neutral	Mousepad and toothbrush lie on table. Christopher asked for mousepad.	Christopher also asked for toothbrush.
neutral	Perfume and bottle lie on table. Linda asked for perfume.	Linda also asked for bottle.
neutral	Spoon and face wash lie on table. Carol asked for spoon.	Carol also asked for face wash.
neutral	Perfume and notebook lie on table. Kathleen asked for perfume.	Kathleen also asked for notebook.
neutral	Glass and mousepad lie on table. Lucy asked for glass.	Lucy also asked for mousepad.
neutral	Pin and eyeliner lie on table. Billy asked for pin.	Billy also asked for eyeliner.
neutral	Face wash and cup lie on table. Anthony asked for face wash.	Anthony also asked for cup.
neutral	Cup and silverware lie on table. Lucy asked for cup.	Lucy also asked for silverware.
neutral	Fork and glass lie on table. Jill asked for fork.	Jill also asked for glass.
neutral	Spoon and fork lie on table. Lisa asked for spoon.	Lisa also asked for fork.
neutral	Pin and toothpaste lie on table. Andrew asked for pin.	Andrew also asked for toothpaste.
neutral	Plate and glass lie on table. Steven asked for plate.	Steven also asked for glass.
neutral	Fork and face wash lie on table. Jennifer asked for fork.	Jennifer also asked for face wash.
neutral	Face wash and serviette lie on table. Alison asked for face wash.	Alison also asked for serviette.
neutral	Serviette and book lie on table. James asked for serviette.	James also asked for book.
neutral	Napkin and pin lie on table. Edith asked for napkin.	Edith also asked for pin.
neutral	Phone and spoon lie on table. Barbara asked for phone.	Barbara also asked for spoon.
neutral	Perfume and coaster lie on table. Louis asked for perfume.	Louis also asked for coaster.
neutral	File and bowl lie on table. Fred asked for file.	Fred also asked for bowl.
neutral	Toothbrush and eyeliner lie on table. Rebecca asked for toothbrush.	Rebecca also asked for eyeliner.
neutral	Cup and spoon lie on table. Ken asked for cup.	Ken also asked for spoon.
neutral	Fork and file lie on table. Sarah asked for fork.	Sarah also asked for file.
neutral	Phone and pin lie on table. Henry asked for phone.	Henry also asked for pin.
neutral	Face wash and snack lie on table. Ryan asked for face wash.	Ryan also asked for snack.
neutral	Fork and mousepad lie on table. Martha asked for fork.	Martha also asked for mousepad.
neutral	Napkin and file lie on table. Carol asked for napkin.	Carol also asked for file.
neutral	Spoon and cookie lie on table. Julie asked for spoon.	Julie also asked for cookie.
neutral	Face wash and file lie on table. George asked for face wash.	George also asked for file.
neutral	Cup and eyeliner lie on table. Leslie asked for cup.	Leslie also asked for eyeliner.
neutral	Toothbrush and plate lie on table. Emma asked for toothbrush.	Emma also asked for plate.
neutral	Bottle and flower pot lie on table. Heather asked for bottle.	Heather also asked for flower pot.
neutral	Toothbrush and eyeliner lie on table. Victoria asked for toothbrush.	Victoria also asked for eyeliner.
neutral	Toothbrush and bowl lie on table. Don asked for toothbrush.	Don also asked for bowl.
neutral	Napkin and silverware lie on table. Deborah asked for napkin.	Deborah also asked for silverware.
neutral	Fork and bottle lie on table. Emma asked for fork.	Emma also asked for bottle.
neutral	Glass and bowl lie on table. Stephen asked for glass.	Stephen also asked for bowl.
neutral	Bottle and phone lie on table. Kathleen asked for bottle.	Kathleen also asked for phone.
neutral	Mousepad and flower pot lie on table. Linda asked for mousepad.	Linda also asked for flower pot.
neutral	Toothpaste and cookie lie on table. Jerry asked for toothpaste.	Jerry also asked for cookie.
neutral	Notebook and flower pot lie on table. Claire asked for notebook.	Claire also asked for flower pot.
neutral	Phone and toothpaste lie on table. Andrew asked for phone.	Andrew also asked for toothpaste.
neutral	Snack and silverware lie on table. Ralph asked for snack.	Ralph also asked for silverware.
neutral	Plate and bowl lie on table. Tom asked for plate.	Tom also asked for bowl.
neutral	Glass and pin lie on table. Jean asked for glass.	Jean also asked for pin.
neutral	Coaster and flower pot lie on table. Sally asked for coaster.	Sally also asked for flower pot.
neutral	Notebook and cookie lie on table. Caroline asked for notebook.	Caroline also asked for cookie.
neutral	Pitcher and phone lie on table. Ryan asked for pitcher.	Ryan also asked for phone.
neutral	Napkin and mousepad lie on table. Roger asked for napkin.	Roger also asked for mousepad.
neutral	Toothbrush and serviette lie on table. Ray asked for toothbrush.	Ray also asked for serviette.
neutral	Pin and mousepad lie on table. Brian asked for pin.	Brian also asked for mousepad.
neutral	Pin and notebook lie on table. Eric asked for pin.	Eric also asked for notebook.
neutral	Toothpaste and glass lie on table. Ralph asked for toothpaste.	Ralph also asked for glass.
neutral	Knife and fork lie on table. Amy asked for knife.	Amy also asked for fork.
neutral	Bottle and key lie on table. Bill asked for bottle.	Bill also asked for key.
neutral	Perfume and laptop lie on table. Jessica asked for perfume.	Jessica also asked for laptop.
neutral	Knife and file lie on table. Peter asked for knife.	Peter also asked for file.
neutral	Knife and cookie lie on table. Charlie asked for knife.	Charlie also asked for cookie.
neutral	Cup and bowl lie on table. Bob asked for cup.	Bob also asked for bowl.
neutral	Phone and perfume lie on table. Jennifer asked for phone.	Jennifer also asked for perfume.
neutral	File and bottle lie on table. Helen asked for file.	Helen also asked for bottle.
neutral	Fork and perfume lie on table. William asked for fork.	William also asked for perfume.
neutral	Book and pin lie on table. Kathryn asked for book.	Kathryn also asked for pin.
neutral	Knife and face wash lie on table. Emily asked for knife.	Emily also asked for face wash.
neutral	Mousepad and phone lie on table. Roy asked for mousepad.	Roy also asked for phone.
neutral	Bottle and food lie on table. Joe asked for bottle.	Joe also asked for food.
neutral	Food and phone lie on table. Judith asked for food.	Judith also asked for phone.
neutral	Pitcher and perfume lie on table. Keith asked for pitcher.	Keith also asked for perfume.
neutral	Toothbrush and phone lie on table. Louise asked for toothbrush.	Louise also asked for phone.
neutral	Bottle and snack lie on table. Anthony asked for bottle.	Anthony also asked for snack.
neutral	Toothpaste and knife lie on table. Jim asked for toothpaste.	Jim also asked for knife.
neutral	Toothpaste and bottle lie on table. Marilyn asked for toothpaste.	Marilyn also asked for bottle.
neutral	Notebook and fork lie on table. Al asked for notebook.	Al also asked for fork.
neutral	Spoon and plate lie on table. Annie asked for spoon.	Annie also asked for plate.
neutral	Toothpaste and perfume lie on table. Bruce asked for toothpaste.	Bruce also asked for perfume.
neutral	Mousepad and coaster lie on table. Caroline asked for mousepad.	Caroline also asked for coaster.
neutral	Eyeliner and bottle lie on table. Barbara asked for eyeliner.	Barbara also asked for bottle.
neutral	Toothpaste and serviette lie on table. Albert asked for toothpaste.	Albert also asked for serviette.
neutral	Pitcher and fork lie on table. Diana asked for pitcher.	Diana also asked for fork.
neutral	Fork and napkin lie on table. Sue asked for fork.	Sue also asked for napkin.
neutral	Toothpaste and key lie on table. Jimmy asked for toothpaste.	Jimmy also asked for key.
neutral	Toothpaste and spoon lie on table. Henry asked for toothpaste.	Henry also asked for spoon.
neutral	Face wash and food lie on table. Larry asked for face wash.	Larry also asked for food.
neutral	Notebook and napkin lie on table. Frank asked for notebook.	Frank also asked for napkin.
neutral	Key and bowl lie on table. Roy asked for key.	Roy also asked for bowl.
neutral	Plate and laptop lie on table. Karen asked for plate.	Karen also asked for laptop.
neutral	Plate and face wash lie on table. Roy asked for plate.	Roy also asked for face wash.
neutral	Bottle and pitcher lie on table. Judith asked for bottle.	Judith also asked for pitcher.
neutral	Pitcher and plate lie on table. Adam asked for pitcher.	Adam also asked for plate.
neutral	Snack and bowl lie on table. Andrew asked for snack.	Andrew also asked for bowl.
neutral	Phone and eyeliner lie on table. Cynthia asked for phone.	Cynthia also asked for eyeliner.
neutral	Toothpaste and snack lie on table. Laura asked for toothpaste.	Laura also asked for snack.
neutral	File and spoon lie on table. Sue asked for file.	Sue also asked for spoon.
neutral	Snack and perfume lie on table. Matt asked for snack.	Matt also asked for perfume.
neutral	Flower pot and pin lie on table. Mary asked for flower pot.	Mary also asked for pin.
neutral	Glass and snack lie on table. Matthew asked for glass.	Matthew also asked for snack.
neutral	Knife and snack lie on table. Alison asked for knife.	Alison also asked for snack.
neutral	Face wash and book lie on table. Philip asked for face wash.	Philip also asked for book.
neutral	Snack and coaster lie on table. Edith asked for snack.	Edith also asked for coaster.
neutral	Pin and phone lie on table. Nicole asked for pin.	Nicole also asked for phone.
neutral	Coaster and key lie on table. Edwin asked for coaster.	Edwin also asked for key.
neutral	Silverware and knife lie on table. Suzanne asked for silverware.	Suzanne also asked for knife.
neutral	Serviette and glass lie on table. Sue asked for serviette.	Sue also asked for glass.
neutral	Key and toothpaste lie on table. Ruth asked for key.	Ruth also asked for toothpaste.
neutral	Plate and flower pot lie on table. Annie asked for plate.	Annie also asked for flower pot.
neutral	Knife and perfume lie on table. Peter asked for knife.	Peter also asked for perfume.
neutral	Glass and bowl lie on table. Martha asked for glass.	Martha also asked for bowl.
neutral	Spoon and eyeliner lie on table. Joan asked for spoon.	Joan also asked for eyeliner.
neutral	Pitcher and cup lie on table. Sara asked for pitcher.	Sara also asked for cup.
neutral	Book and toothpaste lie on table. Alexander asked for book.	Alexander also asked for toothpaste.
neutral	Perfume and toothpaste lie on table. Keith asked for perfume.	Keith also asked for toothpaste.
neutral	Mousepad and silverware lie on table. Bob asked for mousepad.	Bob also asked for silverware.
neutral	Cup and snack lie on table. Sarah asked for cup.	Sarah also asked for snack.
neutral	Bottle and cup lie on table. George asked for bottle.	George also asked for cup.
neutral	Phone and cup lie on table. Ed asked for phone.	Ed also asked for cup.
neutral	Pitcher and phone lie on table. Charlie asked for pitcher.	Charlie also asked for phone.
neutral	Serviette and coaster lie on table. Katie asked for serviette.	Katie also asked for coaster.
neutral	Pitcher and bottle lie on table. Evelyn asked for pitcher.	Evelyn also asked for bottle.
neutral	Laptop and serviette lie on table. Steve asked for laptop.	Steve also asked for serviette.
neutral	Bowl and coaster lie on table. Richard asked for bowl.	Richard also asked for coaster.
neutral	Eyeliner and food lie on table. Philip asked for eyeliner.	Philip also asked for food.
neutral	Cup and toothpaste lie on table. Edward asked for cup.	Edward also asked for toothpaste.
neutral	Flower pot and fork lie on table. Robert asked for flower pot.	Robert also asked for fork.
neutral	Phone and notebook lie on table. Lynn asked for phone.	Lynn also asked for notebook.
neutral	File and coaster lie on table. Jill asked for file.	Jill also asked for coaster.
neutral	Perfume and phone lie on table. Jim asked for perfume.	Jim also asked for phone.
neutral	Notebook and pin lie on table. Alexander asked for notebook.	Alexander also asked for pin.
neutral	File and pin lie on table. Jonathan asked for file.	Jonathan also asked for pin.
neutral	File and pitcher lie on table. Pamela asked for file.	Pamela also asked for pitcher.
neutral	Food and face wash lie on table. Ron asked for food.	Ron also asked for face wash.
neutral	Eyeliner and snack lie on table. Harriet asked for eyeliner.	Harriet also asked for snack.
neutral	Snack and notebook lie on table. Nicole asked for snack.	Nicole also asked for notebook.
neutral	Bottle and snack lie on table. Lauren asked for bottle.	Lauren also asked for snack.
neutral	Perfume and silverware lie on table. Lawrence asked for perfume.	Lawrence also asked for silverware.
neutral	Laptop and food lie on table. Virginia asked for laptop.	Virginia also asked for food.
neutral	Key and napkin lie on table. Johnny asked for key.	Johnny also asked for napkin.
neutral	Spoon and coaster lie on table. Jennifer asked for spoon.	Jennifer also asked for coaster.
neutral	Key and bottle lie on table. Kathy asked for key.	Kathy also asked for bottle.
neutral	Face wash and silverware lie on table. Sharon asked for face wash.	Sharon also asked for silverware.
neutral	Fork and pin lie on table. Florence asked for fork.	Florence also asked for pin.
neutral	Toothbrush and bowl lie on table. Jerry asked for toothbrush.	Jerry also asked for bowl.
neutral	Mousepad and flower pot lie on table. Sue asked for mousepad.	Sue also asked for flower pot.
neutral	Fork and glass lie on table. Steven asked for fork.	Steven also asked for glass.
neutral	Phone and bottle lie on table. Virginia asked for phone.	Virginia also asked for bottle.
neutral	Bottle and cup lie on table. Rebecca asked for bottle.	Rebecca also asked for cup.
neutral	Napkin and cookie lie on table. Tim asked for napkin.	Tim also asked for cookie.
neutral	Face wash and serviette lie on table. Tom asked for face wash.	Tom also asked for serviette.
neutral	Book and spoon lie on table. Paul asked for book.	Paul also asked for spoon.
neutral	Perfume and cup lie on table. Kenneth asked for perfume.	Kenneth also asked for cup.
neutral	Plate and glass lie on table. Amanda asked for plate.	Amanda also asked for glass.
neutral	Toothpaste and pitcher lie on table. Donald asked for toothpaste.	Donald also asked for pitcher.
neutral	Silverware and snack lie on table. Tom asked for silverware.	Tom also asked for snack.
neutral	Glass and plate lie on table. Ron asked for glass.	Ron also asked for plate.
neutral	Fork and snack lie on table. Donald asked for fork.	Donald also asked for snack.
neutral	Cup and snack lie on table. Jim asked for cup.	Jim also asked for snack.
neutral	Knife and glass lie on table. Ken asked for knife.	Ken also asked for glass.
neutral	Coaster and book lie on table. Ruth asked for coaster.	Ruth also asked for book.
neutral	Cup and eyeliner lie on table. Nick asked for cup.	Nick also asked for eyeliner.
neutral	Face wash and eyeliner lie on table. Ann asked for face wash.	Ann also asked for eyeliner.
neutral	Cookie and knife lie on table. Jonathan asked for cookie.	Jonathan also asked for knife.
neutral	File and bowl lie on table. Kate asked for file.	Kate also asked for bowl.
neutral	Toothpaste and toothbrush lie on table. Harry asked for toothpaste.	Harry also asked for toothbrush.
neutral	Pin and laptop lie on table. Rose asked for pin.	Rose also asked for laptop.
neutral	Coaster and knife lie on table. Joe asked for coaster.	Joe also asked for knife.
neutral	Pin and fork lie on table. Robert asked for pin.	Robert also asked for fork.
neutral	Spoon and perfume lie on table. Adam asked for spoon.	Adam also asked for perfume.
neutral	Eyeliner and spoon lie on table. Jeff asked for eyeliner.	Jeff also asked for spoon.
neutral	Napkin and eyeliner lie on table. Dan asked for napkin.	Dan also asked for eyeliner.
neutral	Pin and phone lie on table. Harold asked for pin.	Harold also asked for phone.
neutral	Key and food lie on table. Simon asked for key.	Simon also asked for food.
neutral	Plate and flower pot lie on table. Steve asked for plate.	Steve also asked for flower pot.
neutral	Spoon and plate lie on table. Elaine asked for spoon.	Elaine also asked for plate.
neutral	Spoon and fork lie on table. Bobby asked for spoon.	Bobby also asked for fork.
neutral	Face wash and toothbrush lie on table. Patricia asked for face wash.	Patricia also asked for toothbrush.
neutral	Plate and face wash lie on table. William asked for plate.	William also asked for face wash.
neutral	Cup and notebook lie on table. Judith asked for cup.	Judith also asked for notebook.
neutral	Spoon and phone lie on table. Matt asked for spoon.	Matt also asked for phone.
neutral	Perfume and toothpaste lie on table. Tony asked for perfume.	Tony also asked for toothpaste.
neutral	Spoon and bowl lie on table. Harry asked for spoon.	Harry also asked for bowl.
neutral	Serviette and napkin lie on table. Fiona asked for serviette.	Fiona also asked for napkin.
neutral	Book and bowl lie on table. Judith asked for book.	Judith also asked for bowl.
neutral	File and face wash lie on table. Wendy asked for file.	Wendy also asked for face wash.
neutral	Toothpaste and flower pot lie on table. Susan asked for toothpaste.	Susan also asked for flower pot.
neutral	Toothpaste and silverware lie on table. Ruth asked for toothpaste.	Ruth also asked for silverware.
neutral	Key and toothbrush lie on table. Emma asked for key.	Emma also asked for toothbrush.
neutral	Cookie and face wash lie on table. Bruce asked for cookie.	Bruce also asked for face wash.
neutral	Fork and book lie on table. Jack asked for fork.	Jack also asked for book.
neutral	Laptop and snack lie on table. Eric asked for laptop.	Eric also asked for snack.
neutral	Food and pin lie on table. Donald asked for food.	Donald also asked for pin.
neutral	Toothpaste and bowl lie on table. Bobby asked for toothpaste.	Bobby also asked for bowl.
neutral	Snack and mousepad lie on table. Linda asked for snack.	Linda also asked for mousepad.
neutral	Spoon and snack lie on table. Francis asked for spoon.	Francis also asked for snack.
neutral	Notebook and bowl lie on table. Sue asked for notebook.	Sue also asked for bowl.
neutral	Food and key lie on table. Ruth asked for food.	Ruth also asked for key.
neutral	Phone and file lie on table. Al asked for phone.	Al also asked for file.
neutral	Glass and face wash lie on table. Deborah asked for glass.	Deborah also asked for face wash.
neutral	Perfume and cup lie on table. Ann asked for perfume.	Ann also asked for cup.
neutral	Cookie and pitcher lie on table. Harry asked for cookie.	Harry also asked for pitcher.
neutral	Phone and spoon lie on table. Ian asked for phone.	Ian also asked for spoon.
neutral	Glass and napkin lie on table. Keith asked for glass.	Keith also asked for napkin.
neutral	Laptop and toothbrush lie on table. Robert asked for laptop.	Robert also asked for toothbrush.
neutral	Spoon and silverware lie on table. Ian asked for spoon.	Ian also asked for silverware.
neutral	Knife and snack lie on table. Brian asked for knife.	Brian also asked for snack.
neutral	Glass and toothbrush lie on table. Rebecca asked for glass.	Rebecca also asked for toothbrush.
neutral	Key and flower pot lie on table. Rachel asked for key.	Rachel also asked for flower pot.
neutral	Cup and file lie on table. Patricia asked for cup.	Patricia also asked for file.
neutral	Snack and food lie on table. Charlie asked for snack.	Charlie also asked for food.
neutral	Bottle and eyeliner lie on table. Virginia asked for bottle.	Virginia also asked for eyeliner.
neutral	Phone and eyeliner lie on table. Thomas asked for phone.	Thomas also asked for eyeliner.
neutral	Pin and cup lie on table. Victoria asked for pin.	Victoria also asked for cup.
neutral	Eyeliner and book lie on table. Ashley asked for eyeliner.	Ashley also asked for book.
neutral	File and coaster lie on table. Kenneth asked for file.	Kenneth also asked for coaster.
neutral	Coaster and notebook lie on table. Gary asked for coaster.	Gary also asked for notebook.
neutral	Napkin and key lie on table. Charlie asked for napkin.	Charlie also asked for key.
neutral	Food and notebook lie on table. Stephen asked for food.	Stephen also asked for notebook.
neutral	Phone and file lie on table. George asked for phone.	George also asked for file.
neutral	Bowl and serviette lie on table. Jill asked for bowl.	Jill also asked for serviette.
neutral	Book and cup lie on table. Walter asked for book.	Walter also asked for cup.
neutral	Book and food lie on table. Stephanie asked for book.	Stephanie also asked for food.
neutral	Fork and phone lie on table. Jimmy asked for fork.	Jimmy also asked for phone.
neutral	Book and silverware lie on table. Chris asked for book.	Chris also asked for silverware.
neutral	Face wash and pitcher lie on table. Diane asked for face wash.	Diane also asked for pitcher.
neutral	Book and toothbrush lie on table. Kevin asked for book.	Kevin also asked for toothbrush.
neutral	Book and notebook lie on table. Karen asked for book.	Karen also asked for notebook.
neutral	Silverware and key lie on table. Diana asked for silverware.	Diana also asked for key.
neutral	Fork and perfume lie on table. Dave asked for fork.	Dave also asked for perfume.
neutral	Eyeliner and silverware lie on table. Andrew asked for eyeliner.	Andrew also asked for silverware.
neutral	Flower pot and pitcher lie on table. Mike asked for flower pot.	Mike also asked for pitcher.
neutral	Plate and notebook lie on table. Katherine asked for plate.	Katherine also asked for notebook.
neutral	Napkin and silverware lie on table. Charlotte asked for napkin.	Charlotte also asked for silverware.
neutral	Spoon and eyeliner lie on table. Linda asked for spoon.	Linda also asked for eyeliner.
neutral	Plate and bowl lie on table. Patricia asked for plate.	Patricia also asked for bowl.
neutral	Face wash and serviette lie on table. Roger asked for face wash.	Roger also asked for serviette.
neutral	Plate and spoon lie on table. Albert asked for plate.	Albert also asked for spoon.
neutral	Notebook and laptop lie on table. Lisa asked for notebook.	Lisa also asked for laptop.
neutral	Cookie and toothbrush lie on table. Stephanie asked for cookie.	Stephanie also asked for toothbrush.
neutral	Pitcher and perfume lie on table. Jack asked for pitcher.	Jack also asked for perfume.
neutral	Bowl and cup lie on table. Rachel asked for bowl.	Rachel also asked for cup.
neutral	Knife and plate lie on table. Keith asked for knife.	Keith also asked for plate.
neutral	Perfume and toothpaste lie on table. Jennifer asked for perfume.	Jennifer also asked for toothpaste.
neutral	Toothpaste and serviette lie on table. Melissa asked for toothpaste.	Melissa also asked for serviette.
neutral	Silverware and food lie on table. Bobby asked for silverware.	Bobby also asked for food.
neutral	Serviette and phone lie on table. Jeff asked for serviette.	Jeff also asked for phone.
neutral	Food and bowl lie on table. Barbara asked for food.	Barbara also asked for bowl.
neutral	Pitcher and snack lie on table. Barbara asked for pitcher.	Barbara also asked for snack.
neutral	Perfume and food lie on table. Annie asked for perfume.	Annie also asked for food.
neutral	Cookie and bottle lie on table. Virginia asked for cookie.	Virginia also asked for bottle.
neutral	Food and bottle lie on table. Brian asked for food.	Brian also asked for bottle.
neutral	Book and laptop lie on table. Amanda asked for book.	Amanda also asked for laptop.
neutral	Bowl and pin lie on table. Eleanor asked for bowl.	Eleanor also asked for pin.
neutral	Eyeliner and glass lie on table. George asked for eyeliner.	George also asked for glass.
neutral	Plate and flower pot lie on table. Andrea asked for plate.	Andrea also asked for flower pot.
neutral	File and spoon lie on table. Emily asked for file.	Emily also asked for spoon.
neutral	Napkin and book lie on table. Bobby asked for napkin.	Bobby also asked for book.
neutral	Phone and bowl lie on table. Elaine asked for phone.	Elaine also asked for bowl.
neutral	Cookie and file lie on table. Nick asked for cookie.	Nick also asked for file.
neutral	Laptop and flower pot lie on table. Ruth asked for laptop.	Ruth also asked for flower pot.
neutral	Key and glass lie on table. Diane asked for key.	Diane also asked for glass.
neutral	Snack and glass lie on table. Francis asked for snack.	Francis also asked for glass.
neutral	Toothpaste and bottle lie on table. David asked for toothpaste.	David also asked for bottle.
neutral	Spoon and snack lie on table. Larry asked for spoon.	Larry also asked for snack.
neutral	Food and pin lie on table. Roger asked for food.	Roger also asked for pin.
neutral	Cookie and coaster lie on table. Richard asked for cookie.	Richard also asked for coaster.
neutral	Coaster and toothpaste lie on table. Jonathan asked for coaster.	Jonathan also asked for toothpaste.
neutral	Cookie and fork lie on table. Diane asked for cookie.	Diane also asked for fork.
neutral	Cup and face wash lie on table. Martha asked for cup.	Martha also asked for face wash.
neutral	Coaster and bowl lie on table. Joseph asked for coaster.	Joseph also asked for bowl.
neutral	Phone and food lie on table. Edith asked for phone.	Edith also asked for food.
neutral	Plate and file lie on table. Alison asked for plate.	Alison also asked for file.
neutral	Book and toothpaste lie on table. Bruce asked for book.	Bruce also asked for toothpaste.
neutral	Mousepad and coaster lie on table. Adam asked for mousepad.	Adam also asked for coaster.
neutral	Glass and laptop lie on table. Roy asked for glass.	Roy also asked for laptop.
neutral	Pin and book lie on table. Rose asked for pin.	Rose also asked for book.
neutral	Glass and silverware lie on table. Katie asked for glass.	Katie also asked for silverware.
neutral	Pin and cup lie on table. Wendy asked for pin.	Wendy also asked for cup.
neutral	Fork and serviette lie on table. Judy asked for fork.	Judy also asked for serviette.
neutral	Face wash and pitcher lie on table. Judy asked for face wash.	Judy also asked for pitcher.
neutral	Book and notebook lie on table. Caroline asked for book.	Caroline also asked for notebook.
neutral	Perfume and coaster lie on table. Harriet asked for perfume.	Harriet also asked for coaster.
neutral	Face wash and phone lie on table. Katherine asked for face wash.	Katherine also asked for phone.
neutral	Phone and cup lie on table. Dorothy asked for phone.	Dorothy also asked for cup.
neutral	Food and notebook lie on table. Lauren asked for food.	Lauren also asked for notebook.
neutral	Cookie and flower pot lie on table. Carl asked for cookie.	Carl also asked for flower pot.
neutral	Laptop and cup lie on table. Leslie asked for laptop.	Leslie also asked for cup.
neutral	Bottle and notebook lie on table. Jack asked for bottle.	Jack also asked for notebook.
neutral	Pin and toothbrush lie on table. Ron asked for pin.	Ron also asked for toothbrush.
neutral	Glass and cup lie on table. Judith asked for glass.	Judith also asked for cup.
neutral	Key and spoon lie on table. Johnny asked for key.	Johnny also asked for spoon.
neutral	Notebook and silverware lie on table. Kevin asked for notebook.	Kevin also asked for silverware.
neutral	Mousepad and face wash lie on table. Kelly asked for mousepad.	Kelly also asked for face wash.
neutral	Toothbrush and toothpaste lie on table. Benjamin asked for toothbrush.	Benjamin also asked for toothpaste.
