entailment	Bruce is meddlesome and pensive.	Bruce is meddlesome. Bruce is pensive.
entailment	Billy is careless and hysterical.	Billy is careless. Billy is hysterical.
entailment	Ron is amiable and candid.	Ron is amiable. Ron is candid.
entailment	Karen is affectionate and composed.	Karen is affectionate. Karen is composed.
entailment	Ken is condescending and imaginative.	Ken is condescending. Ken is imaginative.
entailment	Suzanne is strong and artificial.	Suzanne is strong. Suzanne is artificial.
entailment	Edith is brilliant and cordial.	Edith is brilliant. Edith is cordial.
entailment	Bruce is vigilant and curious.	Bruce is vigilant. Bruce is curious.
entailment	Alexander is well-rounded and unpleasant.	Alexander is well-rounded. Alexander is unpleasant.
entailment	Ann is cantankerous and slow.	Ann is cantankerous. Ann is slow.
entailment	Susan is crafty and uncertain.	Susan is crafty. Susan is uncertain.
entailment	Edward is apprehensive and demure.	Edward is apprehensive. Edward is demure.
entailment	Ed is fastidious and intelligent.	Ed is fastidious. Ed is intelligent.
entailment	Sophie is unstable and imperturbable.	Sophie is unstable. Sophie is imperturbable.
entailment	Chris is maternal and cheerful.	Chris is maternal. Chris is cheerful.
entailment	George is weak and impulsive.	George is weak. George is impulsive.
entailment	Ray is leery and unbalanced.	Ray is leery. Ray is unbalanced.
entailment	Suzanne is quarrelsome and supercilious.	Suzanne is quarrelsome. Suzanne is supercilious.
entailment	Joan is sour and unwilling.	Joan is sour. Joan is unwilling.
entailment	Wendy is uncooperative and stern.	Wendy is uncooperative. Wendy is stern.
entailment	Billy is short-tempered and superficial.	Billy is short-tempered. Billy is superficial.
entailment	Frank is petulant and joyous.	Frank is petulant. Frank is joyous.
entailment	Matthew is inexperienced and cynical.	Matthew is inexperienced. Matthew is cynical.
entailment	Stephanie is alert and fabulous.	Stephanie is alert. Stephanie is fabulous.
entailment	Amy is unhelpful and somber.	Amy is unhelpful. Amy is somber.
entailment	Jane is hearty and drugged.	Jane is hearty. Jane is drugged.
entailment	Helen is lean and kind.	Helen is lean. Helen is kind.
entailment	Eric is sentimental and numb.	Eric is sentimental. Eric is numb.
entailment	Katherine is charming and respectful.	Katherine is charming. Katherine is respectful.
entailment	Al is boisterous and practical.	Al is boisterous. Al is practical.
entailment	Lauren is angelic and somber.	Lauren is angelic. Lauren is somber.
entailment	Caroline is sullen and soulless.	Caroline is sullen. Caroline is soulless.
entailment	Janet is grouchy and impatient.	Janet is grouchy. Janet is impatient.
entailment	Carl is delightful and diligent.	Carl is delightful. Carl is diligent.
entailment	James is sober and good.	James is sober. James is good.
entailment	Joseph is logical and clean.	Joseph is logical. Joseph is clean.
entailment	John is somber and sedate.	John is somber. John is sedate.
entailment	Kelly is inventive and snobby.	Kelly is inventive. Kelly is snobby.
entailment	Nick is nosy and naive.	Nick is nosy. Nick is naive.
entailment	Harold is impulsive and fussy.	Harold is impulsive. Harold is fussy.
entailment	Adam is stoic and soulful.	Adam is stoic. Adam is soulful.
entailment	Michelle is superficial and egotistical.	Michelle is superficial. Michelle is egotistical.
entailment	Louise is angelic and critical.	Louise is angelic. Louise is critical.
entailment	George is shy and flashy.	George is shy. George is flashy.
entailment	Catherine is childlike and dependent.	Catherine is childlike. Catherine is dependent.
entailment	Lauren is dull and brave.	Lauren is dull. Lauren is brave.
entailment	Joe is bright and tranquil.	Joe is bright. Joe is tranquil.
entailment	Walter is level-headed and sleepy.	Walter is level-headed. Walter is sleepy.
entailment	Samuel is caustic and surly.	Samuel is caustic. Samuel is surly.
entailment	Diane is supercilious and well-developed.	Diane is supercilious. Diane is well-developed.
entailment	Evelyn is negative and lethargic.	Evelyn is negative. Evelyn is lethargic.
entailment	Pamela is gluttonous and lame.	Pamela is gluttonous. Pamela is lame.
entailment	Robin is logical and keen.	Robin is logical. Robin is keen.
entailment	Samuel is unguarded and prudent.	Samuel is unguarded. Samuel is prudent.
entailment	Michael is callous and impetuous.	Michael is callous. Michael is impetuous.
entailment	Martha is steady and tranquil.	Martha is steady. Martha is tranquil.
entailment	Helen is enterprising and impetuous.	Helen is enterprising. Helen is impetuous.
entailment	Lawrence is naive and sedate.	Lawrence is naive. Lawrence is sedate.
entailment	Matt is level-headed and proficient.	Matt is level-headed. Matt is proficient.
entailment	Joan is unfriendly and able.	Joan is unfriendly. Joan is able.
entailment	Sharon is mature and sharp.	Sharon is mature. Sharon is sharp.
entailment	Richard is staid and ostentatious.	Richard is staid. Richard is ostentatious.
entailment	Pamela is serene and suspicious.	Pamela is serene. Pamela is suspicious.
entailment	Edward is enterprising and sedate.	Edward is enterprising. Edward is sedate.
entailment	Ben is egotistical and boisterous.	Ben is egotistical. Ben is boisterous.
entailment	Joseph is cautious and sober.	Joseph is cautious. Joseph is sober.
entailment	Johnny is sad and sturdy.	Johnny is sad. Johnny is sturdy.
entailment	Ken is immodest and noisy.	Ken is immodest. Ken is noisy.
entailment	Lucy is tranquil and lame.	Lucy is tranquil. Lucy is lame.
entailment	Martha is below average and unpleasant.	Martha is below average. Martha is unpleasant.
entailment	Robin is lovable and sullen.	Robin is lovable. Robin is sullen.
entailment	Kate is warm and keen.	Kate is warm. Kate is keen.
entailment	Kathleen is average and lean.	Kathleen is average. Kathleen is lean.
entailment	Adam is lame and boisterous.	Adam is lame. Adam is boisterous.
entailment	Andrew is inventive and unaffected.	Andrew is inventive. Andrew is unaffected.
entailment	Roger is careless and resigned.	Roger is careless. Roger is resigned.
entailment	Frederick is lethargic and impressive.	Frederick is lethargic. Frederick is impressive.
entailment	Tim is adventurous and love-lorn.	Tim is adventurous. Tim is love-lorn.
entailment	Simon is warm and cooperative.	Simon is warm. Simon is cooperative.
entailment	Virginia is brilliant and sharp.	Virginia is brilliant. Virginia is sharp.
entailment	Victoria is warm and lovely.	Victoria is warm. Victoria is lovely.
entailment	Florence is sensible and circumspect.	Florence is sensible. Florence is circumspect.
entailment	Jill is quick-tempered and suspicious.	Jill is quick-tempered. Jill is suspicious.
entailment	Anthony is sophisticated and well-behaved.	Anthony is sophisticated. Anthony is well-behaved.
entailment	Adam is caustic and unsophisticated.	Adam is caustic. Adam is unsophisticated.
entailment	James is cool-headed and subtle.	James is cool-headed. James is subtle.
entailment	Greg is gluttonous and stern.	Greg is gluttonous. Greg is stern.
entailment	Virginia is resigned and soulful.	Virginia is resigned. Virginia is soulful.
entailment	Frederick is somber and revered.	Frederick is somber. Frederick is revered.
entailment	Claire is indefatigable and local.	Claire is indefatigable. Claire is local.
entailment	Betty is frank and lame.	Betty is frank. Betty is lame.
entailment	Ian is amazing and drowsy.	Ian is amazing. Ian is drowsy.
entailment	Bob is churlish and quiet.	Bob is churlish. Bob is quiet.
entailment	Peter is persevering and awful.	Peter is persevering. Peter is awful.
entailment	Victoria is maternal and resigned.	Victoria is maternal. Victoria is resigned.
entailment	Ron is inactive and nasty.	Ron is inactive. Ron is nasty.
entailment	Stephanie is pleasant and frank.	Stephanie is pleasant. Stephanie is frank.
entailment	Bruce is generous and agile.	Bruce is generous. Bruce is agile.
entailment	Helen is intolerant and considerate.	Helen is intolerant. Helen is considerate.
entailment	Karen is quick and grave.	Karen is quick. Karen is grave.
entailment	Sam is versatile and churlish.	Sam is versatile. Sam is churlish.
entailment	Francis is sullen and sloppy.	Francis is sullen. Francis is sloppy.
entailment	Laura is quarrelsome and zealous.	Laura is quarrelsome. Laura is zealous.
entailment	Leslie is orderly and coherent.	Leslie is orderly. Leslie is coherent.
entailment	Jack is self-assured and polite.	Jack is self-assured. Jack is polite.
entailment	Anne is industrious and disruptive.	Anne is industrious. Anne is disruptive.
entailment	Janet is inconsiderate and crabby.	Janet is inconsiderate. Janet is crabby.
entailment	Barbara is confident and well-intentioned.	Barbara is confident. Barbara is well-intentioned.
entailment	Janet is petulant and spirited.	Janet is petulant. Janet is spirited.
entailment	Tony is ugly and vulnerable.	Tony is ugly. Tony is vulnerable.
entailment	Barbara is discerning and listless.	Barbara is discerning. Barbara is listless.
entailment	Patrick is fervent and somber.	Patrick is fervent. Patrick is somber.
entailment	Sara is amiable and inspiring.	Sara is amiable. Sara is inspiring.
entailment	Thomas is clean and enthusiastic.	Thomas is clean. Thomas is enthusiastic.
entailment	Martha is warmhearted and stoic.	Martha is warmhearted. Martha is stoic.
entailment	Amy is provocative and unguarded.	Amy is provocative. Amy is unguarded.
entailment	Ruth is indolent and cooperative.	Ruth is indolent. Ruth is cooperative.
entailment	Lawrence is average and independent.	Lawrence is average. Lawrence is independent.
entailment	Judy is hearty and saucy.	Judy is hearty. Judy is saucy.
entailment	Donald is decisive and reliable.	Donald is decisive. Donald is reliable.
entailment	Carl is attentive and groggy.	Carl is attentive. Carl is groggy.
entailment	Emily is stable and prejudiced.	Emily is stable. Emily is prejudiced.
entailment	Julie is well-developed and sloppy.	Julie is well-developed. Julie is sloppy.
entailment	Fred is inconsiderate and sensible.	Fred is inconsiderate. Fred is sensible.
entailment	Edith is grouchy and meticulous.	Edith is grouchy. Edith is meticulous.
entailment	Jim is dependent and deep.	Jim is dependent. Jim is deep.
entailment	Kathy is clumsy and timid.	Kathy is clumsy. Kathy is timid.
entailment	Mary is judgmental and vigilant.	Mary is judgmental. Mary is vigilant.
entailment	Nick is great and clean.	Nick is great. Nick is clean.
entailment	Patrick is meddlesome and irritating.	Patrick is meddlesome. Patrick is irritating.
entailment	Andrea is willing and crafty.	Andrea is willing. Andrea is crafty.
entailment	Edith is negative and unbalanced.	Edith is negative. Edith is unbalanced.
entailment	Ruth is lame and sneering.	Ruth is lame. Ruth is sneering.
entailment	Rebecca is wonderful and undependable.	Rebecca is wonderful. Rebecca is undependable.
entailment	Alison is lame and crafty.	Alison is lame. Alison is crafty.
entailment	Louise is childlike and gluttonous.	Louise is childlike. Louise is gluttonous.
entailment	Stephen is friendly and chic.	Stephen is friendly. Stephen is chic.
entailment	Louis is friendly and candid.	Louis is friendly. Louis is candid.
entailment	Andrea is cruel and amiable.	Andrea is cruel. Andrea is amiable.
entailment	Julie is diligent and spiteful.	Julie is diligent. Julie is spiteful.
entailment	Ken is amazing and artistic.	Ken is amazing. Ken is artistic.
entailment	Andrew is tolerant and unthinking.	Andrew is tolerant. Andrew is unthinking.
entailment	John is motivated and even-tempered.	John is motivated. John is even-tempered.
entailment	Elaine is nervous and shy.	Elaine is nervous. Elaine is shy.
entailment	Barbara is dirty and playful.	Barbara is dirty. Barbara is playful.
entailment	Frances is smart and gluttonous.	Frances is smart. Frances is gluttonous.
entailment	Howard is picky and stern.	Howard is picky. Howard is stern.
entailment	Katie is beneficent and hypercritical.	Katie is beneficent. Katie is hypercritical.
entailment	Donald is mercurial and obliging.	Donald is mercurial. Donald is obliging.
entailment	Louise is quick and cold.	Louise is quick. Louise is cold.
entailment	Nicole is silly and demonic.	Nicole is silly. Nicole is demonic.
entailment	Linda is indefatigable and inexperienced.	Linda is indefatigable. Linda is inexperienced.
entailment	Diane is joyous and disruptive.	Diane is joyous. Diane is disruptive.
entailment	Ryan is lithe and ugly.	Ryan is lithe. Ryan is ugly.
entailment	Donald is grave and earnest.	Donald is grave. Donald is earnest.
entailment	Anthony is sturdy and watchful.	Anthony is sturdy. Anthony is watchful.
entailment	Alan is abnormal and cowardly.	Alan is abnormal. Alan is cowardly.
entailment	Lisa is tired and unsure.	Lisa is tired. Lisa is unsure.
entailment	Bruce is passionate and tactless.	Bruce is passionate. Bruce is tactless.
entailment	Joan is slow and insensitive.	Joan is slow. Joan is insensitive.
entailment	Larry is clumsy and cautious.	Larry is clumsy. Larry is cautious.
entailment	Carol is dutiful and wonderful.	Carol is dutiful. Carol is wonderful.
entailment	Dick is incisive and sturdy.	Dick is incisive. Dick is sturdy.
entailment	Lisa is fiery and enthusiastic.	Lisa is fiery. Lisa is enthusiastic.
entailment	Martin is moronic and restless.	Martin is moronic. Martin is restless.
entailment	Ian is ridiculous and modest.	Ian is ridiculous. Ian is modest.
entailment	Rebecca is discreet and cool.	Rebecca is discreet. Rebecca is cool.
entailment	Donna is imaginative and fastidious.	Donna is imaginative. Donna is fastidious.
entailment	Sandra is hesitant and irritating.	Sandra is hesitant. Sandra is irritating.
entailment	William is plain and sweet.	William is plain. William is sweet.
entailment	Michelle is amazing and demure.	Michelle is amazing. Michelle is demure.
entailment	Annie is orderly and pleasant.	Annie is orderly. Annie is pleasant.
entailment	Michael is indefatigable and dramatic.	Michael is indefatigable. Michael is dramatic.
entailment	Melissa is well-behaved and indefatigable.	Melissa is well-behaved. Melissa is indefatigable.
entailment	Rebecca is flaky and cheerful.	Rebecca is flaky. Rebecca is cheerful.
entailment	Ben is pensive and dull.	Ben is pensive. Ben is dull.
entailment	Kathryn is undependable and revered.	Kathryn is undependable. Kathryn is revered.
entailment	Dorothy is elfin and tired.	Dorothy is elfin. Dorothy is tired.
entailment	Carl is realistic and unimaginative.	Carl is realistic. Carl is unimaginative.
entailment	Fred is efficient and sensible.	Fred is efficient. Fred is sensible.
entailment	Nicole is decisive and sad.	Nicole is decisive. Nicole is sad.
entailment	Albert is plain-speaking and spiteful.	Albert is plain-speaking. Albert is spiteful.
entailment	Kevin is energetic and willing.	Kevin is energetic. Kevin is willing.
entailment	Kenneth is slothful and passive.	Kenneth is slothful. Kenneth is passive.
entailment	Karen is normal and keen.	Karen is normal. Karen is keen.
entailment	Carl is pleasant and ridiculous.	Carl is pleasant. Carl is ridiculous.
entailment	Barbara is morose and emotional.	Barbara is morose. Barbara is emotional.
entailment	Edwin is flashy and above average.	Edwin is flashy. Edwin is above average.
entailment	Ruth is reclusive and querulous.	Ruth is reclusive. Ruth is querulous.
entailment	Fiona is passive and spiteful.	Fiona is passive. Fiona is spiteful.
entailment	Edward is persevering and excellent.	Edward is persevering. Edward is excellent.
entailment	Ray is spirited and unreliable.	Ray is spirited. Ray is unreliable.
entailment	Lucy is provocative and sullen.	Lucy is provocative. Lucy is sullen.
entailment	Louise is mercurial and thoughtful.	Louise is mercurial. Louise is thoughtful.
entailment	Gary is warm and indiscreet.	Gary is warm. Gary is indiscreet.
entailment	Anna is inconsiderate and emotional.	Anna is inconsiderate. Anna is emotional.
entailment	Claire is apathetic and meddlesome.	Claire is apathetic. Claire is meddlesome.
entailment	Tim is logical and clean.	Tim is logical. Tim is clean.
entailment	Janet is angelic and uncertain.	Janet is angelic. Janet is uncertain.
entailment	Lauren is discerning and fastidious.	Lauren is discerning. Lauren is fastidious.
entailment	Rose is smart and kind.	Rose is smart. Rose is kind.
entailment	Colin is warmhearted and natural.	Colin is warmhearted. Colin is natural.
entailment	Andrea is energetic and great.	Andrea is energetic. Andrea is great.
entailment	Carol is playful and talented.	Carol is playful. Carol is talented.
entailment	Nancy is gloomy and dull.	Nancy is gloomy. Nancy is dull.
entailment	Eric is unpopular and thoughtless.	Eric is unpopular. Eric is thoughtless.
entailment	Jerry is efficient and conceited.	Jerry is efficient. Jerry is conceited.
entailment	Billy is impatient and impressionable.	Billy is impatient. Billy is impressionable.
entailment	Charles is staid and realistic.	Charles is staid. Charles is realistic.
entailment	Walter is obnoxious and great.	Walter is obnoxious. Walter is great.
entailment	Alan is conceited and short-tempered.	Alan is conceited. Alan is short-tempered.
entailment	Evelyn is obliging and persevering.	Evelyn is obliging. Evelyn is persevering.
entailment	Fiona is civil and funny.	Fiona is civil. Fiona is funny.
entailment	Jean is serene and sulky.	Jean is serene. Jean is sulky.
entailment	Alex is above average and thoughtful.	Alex is above average. Alex is thoughtful.
entailment	Ron is unthinking and even-tempered.	Ron is unthinking. Ron is even-tempered.
entailment	Mike is cynical and awesome.	Mike is cynical. Mike is awesome.
entailment	Jay is indolent and cooperative.	Jay is indolent. Jay is cooperative.
entailment	Carolyn is cordial and level-headed.	Carolyn is cordial. Carolyn is level-headed.
entailment	Leslie is unsophisticated and reluctant.	Leslie is unsophisticated. Leslie is reluctant.
entailment	Mike is ugly and self-assured.	Mike is ugly. Mike is self-assured.
entailment	Fred is sloppy and steady.	Fred is sloppy. Fred is steady.
entailment	Suzanne is lame and cautious.	Suzanne is lame. Suzanne is cautious.
entailment	Fred is stern and obliging.	Fred is stern. Fred is obliging.
entailment	Simon is respectful and joyous.	Simon is respectful. Simon is joyous.
entailment	Nancy is lethargic and selfish.	Nancy is lethargic. Nancy is selfish.
entailment	Albert is inconsiderate and dirty.	Albert is inconsiderate. Albert is dirty.
entailment	Rebecca is generous and spiteful.	Rebecca is generous. Rebecca is spiteful.
entailment	David is deft and responsible.	David is deft. David is responsible.
entailment	Deborah is plucky and agile.	Deborah is plucky. Deborah is agile.
entailment	Amy is realistic and reclusive.	Amy is realistic. Amy is reclusive.
entailment	Sandra is sedate and demure.	Sandra is sedate. Sandra is demure.
entailment	Janet is proud and quiet.	Janet is proud. Janet is quiet.
entailment	Carl is energetic and quick.	Carl is energetic. Carl is quick.
entailment	Simon is distant and well-behaved.	Simon is distant. Simon is well-behaved.
entailment	David is spirited and one-sided.	David is spirited. David is one-sided.
entailment	Joseph is normal and irascible.	Joseph is normal. Joseph is irascible.
entailment	Suzanne is ambitious and confident.	Suzanne is ambitious. Suzanne is confident.
entailment	Ken is distant and impressionable.	Ken is distant. Ken is impressionable.
entailment	Ryan is stupid and insensitive.	Ryan is stupid. Ryan is insensitive.
entailment	Charlotte is reliable and funny.	Charlotte is reliable. Charlotte is funny.
entailment	Charlotte is keen and dramatic.	Charlotte is keen. Charlotte is dramatic.
entailment	Thomas is versatile and paternal.	Thomas is versatile. Thomas is paternal.
entailment	Robert is sober and dull.	Robert is sober. Robert is dull.
entailment	Ryan is attentive and slight.	Ryan is attentive. Ryan is slight.
entailment	Jill is circumspect and well-respected.	Jill is circumspect. Jill is well-respected.
entailment	Kelly is easy-going and serene.	Kelly is easy-going. Kelly is serene.
entailment	Lisa is slovenly and vigilant.	Lisa is slovenly. Lisa is vigilant.
entailment	Henry is critical and quick.	Henry is critical. Henry is quick.
entailment	Tim is considerate and staid.	Tim is considerate. Tim is staid.
entailment	Simon is maternal and sweet.	Simon is maternal. Simon is sweet.
entailment	Alexandra is caustic and courageous.	Alexandra is caustic. Alexandra is courageous.
entailment	Cynthia is excitable and talented.	Cynthia is excitable. Cynthia is talented.
entailment	Lawrence is impractical and pretty.	Lawrence is impractical. Lawrence is pretty.
entailment	Brian is devoted and querulous.	Brian is devoted. Brian is querulous.
entailment	Sophie is sweet and punctual.	Sophie is sweet. Sophie is punctual.
entailment	Emily is sullen and distant.	Emily is sullen. Emily is distant.
entailment	Fiona is devoted and one-sided.	Fiona is devoted. Fiona is one-sided.
entailment	Ben is quiet and crafty.	Ben is quiet. Ben is crafty.
entailment	Philip is reserved and beneficent.	Philip is reserved. Philip is beneficent.
entailment	Charlie is spirited and quarrelsome.	Charlie is spirited. Charlie is quarrelsome.
entailment	Al is pensive and timid.	Al is pensive. Al is timid.
entailment	Samuel is gentle and talented.	Samuel is gentle. Samuel is talented.
entailment	Emma is quick-tempered and courageous.	Emma is quick-tempered. Emma is courageous.
entailment	Nancy is plain and well-rounded.	Nancy is plain. Nancy is well-rounded.
entailment	Lisa is natural and unpopular.	Lisa is natural. Lisa is unpopular.
entailment	Christopher is superficial and provocative.	Christopher is superficial. Christopher is provocative.
entailment	Lisa is excitable and fiery.	Lisa is excitable. Lisa is fiery.
entailment	Donna is unsure and fervent.	Donna is unsure. Donna is fervent.
entailment	Billy is cowardly and clean.	Billy is cowardly. Billy is clean.
entailment	Kelly is local and confident.	Kelly is local. Kelly is confident.
entailment	Alice is ardent and lovable.	Alice is ardent. Alice is lovable.
entailment	Sally is average and unguarded.	Sally is average. Sally is unguarded.
entailment	Mark is boisterous and vigilant.	Mark is boisterous. Mark is vigilant.
entailment	Adam is ambitious and amiable.	Adam is ambitious. Adam is amiable.
entailment	Jonathan is one-sided and plucky.	Jonathan is one-sided. Jonathan is plucky.
entailment	Deborah is boisterous and serene.	Deborah is boisterous. Deborah is serene.
entailment	Grace is distraught and elfin.	Grace is distraught. Grace is elfin.
entailment	John is industrious and hearty.	John is industrious. John is hearty.
entailment	Charles is efficient and gentle.	Charles is efficient. Charles is gentle.
entailment	Sarah is deep and delightful.	Sarah is deep. Sarah is delightful.
entailment	Harold is prudent and negative.	Harold is prudent. Harold is negative.
entailment	Keith is able and self-assured.	Keith is able. Keith is self-assured.
entailment	Tony is energetic and flaky.	Tony is energetic. Tony is flaky.
entailment	Kate is plucky and intelligent.	Kate is plucky. Kate is intelligent.
entailment	Ellen is cantankerous and paternalistic.	Ellen is cantankerous. Ellen is paternalistic.
entailment	Rose is brilliant and attentive.	Rose is brilliant. Rose is attentive.
entailment	Billy is well-intentioned and cruel.	Billy is well-intentioned. Billy is cruel.
entailment	Harold is average and lazy.	Harold is average. Harold is lazy.
entailment	Anne is childlike and flaky.	Anne is childlike. Anne is flaky.
entailment	Kathleen is eager and assertive.	Kathleen is eager. Kathleen is assertive.
entailment	Matt is normal and incompetent.	Matt is normal. Matt is incompetent.
entailment	Alex is unemotional and dull.	Alex is unemotional. Alex is dull.
entailment	Margaret is sullen and inactive.	Margaret is sullen. Margaret is inactive.
entailment	Amanda is lovely and quarrelsome.	Amanda is lovely. Amanda is quarrelsome.
entailment	Kate is deft and mean.	Kate is deft. Kate is mean.
entailment	Stephanie is strong and cheerful.	Stephanie is strong. Stephanie is cheerful.
entailment	Samuel is respectful and unmotivated.	Samuel is respectful. Samuel is unmotivated.
entailment	Martha is excitable and maternal.	Martha is excitable. Martha is maternal.
entailment	Andrew is bright and indiscreet.	Andrew is bright. Andrew is indiscreet.
entailment	Wendy is snazzy and unguarded.	Wendy is snazzy. Wendy is unguarded.
entailment	James is sassy and inexperienced.	James is sassy. James is inexperienced.
entailment	Gary is distant and hypercritical.	Gary is distant. Gary is hypercritical.
entailment	Larry is snobby and disruptive.	Larry is snobby. Larry is disruptive.
entailment	Mike is selfish and prejudiced.	Mike is selfish. Mike is prejudiced.
entailment	Henry is average and ferocious.	Henry is average. Henry is ferocious.
entailment	Colin is curious and clean.	Colin is curious. Colin is clean.
entailment	Albert is eager and decisive.	Albert is eager. Albert is decisive.
entailment	David is provocative and musical.	David is provocative. David is musical.
entailment	Henry is earnest and drowsy.	Henry is earnest. Henry is drowsy.
entailment	Alex is caustic and distant.	Alex is caustic. Alex is distant.
entailment	Sam is maternal and immature.	Sam is maternal. Sam is immature.
entailment	Martin is leery and confident.	Martin is leery. Martin is confident.
entailment	Roger is confused and fussy.	Roger is confused. Roger is fussy.
entailment	Paul is suspicious and deep.	Paul is suspicious. Paul is deep.
entailment	Louis is powerful and snazzy.	Louis is powerful. Louis is snazzy.
entailment	Ralph is maternal and polite.	Ralph is maternal. Ralph is polite.
entailment	Sally is unemotional and pretty.	Sally is unemotional. Sally is pretty.
entailment	Steve is proficient and confused.	Steve is proficient. Steve is confused.
entailment	Lisa is inconsiderate and distraught.	Lisa is inconsiderate. Lisa is distraught.
entailment	Harold is tranquil and positive.	Harold is tranquil. Harold is positive.
entailment	Donald is proud and keen.	Donald is proud. Donald is keen.
entailment	Greg is good and amazing.	Greg is good. Greg is amazing.
entailment	Kathy is local and sullen.	Kathy is local. Kathy is sullen.
entailment	Matt is jovial and timid.	Matt is jovial. Matt is timid.
entailment	Jeff is willing and meddlesome.	Jeff is willing. Jeff is meddlesome.
entailment	Brian is willing and affectionate.	Brian is willing. Brian is affectionate.
entailment	Alan is naive and alert.	Alan is naive. Alan is alert.
entailment	Anne is reliable and inspiring.	Anne is reliable. Anne is inspiring.
entailment	Rebecca is analytical and modest.	Rebecca is analytical. Rebecca is modest.
entailment	Ellen is inspiring and imaginative.	Ellen is inspiring. Ellen is imaginative.
entailment	Kevin is adventurous and petulant.	Kevin is adventurous. Kevin is petulant.
entailment	Stephen is crabby and dreary.	Stephen is crabby. Stephen is dreary.
entailment	Matthew is reclusive and slothful.	Matthew is reclusive. Matthew is slothful.
entailment	Caroline is able and ostentatious.	Caroline is able. Caroline is ostentatious.
entailment	Frank is meticulous and outspoken.	Frank is meticulous. Frank is outspoken.
entailment	Alfred is chic and frank.	Alfred is chic. Alfred is frank.
entailment	Kate is elfin and careful.	Kate is elfin. Kate is careful.
entailment	Mike is excitable and peevish.	Mike is excitable. Mike is peevish.
entailment	Lisa is clumsy and condescending.	Lisa is clumsy. Lisa is condescending.
entailment	Frances is unguarded and tolerant.	Frances is unguarded. Frances is tolerant.
entailment	Joan is sober and disruptive.	Joan is sober. Joan is disruptive.
entailment	Julie is grouchy and distraught.	Julie is grouchy. Julie is distraught.
entailment	Emma is naive and impressive.	Emma is naive. Emma is impressive.
entailment	Eric is sloppy and awful.	Eric is sloppy. Eric is awful.
entailment	Jessica is careful and dutiful.	Jessica is careful. Jessica is dutiful.
entailment	Suzanne is logical and spiteful.	Suzanne is logical. Suzanne is spiteful.
entailment	Jack is irritating and below average.	Jack is irritating. Jack is below average.
entailment	Deborah is dull and direct.	Deborah is dull. Deborah is direct.
entailment	Janet is hypercritical and fastidious.	Janet is hypercritical. Janet is fastidious.
entailment	Bill is unstable and soulful.	Bill is unstable. Bill is soulful.
entailment	Anthony is subtle and naughty.	Anthony is subtle. Anthony is naughty.
entailment	Tim is immodest and devoted.	Tim is immodest. Tim is devoted.
entailment	Dick is logical and quiet.	Dick is logical. Dick is quiet.
entailment	Fred is plain and impressionable.	Fred is plain. Fred is impressionable.
entailment	Roger is sleepy and slovenly.	Roger is sleepy. Roger is slovenly.
entailment	Matthew is sad and hypercritical.	Matthew is sad. Matthew is hypercritical.
entailment	Harry is gentle and superficial.	Harry is gentle. Harry is superficial.
entailment	Howard is snazzy and ambitious.	Howard is snazzy. Howard is ambitious.
entailment	Larry is fastidious and delightful.	Larry is fastidious. Larry is delightful.
entailment	Sam is judgmental and smart.	Sam is judgmental. Sam is smart.
entailment	Bill is unmotivated and distant.	Bill is unmotivated. Bill is distant.
entailment	Ashley is even-tempered and dull.	Ashley is even-tempered. Ashley is dull.
entailment	Ken is disruptive and warm.	Ken is disruptive. Ken is warm.
entailment	Susan is awful and plucky.	Susan is awful. Susan is plucky.
entailment	Jennifer is sensitive and unaffected.	Jennifer is sensitive. Jennifer is unaffected.
entailment	Matt is warmhearted and well-developed.	Matt is warmhearted. Matt is well-developed.
entailment	Bob is drugged and average.	Bob is drugged. Bob is average.
entailment	Emma is demonic and unbalanced.	Emma is demonic. Emma is unbalanced.
entailment	Dick is inexperienced and dutiful.	Dick is inexperienced. Dick is dutiful.
entailment	Judy is unpopular and noisy.	Judy is unpopular. Judy is noisy.
entailment	Frederick is punctual and cantankerous.	Frederick is punctual. Frederick is cantankerous.
entailment	Angela is grave and meticulous.	Angela is grave. Angela is meticulous.
entailment	Rebecca is paternalistic and sleepy.	Rebecca is paternalistic. Rebecca is sleepy.
entailment	Walter is brilliant and great.	Walter is brilliant. Walter is great.
entailment	Howard is impressionable and nosy.	Howard is impressionable. Howard is nosy.
entailment	James is ostentatious and unthinking.	James is ostentatious. James is unthinking.
entailment	Virginia is disagreeable and quiet.	Virginia is disagreeable. Virginia is quiet.
entailment	Benjamin is mean and supercilious.	Benjamin is mean. Benjamin is supercilious.
entailment	Greg is composed and brilliant.	Greg is composed. Greg is brilliant.
entailment	Ashley is churlish and sleepy.	Ashley is churlish. Ashley is sleepy.
entailment	Ian is demure and inconsistent.	Ian is demure. Ian is inconsistent.
entailment	Brian is snobby and querulous.	Brian is snobby. Brian is querulous.
entailment	Thomas is tactless and decisive.	Thomas is tactless. Thomas is decisive.
entailment	Sue is sloppy and incompetent.	Sue is sloppy. Sue is incompetent.
entailment	Edward is nosy and circumspect.	Edward is nosy. Edward is circumspect.
entailment	Frederick is irritable and buff.	Frederick is irritable. Frederick is buff.
entailment	Lucy is lovely and shrewd.	Lucy is lovely. Lucy is shrewd.
entailment	Annie is enterprising and dependent.	Annie is enterprising. Annie is dependent.
entailment	Alexandra is adventurous and miserable.	Alexandra is adventurous. Alexandra is miserable.
entailment	Richard is numb and touchy.	Richard is numb. Richard is touchy.
entailment	Steven is imaginative and steady.	Steven is imaginative. Steven is steady.
entailment	Victoria is soulless and plain.	Victoria is soulless. Victoria is plain.
entailment	Larry is unwilling and artistic.	Larry is unwilling. Larry is artistic.
entailment	Karen is peevish and selfish.	Karen is peevish. Karen is selfish.
entailment	Anna is abnormal and uncooperative.	Anna is abnormal. Anna is uncooperative.
entailment	Janet is saucy and morose.	Janet is saucy. Janet is morose.
entailment	Heather is deferential and warmhearted.	Heather is deferential. Heather is warmhearted.
entailment	Rachel is shrewd and callous.	Rachel is shrewd. Rachel is callous.
entailment	Fred is alert and popular.	Fred is alert. Fred is popular.
entailment	Jason is quarrelsome and content.	Jason is quarrelsome. Jason is content.
entailment	Bobby is respected and cruel.	Bobby is respected. Bobby is cruel.
entailment	Fred is curious and affectionate.	Fred is curious. Fred is affectionate.
entailment	Francis is sullen and discreet.	Francis is sullen. Francis is discreet.
entailment	Kenneth is tranquil and bright.	Kenneth is tranquil. Kenneth is bright.
entailment	Catherine is weak and clever.	Catherine is weak. Catherine is clever.
entailment	Alison is slothful and ridiculous.	Alison is slothful. Alison is ridiculous.
entailment	Ben is devoted and dependent.	Ben is devoted. Ben is dependent.
entailment	Tim is tactful and lovely.	Tim is tactful. Tim is lovely.
entailment	Jessica is lean and inconsiderate.	Jessica is lean. Jessica is inconsiderate.
entailment	Jerry is delightful and demonic.	Jerry is delightful. Jerry is demonic.
entailment	Emily is generous and mature.	Emily is generous. Emily is mature.
entailment	Alexander is crafty and cheerful.	Alexander is crafty. Alexander is cheerful.
entailment	Diane is decisive and brave.	Diane is decisive. Diane is brave.
entailment	Donald is vulnerable and brilliant.	Donald is vulnerable. Donald is brilliant.
entailment	Robert is reassuring and boisterous.	Robert is reassuring. Robert is boisterous.
entailment	Emily is sleepy and beneficent.	Emily is sleepy. Emily is beneficent.
entailment	Charlie is drowsy and practical.	Charlie is drowsy. Charlie is practical.
entailment	Jack is irascible and disruptive.	Jack is irascible. Jack is disruptive.
entailment	Adam is intolerant and plucky.	Adam is intolerant. Adam is plucky.
entailment	Sally is soulless and amusing.	Sally is soulless. Sally is amusing.
entailment	Grace is brilliant and idiotic.	Grace is brilliant. Grace is idiotic.
entailment	Maria is silly and civil.	Maria is silly. Maria is civil.
entailment	Amy is natural and energetic.	Amy is natural. Amy is energetic.
entailment	Katherine is level-headed and thoughtless.	Katherine is level-headed. Katherine is thoughtless.
entailment	Alison is lively and well-rounded.	Alison is lively. Alison is well-rounded.
entailment	Judith is gluttonous and below average.	Judith is gluttonous. Judith is below average.
entailment	Mike is quiet and gloomy.	Mike is quiet. Mike is gloomy.
entailment	Alan is conscientious and friendly.	Alan is conscientious. Alan is friendly.
entailment	Evelyn is enterprising and considerate.	Evelyn is enterprising. Evelyn is considerate.
entailment	Rachel is provocative and patient.	Rachel is provocative. Rachel is patient.
entailment	Alice is judgmental and long-winded.	Alice is judgmental. Alice is long-winded.
entailment	Lauren is demure and inconsistent.	Lauren is demure. Lauren is inconsistent.
entailment	Jennifer is exacting and ostentatious.	Jennifer is exacting. Jennifer is ostentatious.
entailment	Matthew is soulful and frank.	Matthew is soulful. Matthew is frank.
entailment	Jill is sophisticated and flabby.	Jill is sophisticated. Jill is flabby.
entailment	Melissa is blue and charming.	Melissa is blue. Melissa is charming.
entailment	Stephanie is superficial and impressive.	Stephanie is superficial. Stephanie is impressive.
entailment	Dan is agreeable and impressive.	Dan is agreeable. Dan is impressive.
entailment	Claire is quiet and listless.	Claire is quiet. Claire is listless.
entailment	Harold is spirited and coherent.	Harold is spirited. Harold is coherent.
entailment	Betty is selfish and passive.	Betty is selfish. Betty is passive.
entailment	Alice is snazzy and surly.	Alice is snazzy. Alice is surly.
entailment	Angela is obliging and unaffected.	Angela is obliging. Angela is unaffected.
entailment	Deborah is industrious and obliging.	Deborah is industrious. Deborah is obliging.
entailment	Ann is sulky and irritable.	Ann is sulky. Ann is irritable.
entailment	Alexandra is cynical and ridiculous.	Alexandra is cynical. Alexandra is ridiculous.
entailment	Tony is mild and egotistical.	Tony is mild. Tony is egotistical.
entailment	Kenneth is mature and tired.	Kenneth is mature. Kenneth is tired.
entailment	Hugh is ardent and above average.	Hugh is ardent. Hugh is above average.
entailment	Roger is proficient and composed.	Roger is proficient. Roger is composed.
entailment	Thomas is spiteful and dreary.	Thomas is spiteful. Thomas is dreary.
entailment	Tim is frank and ugly.	Tim is frank. Tim is ugly.
entailment	Hugh is impractical and self-assured.	Hugh is impractical. Hugh is self-assured.
entailment	Dan is apathetic and passive.	Dan is apathetic. Dan is passive.
entailment	Rachel is persevering and generous.	Rachel is persevering. Rachel is generous.
entailment	Betty is disagreeable and hypercritical.	Betty is disagreeable. Betty is hypercritical.
entailment	Heather is balanced and artistic.	Heather is balanced. Heather is artistic.
entailment	Rachel is zealous and well-developed.	Rachel is zealous. Rachel is well-developed.
entailment	Melissa is serious and amazing.	Melissa is serious. Melissa is amazing.
entailment	Charles is reassuring and experienced.	Charles is reassuring. Charles is experienced.
entailment	Jonathan is inspiring and plain-speaking.	Jonathan is inspiring. Jonathan is plain-speaking.
entailment	Tony is depressed and fussy.	Tony is depressed. Tony is fussy.
entailment	Roger is playful and industrious.	Roger is playful. Roger is industrious.
entailment	Louis is proficient and tolerant.	Louis is proficient. Louis is tolerant.
entailment	Fred is careful and passive.	Fred is careful. Fred is passive.
entailment	Karen is keen and sullen.	Karen is keen. Karen is sullen.
entailment	Karen is idiotic and buff.	Karen is idiotic. Karen is buff.
entailment	Emily is mean and morose.	Emily is mean. Emily is morose.
entailment	Harry is artificial and timid.	Harry is artificial. Harry is timid.
entailment	Samuel is hysterical and steady.	Samuel is hysterical. Samuel is steady.
entailment	Frances is amusing and dextrous.	Frances is amusing. Frances is dextrous.
entailment	Jay is querulous and adventurous.	Jay is querulous. Jay is adventurous.
entailment	Deborah is incisive and careless.	Deborah is incisive. Deborah is careless.
entailment	Jean is proud and uncertain.	Jean is proud. Jean is uncertain.
entailment	Jill is dowdy and supercilious.	Jill is dowdy. Jill is supercilious.
entailment	Ann is playful and cynical.	Ann is playful. Ann is cynical.
entailment	Tim is enthusiastic and disagreeable.	Tim is enthusiastic. Tim is disagreeable.
entailment	Frederick is lively and short-tempered.	Frederick is lively. Frederick is short-tempered.
entailment	Anthony is dutiful and industrious.	Anthony is dutiful. Anthony is industrious.
entailment	Deborah is impressive and grouchy.	Deborah is impressive. Deborah is grouchy.
entailment	Ray is elfin and quick.	Ray is elfin. Ray is quick.
entailment	Fiona is sloppy and evasive.	Fiona is sloppy. Fiona is evasive.
entailment	Donna is impulsive and passionate.	Donna is impulsive. Donna is passionate.
entailment	Benjamin is wonderful and sad.	Benjamin is wonderful. Benjamin is sad.
entailment	Joe is sharp and conscientious.	Joe is sharp. Joe is conscientious.
entailment	Rebecca is sleepy and staid.	Rebecca is sleepy. Rebecca is staid.
entailment	Anne is able and crabby.	Anne is able. Anne is crabby.
entailment	Sandra is ardent and conscientious.	Sandra is ardent. Sandra is conscientious.
entailment	Roger is dirty and moronic.	Roger is dirty. Roger is moronic.
entailment	Albert is testy and ardent.	Albert is testy. Albert is ardent.
entailment	Sarah is blunt and reliable.	Sarah is blunt. Sarah is reliable.
entailment	Donald is fervent and sleepy.	Donald is fervent. Donald is sleepy.
entailment	Leslie is dull and prejudiced.	Leslie is dull. Leslie is prejudiced.
entailment	Richard is inspiring and naive.	Richard is inspiring. Richard is naive.
entailment	Frederick is drunk and evasive.	Frederick is drunk. Frederick is evasive.
entailment	Carolyn is amusing and jocular.	Carolyn is amusing. Carolyn is jocular.
entailment	Charlie is smart and civil.	Charlie is smart. Charlie is civil.
entailment	Kathy is leery and gentle.	Kathy is leery. Kathy is gentle.
entailment	Steve is amiable and agreeable.	Steve is amiable. Steve is agreeable.
entailment	Wendy is dramatic and assertive.	Wendy is dramatic. Wendy is assertive.
entailment	Frederick is dreary and vigilant.	Frederick is dreary. Frederick is vigilant.
entailment	Diana is considerate and judgmental.	Diana is considerate. Diana is judgmental.
entailment	Mike is playful and awful.	Mike is playful. Mike is awful.
entailment	Caroline is incompetent and fussy.	Caroline is incompetent. Caroline is fussy.
entailment	Brian is striking and numb.	Brian is striking. Brian is numb.
entailment	Bobby is ferocious and helpful.	Bobby is ferocious. Bobby is helpful.
entailment	Jay is prudent and wary.	Jay is prudent. Jay is wary.
entailment	Jessica is indolent and even-tempered.	Jessica is indolent. Jessica is even-tempered.
entailment	Suzanne is dreary and prudent.	Suzanne is dreary. Suzanne is prudent.
entailment	Michelle is lovely and coherent.	Michelle is lovely. Michelle is coherent.
entailment	Kate is groggy and eager.	Kate is groggy. Kate is eager.
entailment	Samuel is venal and petulant.	Samuel is venal. Samuel is petulant.
entailment	Joe is balanced and distraught.	Joe is balanced. Joe is distraught.
entailment	Greg is steady and below average.	Greg is steady. Greg is below average.
entailment	Jean is illogical and well-developed.	Jean is illogical. Jean is well-developed.
entailment	Jerry is beneficent and lively.	Jerry is beneficent. Jerry is lively.
entailment	Ray is vulnerable and alert.	Ray is vulnerable. Ray is alert.
entailment	Katherine is reliable and powerful.	Katherine is reliable. Katherine is powerful.
entailment	Lawrence is affectionate and surly.	Lawrence is affectionate. Lawrence is surly.
entailment	Frances is willing and exacting.	Frances is willing. Frances is exacting.
entailment	Kim is disagreeable and patient.	Kim is disagreeable. Kim is patient.
entailment	Bobby is awesome and deft.	Bobby is awesome. Bobby is deft.
entailment	Sara is hypercritical and clumsy.	Sara is hypercritical. Sara is clumsy.
entailment	Simon is proficient and cold.	Simon is proficient. Simon is cold.
entailment	Andrew is hysterical and beneficent.	Andrew is hysterical. Andrew is beneficent.
entailment	Alan is natural and cheerful.	Alan is natural. Alan is cheerful.
entailment	Philip is sophisticated and sleepy.	Philip is sophisticated. Philip is sleepy.
entailment	Joan is resourceful and impulsive.	Joan is resourceful. Joan is impulsive.
entailment	Dick is unbalanced and positive.	Dick is unbalanced. Dick is positive.
entailment	Lynn is awesome and absent-minded.	Lynn is awesome. Lynn is absent-minded.
entailment	Christopher is supercilious and morose.	Christopher is supercilious. Christopher is morose.
entailment	Thomas is zealous and playful.	Thomas is zealous. Thomas is playful.
entailment	Judith is cheerful and unmotivated.	Judith is cheerful. Judith is unmotivated.
entailment	Bruce is wary and unemotional.	Bruce is wary. Bruce is unemotional.
entailment	Arthur is analytical and crabby.	Arthur is analytical. Arthur is crabby.
entailment	Ron is reluctant and balanced.	Ron is reluctant. Ron is balanced.
entailment	Thomas is cruel and pretty.	Thomas is cruel. Thomas is pretty.
entailment	Rachel is sophisticated and musical.	Rachel is sophisticated. Rachel is musical.
entailment	Ron is jocular and illogical.	Ron is jocular. Ron is illogical.
entailment	Alan is deft and smart.	Alan is deft. Alan is smart.
entailment	Virginia is deep and adventurous.	Virginia is deep. Virginia is adventurous.
entailment	Rebecca is peaceful and cantankerous.	Rebecca is peaceful. Rebecca is cantankerous.
entailment	Anthony is discreet and demonic.	Anthony is discreet. Anthony is demonic.
entailment	Ruth is diligent and quick.	Ruth is diligent. Ruth is quick.
entailment	Frederick is shrewd and spiteful.	Frederick is shrewd. Frederick is spiteful.
entailment	Joseph is careful and excitable.	Joseph is careful. Joseph is excitable.
entailment	Bruce is dreary and flabby.	Bruce is dreary. Bruce is flabby.
entailment	Mike is churlish and lethargic.	Mike is churlish. Mike is lethargic.
entailment	Sara is vulnerable and friendly.	Sara is vulnerable. Sara is friendly.
entailment	Alan is lean and plucky.	Alan is lean. Alan is plucky.
entailment	Sally is elfin and drugged.	Sally is elfin. Sally is drugged.
entailment	Jason is powerful and irascible.	Jason is powerful. Jason is irascible.
entailment	Lucy is ambitious and noisy.	Lucy is ambitious. Lucy is noisy.
entailment	Jay is blue and positive.	Jay is blue. Jay is positive.
entailment	Thomas is circumspect and blunt.	Thomas is circumspect. Thomas is blunt.
entailment	Mary is quick and clean.	Mary is quick. Mary is clean.
entailment	Matthew is plucky and unaffected.	Matthew is plucky. Matthew is unaffected.
entailment	Karen is sensitive and nosy.	Karen is sensitive. Karen is nosy.
entailment	Joe is stoic and crafty.	Joe is stoic. Joe is crafty.
entailment	Elaine is delicate and crass.	Elaine is delicate. Elaine is crass.
entailment	Andrea is intolerant and grouchy.	Andrea is intolerant. Andrea is grouchy.
entailment	Jane is listless and sleepy.	Jane is listless. Jane is sleepy.
entailment	Donna is paternal and circumspect.	Donna is paternal. Donna is circumspect.
entailment	Rebecca is hesitant and long-winded.	Rebecca is hesitant. Rebecca is long-winded.
entailment	Gary is slothful and reluctant.	Gary is slothful. Gary is reluctant.
entailment	Jill is weak and sloppy.	Jill is weak. Jill is sloppy.
entailment	Rachel is wonderful and great.	Rachel is wonderful. Rachel is great.
entailment	Donald is miserable and intolerant.	Donald is miserable. Donald is intolerant.
entailment	Rachel is illogical and even-tempered.	Rachel is illogical. Rachel is even-tempered.
entailment	Jane is impatient and tranquil.	Jane is impatient. Jane is tranquil.
entailment	Eric is short-tempered and cowardly.	Eric is short-tempered. Eric is cowardly.
entailment	Matthew is artificial and unreliable.	Matthew is artificial. Matthew is unreliable.
entailment	Dan is friendly and direct.	Dan is friendly. Dan is direct.
entailment	Francis is steady and condescending.	Francis is steady. Francis is condescending.
entailment	Edward is inactive and resentful.	Edward is inactive. Edward is resentful.
entailment	Judy is cynical and long-winded.	Judy is cynical. Judy is long-winded.
entailment	Ken is outgoing and competent.	Ken is outgoing. Ken is competent.
entailment	Michael is alert and industrious.	Michael is alert. Michael is industrious.
entailment	Leslie is illogical and competent.	Leslie is illogical. Leslie is competent.
entailment	Julie is impressionable and orderly.	Julie is impressionable. Julie is orderly.
entailment	Benjamin is positive and crafty.	Benjamin is positive. Benjamin is crafty.
entailment	Kim is uncertain and irritable.	Kim is uncertain. Kim is irritable.
entailment	Donald is normal and outgoing.	Donald is normal. Donald is outgoing.
entailment	Hugh is funny and experienced.	Hugh is funny. Hugh is experienced.
entailment	Jimmy is thinking and venal.	Jimmy is thinking. Jimmy is venal.
entailment	Jessica is petulant and brilliant.	Jessica is petulant. Jessica is brilliant.
entailment	Susan is inconsistent and crabby.	Susan is inconsistent. Susan is crabby.
entailment	Linda is brilliant and unfriendly.	Linda is brilliant. Linda is unfriendly.
entailment	Jeff is thoughtful and independent.	Jeff is thoughtful. Jeff is independent.
entailment	Jerry is discerning and insensitive.	Jerry is discerning. Jerry is insensitive.
entailment	Andrew is sophisticated and sad.	Andrew is sophisticated. Andrew is sad.
entailment	Michael is illogical and unsure.	Michael is illogical. Michael is unsure.
entailment	Kenneth is great and obliging.	Kenneth is great. Kenneth is obliging.
entailment	David is long-winded and surly.	David is long-winded. David is surly.
entailment	Jonathan is level-headed and distant.	Jonathan is level-headed. Jonathan is distant.
entailment	Jennifer is passionate and supercilious.	Jennifer is passionate. Jennifer is supercilious.
entailment	Chris is thinking and pleasant.	Chris is thinking. Chris is pleasant.
entailment	Frank is apprehensive and sedate.	Frank is apprehensive. Frank is sedate.
entailment	Edwin is below average and flashy.	Edwin is below average. Edwin is flashy.
entailment	Rebecca is average and staid.	Rebecca is average. Rebecca is staid.
entailment	Fiona is joyous and strong.	Fiona is joyous. Fiona is strong.
entailment	Alexander is uncooperative and shrewd.	Alexander is uncooperative. Alexander is shrewd.
entailment	Mark is shy and saucy.	Mark is shy. Mark is saucy.
entailment	Charlie is impressionable and gentle.	Charlie is impressionable. Charlie is gentle.
entailment	Charles is amazing and listless.	Charles is amazing. Charles is listless.
entailment	Sue is balanced and dowdy.	Sue is balanced. Sue is dowdy.
entailment	Martin is somber and crass.	Martin is somber. Martin is crass.
entailment	Fiona is crabby and absent-minded.	Fiona is crabby. Fiona is absent-minded.
entailment	Sally is charming and idle.	Sally is charming. Sally is idle.
entailment	Kathy is amazing and sullen.	Kathy is amazing. Kathy is sullen.
entailment	Patrick is evasive and illogical.	Patrick is evasive. Patrick is illogical.
entailment	Matthew is paternalistic and powerful.	Matthew is paternalistic. Matthew is powerful.
entailment	Rebecca is gloomy and suspicious.	Rebecca is gloomy. Rebecca is suspicious.
entailment	Ron is deft and warm.	Ron is deft. Ron is warm.
entailment	Bill is strong and mature.	Bill is strong. Bill is mature.
entailment	Alison is flashy and logical.	Alison is flashy. Alison is logical.
entailment	Ashley is able and punctual.	Ashley is able. Ashley is punctual.
entailment	Ann is sedate and distant.	Ann is sedate. Ann is distant.
entailment	Karen is peaceful and deft.	Karen is peaceful. Karen is deft.
entailment	James is quarrelsome and blunt.	James is quarrelsome. James is blunt.
entailment	Dave is tactful and great.	Dave is tactful. Dave is great.
entailment	Linda is versatile and boisterous.	Linda is versatile. Linda is boisterous.
entailment	Carl is lethargic and condescending.	Carl is lethargic. Carl is condescending.
entailment	Patricia is elfin and imperturbable.	Patricia is elfin. Patricia is imperturbable.
entailment	Martha is fabulous and staid.	Martha is fabulous. Martha is staid.
entailment	Matt is stupid and unsophisticated.	Matt is stupid. Matt is unsophisticated.
entailment	Robin is confused and powerful.	Robin is confused. Robin is powerful.
entailment	Harriet is deep and sneering.	Harriet is deep. Harriet is sneering.
entailment	Mark is tactful and hysterical.	Mark is tactful. Mark is hysterical.
entailment	Frederick is maternal and brave.	Frederick is maternal. Frederick is brave.
entailment	Mike is vulnerable and unguarded.	Mike is vulnerable. Mike is unguarded.
entailment	Anthony is dainty and idiotic.	Anthony is dainty. Anthony is idiotic.
entailment	Frederick is petulant and dreary.	Frederick is petulant. Frederick is dreary.
entailment	Simon is imperturbable and sentimental.	Simon is imperturbable. Simon is sentimental.
entailment	Bruce is flaky and able.	Bruce is flaky. Bruce is able.
entailment	Bobby is industrious and dirty.	Bobby is industrious. Bobby is dirty.
entailment	Sally is reluctant and methodical.	Sally is reluctant. Sally is methodical.
entailment	Diane is unreliable and flabby.	Diane is unreliable. Diane is flabby.
entailment	Alfred is angelic and popular.	Alfred is angelic. Alfred is popular.
entailment	Alice is unstable and jovial.	Alice is unstable. Alice is jovial.
entailment	Linda is strong and demure.	Linda is strong. Linda is demure.
entailment	Martha is love-lorn and bright.	Martha is love-lorn. Martha is bright.
entailment	Anna is dowdy and groggy.	Anna is dowdy. Anna is groggy.
entailment	Ed is logical and ridiculous.	Ed is logical. Ed is ridiculous.
entailment	Leslie is cantankerous and flaky.	Leslie is cantankerous. Leslie is flaky.
entailment	Margaret is sullen and drowsy.	Margaret is sullen. Margaret is drowsy.
entailment	Ken is elfin and supercilious.	Ken is elfin. Ken is supercilious.
entailment	Grace is capable and sweet.	Grace is capable. Grace is sweet.
entailment	Ken is angelic and staid.	Ken is angelic. Ken is staid.
entailment	Francis is spiteful and unwilling.	Francis is spiteful. Francis is unwilling.
entailment	Leslie is proficient and uncertain.	Leslie is proficient. Leslie is uncertain.
entailment	Anne is inexperienced and playful.	Anne is inexperienced. Anne is playful.
entailment	Paul is superficial and noisy.	Paul is superficial. Paul is noisy.
entailment	Mike is incompetent and hot-headed.	Mike is incompetent. Mike is hot-headed.
entailment	Bruce is quick and slothful.	Bruce is quick. Bruce is slothful.
entailment	Patricia is decisive and sour.	Patricia is decisive. Patricia is sour.
entailment	Sarah is cautious and energetic.	Sarah is cautious. Sarah is energetic.
entailment	Pamela is stupid and attentive.	Pamela is stupid. Pamela is attentive.
entailment	Sue is well-intentioned and cooperative.	Sue is well-intentioned. Sue is cooperative.
entailment	Cynthia is sulky and dependent.	Cynthia is sulky. Cynthia is dependent.
entailment	Philip is boisterous and friendly.	Philip is boisterous. Philip is friendly.
entailment	Patrick is warm and thoughtful.	Patrick is warm. Patrick is thoughtful.
entailment	Wendy is joyous and short-tempered.	Wendy is joyous. Wendy is short-tempered.
entailment	Kathryn is sweet and tactless.	Kathryn is sweet. Kathryn is tactless.
entailment	Tony is selfish and uncooperative.	Tony is selfish. Tony is uncooperative.
entailment	Kevin is practical and leery.	Kevin is practical. Kevin is leery.
entailment	Louis is dowdy and cowardly.	Louis is dowdy. Louis is cowardly.
entailment	Arthur is candid and punctual.	Arthur is candid. Arthur is punctual.
entailment	David is lively and experienced.	David is lively. David is experienced.
entailment	Lisa is impressive and nosy.	Lisa is impressive. Lisa is nosy.
entailment	Barbara is subtle and gluttonous.	Barbara is subtle. Barbara is gluttonous.
entailment	Karen is dowdy and peaceful.	Karen is dowdy. Karen is peaceful.
entailment	Frank is reliable and querulous.	Frank is reliable. Frank is querulous.
entailment	Keith is reassuring and sloppy.	Keith is reassuring. Keith is sloppy.
entailment	Lynn is sweet and discreet.	Lynn is sweet. Lynn is discreet.
entailment	Janet is cool-headed and smart.	Janet is cool-headed. Janet is smart.
entailment	Sandra is thinking and deferential.	Sandra is thinking. Sandra is deferential.
entailment	Joseph is illogical and idle.	Joseph is illogical. Joseph is idle.
entailment	Philip is easy-going and local.	Philip is easy-going. Philip is local.
entailment	Christine is exacting and critical.	Christine is exacting. Christine is critical.
entailment	Charlotte is distraught and silly.	Charlotte is distraught. Charlotte is silly.
entailment	Karen is slow and sentimental.	Karen is slow. Karen is sentimental.
entailment	Ruth is modest and motivated.	Ruth is modest. Ruth is motivated.
entailment	Lauren is gluttonous and dramatic.	Lauren is gluttonous. Lauren is dramatic.
entailment	Jack is balanced and abnormal.	Jack is balanced. Jack is abnormal.
entailment	Tony is obnoxious and love-lorn.	Tony is obnoxious. Tony is love-lorn.
entailment	Dave is efficient and cool.	Dave is efficient. Dave is cool.
entailment	Roy is drunk and willing.	Roy is drunk. Roy is willing.
entailment	Michael is frank and good.	Michael is frank. Michael is good.
entailment	Grace is unsure and insensitive.	Grace is unsure. Grace is insensitive.
entailment	Henry is somber and gentle.	Henry is somber. Henry is gentle.
entailment	Betty is keen and uncertain.	Betty is keen. Betty is uncertain.
entailment	Anthony is sedate and brave.	Anthony is sedate. Anthony is brave.
entailment	Louise is charming and sour.	Louise is charming. Louise is sour.
entailment	Maria is angelic and uncooperative.	Maria is angelic. Maria is uncooperative.
entailment	Thomas is sober and immodest.	Thomas is sober. Thomas is immodest.
entailment	Sarah is imperturbable and irritating.	Sarah is imperturbable. Sarah is irritating.
entailment	Don is unhelpful and spirited.	Don is unhelpful. Don is spirited.
entailment	Judy is practical and able.	Judy is practical. Judy is able.
entailment	Matt is cold and proficient.	Matt is cold. Matt is proficient.
entailment	Anna is great and exacting.	Anna is great. Anna is exacting.
entailment	Tim is tired and coherent.	Tim is tired. Tim is coherent.
entailment	Alison is sedate and charming.	Alison is sedate. Alison is charming.
entailment	Brian is powerful and resentful.	Brian is powerful. Brian is resentful.
entailment	Judy is decisive and inactive.	Judy is decisive. Judy is inactive.
entailment	Patricia is sad and polite.	Patricia is sad. Patricia is polite.
entailment	Alexander is uncooperative and buff.	Alexander is uncooperative. Alexander is buff.
entailment	Claire is experienced and naive.	Claire is experienced. Claire is naive.
entailment	Billy is unreliable and ferocious.	Billy is unreliable. Billy is ferocious.
entailment	Ralph is delicate and irritable.	Ralph is delicate. Ralph is irritable.
entailment	Philip is cool and proud.	Philip is cool. Philip is proud.
entailment	Lisa is striking and normal.	Lisa is striking. Lisa is normal.
entailment	Maria is nosy and sophisticated.	Maria is nosy. Maria is sophisticated.
entailment	Billy is dependent and unwilling.	Billy is dependent. Billy is unwilling.
entailment	Dave is assertive and soulful.	Dave is assertive. Dave is soulful.
entailment	Catherine is dreary and amusing.	Catherine is dreary. Catherine is amusing.
entailment	Nick is sober and talented.	Nick is sober. Nick is talented.
entailment	Scott is childlike and cynical.	Scott is childlike. Scott is cynical.
entailment	Charles is staid and one-sided.	Charles is staid. Charles is one-sided.
entailment	Ryan is good and clever.	Ryan is good. Ryan is clever.
entailment	Cynthia is meddlesome and attentive.	Cynthia is meddlesome. Cynthia is attentive.
entailment	Angela is peaceful and meddlesome.	Angela is peaceful. Angela is meddlesome.
entailment	Bobby is orderly and unthinking.	Bobby is orderly. Bobby is unthinking.
entailment	Angela is thoughtful and analytical.	Angela is thoughtful. Angela is analytical.
entailment	John is venal and intolerant.	John is venal. John is intolerant.
entailment	Adam is plucky and tolerant.	Adam is plucky. Adam is tolerant.
entailment	Jimmy is tactless and sophisticated.	Jimmy is tactless. Jimmy is sophisticated.
entailment	Elaine is cool-headed and watchful.	Elaine is cool-headed. Elaine is watchful.
entailment	Henry is reserved and hysterical.	Henry is reserved. Henry is hysterical.
entailment	Henry is passive and negative.	Henry is passive. Henry is negative.
entailment	Dan is chic and reliable.	Dan is chic. Dan is reliable.
entailment	Lauren is sneering and irritating.	Lauren is sneering. Lauren is irritating.
entailment	Alfred is guarded and dull.	Alfred is guarded. Alfred is dull.
entailment	Carl is snobby and tactful.	Carl is snobby. Carl is tactful.
entailment	Dave is joyous and insensitive.	Dave is joyous. Dave is insensitive.
entailment	Kim is intolerant and below average.	Kim is intolerant. Kim is below average.
entailment	Nick is illogical and proficient.	Nick is illogical. Nick is proficient.
entailment	Hugh is sturdy and responsible.	Hugh is sturdy. Hugh is responsible.
entailment	Tim is impetuous and well-behaved.	Tim is impetuous. Tim is well-behaved.
entailment	Susan is irritable and able.	Susan is irritable. Susan is able.
entailment	Walter is idiotic and suspicious.	Walter is idiotic. Walter is suspicious.
entailment	Ben is impatient and inconsistent.	Ben is impatient. Ben is inconsistent.
entailment	Katie is zealous and inactive.	Katie is zealous. Katie is inactive.
entailment	Peter is spirited and wary.	Peter is spirited. Peter is wary.
entailment	Harriet is impatient and disruptive.	Harriet is impatient. Harriet is disruptive.
entailment	Dick is excellent and fussy.	Dick is excellent. Dick is fussy.
entailment	Frank is ambitious and soulless.	Frank is ambitious. Frank is soulless.
entailment	Betty is clean and cantankerous.	Betty is clean. Betty is cantankerous.
entailment	Howard is thoughtless and numb.	Howard is thoughtless. Howard is numb.
entailment	Roger is stable and slight.	Roger is stable. Roger is slight.
entailment	Grace is old-fashioned and hot-headed.	Grace is old-fashioned. Grace is hot-headed.
entailment	James is kind and reserved.	James is kind. James is reserved.
entailment	Bob is realistic and leery.	Bob is realistic. Bob is leery.
entailment	Alan is stupid and staid.	Alan is stupid. Alan is staid.
entailment	Cynthia is generous and blunt.	Cynthia is generous. Cynthia is blunt.
entailment	Carol is mature and love-lorn.	Carol is mature. Carol is love-lorn.
entailment	Jerry is serious and superficial.	Jerry is serious. Jerry is superficial.
entailment	Hugh is sulky and supercilious.	Hugh is sulky. Hugh is supercilious.
entailment	Ann is assertive and unaffected.	Ann is assertive. Ann is unaffected.
entailment	Ray is resigned and awful.	Ray is resigned. Ray is awful.
entailment	Matt is insensitive and intelligent.	Matt is insensitive. Matt is intelligent.
entailment	Frances is confident and agile.	Frances is confident. Frances is agile.
entailment	Jill is tolerant and brave.	Jill is tolerant. Jill is brave.
entailment	Jimmy is meticulous and self-assured.	Jimmy is meticulous. Jimmy is self-assured.
entailment	Jill is jovial and sturdy.	Jill is jovial. Jill is sturdy.
entailment	Grace is uncertain and querulous.	Grace is uncertain. Grace is querulous.
entailment	Judy is cool and content.	Judy is cool. Judy is content.
entailment	Chris is thoughtful and fastidious.	Chris is thoughtful. Chris is fastidious.
entailment	Jean is easy-going and nosy.	Jean is easy-going. Jean is nosy.
entailment	Michael is slothful and outspoken.	Michael is slothful. Michael is outspoken.
entailment	Alfred is surly and evasive.	Alfred is surly. Alfred is evasive.
entailment	Patrick is willing and crass.	Patrick is willing. Patrick is crass.
entailment	Mark is uncooperative and patient.	Mark is uncooperative. Mark is patient.
entailment	Eleanor is testy and considerate.	Eleanor is testy. Eleanor is considerate.
entailment	Diane is quiet and sedate.	Diane is quiet. Diane is sedate.
entailment	Tony is eager and lithe.	Tony is eager. Tony is lithe.
entailment	John is incompetent and provocative.	John is incompetent. John is provocative.
entailment	Andrew is sour and artificial.	Andrew is sour. Andrew is artificial.
entailment	Tim is prejudiced and slovenly.	Tim is prejudiced. Tim is slovenly.
entailment	Stephanie is flashy and curious.	Stephanie is flashy. Stephanie is curious.
entailment	Jean is unthinking and spirited.	Jean is unthinking. Jean is spirited.
entailment	Robert is versatile and unstable.	Robert is versatile. Robert is unstable.
entailment	Stephanie is sweet and eager.	Stephanie is sweet. Stephanie is eager.
entailment	Matthew is composed and reliable.	Matthew is composed. Matthew is reliable.
entailment	Matthew is unbalanced and great.	Matthew is unbalanced. Matthew is great.
entailment	Roy is orderly and sophisticated.	Roy is orderly. Roy is sophisticated.
entailment	Larry is grouchy and warmhearted.	Larry is grouchy. Larry is warmhearted.
entailment	Laura is stupid and elfin.	Laura is stupid. Laura is elfin.
entailment	Alexandra is clean and deferential.	Alexandra is clean. Alexandra is deferential.
entailment	Greg is inconsiderate and jovial.	Greg is inconsiderate. Greg is jovial.
entailment	Jimmy is evasive and apprehensive.	Jimmy is evasive. Jimmy is apprehensive.
entailment	Kelly is generous and methodical.	Kelly is generous. Kelly is methodical.
entailment	Harold is dextrous and depressed.	Harold is dextrous. Harold is depressed.
entailment	Catherine is gluttonous and logical.	Catherine is gluttonous. Catherine is logical.
entailment	Claire is tactless and steady.	Claire is tactless. Claire is steady.
entailment	Chris is cranky and tactless.	Chris is cranky. Chris is tactless.
entailment	Don is deft and impatient.	Don is deft. Don is impatient.
entailment	Judy is frank and churlish.	Judy is frank. Judy is churlish.
entailment	Eric is leery and intelligent.	Eric is leery. Eric is intelligent.
entailment	Richard is incisive and demonic.	Richard is incisive. Richard is demonic.
entailment	Walter is mean and drunk.	Walter is mean. Walter is drunk.
entailment	George is diligent and mature.	George is diligent. George is mature.
entailment	Alfred is capable and crabby.	Alfred is capable. Alfred is crabby.
entailment	Emma is abnormal and orderly.	Emma is abnormal. Emma is orderly.
entailment	Bill is hateful and hot-headed.	Bill is hateful. Bill is hot-headed.
entailment	Chris is talented and affectionate.	Chris is talented. Chris is affectionate.
entailment	Christopher is orderly and plain.	Christopher is orderly. Christopher is plain.
entailment	Ann is stern and unpleasant.	Ann is stern. Ann is unpleasant.
entailment	Patrick is querulous and tranquil.	Patrick is querulous. Patrick is tranquil.
entailment	Sophie is querulous and uncooperative.	Sophie is querulous. Sophie is uncooperative.
entailment	Deborah is naive and cowardly.	Deborah is naive. Deborah is cowardly.
entailment	Richard is respected and apathetic.	Richard is respected. Richard is apathetic.
entailment	Ellen is stern and uncooperative.	Ellen is stern. Ellen is uncooperative.
entailment	Emma is delicate and unpleasant.	Emma is delicate. Emma is unpleasant.
entailment	Harriet is pleasant and composed.	Harriet is pleasant. Harriet is composed.
entailment	Martha is slight and incisive.	Martha is slight. Martha is incisive.
entailment	Albert is obnoxious and persevering.	Albert is obnoxious. Albert is persevering.
entailment	Lynn is cooperative and independent.	Lynn is cooperative. Lynn is independent.
entailment	Kathryn is funny and demure.	Kathryn is funny. Kathryn is demure.
entailment	Ray is indolent and hot-headed.	Ray is indolent. Ray is hot-headed.
entailment	Alexandra is judgmental and flashy.	Alexandra is judgmental. Alexandra is flashy.
entailment	Daniel is egotistical and jovial.	Daniel is egotistical. Daniel is jovial.
entailment	Edith is paternal and sincere.	Edith is paternal. Edith is sincere.
entailment	Mike is respectful and artistic.	Mike is respectful. Mike is artistic.
entailment	Philip is direct and well-developed.	Philip is direct. Philip is well-developed.
entailment	Elaine is hateful and lame.	Elaine is hateful. Elaine is lame.
entailment	Lynn is ostentatious and hot-headed.	Lynn is ostentatious. Lynn is hot-headed.
entailment	Daniel is hesitant and conscientious.	Daniel is hesitant. Daniel is conscientious.
entailment	Kathryn is impressive and slow.	Kathryn is impressive. Kathryn is slow.
entailment	Mary is cantankerous and clever.	Mary is cantankerous. Mary is clever.
entailment	Anna is incisive and hypercritical.	Anna is incisive. Anna is hypercritical.
entailment	Edith is restless and thinking.	Edith is restless. Edith is thinking.
entailment	James is unwilling and chic.	James is unwilling. James is chic.
entailment	Linda is clumsy and unwilling.	Linda is clumsy. Linda is unwilling.
entailment	Walter is willing and hesitant.	Walter is willing. Walter is hesitant.
entailment	Larry is talented and soulless.	Larry is talented. Larry is soulless.
entailment	Alice is awesome and powerful.	Alice is awesome. Alice is powerful.
entailment	Betty is distrustful and ostentatious.	Betty is distrustful. Betty is ostentatious.
entailment	Ray is disruptive and lame.	Ray is disruptive. Ray is lame.
entailment	Adam is motivated and careless.	Adam is motivated. Adam is careless.
entailment	Martha is sophisticated and bright.	Martha is sophisticated. Martha is bright.
entailment	Ashley is passionate and practical.	Ashley is passionate. Ashley is practical.
entailment	Charles is abnormal and lovable.	Charles is abnormal. Charles is lovable.
entailment	Emma is outspoken and silly.	Emma is outspoken. Emma is silly.
entailment	Stephanie is suspicious and cranky.	Stephanie is suspicious. Stephanie is cranky.
entailment	Charlie is petulant and elfin.	Charlie is petulant. Charlie is elfin.
entailment	Christine is plain and inactive.	Christine is plain. Christine is inactive.
entailment	Catherine is experienced and flabby.	Catherine is experienced. Catherine is flabby.
entailment	William is sullen and impetuous.	William is sullen. William is impetuous.
entailment	Janet is dependent and sad.	Janet is dependent. Janet is sad.
entailment	Dave is quarrelsome and courageous.	Dave is quarrelsome. Dave is courageous.
entailment	Steven is warmhearted and listless.	Steven is warmhearted. Steven is listless.
entailment	Philip is crass and love-lorn.	Philip is crass. Philip is love-lorn.
entailment	Rose is sturdy and reliable.	Rose is sturdy. Rose is reliable.
entailment	Louise is resigned and deferential.	Louise is resigned. Louise is deferential.
entailment	Heather is excitable and frank.	Heather is excitable. Heather is frank.
entailment	Julie is incompetent and confused.	Julie is incompetent. Julie is confused.
entailment	Samuel is boisterous and cheerful.	Samuel is boisterous. Samuel is cheerful.
entailment	Laura is discreet and thoughtful.	Laura is discreet. Laura is thoughtful.
entailment	Martin is unsure and supercilious.	Martin is unsure. Martin is supercilious.
entailment	Kim is disruptive and local.	Kim is disruptive. Kim is local.
entailment	Elizabeth is hypercritical and resigned.	Elizabeth is hypercritical. Elizabeth is resigned.
entailment	Richard is passionate and cool-headed.	Richard is passionate. Richard is cool-headed.
entailment	Alfred is flabby and lovable.	Alfred is flabby. Alfred is lovable.
entailment	Fiona is testy and unaffected.	Fiona is testy. Fiona is unaffected.
entailment	Christopher is tolerant and judgmental.	Christopher is tolerant. Christopher is judgmental.
entailment	Scott is peevish and funny.	Scott is peevish. Scott is funny.
entailment	Bruce is resentful and unfriendly.	Bruce is resentful. Bruce is unfriendly.
entailment	Jack is gentle and motivated.	Jack is gentle. Jack is motivated.
entailment	Lynn is flaky and evasive.	Lynn is flaky. Lynn is evasive.
entailment	Anthony is stable and fabulous.	Anthony is stable. Anthony is fabulous.
entailment	Ann is chic and impressionable.	Ann is chic. Ann is impressionable.
entailment	Tim is childish and unsure.	Tim is childish. Tim is unsure.
entailment	Sara is warm and absent-minded.	Sara is warm. Sara is absent-minded.
entailment	Kim is realistic and enthusiastic.	Kim is realistic. Kim is enthusiastic.
entailment	Benjamin is eager and great.	Benjamin is eager. Benjamin is great.
entailment	Daniel is dull and staid.	Daniel is dull. Daniel is staid.
entailment	Sam is joyous and intelligent.	Sam is joyous. Sam is intelligent.
entailment	Frederick is somber and cool-headed.	Frederick is somber. Frederick is cool-headed.
entailment	Jerry is excitable and depressed.	Jerry is excitable. Jerry is depressed.
entailment	Alfred is gluttonous and agreeable.	Alfred is gluttonous. Alfred is agreeable.
entailment	Lynn is nervous and hesitant.	Lynn is nervous. Lynn is hesitant.
entailment	Marilyn is snobby and passionate.	Marilyn is snobby. Marilyn is passionate.
entailment	Rachel is analytical and persevering.	Rachel is analytical. Rachel is persevering.
entailment	Anne is disruptive and imaginative.	Anne is disruptive. Anne is imaginative.
entailment	Kelly is ferocious and delicate.	Kelly is ferocious. Kelly is delicate.
entailment	Charlotte is excitable and hateful.	Charlotte is excitable. Charlotte is hateful.
entailment	Keith is plain-speaking and eager.	Keith is plain-speaking. Keith is eager.
entailment	Ben is adventurous and enthusiastic.	Ben is adventurous. Ben is enthusiastic.
entailment	Christine is dreary and delicate.	Christine is dreary. Christine is delicate.
entailment	Jay is nasty and persnickety.	Jay is nasty. Jay is persnickety.
entailment	Larry is eager and clean.	Larry is eager. Larry is clean.
entailment	Christine is unemotional and analytical.	Christine is unemotional. Christine is analytical.
entailment	Kelly is alert and charming.	Kelly is alert. Kelly is charming.
entailment	Melissa is irritating and elfin.	Melissa is irritating. Melissa is elfin.
entailment	Annie is resentful and vulnerable.	Annie is resentful. Annie is vulnerable.
entailment	Alice is distraught and stern.	Alice is distraught. Alice is stern.
entailment	Jay is meticulous and one-sided.	Jay is meticulous. Jay is one-sided.
entailment	Arthur is dextrous and indolent.	Arthur is dextrous. Arthur is indolent.
entailment	Carolyn is condescending and modest.	Carolyn is condescending. Carolyn is modest.
entailment	Jonathan is discerning and moronic.	Jonathan is discerning. Jonathan is moronic.
entailment	Matthew is insensitive and elfin.	Matthew is insensitive. Matthew is elfin.
entailment	Deborah is diligent and passionate.	Deborah is diligent. Deborah is passionate.
entailment	Harry is orderly and clever.	Harry is orderly. Harry is clever.
entailment	Susan is clever and natural.	Susan is clever. Susan is natural.
entailment	Stephen is fiery and sweet.	Stephen is fiery. Stephen is sweet.
entailment	Charles is ambitious and prudent.	Charles is ambitious. Charles is prudent.
entailment	Sam is maternal and direct.	Sam is maternal. Sam is direct.
entailment	Peter is responsible and serious.	Peter is responsible. Peter is serious.
entailment	Brian is gloomy and popular.	Brian is gloomy. Brian is popular.
entailment	Peter is responsible and tranquil.	Peter is responsible. Peter is tranquil.
entailment	Lisa is intelligent and leery.	Lisa is intelligent. Lisa is leery.
entailment	Grace is frank and superficial.	Grace is frank. Grace is superficial.
entailment	Katherine is clumsy and assertive.	Katherine is clumsy. Katherine is assertive.
entailment	Brian is unwilling and beneficent.	Brian is unwilling. Brian is beneficent.
entailment	Diane is soulful and excellent.	Diane is soulful. Diane is excellent.
entailment	Stephen is unfriendly and cheerful.	Stephen is unfriendly. Stephen is cheerful.
entailment	Scott is artificial and mercurial.	Scott is artificial. Scott is mercurial.
entailment	Alice is analytical and punctual.	Alice is analytical. Alice is punctual.
entailment	Tom is even-tempered and short-tempered.	Tom is even-tempered. Tom is short-tempered.
entailment	Anne is miserable and versatile.	Anne is miserable. Anne is versatile.
entailment	Mark is egotistical and childish.	Mark is egotistical. Mark is childish.
entailment	Christopher is depressed and unreliable.	Christopher is depressed. Christopher is unreliable.
entailment	Jessica is conscientious and brave.	Jessica is conscientious. Jessica is brave.
entailment	Steven is sensible and stoic.	Steven is sensible. Steven is stoic.
entailment	Bobby is even-tempered and venal.	Bobby is even-tempered. Bobby is venal.
entailment	Ruth is obliging and cordial.	Ruth is obliging. Ruth is cordial.
entailment	Stephanie is devoted and absent-minded.	Stephanie is devoted. Stephanie is absent-minded.
entailment	Ron is interesting and delightful.	Ron is interesting. Ron is delightful.
entailment	Alexandra is inventive and respected.	Alexandra is inventive. Alexandra is respected.
entailment	Joe is patient and stoic.	Joe is patient. Joe is stoic.
entailment	Jeff is clumsy and orderly.	Jeff is clumsy. Jeff is orderly.
entailment	Charlotte is touchy and paternalistic.	Charlotte is touchy. Charlotte is paternalistic.
entailment	Helen is thinking and energetic.	Helen is thinking. Helen is energetic.
entailment	Melissa is slovenly and unpopular.	Melissa is slovenly. Melissa is unpopular.
entailment	Helen is pretty and plucky.	Helen is pretty. Helen is plucky.
entailment	Mary is brave and critical.	Mary is brave. Mary is critical.
entailment	Karen is delightful and naughty.	Karen is delightful. Karen is naughty.
entailment	Charlie is unguarded and enterprising.	Charlie is unguarded. Charlie is enterprising.
entailment	Diane is dainty and kind.	Diane is dainty. Diane is kind.
entailment	Amanda is civil and unpleasant.	Amanda is civil. Amanda is unpleasant.
entailment	Jason is practical and cheerful.	Jason is practical. Jason is cheerful.
entailment	Ray is sensitive and petulant.	Ray is sensitive. Ray is petulant.
entailment	Ann is moronic and soulless.	Ann is moronic. Ann is soulless.
entailment	Alexander is warm and deft.	Alexander is warm. Alexander is deft.
entailment	Maria is discerning and touchy.	Maria is discerning. Maria is touchy.
entailment	Martha is delightful and sassy.	Martha is delightful. Martha is sassy.
entailment	Florence is modest and playful.	Florence is modest. Florence is playful.
entailment	Billy is restless and direct.	Billy is restless. Billy is direct.
entailment	Jessica is plain and unemotional.	Jessica is plain. Jessica is unemotional.
entailment	Sharon is keen and modest.	Sharon is keen. Sharon is modest.
entailment	Edward is brilliant and playful.	Edward is brilliant. Edward is playful.
entailment	Karen is local and stable.	Karen is local. Karen is stable.
entailment	Nicole is powerful and unguarded.	Nicole is powerful. Nicole is unguarded.
entailment	Ann is amusing and crass.	Ann is amusing. Ann is crass.
entailment	Sandra is selfish and sleepy.	Sandra is selfish. Sandra is sleepy.
entailment	Lisa is impressionable and hesitant.	Lisa is impressionable. Lisa is hesitant.
entailment	Keith is hateful and circumspect.	Keith is hateful. Keith is circumspect.
entailment	Joe is snobby and vigilant.	Joe is snobby. Joe is vigilant.
entailment	Kenneth is orderly and wary.	Kenneth is orderly. Kenneth is wary.
entailment	Jill is fervent and grouchy.	Jill is fervent. Jill is grouchy.
entailment	Amanda is mercurial and angelic.	Amanda is mercurial. Amanda is angelic.
entailment	Suzanne is obnoxious and tired.	Suzanne is obnoxious. Suzanne is tired.
entailment	Sarah is unbalanced and volcanic.	Sarah is unbalanced. Sarah is volcanic.
entailment	Martha is intelligent and pretty.	Martha is intelligent. Martha is pretty.
entailment	Joan is disagreeable and soulless.	Joan is disagreeable. Joan is soulless.
entailment	Mike is delightful and paternal.	Mike is delightful. Mike is paternal.
entailment	Jeff is cynical and tranquil.	Jeff is cynical. Jeff is tranquil.
entailment	John is crafty and decisive.	John is crafty. John is decisive.
entailment	Fred is jocular and tired.	Fred is jocular. Fred is tired.
entailment	George is sophisticated and wonderful.	George is sophisticated. George is wonderful.
entailment	Victoria is reassuring and mean.	Victoria is reassuring. Victoria is mean.
entailment	Mark is miserable and grouchy.	Mark is miserable. Mark is grouchy.
entailment	Kathleen is impulsive and dreary.	Kathleen is impulsive. Kathleen is dreary.
entailment	Paul is dainty and dependent.	Paul is dainty. Paul is dependent.
entailment	Janet is affectionate and inactive.	Janet is affectionate. Janet is inactive.
entailment	Billy is fiery and dainty.	Billy is fiery. Billy is dainty.
entailment	Louis is noisy and dextrous.	Louis is noisy. Louis is dextrous.
entailment	Diana is stern and quick.	Diana is stern. Diana is quick.
entailment	Susan is incisive and stupid.	Susan is incisive. Susan is stupid.
entailment	Robin is industrious and tolerant.	Robin is industrious. Robin is tolerant.
entailment	Bobby is revered and illogical.	Bobby is revered. Bobby is illogical.
entailment	Susan is cool-headed and mild.	Susan is cool-headed. Susan is mild.
entailment	Anna is impulsive and sharp.	Anna is impulsive. Anna is sharp.
entailment	Albert is dull and sentimental.	Albert is dull. Albert is sentimental.
entailment	Simon is long-winded and sleepy.	Simon is long-winded. Simon is sleepy.
entailment	Christopher is intelligent and absent-minded.	Christopher is intelligent. Christopher is absent-minded.
entailment	Daniel is provocative and average.	Daniel is provocative. Daniel is average.
entailment	Sally is conscientious and warmhearted.	Sally is conscientious. Sally is warmhearted.
entailment	George is well-rounded and cantankerous.	George is well-rounded. George is cantankerous.
entailment	Betty is tolerant and civil.	Betty is tolerant. Betty is civil.
entailment	Carol is independent and reclusive.	Carol is independent. Carol is reclusive.
entailment	Lawrence is gentle and sensitive.	Lawrence is gentle. Lawrence is sensitive.
entailment	Cynthia is unemotional and easy-going.	Cynthia is unemotional. Cynthia is easy-going.
entailment	Tom is enterprising and sincere.	Tom is enterprising. Tom is sincere.
entailment	Betty is steady and artistic.	Betty is steady. Betty is artistic.
entailment	Billy is confused and reliable.	Billy is confused. Billy is reliable.
entailment	Francis is average and volcanic.	Francis is average. Francis is volcanic.
entailment	Martin is beneficent and picky.	Martin is beneficent. Martin is picky.
