entailment	Richard moved from Iran to Greece.	Richard now lives in Greece.
entailment	Joe moved from Israel to Zimbabwe.	Joe now lives in Zimbabwe.
entailment	Elizabeth moved from France to Saudi Arabia.	Elizabeth now lives in Saudi Arabia.
entailment	Emily moved from Chile to Ireland.	Emily now lives in Ireland.
entailment	Maria moved from Azerbaijan to Denmark.	Maria now lives in Denmark.
entailment	Kim moved from Qatar to Egypt.	Kim now lives in Egypt.
entailment	Louise moved from Libya to Afghanistan.	Louise now lives in Afghanistan.
entailment	Wendy moved from Saudi Arabia to Japan.	Wendy now lives in Japan.
entailment	Alexandra moved from Azerbaijan to Indonesia.	Alexandra now lives in Indonesia.
entailment	Matt moved from New Zealand to Finland.	Matt now lives in Finland.
entailment	Scott moved from Hungary to Libya.	Scott now lives in Libya.
entailment	Brian moved from Iraq to Ireland.	Brian now lives in Ireland.
entailment	Lucy moved from Iraq to Australia.	Lucy now lives in Australia.
entailment	Bruce moved from Japan to Ecuador.	Bruce now lives in Ecuador.
entailment	Alison moved from Oman to Brazil.	Alison now lives in Brazil.
entailment	Diana moved from United States of America to Georgia.	Diana now lives in Georgia.
entailment	Bruce moved from Egypt to Denmark.	Bruce now lives in Denmark.
entailment	Eleanor moved from Germany to United Kingdom.	Eleanor now lives in United Kingdom.
entailment	Joe moved from Ghana to Poland.	Joe now lives in Poland.
entailment	Thomas moved from Nepal to Iran.	Thomas now lives in Iran.
entailment	Albert moved from Brazil to Sweden.	Albert now lives in Sweden.
entailment	John moved from Colombia to Nepal.	John now lives in Nepal.
entailment	Anthony moved from Georgia to Ireland.	Anthony now lives in Ireland.
entailment	Philip moved from Austria to Vietnam.	Philip now lives in Vietnam.
entailment	Rose moved from Afghanistan to Israel.	Rose now lives in Israel.
entailment	Joan moved from Austria to Bhutan.	Joan now lives in Bhutan.
entailment	Don moved from Greece to Uruguay.	Don now lives in Uruguay.
entailment	Cynthia moved from Ghana to Poland.	Cynthia now lives in Poland.
entailment	Paul moved from United States of America to Uruguay.	Paul now lives in Uruguay.
entailment	Tony moved from Ghana to Bhutan.	Tony now lives in Bhutan.
entailment	Bill moved from United Kingdom to Saudi Arabia.	Bill now lives in Saudi Arabia.
entailment	Christopher moved from Iceland to Zimbabwe.	Christopher now lives in Zimbabwe.
entailment	Patricia moved from North Korea to Uruguay.	Patricia now lives in Uruguay.
entailment	Anne moved from New Zealand to Azerbaijan.	Anne now lives in Azerbaijan.
entailment	Catherine moved from Turkey to Singapore.	Catherine now lives in Singapore.
entailment	Charles moved from Libya to Qatar.	Charles now lives in Qatar.
entailment	Anna moved from Brazil to Haiti.	Anna now lives in Haiti.
entailment	Dorothy moved from Uruguay to France.	Dorothy now lives in France.
entailment	Ray moved from United Kingdom to Canada.	Ray now lives in Canada.
entailment	Billy moved from Finland to New Zealand.	Billy now lives in New Zealand.
entailment	Bruce moved from Netherlands to Iran.	Bruce now lives in Iran.
entailment	Hugh moved from Turkey to Italy.	Hugh now lives in Italy.
entailment	Peter moved from Ireland to India.	Peter now lives in India.
entailment	Bobby moved from Laos to Vietnam.	Bobby now lives in Vietnam.
entailment	Tony moved from Nepal to Ireland.	Tony now lives in Ireland.
entailment	Mary moved from Austria to Finland.	Mary now lives in Finland.
entailment	George moved from Canada to Ireland.	George now lives in Ireland.
entailment	Nicole moved from Italy to Austria.	Nicole now lives in Austria.
entailment	Anne moved from Portugal to Greece.	Anne now lives in Greece.
entailment	Paul moved from Malaysia to France.	Paul now lives in France.
entailment	Roger moved from Zimbabwe to Germany.	Roger now lives in Germany.
entailment	Sarah moved from Mexico to Denmark.	Sarah now lives in Denmark.
entailment	Samuel moved from Ukraine to Japan.	Samuel now lives in Japan.
entailment	Jessica moved from Pakistan to Germany.	Jessica now lives in Germany.
entailment	Kelly moved from South Korea to New Zealand.	Kelly now lives in New Zealand.
entailment	Marie moved from Ghana to South Korea.	Marie now lives in South Korea.
entailment	Bill moved from Australia to Belarus.	Bill now lives in Belarus.
entailment	Sam moved from United Kingdom to Netherlands.	Sam now lives in Netherlands.
entailment	Alexandra moved from Poland to India.	Alexandra now lives in India.
entailment	Patricia moved from Brazil to Turkey.	Patricia now lives in Turkey.
entailment	Greg moved from Malaysia to Egypt.	Greg now lives in Egypt.
entailment	Elizabeth moved from Turkey to Thailand.	Elizabeth now lives in Thailand.
entailment	Jessica moved from Egypt to Fiji.	Jessica now lives in Fiji.
entailment	Cynthia moved from Zimbabwe to Iran.	Cynthia now lives in Iran.
entailment	James moved from China to United States of America.	James now lives in United States of America.
entailment	Patrick moved from Cuba to Thailand.	Patrick now lives in Thailand.
entailment	Dick moved from Singapore to New Zealand.	Dick now lives in New Zealand.
entailment	William moved from Brazil to Denmark.	William now lives in Denmark.
entailment	Roger moved from Thailand to Ecuador.	Roger now lives in Ecuador.
entailment	Jack moved from Russia to Qatar.	Jack now lives in Qatar.
entailment	Stephanie moved from Mexico to Austria.	Stephanie now lives in Austria.
entailment	Julia moved from Israel to Iraq.	Julia now lives in Iraq.
entailment	Patricia moved from United Kingdom to New Zealand.	Patricia now lives in New Zealand.
entailment	Diana moved from Brazil to Australia.	Diana now lives in Australia.
entailment	Mike moved from Denmark to Nepal.	Mike now lives in Nepal.
entailment	Eric moved from Cuba to Fiji.	Eric now lives in Fiji.
entailment	Katie moved from Iceland to Hungary.	Katie now lives in Hungary.
entailment	Chris moved from Canada to Japan.	Chris now lives in Japan.
entailment	Bruce moved from Maldives to South Korea.	Bruce now lives in South Korea.
entailment	Charlotte moved from South Korea to Ghana.	Charlotte now lives in Ghana.
entailment	Matthew moved from Oman to United Arab Emirates.	Matthew now lives in United Arab Emirates.
entailment	Edwin moved from Egypt to Switzerland.	Edwin now lives in Switzerland.
entailment	Sarah moved from Pakistan to Oman.	Sarah now lives in Oman.
entailment	Donald moved from Nepal to Libya.	Donald now lives in Libya.
entailment	Colin moved from Thailand to France.	Colin now lives in France.
entailment	Matt moved from Vietnam to Pakistan.	Matt now lives in Pakistan.
entailment	Katie moved from Oman to Poland.	Katie now lives in Poland.
entailment	Betty moved from Libya to Azerbaijan.	Betty now lives in Azerbaijan.
entailment	Ralph moved from Italy to Qatar.	Ralph now lives in Qatar.
entailment	Rose moved from Ecuador to Singapore.	Rose now lives in Singapore.
entailment	George moved from Ukraine to Ecuador.	George now lives in Ecuador.
entailment	Rebecca moved from Hungary to Azerbaijan.	Rebecca now lives in Azerbaijan.
entailment	Charlie moved from United Arab Emirates to Colombia.	Charlie now lives in Colombia.
entailment	Ashley moved from South Korea to Egypt.	Ashley now lives in Egypt.
entailment	Katie moved from Maldives to Chile.	Katie now lives in Chile.
entailment	Alison moved from Bhutan to Ghana.	Alison now lives in Ghana.
entailment	Florence moved from Vietnam to Belarus.	Florence now lives in Belarus.
entailment	Ian moved from North Korea to Hungary.	Ian now lives in Hungary.
entailment	Andrea moved from Laos to Russia.	Andrea now lives in Russia.
entailment	Steve moved from Georgia to United Arab Emirates.	Steve now lives in United Arab Emirates.
entailment	Rebecca moved from Brazil to Laos.	Rebecca now lives in Laos.
entailment	Harriet moved from Germany to Thailand.	Harriet now lives in Thailand.
entailment	Bruce moved from Iceland to Belgium.	Bruce now lives in Belgium.
entailment	Roy moved from Poland to Belarus.	Roy now lives in Belarus.
entailment	Kate moved from Israel to Libya.	Kate now lives in Libya.
entailment	Christopher moved from Japan to Ghana.	Christopher now lives in Ghana.
entailment	Joseph moved from Afghanistan to Vietnam.	Joseph now lives in Vietnam.
entailment	Jennifer moved from Azerbaijan to Netherlands.	Jennifer now lives in Netherlands.
entailment	Anne moved from Switzerland to Australia.	Anne now lives in Australia.
entailment	James moved from Brazil to Denmark.	James now lives in Denmark.
entailment	James moved from United States of America to Ireland.	James now lives in Ireland.
entailment	Jason moved from Canada to Chile.	Jason now lives in Chile.
entailment	Michael moved from Hungary to Sweden.	Michael now lives in Sweden.
entailment	Christine moved from Taiwan to Ghana.	Christine now lives in Ghana.
entailment	Al moved from Uruguay to Hungary.	Al now lives in Hungary.
entailment	Don moved from Iraq to Netherlands.	Don now lives in Netherlands.
entailment	Alexander moved from Oman to Singapore.	Alexander now lives in Singapore.
entailment	Joan moved from India to Netherlands.	Joan now lives in Netherlands.
entailment	Ralph moved from Australia to Qatar.	Ralph now lives in Qatar.
entailment	Nancy moved from Georgia to Belgium.	Nancy now lives in Belgium.
entailment	Carl moved from Philippines to Poland.	Carl now lives in Poland.
entailment	Maria moved from Ireland to Laos.	Maria now lives in Laos.
entailment	Carolyn moved from Afghanistan to Oman.	Carolyn now lives in Oman.
entailment	Linda moved from Afghanistan to Chile.	Linda now lives in Chile.
entailment	Carolyn moved from Canada to Netherlands.	Carolyn now lives in Netherlands.
entailment	Cynthia moved from Fiji to Israel.	Cynthia now lives in Israel.
entailment	Susan moved from Vietnam to United Kingdom.	Susan now lives in United Kingdom.
entailment	Matthew moved from Greece to Uruguay.	Matthew now lives in Uruguay.
entailment	Benjamin moved from Zimbabwe to Ukraine.	Benjamin now lives in Ukraine.
entailment	John moved from Oman to North Korea.	John now lives in North Korea.
entailment	Jill moved from Georgia to Chile.	Jill now lives in Chile.
entailment	Benjamin moved from Netherlands to Belarus.	Benjamin now lives in Belarus.
entailment	Lawrence moved from Italy to China.	Lawrence now lives in China.
entailment	Kathleen moved from Italy to Cuba.	Kathleen now lives in Cuba.
entailment	Lisa moved from Brazil to Iraq.	Lisa now lives in Iraq.
entailment	Charlie moved from Finland to Australia.	Charlie now lives in Australia.
entailment	Sue moved from Argentina to Chile.	Sue now lives in Chile.
entailment	Catherine moved from Laos to Egypt.	Catherine now lives in Egypt.
entailment	Benjamin moved from Portugal to France.	Benjamin now lives in France.
entailment	Laura moved from Thailand to Cuba.	Laura now lives in Cuba.
entailment	Sally moved from Maldives to Philippines.	Sally now lives in Philippines.
entailment	Francis moved from China to Turkey.	Francis now lives in Turkey.
entailment	Alison moved from Colombia to Chile.	Alison now lives in Chile.
entailment	Martin moved from Haiti to Ukraine.	Martin now lives in Ukraine.
entailment	Frank moved from Afghanistan to South Korea.	Frank now lives in South Korea.
entailment	Judy moved from Vietnam to Nepal.	Judy now lives in Nepal.
entailment	Marie moved from Singapore to Malaysia.	Marie now lives in Malaysia.
entailment	Jerry moved from Egypt to Italy.	Jerry now lives in Italy.
entailment	Bobby moved from Canada to Malaysia.	Bobby now lives in Malaysia.
entailment	Patricia moved from Cuba to Chile.	Patricia now lives in Chile.
entailment	James moved from Iraq to Iran.	James now lives in Iran.
entailment	Kathy moved from Ireland to Finland.	Kathy now lives in Finland.
entailment	Betty moved from Oman to Turkey.	Betty now lives in Turkey.
entailment	Bill moved from Libya to Ghana.	Bill now lives in Ghana.
entailment	Adam moved from Germany to Switzerland.	Adam now lives in Switzerland.
entailment	Joan moved from Philippines to Haiti.	Joan now lives in Haiti.
entailment	Sandra moved from Bangladesh to Philippines.	Sandra now lives in Philippines.
entailment	Fred moved from Italy to India.	Fred now lives in India.
entailment	Kathleen moved from Saudi Arabia to North Korea.	Kathleen now lives in North Korea.
entailment	Alison moved from United Arab Emirates to Indonesia.	Alison now lives in Indonesia.
entailment	Kelly moved from Afghanistan to Austria.	Kelly now lives in Austria.
entailment	Janet moved from Italy to Poland.	Janet now lives in Poland.
entailment	Frederick moved from South Korea to Poland.	Frederick now lives in Poland.
entailment	Colin moved from Malaysia to Azerbaijan.	Colin now lives in Azerbaijan.
entailment	Kathleen moved from Ghana to Iran.	Kathleen now lives in Iran.
entailment	Linda moved from Haiti to Indonesia.	Linda now lives in Indonesia.
entailment	Tony moved from Iraq to New Zealand.	Tony now lives in New Zealand.
entailment	Michelle moved from Vietnam to United Arab Emirates.	Michelle now lives in United Arab Emirates.
entailment	Annie moved from France to Mexico.	Annie now lives in Mexico.
entailment	Ian moved from Turkey to Cuba.	Ian now lives in Cuba.
entailment	Florence moved from Haiti to Finland.	Florence now lives in Finland.
entailment	Samuel moved from Iceland to United Arab Emirates.	Samuel now lives in United Arab Emirates.
entailment	Albert moved from Switzerland to Zimbabwe.	Albert now lives in Zimbabwe.
entailment	Sophie moved from Vietnam to Ecuador.	Sophie now lives in Ecuador.
entailment	Roy moved from Georgia to Malaysia.	Roy now lives in Malaysia.
entailment	Ryan moved from South Korea to United States of America.	Ryan now lives in United States of America.
entailment	Gary moved from Libya to India.	Gary now lives in India.
entailment	Jill moved from France to Netherlands.	Jill now lives in Netherlands.
entailment	Robert moved from Canada to Hungary.	Robert now lives in Hungary.
entailment	Cynthia moved from Nepal to Iceland.	Cynthia now lives in Iceland.
entailment	Alex moved from Finland to Laos.	Alex now lives in Laos.
entailment	Rose moved from United Kingdom to Nepal.	Rose now lives in Nepal.
entailment	Helen moved from Turkey to Hungary.	Helen now lives in Hungary.
entailment	Jerry moved from Philippines to Cuba.	Jerry now lives in Cuba.
entailment	Jill moved from Argentina to Israel.	Jill now lives in Israel.
entailment	Roger moved from Brazil to Poland.	Roger now lives in Poland.
entailment	Kate moved from Libya to China.	Kate now lives in China.
entailment	Dick moved from Ghana to Iran.	Dick now lives in Iran.
entailment	Dorothy moved from Fiji to China.	Dorothy now lives in China.
entailment	Billy moved from Philippines to Poland.	Billy now lives in Poland.
entailment	Jonathan moved from North Korea to Maldives.	Jonathan now lives in Maldives.
entailment	Donna moved from Ireland to Canada.	Donna now lives in Canada.
entailment	Anna moved from Ecuador to Belgium.	Anna now lives in Belgium.
entailment	Evelyn moved from Iran to Bhutan.	Evelyn now lives in Bhutan.
entailment	Diane moved from Georgia to Poland.	Diane now lives in Poland.
entailment	Brian moved from Iran to Ireland.	Brian now lives in Ireland.
entailment	Ben moved from South Korea to Austria.	Ben now lives in Austria.
entailment	Tony moved from Ghana to Cuba.	Tony now lives in Cuba.
entailment	Lauren moved from Iceland to Georgia.	Lauren now lives in Georgia.
entailment	Claire moved from Singapore to Iceland.	Claire now lives in Iceland.
entailment	Matthew moved from China to India.	Matthew now lives in India.
entailment	Sophie moved from Portugal to Russia.	Sophie now lives in Russia.
entailment	Jim moved from Mexico to Ghana.	Jim now lives in Ghana.
entailment	Jim moved from Pakistan to Argentina.	Jim now lives in Argentina.
entailment	Ryan moved from Israel to Ghana.	Ryan now lives in Ghana.
entailment	Charlotte moved from Saudi Arabia to Azerbaijan.	Charlotte now lives in Azerbaijan.
entailment	Emily moved from Ecuador to Austria.	Emily now lives in Austria.
entailment	Walter moved from Saudi Arabia to Pakistan.	Walter now lives in Pakistan.
entailment	Joseph moved from Georgia to Netherlands.	Joseph now lives in Netherlands.
entailment	Richard moved from Germany to Israel.	Richard now lives in Israel.
entailment	Judith moved from Nepal to Egypt.	Judith now lives in Egypt.
entailment	Kathleen moved from Qatar to Uruguay.	Kathleen now lives in Uruguay.
entailment	Ashley moved from Chile to Russia.	Ashley now lives in Russia.
entailment	Larry moved from Singapore to Taiwan.	Larry now lives in Taiwan.
entailment	Louise moved from United States of America to Oman.	Louise now lives in Oman.
entailment	Leslie moved from Sweden to Ukraine.	Leslie now lives in Ukraine.
entailment	Lynn moved from Ghana to Israel.	Lynn now lives in Israel.
entailment	Martha moved from Netherlands to Vietnam.	Martha now lives in Vietnam.
entailment	Ian moved from Qatar to Haiti.	Ian now lives in Haiti.
entailment	Mark moved from Uruguay to Indonesia.	Mark now lives in Indonesia.
entailment	Karen moved from Argentina to Iraq.	Karen now lives in Iraq.
entailment	Suzanne moved from Bhutan to Belgium.	Suzanne now lives in Belgium.
entailment	Frances moved from Israel to Belarus.	Frances now lives in Belarus.
entailment	Jim moved from Bangladesh to Poland.	Jim now lives in Poland.
entailment	Amy moved from Austria to Iceland.	Amy now lives in Iceland.
entailment	Eleanor moved from Austria to Mexico.	Eleanor now lives in Mexico.
entailment	Samuel moved from United States of America to Hungary.	Samuel now lives in Hungary.
entailment	Barbara moved from South Korea to Libya.	Barbara now lives in Libya.
entailment	Jeff moved from Brazil to Iraq.	Jeff now lives in Iraq.
entailment	Simon moved from Switzerland to Portugal.	Simon now lives in Portugal.
entailment	Deborah moved from Laos to Ghana.	Deborah now lives in Ghana.
entailment	Edwin moved from Belgium to Ukraine.	Edwin now lives in Ukraine.
entailment	Maria moved from Uruguay to Oman.	Maria now lives in Oman.
entailment	Jimmy moved from India to Thailand.	Jimmy now lives in Thailand.
entailment	Diane moved from China to Georgia.	Diane now lives in Georgia.
entailment	Jane moved from Iran to Portugal.	Jane now lives in Portugal.
entailment	Christine moved from Belgium to Iceland.	Christine now lives in Iceland.
entailment	Marilyn moved from Chile to Haiti.	Marilyn now lives in Haiti.
entailment	Nicole moved from Philippines to Chile.	Nicole now lives in Chile.
entailment	Bobby moved from Israel to Chile.	Bobby now lives in Chile.
entailment	Ryan moved from New Zealand to Bangladesh.	Ryan now lives in Bangladesh.
entailment	Bobby moved from Germany to Ghana.	Bobby now lives in Ghana.
entailment	Brian moved from Zimbabwe to Taiwan.	Brian now lives in Taiwan.
entailment	Alan moved from Switzerland to India.	Alan now lives in India.
entailment	Howard moved from Oman to Zimbabwe.	Howard now lives in Zimbabwe.
entailment	Jean moved from Ecuador to Taiwan.	Jean now lives in Taiwan.
entailment	Sharon moved from Ecuador to Hungary.	Sharon now lives in Hungary.
entailment	Dave moved from Italy to Fiji.	Dave now lives in Fiji.
entailment	Claire moved from Azerbaijan to Mexico.	Claire now lives in Mexico.
entailment	Fred moved from Saudi Arabia to Bhutan.	Fred now lives in Bhutan.
entailment	Ian moved from Australia to Bangladesh.	Ian now lives in Bangladesh.
entailment	Louis moved from Uruguay to Canada.	Louis now lives in Canada.
entailment	Ed moved from North Korea to Poland.	Ed now lives in Poland.
entailment	Peter moved from North Korea to Ecuador.	Peter now lives in Ecuador.
entailment	Walter moved from Oman to Azerbaijan.	Walter now lives in Azerbaijan.
entailment	Fred moved from Greece to Argentina.	Fred now lives in Argentina.
entailment	Don moved from Austria to Georgia.	Don now lives in Georgia.
entailment	Greg moved from Indonesia to Colombia.	Greg now lives in Colombia.
entailment	Diane moved from North Korea to Austria.	Diane now lives in Austria.
entailment	Heather moved from China to Finland.	Heather now lives in Finland.
entailment	Christopher moved from Ireland to Sweden.	Christopher now lives in Sweden.
entailment	Stephen moved from Azerbaijan to Singapore.	Stephen now lives in Singapore.
entailment	Kate moved from Ghana to Taiwan.	Kate now lives in Taiwan.
entailment	Ann moved from Egypt to Indonesia.	Ann now lives in Indonesia.
entailment	Kenneth moved from New Zealand to Saudi Arabia.	Kenneth now lives in Saudi Arabia.
entailment	Claire moved from Ireland to Zimbabwe.	Claire now lives in Zimbabwe.
entailment	Richard moved from Zimbabwe to Indonesia.	Richard now lives in Indonesia.
entailment	Bruce moved from Nepal to Netherlands.	Bruce now lives in Netherlands.
entailment	Carolyn moved from Iran to Bangladesh.	Carolyn now lives in Bangladesh.
entailment	Harold moved from Italy to Fiji.	Harold now lives in Fiji.
entailment	Joe moved from Saudi Arabia to Fiji.	Joe now lives in Fiji.
entailment	Colin moved from Ecuador to Finland.	Colin now lives in Finland.
entailment	Ed moved from Malaysia to Israel.	Ed now lives in Israel.
entailment	Jason moved from Sweden to Egypt.	Jason now lives in Egypt.
entailment	Thomas moved from Afghanistan to Greece.	Thomas now lives in Greece.
entailment	Rose moved from Sweden to Azerbaijan.	Rose now lives in Azerbaijan.
entailment	Melissa moved from United Kingdom to Laos.	Melissa now lives in Laos.
entailment	Ken moved from Bangladesh to Iceland.	Ken now lives in Iceland.
entailment	Brian moved from Poland to Colombia.	Brian now lives in Colombia.
entailment	Nicole moved from Cuba to Italy.	Nicole now lives in Italy.
entailment	Rose moved from Chile to New Zealand.	Rose now lives in New Zealand.
entailment	Frederick moved from Qatar to Ecuador.	Frederick now lives in Ecuador.
entailment	Carolyn moved from Philippines to Ukraine.	Carolyn now lives in Ukraine.
entailment	Julia moved from Cuba to Poland.	Julia now lives in Poland.
entailment	Kate moved from Netherlands to Pakistan.	Kate now lives in Pakistan.
entailment	Anne moved from Laos to Hungary.	Anne now lives in Hungary.
entailment	Joseph moved from Belgium to Oman.	Joseph now lives in Oman.
entailment	Anthony moved from Brazil to New Zealand.	Anthony now lives in New Zealand.
entailment	Julie moved from Georgia to Denmark.	Julie now lives in Denmark.
entailment	Kim moved from Australia to South Korea.	Kim now lives in South Korea.
entailment	Robert moved from Portugal to Colombia.	Robert now lives in Colombia.
entailment	Pamela moved from Ghana to Georgia.	Pamela now lives in Georgia.
entailment	Hugh moved from Chile to Belarus.	Hugh now lives in Belarus.
entailment	Sandra moved from Turkey to Ireland.	Sandra now lives in Ireland.
entailment	Ruth moved from Uruguay to Zimbabwe.	Ruth now lives in Zimbabwe.
entailment	Michelle moved from Qatar to Belarus.	Michelle now lives in Belarus.
entailment	Christine moved from India to North Korea.	Christine now lives in North Korea.
entailment	Alice moved from Indonesia to Brazil.	Alice now lives in Brazil.
entailment	Rachel moved from Argentina to China.	Rachel now lives in China.
entailment	Chris moved from Chile to Uruguay.	Chris now lives in Uruguay.
entailment	Ben moved from United Kingdom to Laos.	Ben now lives in Laos.
entailment	Dorothy moved from Italy to Malaysia.	Dorothy now lives in Malaysia.
entailment	Sara moved from Egypt to United Kingdom.	Sara now lives in United Kingdom.
entailment	Annie moved from Turkey to Fiji.	Annie now lives in Fiji.
entailment	Francis moved from Switzerland to United Arab Emirates.	Francis now lives in United Arab Emirates.
entailment	Fred moved from Nepal to Iceland.	Fred now lives in Iceland.
entailment	Don moved from Canada to Azerbaijan.	Don now lives in Azerbaijan.
entailment	Maria moved from Egypt to Ghana.	Maria now lives in Ghana.
entailment	Richard moved from United States of America to Ireland.	Richard now lives in Ireland.
entailment	Frederick moved from Mexico to Canada.	Frederick now lives in Canada.
entailment	Peter moved from Fiji to Oman.	Peter now lives in Oman.
entailment	Victoria moved from New Zealand to United Kingdom.	Victoria now lives in United Kingdom.
entailment	Mike moved from Belarus to Canada.	Mike now lives in Canada.
entailment	Fred moved from Portugal to China.	Fred now lives in China.
entailment	Catherine moved from Azerbaijan to Belgium.	Catherine now lives in Belgium.
entailment	Nicole moved from Finland to Cuba.	Nicole now lives in Cuba.
entailment	Margaret moved from Uruguay to Laos.	Margaret now lives in Laos.
entailment	Steven moved from United Arab Emirates to Bhutan.	Steven now lives in Bhutan.
entailment	Fred moved from Maldives to Saudi Arabia.	Fred now lives in Saudi Arabia.
entailment	Roger moved from Argentina to Canada.	Roger now lives in Canada.
entailment	Melissa moved from Qatar to Austria.	Melissa now lives in Austria.
entailment	Deborah moved from Ghana to Belarus.	Deborah now lives in Belarus.
entailment	Bruce moved from Colombia to Afghanistan.	Bruce now lives in Afghanistan.
entailment	Barbara moved from Switzerland to New Zealand.	Barbara now lives in New Zealand.
entailment	Roy moved from Pakistan to Sweden.	Roy now lives in Sweden.
entailment	Elizabeth moved from Japan to Ukraine.	Elizabeth now lives in Ukraine.
entailment	Lauren moved from Iran to New Zealand.	Lauren now lives in New Zealand.
entailment	Joan moved from Taiwan to Philippines.	Joan now lives in Philippines.
entailment	Donald moved from Portugal to Austria.	Donald now lives in Austria.
entailment	Katie moved from Austria to Indonesia.	Katie now lives in Indonesia.
entailment	Arthur moved from Ghana to Nepal.	Arthur now lives in Nepal.
entailment	Henry moved from Vietnam to India.	Henry now lives in India.
entailment	Michelle moved from Netherlands to Greece.	Michelle now lives in Greece.
entailment	Rebecca moved from Nepal to Haiti.	Rebecca now lives in Haiti.
entailment	Sharon moved from Indonesia to Ghana.	Sharon now lives in Ghana.
entailment	Tim moved from Mexico to South Korea.	Tim now lives in South Korea.
entailment	Fred moved from Belarus to Canada.	Fred now lives in Canada.
entailment	Mark moved from Portugal to India.	Mark now lives in India.
entailment	Michelle moved from Pakistan to Haiti.	Michelle now lives in Haiti.
entailment	Michelle moved from Laos to Germany.	Michelle now lives in Germany.
entailment	Cynthia moved from Belarus to New Zealand.	Cynthia now lives in New Zealand.
entailment	Jimmy moved from Finland to United States of America.	Jimmy now lives in United States of America.
entailment	Gary moved from Vietnam to Germany.	Gary now lives in Germany.
entailment	Christine moved from Philippines to Turkey.	Christine now lives in Turkey.
entailment	Rebecca moved from Israel to Finland.	Rebecca now lives in Finland.
entailment	Tom moved from Japan to Vietnam.	Tom now lives in Vietnam.
entailment	Suzanne moved from Bangladesh to Canada.	Suzanne now lives in Canada.
entailment	Ellen moved from Ireland to Greece.	Ellen now lives in Greece.
entailment	Lucy moved from Saudi Arabia to Thailand.	Lucy now lives in Thailand.
entailment	Michelle moved from South Korea to Zimbabwe.	Michelle now lives in Zimbabwe.
entailment	Tony moved from Brazil to Finland.	Tony now lives in Finland.
entailment	Katie moved from Argentina to Uruguay.	Katie now lives in Uruguay.
entailment	Paul moved from Finland to Austria.	Paul now lives in Austria.
entailment	Michelle moved from Ukraine to Bangladesh.	Michelle now lives in Bangladesh.
entailment	Cynthia moved from Philippines to Laos.	Cynthia now lives in Laos.
entailment	Walter moved from United Arab Emirates to Japan.	Walter now lives in Japan.
entailment	Sophie moved from Ecuador to Iraq.	Sophie now lives in Iraq.
entailment	Diana moved from Colombia to Bhutan.	Diana now lives in Bhutan.
entailment	Paul moved from Brazil to Bangladesh.	Paul now lives in Bangladesh.
entailment	Helen moved from Switzerland to North Korea.	Helen now lives in North Korea.
entailment	David moved from Laos to Mexico.	David now lives in Mexico.
entailment	Scott moved from Iraq to Switzerland.	Scott now lives in Switzerland.
entailment	Margaret moved from Bangladesh to France.	Margaret now lives in France.
entailment	Jonathan moved from China to Bangladesh.	Jonathan now lives in Bangladesh.
entailment	Patrick moved from Zimbabwe to Ecuador.	Patrick now lives in Ecuador.
entailment	Deborah moved from Cuba to France.	Deborah now lives in France.
entailment	Kathryn moved from Libya to Australia.	Kathryn now lives in Australia.
entailment	Jay moved from India to Italy.	Jay now lives in Italy.
entailment	Ruth moved from Australia to Egypt.	Ruth now lives in Egypt.
entailment	Bill moved from Chile to Portugal.	Bill now lives in Portugal.
entailment	Emma moved from Iran to Austria.	Emma now lives in Austria.
entailment	Michael moved from Cuba to United Kingdom.	Michael now lives in United Kingdom.
entailment	Sam moved from Bangladesh to Malaysia.	Sam now lives in Malaysia.
entailment	Jack moved from Azerbaijan to Taiwan.	Jack now lives in Taiwan.
entailment	Henry moved from Germany to Uruguay.	Henry now lives in Uruguay.
entailment	Ed moved from Thailand to Uruguay.	Ed now lives in Uruguay.
entailment	Alfred moved from Switzerland to Colombia.	Alfred now lives in Colombia.
entailment	Ruth moved from Uruguay to Thailand.	Ruth now lives in Thailand.
entailment	Paul moved from Cuba to Egypt.	Paul now lives in Egypt.
entailment	Claire moved from Turkey to India.	Claire now lives in India.
entailment	Pamela moved from Russia to Iceland.	Pamela now lives in Iceland.
entailment	Julie moved from India to New Zealand.	Julie now lives in New Zealand.
entailment	Eric moved from Ecuador to Turkey.	Eric now lives in Turkey.
entailment	Ryan moved from Pakistan to Philippines.	Ryan now lives in Philippines.
entailment	Donald moved from Hungary to Fiji.	Donald now lives in Fiji.
entailment	Fiona moved from Switzerland to Hungary.	Fiona now lives in Hungary.
entailment	Florence moved from Belarus to Georgia.	Florence now lives in Georgia.
entailment	Pamela moved from Ireland to United States of America.	Pamela now lives in United States of America.
entailment	Julie moved from Nepal to Sweden.	Julie now lives in Sweden.
entailment	Sara moved from Azerbaijan to China.	Sara now lives in China.
entailment	Diana moved from United Kingdom to Fiji.	Diana now lives in Fiji.
entailment	Elizabeth moved from Belgium to United Arab Emirates.	Elizabeth now lives in United Arab Emirates.
entailment	Jack moved from Pakistan to Azerbaijan.	Jack now lives in Azerbaijan.
entailment	Elizabeth moved from Pakistan to Japan.	Elizabeth now lives in Japan.
entailment	Francis moved from Saudi Arabia to Thailand.	Francis now lives in Thailand.
entailment	Frank moved from Vietnam to Turkey.	Frank now lives in Turkey.
entailment	Michael moved from United Kingdom to Australia.	Michael now lives in Australia.
entailment	Philip moved from France to Indonesia.	Philip now lives in Indonesia.
entailment	Henry moved from Fiji to Maldives.	Henry now lives in Maldives.
entailment	Wendy moved from Qatar to North Korea.	Wendy now lives in North Korea.
entailment	Lynn moved from Saudi Arabia to Georgia.	Lynn now lives in Georgia.
entailment	Charles moved from Denmark to Japan.	Charles now lives in Japan.
entailment	Jimmy moved from Maldives to Ecuador.	Jimmy now lives in Ecuador.
entailment	Alexandra moved from Nepal to Hungary.	Alexandra now lives in Hungary.
entailment	Edward moved from Greece to Libya.	Edward now lives in Libya.
entailment	Amanda moved from Ukraine to Brazil.	Amanda now lives in Brazil.
entailment	Matthew moved from China to Qatar.	Matthew now lives in Qatar.
entailment	Kate moved from Belgium to Bangladesh.	Kate now lives in Bangladesh.
entailment	Edwin moved from Canada to Greece.	Edwin now lives in Greece.
entailment	Brian moved from Russia to Iran.	Brian now lives in Iran.
entailment	Jonathan moved from Indonesia to Poland.	Jonathan now lives in Poland.
entailment	Ken moved from Belarus to Uruguay.	Ken now lives in Uruguay.
entailment	Patricia moved from Afghanistan to Bhutan.	Patricia now lives in Bhutan.
entailment	Anthony moved from Sweden to Russia.	Anthony now lives in Russia.
entailment	Richard moved from United Arab Emirates to Denmark.	Richard now lives in Denmark.
entailment	Jane moved from Ghana to North Korea.	Jane now lives in North Korea.
entailment	Dan moved from Ukraine to Libya.	Dan now lives in Libya.
entailment	Ryan moved from Philippines to Oman.	Ryan now lives in Oman.
entailment	Jonathan moved from Ukraine to Egypt.	Jonathan now lives in Egypt.
entailment	Christopher moved from France to Haiti.	Christopher now lives in Haiti.
entailment	Alan moved from Indonesia to United Kingdom.	Alan now lives in United Kingdom.
entailment	Andrea moved from Fiji to Iraq.	Andrea now lives in Iraq.
entailment	Andrew moved from Bhutan to Bangladesh.	Andrew now lives in Bangladesh.
entailment	David moved from Chile to Poland.	David now lives in Poland.
entailment	Alison moved from Russia to Switzerland.	Alison now lives in Switzerland.
entailment	Johnny moved from Canada to Singapore.	Johnny now lives in Singapore.
entailment	Maria moved from Denmark to Finland.	Maria now lives in Finland.
entailment	Amanda moved from Denmark to Ukraine.	Amanda now lives in Ukraine.
entailment	Jane moved from Iraq to Germany.	Jane now lives in Germany.
entailment	Ben moved from Belgium to Afghanistan.	Ben now lives in Afghanistan.
entailment	Rachel moved from Belgium to Brazil.	Rachel now lives in Brazil.
entailment	James moved from Austria to North Korea.	James now lives in North Korea.
entailment	Samuel moved from Zimbabwe to India.	Samuel now lives in India.
entailment	Ed moved from Australia to United States of America.	Ed now lives in United States of America.
entailment	Ed moved from Laos to Colombia.	Ed now lives in Colombia.
entailment	Walter moved from Vietnam to Chile.	Walter now lives in Chile.
entailment	Chris moved from Italy to France.	Chris now lives in France.
entailment	Harold moved from Ghana to China.	Harold now lives in China.
entailment	Linda moved from South Korea to Ecuador.	Linda now lives in Ecuador.
entailment	Hugh moved from Greece to France.	Hugh now lives in France.
entailment	Adam moved from Thailand to Egypt.	Adam now lives in Egypt.
entailment	Judy moved from Turkey to Saudi Arabia.	Judy now lives in Saudi Arabia.
entailment	Walter moved from Philippines to Portugal.	Walter now lives in Portugal.
entailment	Deborah moved from Azerbaijan to Oman.	Deborah now lives in Oman.
entailment	Paul moved from South Korea to Italy.	Paul now lives in Italy.
entailment	Mary moved from Taiwan to Philippines.	Mary now lives in Philippines.
entailment	Julia moved from Haiti to Denmark.	Julia now lives in Denmark.
entailment	Simon moved from Libya to Hungary.	Simon now lives in Hungary.
entailment	George moved from Belgium to Sweden.	George now lives in Sweden.
entailment	Emily moved from United States of America to Singapore.	Emily now lives in Singapore.
entailment	Jay moved from Bhutan to Ukraine.	Jay now lives in Ukraine.
entailment	Edith moved from Austria to Israel.	Edith now lives in Israel.
entailment	Elaine moved from Afghanistan to Greece.	Elaine now lives in Greece.
entailment	Claire moved from Libya to Turkey.	Claire now lives in Turkey.
entailment	Judy moved from Vietnam to China.	Judy now lives in China.
entailment	Philip moved from Zimbabwe to Belgium.	Philip now lives in Belgium.
entailment	William moved from Nepal to Cuba.	William now lives in Cuba.
entailment	Bobby moved from Ecuador to Ghana.	Bobby now lives in Ghana.
entailment	Amanda moved from Greece to Afghanistan.	Amanda now lives in Afghanistan.
entailment	Florence moved from Bangladesh to Japan.	Florence now lives in Japan.
entailment	Hugh moved from Ireland to France.	Hugh now lives in France.
entailment	Leslie moved from United States of America to Denmark.	Leslie now lives in Denmark.
entailment	James moved from Brazil to Greece.	James now lives in Greece.
entailment	Don moved from Germany to Iraq.	Don now lives in Iraq.
entailment	Harold moved from Cuba to Thailand.	Harold now lives in Thailand.
entailment	Matt moved from Bhutan to Hungary.	Matt now lives in Hungary.
entailment	Sally moved from Afghanistan to South Korea.	Sally now lives in South Korea.
entailment	Johnny moved from United Arab Emirates to South Korea.	Johnny now lives in South Korea.
entailment	Tim moved from Azerbaijan to Ukraine.	Tim now lives in Ukraine.
entailment	Steve moved from Bangladesh to Israel.	Steve now lives in Israel.
entailment	William moved from Poland to Ireland.	William now lives in Ireland.
entailment	Judy moved from Belarus to Poland.	Judy now lives in Poland.
entailment	Harry moved from Argentina to Indonesia.	Harry now lives in Indonesia.
entailment	Patricia moved from North Korea to Netherlands.	Patricia now lives in Netherlands.
entailment	Patrick moved from Japan to Malaysia.	Patrick now lives in Malaysia.
entailment	Benjamin moved from Indonesia to Austria.	Benjamin now lives in Austria.
entailment	Dorothy moved from Canada to Oman.	Dorothy now lives in Oman.
entailment	Ann moved from India to Finland.	Ann now lives in Finland.
entailment	Tom moved from Ireland to Italy.	Tom now lives in Italy.
entailment	Johnny moved from Iraq to China.	Johnny now lives in China.
entailment	Ken moved from New Zealand to Fiji.	Ken now lives in Fiji.
entailment	Angela moved from Iran to Finland.	Angela now lives in Finland.
entailment	Anne moved from China to Mexico.	Anne now lives in Mexico.
entailment	Diana moved from Philippines to Hungary.	Diana now lives in Hungary.
entailment	Laura moved from Ukraine to Maldives.	Laura now lives in Maldives.
entailment	Roy moved from Ireland to Singapore.	Roy now lives in Singapore.
entailment	Francis moved from Maldives to Taiwan.	Francis now lives in Taiwan.
entailment	Patricia moved from Laos to Ecuador.	Patricia now lives in Ecuador.
entailment	Scott moved from New Zealand to Taiwan.	Scott now lives in Taiwan.
entailment	Pamela moved from United States of America to North Korea.	Pamela now lives in North Korea.
entailment	Matthew moved from Netherlands to South Korea.	Matthew now lives in South Korea.
entailment	Richard moved from Chile to Russia.	Richard now lives in Russia.
entailment	Steven moved from Uruguay to Nepal.	Steven now lives in Nepal.
entailment	Marilyn moved from North Korea to Brazil.	Marilyn now lives in Brazil.
entailment	Louise moved from Switzerland to Ecuador.	Louise now lives in Ecuador.
entailment	Virginia moved from Indonesia to Laos.	Virginia now lives in Laos.
entailment	Steve moved from Maldives to Belarus.	Steve now lives in Belarus.
entailment	Elizabeth moved from Iraq to Singapore.	Elizabeth now lives in Singapore.
entailment	Anne moved from Oman to Ukraine.	Anne now lives in Ukraine.
entailment	Ruth moved from Haiti to Uruguay.	Ruth now lives in Uruguay.
entailment	Billy moved from North Korea to Bangladesh.	Billy now lives in Bangladesh.
entailment	Sharon moved from Philippines to Afghanistan.	Sharon now lives in Afghanistan.
entailment	Eric moved from Chile to South Korea.	Eric now lives in South Korea.
entailment	Virginia moved from Hungary to Bhutan.	Virginia now lives in Bhutan.
entailment	Lauren moved from Mexico to Denmark.	Lauren now lives in Denmark.
entailment	Dorothy moved from Sweden to Azerbaijan.	Dorothy now lives in Azerbaijan.
entailment	James moved from Austria to Greece.	James now lives in Greece.
entailment	Eleanor moved from Haiti to Taiwan.	Eleanor now lives in Taiwan.
entailment	Elizabeth moved from India to Argentina.	Elizabeth now lives in Argentina.
entailment	Andrew moved from Egypt to Austria.	Andrew now lives in Austria.
entailment	Ben moved from Ghana to Oman.	Ben now lives in Oman.
entailment	Frances moved from Libya to Oman.	Frances now lives in Oman.
entailment	Rachel moved from United States of America to Malaysia.	Rachel now lives in Malaysia.
entailment	Ellen moved from New Zealand to Germany.	Ellen now lives in Germany.
entailment	Judith moved from Denmark to Ireland.	Judith now lives in Ireland.
entailment	Carol moved from Afghanistan to Thailand.	Carol now lives in Thailand.
entailment	Linda moved from Poland to Malaysia.	Linda now lives in Malaysia.
entailment	Colin moved from Zimbabwe to Italy.	Colin now lives in Italy.
entailment	George moved from South Korea to North Korea.	George now lives in North Korea.
entailment	Ann moved from Belarus to Finland.	Ann now lives in Finland.
entailment	Bobby moved from Italy to Greece.	Bobby now lives in Greece.
entailment	Louise moved from Maldives to Bangladesh.	Louise now lives in Bangladesh.
entailment	Andrew moved from United Arab Emirates to Denmark.	Andrew now lives in Denmark.
entailment	Carl moved from Libya to Japan.	Carl now lives in Japan.
entailment	Ron moved from New Zealand to Switzerland.	Ron now lives in Switzerland.
entailment	Melissa moved from United Arab Emirates to United Kingdom.	Melissa now lives in United Kingdom.
entailment	Martha moved from United States of America to Ireland.	Martha now lives in Ireland.
entailment	Eleanor moved from Ghana to Sweden.	Eleanor now lives in Sweden.
entailment	Nicole moved from Iceland to India.	Nicole now lives in India.
entailment	Arthur moved from New Zealand to Bhutan.	Arthur now lives in Bhutan.
entailment	Heather moved from Oman to United Arab Emirates.	Heather now lives in United Arab Emirates.
entailment	Sarah moved from Belgium to United Arab Emirates.	Sarah now lives in United Arab Emirates.
entailment	Jonathan moved from Argentina to Georgia.	Jonathan now lives in Georgia.
entailment	Rose moved from Zimbabwe to Argentina.	Rose now lives in Argentina.
entailment	Rebecca moved from Israel to Ukraine.	Rebecca now lives in Ukraine.
entailment	Rachel moved from Belarus to Portugal.	Rachel now lives in Portugal.
entailment	Alison moved from Ghana to Egypt.	Alison now lives in Egypt.
entailment	Alex moved from Fiji to Mexico.	Alex now lives in Mexico.
entailment	Heather moved from Laos to Denmark.	Heather now lives in Denmark.
entailment	Fred moved from Zimbabwe to Austria.	Fred now lives in Austria.
entailment	Ray moved from Taiwan to Qatar.	Ray now lives in Qatar.
entailment	Michelle moved from Italy to Ukraine.	Michelle now lives in Ukraine.
entailment	Peter moved from Sweden to Maldives.	Peter now lives in Maldives.
entailment	Rachel moved from Brazil to Ecuador.	Rachel now lives in Ecuador.
entailment	Virginia moved from Zimbabwe to Iran.	Virginia now lives in Iran.
entailment	Edwin moved from Finland to Qatar.	Edwin now lives in Qatar.
entailment	Pamela moved from Israel to Afghanistan.	Pamela now lives in Afghanistan.
entailment	Edwin moved from Iraq to Oman.	Edwin now lives in Oman.
entailment	Catherine moved from Mexico to Denmark.	Catherine now lives in Denmark.
entailment	Barbara moved from Philippines to Belarus.	Barbara now lives in Belarus.
entailment	Elizabeth moved from Nepal to Ukraine.	Elizabeth now lives in Ukraine.
entailment	Jean moved from Malaysia to Canada.	Jean now lives in Canada.
entailment	Christine moved from Chile to Nepal.	Christine now lives in Nepal.
entailment	Edith moved from Finland to Egypt.	Edith now lives in Egypt.
entailment	Michael moved from Denmark to Switzerland.	Michael now lives in Switzerland.
entailment	Jessica moved from Philippines to North Korea.	Jessica now lives in North Korea.
entailment	Anne moved from Portugal to Argentina.	Anne now lives in Argentina.
entailment	Karen moved from Maldives to Azerbaijan.	Karen now lives in Azerbaijan.
entailment	Margaret moved from Oman to Iraq.	Margaret now lives in Iraq.
entailment	Ruth moved from Japan to Thailand.	Ruth now lives in Thailand.
entailment	Edith moved from Portugal to Qatar.	Edith now lives in Qatar.
entailment	Tony moved from Australia to Qatar.	Tony now lives in Qatar.
entailment	Rebecca moved from Hungary to Malaysia.	Rebecca now lives in Malaysia.
entailment	Joseph moved from Belarus to Ecuador.	Joseph now lives in Ecuador.
entailment	Kate moved from Nepal to Australia.	Kate now lives in Australia.
entailment	Angela moved from Ecuador to Colombia.	Angela now lives in Colombia.
entailment	Victoria moved from Germany to Sweden.	Victoria now lives in Sweden.
entailment	Claire moved from Colombia to Greece.	Claire now lives in Greece.
entailment	Maria moved from Laos to Indonesia.	Maria now lives in Indonesia.
entailment	Andrew moved from Portugal to Qatar.	Andrew now lives in Qatar.
entailment	Gary moved from New Zealand to Cuba.	Gary now lives in Cuba.
entailment	Albert moved from Russia to Georgia.	Albert now lives in Georgia.
entailment	Daniel moved from Azerbaijan to Argentina.	Daniel now lives in Argentina.
entailment	Samuel moved from Russia to Bhutan.	Samuel now lives in Bhutan.
entailment	Margaret moved from Austria to Singapore.	Margaret now lives in Singapore.
entailment	Ruth moved from Poland to Greece.	Ruth now lives in Greece.
entailment	Evelyn moved from Belarus to Iraq.	Evelyn now lives in Iraq.
entailment	Sophie moved from Portugal to Ukraine.	Sophie now lives in Ukraine.
entailment	Anne moved from France to Georgia.	Anne now lives in Georgia.
entailment	Jerry moved from Mexico to China.	Jerry now lives in China.
entailment	Alexandra moved from Greece to New Zealand.	Alexandra now lives in New Zealand.
entailment	Paul moved from Argentina to Vietnam.	Paul now lives in Vietnam.
entailment	Louise moved from Singapore to Ireland.	Louise now lives in Ireland.
entailment	Jessica moved from Iceland to Cuba.	Jessica now lives in Cuba.
entailment	Martin moved from Uruguay to South Korea.	Martin now lives in South Korea.
entailment	Deborah moved from Belgium to Iceland.	Deborah now lives in Iceland.
entailment	Amanda moved from Colombia to China.	Amanda now lives in China.
entailment	Ruth moved from New Zealand to Fiji.	Ruth now lives in Fiji.
entailment	Stephen moved from Maldives to Switzerland.	Stephen now lives in Switzerland.
entailment	Stephen moved from Maldives to Iraq.	Stephen now lives in Iraq.
entailment	Linda moved from Denmark to Fiji.	Linda now lives in Fiji.
entailment	Billy moved from Nepal to Sweden.	Billy now lives in Sweden.
entailment	Eleanor moved from Egypt to Saudi Arabia.	Eleanor now lives in Saudi Arabia.
entailment	Carl moved from Mexico to Ecuador.	Carl now lives in Ecuador.
entailment	Elizabeth moved from Bangladesh to Philippines.	Elizabeth now lives in Philippines.
entailment	Lisa moved from Austria to Australia.	Lisa now lives in Australia.
entailment	Martha moved from New Zealand to Thailand.	Martha now lives in Thailand.
entailment	Ann moved from China to Turkey.	Ann now lives in Turkey.
entailment	Mike moved from Poland to Philippines.	Mike now lives in Philippines.
entailment	Margaret moved from Argentina to Cuba.	Margaret now lives in Cuba.
entailment	Emma moved from Colombia to Singapore.	Emma now lives in Singapore.
entailment	Suzanne moved from Vietnam to Malaysia.	Suzanne now lives in Malaysia.
entailment	Kelly moved from Italy to Canada.	Kelly now lives in Canada.
entailment	Jane moved from Ireland to Maldives.	Jane now lives in Maldives.
entailment	Marie moved from Oman to Belarus.	Marie now lives in Belarus.
entailment	Ron moved from Switzerland to Israel.	Ron now lives in Israel.
entailment	Ray moved from Fiji to Qatar.	Ray now lives in Qatar.
entailment	Harriet moved from Ecuador to Portugal.	Harriet now lives in Portugal.
entailment	Betty moved from Maldives to North Korea.	Betty now lives in North Korea.
entailment	Alex moved from North Korea to Libya.	Alex now lives in Libya.
entailment	George moved from United Arab Emirates to Cuba.	George now lives in Cuba.
entailment	Mike moved from Ghana to Netherlands.	Mike now lives in Netherlands.
entailment	Ben moved from Canada to Philippines.	Ben now lives in Philippines.
entailment	Ellen moved from Colombia to Qatar.	Ellen now lives in Qatar.
entailment	Dave moved from France to Canada.	Dave now lives in Canada.
entailment	Heather moved from Ecuador to Maldives.	Heather now lives in Maldives.
entailment	George moved from Sweden to Zimbabwe.	George now lives in Zimbabwe.
entailment	Charlie moved from United Arab Emirates to Thailand.	Charlie now lives in Thailand.
entailment	Joe moved from Bangladesh to New Zealand.	Joe now lives in New Zealand.
entailment	Ashley moved from Ireland to Laos.	Ashley now lives in Laos.
entailment	Deborah moved from New Zealand to Uruguay.	Deborah now lives in Uruguay.
entailment	Richard moved from Taiwan to Ecuador.	Richard now lives in Ecuador.
entailment	Adam moved from Libya to Chile.	Adam now lives in Chile.
entailment	Wendy moved from Laos to Switzerland.	Wendy now lives in Switzerland.
entailment	Rebecca moved from Brazil to Greece.	Rebecca now lives in Greece.
entailment	Sarah moved from Switzerland to Iran.	Sarah now lives in Iran.
entailment	Catherine moved from Belgium to United Kingdom.	Catherine now lives in United Kingdom.
entailment	Bill moved from Netherlands to Japan.	Bill now lives in Japan.
entailment	Jessica moved from Brazil to India.	Jessica now lives in India.
entailment	Samuel moved from North Korea to Hungary.	Samuel now lives in Hungary.
entailment	Carl moved from France to Austria.	Carl now lives in Austria.
entailment	Ron moved from South Korea to Taiwan.	Ron now lives in Taiwan.
entailment	Harriet moved from Ecuador to Germany.	Harriet now lives in Germany.
entailment	Stephen moved from Brazil to Hungary.	Stephen now lives in Hungary.
entailment	Michael moved from Sweden to China.	Michael now lives in China.
entailment	Sam moved from China to Israel.	Sam now lives in Israel.
entailment	Jeff moved from Sweden to Bangladesh.	Jeff now lives in Bangladesh.
entailment	Edwin moved from Oman to Italy.	Edwin now lives in Italy.
entailment	Donna moved from Oman to Poland.	Donna now lives in Poland.
entailment	Ed moved from Greece to Denmark.	Ed now lives in Denmark.
entailment	Ruth moved from Russia to China.	Ruth now lives in China.
entailment	Ron moved from Thailand to Austria.	Ron now lives in Austria.
entailment	Judith moved from Maldives to Russia.	Judith now lives in Russia.
entailment	Samuel moved from Canada to Haiti.	Samuel now lives in Haiti.
entailment	Kathryn moved from Finland to Ukraine.	Kathryn now lives in Ukraine.
entailment	Ray moved from North Korea to Australia.	Ray now lives in Australia.
entailment	Sally moved from Hungary to Brazil.	Sally now lives in Brazil.
entailment	Wendy moved from Libya to Ukraine.	Wendy now lives in Ukraine.
entailment	Jimmy moved from Saudi Arabia to Bhutan.	Jimmy now lives in Bhutan.
entailment	Sam moved from Ireland to Austria.	Sam now lives in Austria.
entailment	Sam moved from Japan to Fiji.	Sam now lives in Fiji.
entailment	Linda moved from Afghanistan to Israel.	Linda now lives in Israel.
entailment	Henry moved from Cuba to Colombia.	Henry now lives in Colombia.
entailment	Cynthia moved from Mexico to Poland.	Cynthia now lives in Poland.
entailment	Fred moved from Portugal to Belarus.	Fred now lives in Belarus.
entailment	Tim moved from Indonesia to North Korea.	Tim now lives in North Korea.
entailment	Francis moved from Brazil to Iceland.	Francis now lives in Iceland.
entailment	Nicole moved from Philippines to Australia.	Nicole now lives in Australia.
entailment	Arthur moved from Greece to Denmark.	Arthur now lives in Denmark.
entailment	Andrew moved from Thailand to Greece.	Andrew now lives in Greece.
entailment	William moved from Iran to Ecuador.	William now lives in Ecuador.
entailment	Nick moved from India to Mexico.	Nick now lives in Mexico.
entailment	Thomas moved from Iraq to Israel.	Thomas now lives in Israel.
entailment	Emily moved from Laos to New Zealand.	Emily now lives in New Zealand.
entailment	Mark moved from Laos to Philippines.	Mark now lives in Philippines.
entailment	Richard moved from Sweden to United Arab Emirates.	Richard now lives in United Arab Emirates.
entailment	Hugh moved from Zimbabwe to Brazil.	Hugh now lives in Brazil.
entailment	Joseph moved from North Korea to Austria.	Joseph now lives in Austria.
entailment	Heather moved from Italy to Canada.	Heather now lives in Canada.
entailment	Alison moved from India to Nepal.	Alison now lives in Nepal.
entailment	Leslie moved from Austria to Fiji.	Leslie now lives in Fiji.
entailment	Carolyn moved from Thailand to Argentina.	Carolyn now lives in Argentina.
entailment	Kathy moved from Mexico to South Korea.	Kathy now lives in South Korea.
entailment	Ryan moved from Netherlands to Japan.	Ryan now lives in Japan.
entailment	Richard moved from North Korea to Egypt.	Richard now lives in Egypt.
entailment	Suzanne moved from Netherlands to Thailand.	Suzanne now lives in Thailand.
entailment	Simon moved from Nepal to Belgium.	Simon now lives in Belgium.
entailment	Lucy moved from Netherlands to Ghana.	Lucy now lives in Ghana.
entailment	Barbara moved from Finland to Bangladesh.	Barbara now lives in Bangladesh.
entailment	Jack moved from Egypt to Sweden.	Jack now lives in Sweden.
entailment	Rose moved from United Kingdom to Haiti.	Rose now lives in Haiti.
entailment	Jane moved from China to Iraq.	Jane now lives in Iraq.
entailment	Jessica moved from Australia to Belgium.	Jessica now lives in Belgium.
entailment	Lauren moved from United Arab Emirates to Sweden.	Lauren now lives in Sweden.
entailment	Alfred moved from Belarus to United Kingdom.	Alfred now lives in United Kingdom.
entailment	Caroline moved from Haiti to Poland.	Caroline now lives in Poland.
entailment	Bob moved from Pakistan to Russia.	Bob now lives in Russia.
entailment	Christine moved from Iraq to Haiti.	Christine now lives in Haiti.
entailment	Alison moved from Thailand to Hungary.	Alison now lives in Hungary.
entailment	Henry moved from China to Ecuador.	Henry now lives in Ecuador.
entailment	Diana moved from Oman to China.	Diana now lives in China.
entailment	Maria moved from Finland to Vietnam.	Maria now lives in Vietnam.
entailment	Christine moved from Vietnam to Iceland.	Christine now lives in Iceland.
entailment	Sandra moved from Philippines to Greece.	Sandra now lives in Greece.
entailment	Wendy moved from Ireland to Turkey.	Wendy now lives in Turkey.
entailment	Richard moved from Nepal to Uruguay.	Richard now lives in Uruguay.
entailment	Charles moved from Brazil to Ecuador.	Charles now lives in Ecuador.
entailment	Ryan moved from Canada to Iraq.	Ryan now lives in Iraq.
entailment	Pamela moved from Greece to Uruguay.	Pamela now lives in Uruguay.
entailment	Jim moved from Italy to Nepal.	Jim now lives in Nepal.
entailment	Linda moved from Ukraine to Malaysia.	Linda now lives in Malaysia.
entailment	Catherine moved from Mexico to Egypt.	Catherine now lives in Egypt.
entailment	Wendy moved from Argentina to Finland.	Wendy now lives in Finland.
entailment	Robert moved from Egypt to Maldives.	Robert now lives in Maldives.
entailment	Frederick moved from Libya to Azerbaijan.	Frederick now lives in Azerbaijan.
entailment	Claire moved from Israel to Singapore.	Claire now lives in Singapore.
entailment	Hugh moved from Sweden to Philippines.	Hugh now lives in Philippines.
entailment	Angela moved from Turkey to Ecuador.	Angela now lives in Ecuador.
entailment	Rose moved from Denmark to Libya.	Rose now lives in Libya.
entailment	Amy moved from Iraq to Zimbabwe.	Amy now lives in Zimbabwe.
entailment	Sam moved from Egypt to Belgium.	Sam now lives in Belgium.
entailment	Annie moved from Ecuador to Japan.	Annie now lives in Japan.
entailment	Dave moved from Vietnam to Ecuador.	Dave now lives in Ecuador.
entailment	Charlotte moved from Indonesia to Switzerland.	Charlotte now lives in Switzerland.
entailment	Marilyn moved from Finland to Haiti.	Marilyn now lives in Haiti.
entailment	Louise moved from Laos to Indonesia.	Louise now lives in Indonesia.
entailment	Kate moved from Nepal to Ukraine.	Kate now lives in Ukraine.
entailment	Brian moved from Philippines to Austria.	Brian now lives in Austria.
entailment	Joan moved from Belarus to Iraq.	Joan now lives in Iraq.
entailment	Sam moved from Iceland to Egypt.	Sam now lives in Egypt.
entailment	John moved from Libya to United States of America.	John now lives in United States of America.
entailment	Katie moved from Saudi Arabia to Oman.	Katie now lives in Oman.
entailment	Carl moved from Fiji to Germany.	Carl now lives in Germany.
entailment	Bill moved from India to Belgium.	Bill now lives in Belgium.
entailment	Anna moved from Mexico to Ghana.	Anna now lives in Ghana.
entailment	Sarah moved from Taiwan to Pakistan.	Sarah now lives in Pakistan.
entailment	Roy moved from Denmark to Japan.	Roy now lives in Japan.
entailment	Andrea moved from Taiwan to Finland.	Andrea now lives in Finland.
entailment	Susan moved from Israel to Nepal.	Susan now lives in Nepal.
entailment	Leslie moved from Russia to Belgium.	Leslie now lives in Belgium.
entailment	Stephanie moved from Cuba to Australia.	Stephanie now lives in Australia.
entailment	Arthur moved from North Korea to Belgium.	Arthur now lives in Belgium.
entailment	Kelly moved from Fiji to Switzerland.	Kelly now lives in Switzerland.
entailment	Jean moved from Egypt to Fiji.	Jean now lives in Fiji.
entailment	Barbara moved from Azerbaijan to Uruguay.	Barbara now lives in Uruguay.
entailment	Laura moved from Malaysia to Azerbaijan.	Laura now lives in Azerbaijan.
entailment	Robin moved from Portugal to United Kingdom.	Robin now lives in United Kingdom.
entailment	Janet moved from Libya to Pakistan.	Janet now lives in Pakistan.
entailment	Elizabeth moved from Uruguay to Taiwan.	Elizabeth now lives in Taiwan.
entailment	Anna moved from Iraq to Finland.	Anna now lives in Finland.
entailment	Thomas moved from United Arab Emirates to Taiwan.	Thomas now lives in Taiwan.
entailment	Larry moved from Zimbabwe to North Korea.	Larry now lives in North Korea.
entailment	Jessica moved from Fiji to Netherlands.	Jessica now lives in Netherlands.
entailment	Matt moved from Belgium to Brazil.	Matt now lives in Brazil.
entailment	Rachel moved from Sweden to United States of America.	Rachel now lives in United States of America.
entailment	Frank moved from New Zealand to Thailand.	Frank now lives in Thailand.
entailment	Matthew moved from Thailand to New Zealand.	Matthew now lives in New Zealand.
entailment	Andrea moved from Fiji to Taiwan.	Andrea now lives in Taiwan.
entailment	Sue moved from France to Ukraine.	Sue now lives in Ukraine.
entailment	Rebecca moved from New Zealand to Belgium.	Rebecca now lives in Belgium.
entailment	Julie moved from Denmark to Argentina.	Julie now lives in Argentina.
entailment	Susan moved from Maldives to Belarus.	Susan now lives in Belarus.
entailment	George moved from Indonesia to Austria.	George now lives in Austria.
entailment	Harold moved from Maldives to Haiti.	Harold now lives in Haiti.
entailment	Donald moved from Ghana to Hungary.	Donald now lives in Hungary.
entailment	Sophie moved from Canada to Sweden.	Sophie now lives in Sweden.
entailment	Harriet moved from Philippines to Egypt.	Harriet now lives in Egypt.
entailment	Cynthia moved from Australia to Afghanistan.	Cynthia now lives in Afghanistan.
entailment	Rose moved from Italy to Singapore.	Rose now lives in Singapore.
entailment	Jennifer moved from Austria to Ireland.	Jennifer now lives in Ireland.
entailment	Martin moved from Israel to Turkey.	Martin now lives in Turkey.
entailment	Harold moved from Georgia to Mexico.	Harold now lives in Mexico.
entailment	Jerry moved from Fiji to Colombia.	Jerry now lives in Colombia.
entailment	Tony moved from Fiji to Libya.	Tony now lives in Libya.
entailment	George moved from Iran to Azerbaijan.	George now lives in Azerbaijan.
entailment	Roger moved from United States of America to Turkey.	Roger now lives in Turkey.
entailment	Joseph moved from Malaysia to Afghanistan.	Joseph now lives in Afghanistan.
entailment	Julie moved from Iran to Saudi Arabia.	Julie now lives in Saudi Arabia.
entailment	Cynthia moved from China to Haiti.	Cynthia now lives in Haiti.
entailment	Walter moved from Russia to Greece.	Walter now lives in Greece.
entailment	Henry moved from Iraq to Vietnam.	Henry now lives in Vietnam.
entailment	Keith moved from Australia to Laos.	Keith now lives in Laos.
entailment	John moved from Zimbabwe to United Arab Emirates.	John now lives in United Arab Emirates.
entailment	Leslie moved from Nepal to Egypt.	Leslie now lives in Egypt.
entailment	Andrew moved from Poland to Fiji.	Andrew now lives in Fiji.
entailment	Dorothy moved from Italy to Bhutan.	Dorothy now lives in Bhutan.
entailment	John moved from Singapore to Zimbabwe.	John now lives in Zimbabwe.
entailment	Anne moved from South Korea to Ecuador.	Anne now lives in Ecuador.
entailment	Billy moved from Uruguay to Bhutan.	Billy now lives in Bhutan.
entailment	Dick moved from Maldives to Japan.	Dick now lives in Japan.
entailment	Mike moved from Canada to Brazil.	Mike now lives in Brazil.
entailment	Elaine moved from Azerbaijan to Bhutan.	Elaine now lives in Bhutan.
entailment	Barbara moved from Canada to Libya.	Barbara now lives in Libya.
entailment	Alexander moved from Chile to Malaysia.	Alexander now lives in Malaysia.
entailment	Suzanne moved from United Kingdom to Libya.	Suzanne now lives in Libya.
entailment	Edward moved from Iran to United Kingdom.	Edward now lives in United Kingdom.
entailment	Bill moved from Libya to Ghana.	Bill now lives in Ghana.
entailment	Scott moved from Taiwan to Afghanistan.	Scott now lives in Afghanistan.
entailment	Lucy moved from Zimbabwe to Iraq.	Lucy now lives in Iraq.
entailment	Roy moved from Zimbabwe to Iceland.	Roy now lives in Iceland.
entailment	Laura moved from Nepal to Hungary.	Laura now lives in Hungary.
entailment	Susan moved from Argentina to Netherlands.	Susan now lives in Netherlands.
entailment	Kim moved from South Korea to Uruguay.	Kim now lives in Uruguay.
entailment	Ray moved from Indonesia to Bhutan.	Ray now lives in Bhutan.
entailment	Laura moved from Canada to United States of America.	Laura now lives in United States of America.
entailment	Elizabeth moved from United Arab Emirates to Libya.	Elizabeth now lives in Libya.
entailment	Dick moved from United Kingdom to Portugal.	Dick now lives in Portugal.
entailment	Alan moved from Portugal to Iraq.	Alan now lives in Iraq.
entailment	Ellen moved from Singapore to Russia.	Ellen now lives in Russia.
entailment	Louise moved from Vietnam to Saudi Arabia.	Louise now lives in Saudi Arabia.
entailment	Charlotte moved from Zimbabwe to Malaysia.	Charlotte now lives in Malaysia.
entailment	Kathleen moved from Italy to United States of America.	Kathleen now lives in United States of America.
entailment	Ben moved from Ukraine to Belarus.	Ben now lives in Belarus.
entailment	Dave moved from Nepal to Brazil.	Dave now lives in Brazil.
entailment	Sharon moved from Iraq to France.	Sharon now lives in France.
entailment	Alex moved from Belarus to Malaysia.	Alex now lives in Malaysia.
entailment	Henry moved from Mexico to Egypt.	Henry now lives in Egypt.
entailment	Lynn moved from Finland to China.	Lynn now lives in China.
entailment	Martha moved from Canada to Libya.	Martha now lives in Libya.
entailment	Pamela moved from Ukraine to New Zealand.	Pamela now lives in New Zealand.
entailment	Dick moved from Afghanistan to Japan.	Dick now lives in Japan.
entailment	Patrick moved from Haiti to Argentina.	Patrick now lives in Argentina.
entailment	Walter moved from Libya to Indonesia.	Walter now lives in Indonesia.
entailment	Grace moved from Japan to Pakistan.	Grace now lives in Pakistan.
entailment	Elizabeth moved from Indonesia to China.	Elizabeth now lives in China.
entailment	Nicole moved from Turkey to Iceland.	Nicole now lives in Iceland.
entailment	Gary moved from Iran to United Arab Emirates.	Gary now lives in United Arab Emirates.
entailment	Matthew moved from Mexico to Turkey.	Matthew now lives in Turkey.
entailment	Louis moved from United Arab Emirates to United Kingdom.	Louis now lives in United Kingdom.
entailment	Robin moved from Singapore to Malaysia.	Robin now lives in Malaysia.
entailment	Harry moved from Bangladesh to Canada.	Harry now lives in Canada.
entailment	Al moved from Georgia to Philippines.	Al now lives in Philippines.
entailment	Edward moved from United States of America to Austria.	Edward now lives in Austria.
entailment	Steve moved from Philippines to Ukraine.	Steve now lives in Ukraine.
entailment	Roger moved from Philippines to Turkey.	Roger now lives in Turkey.
entailment	Charles moved from Australia to Iran.	Charles now lives in Iran.
entailment	Ed moved from Belgium to Australia.	Ed now lives in Australia.
entailment	Ashley moved from South Korea to Vietnam.	Ashley now lives in Vietnam.
entailment	Sandra moved from Turkey to Denmark.	Sandra now lives in Denmark.
entailment	Ian moved from Qatar to Zimbabwe.	Ian now lives in Zimbabwe.
entailment	Daniel moved from Zimbabwe to Turkey.	Daniel now lives in Turkey.
entailment	Jason moved from New Zealand to Maldives.	Jason now lives in Maldives.
entailment	George moved from Austria to Azerbaijan.	George now lives in Azerbaijan.
entailment	Dave moved from Poland to United States of America.	Dave now lives in United States of America.
entailment	Jim moved from Libya to France.	Jim now lives in France.
entailment	Robert moved from Germany to Malaysia.	Robert now lives in Malaysia.
entailment	Jason moved from Canada to Finland.	Jason now lives in Finland.
entailment	Diana moved from Germany to Malaysia.	Diana now lives in Malaysia.
entailment	Nicole moved from Brazil to Russia.	Nicole now lives in Russia.
entailment	Maria moved from Iceland to Vietnam.	Maria now lives in Vietnam.
entailment	Linda moved from Ecuador to Uruguay.	Linda now lives in Uruguay.
entailment	Howard moved from Georgia to Iraq.	Howard now lives in Iraq.
entailment	Hugh moved from Uruguay to Belgium.	Hugh now lives in Belgium.
entailment	Louise moved from Bangladesh to Ecuador.	Louise now lives in Ecuador.
entailment	Ben moved from Zimbabwe to Netherlands.	Ben now lives in Netherlands.
entailment	Barbara moved from Bangladesh to Turkey.	Barbara now lives in Turkey.
entailment	Ann moved from Russia to United States of America.	Ann now lives in United States of America.
entailment	Sam moved from Libya to Canada.	Sam now lives in Canada.
entailment	Roger moved from Singapore to Colombia.	Roger now lives in Colombia.
entailment	Emma moved from South Korea to Laos.	Emma now lives in Laos.
entailment	Colin moved from Italy to Poland.	Colin now lives in Poland.
entailment	Joe moved from Malaysia to Fiji.	Joe now lives in Fiji.
entailment	Carol moved from Ecuador to Thailand.	Carol now lives in Thailand.
entailment	Lisa moved from Poland to Germany.	Lisa now lives in Germany.
entailment	Leslie moved from Italy to United Kingdom.	Leslie now lives in United Kingdom.
entailment	Paul moved from Belgium to Belarus.	Paul now lives in Belarus.
entailment	Linda moved from United Arab Emirates to Azerbaijan.	Linda now lives in Azerbaijan.
entailment	Kate moved from Russia to Chile.	Kate now lives in Chile.
entailment	Kevin moved from Thailand to Ecuador.	Kevin now lives in Ecuador.
entailment	Gary moved from Laos to Israel.	Gary now lives in Israel.
entailment	Alexander moved from Netherlands to Iran.	Alexander now lives in Iran.
entailment	Kathryn moved from Iran to Azerbaijan.	Kathryn now lives in Azerbaijan.
entailment	Francis moved from Georgia to Cuba.	Francis now lives in Cuba.
entailment	Jay moved from Azerbaijan to Qatar.	Jay now lives in Qatar.
entailment	Jennifer moved from North Korea to Finland.	Jennifer now lives in Finland.
entailment	Marie moved from Georgia to Laos.	Marie now lives in Laos.
entailment	Caroline moved from Switzerland to Ireland.	Caroline now lives in Ireland.
entailment	Colin moved from Bangladesh to Oman.	Colin now lives in Oman.
entailment	Simon moved from Italy to Poland.	Simon now lives in Poland.
entailment	Sharon moved from Poland to North Korea.	Sharon now lives in North Korea.
entailment	Lisa moved from New Zealand to Iraq.	Lisa now lives in Iraq.
entailment	Eleanor moved from Iran to Italy.	Eleanor now lives in Italy.
entailment	Sandra moved from China to Georgia.	Sandra now lives in Georgia.
entailment	Elaine moved from Saudi Arabia to Singapore.	Elaine now lives in Singapore.
entailment	Ken moved from Brazil to Vietnam.	Ken now lives in Vietnam.
entailment	Adam moved from Egypt to Germany.	Adam now lives in Germany.
entailment	Don moved from Poland to United Kingdom.	Don now lives in United Kingdom.
entailment	Susan moved from Turkey to Ghana.	Susan now lives in Ghana.
entailment	Charlotte moved from South Korea to Afghanistan.	Charlotte now lives in Afghanistan.
entailment	Albert moved from Poland to Netherlands.	Albert now lives in Netherlands.
entailment	Ann moved from Australia to Poland.	Ann now lives in Poland.
entailment	David moved from Belgium to Maldives.	David now lives in Maldives.
entailment	Harriet moved from Uruguay to Malaysia.	Harriet now lives in Malaysia.
entailment	Bobby moved from South Korea to Ukraine.	Bobby now lives in Ukraine.
entailment	Rose moved from Canada to Maldives.	Rose now lives in Maldives.
entailment	Tom moved from Fiji to Greece.	Tom now lives in Greece.
entailment	Al moved from Haiti to Zimbabwe.	Al now lives in Zimbabwe.
entailment	Rose moved from Singapore to Egypt.	Rose now lives in Egypt.
entailment	Richard moved from Italy to Fiji.	Richard now lives in Fiji.
entailment	Julie moved from Iraq to Maldives.	Julie now lives in Maldives.
entailment	Billy moved from Vietnam to Fiji.	Billy now lives in Fiji.
entailment	Tony moved from Denmark to Portugal.	Tony now lives in Portugal.
entailment	Eleanor moved from Pakistan to Zimbabwe.	Eleanor now lives in Zimbabwe.
entailment	Henry moved from Russia to Ghana.	Henry now lives in Ghana.
entailment	Kim moved from Poland to Finland.	Kim now lives in Finland.
entailment	Ruth moved from Vietnam to Turkey.	Ruth now lives in Turkey.
entailment	Lucy moved from Maldives to France.	Lucy now lives in France.
entailment	Paul moved from Libya to Ghana.	Paul now lives in Ghana.
entailment	Donna moved from North Korea to Ukraine.	Donna now lives in Ukraine.
entailment	Roy moved from Denmark to Turkey.	Roy now lives in Turkey.
entailment	Ellen moved from Maldives to North Korea.	Ellen now lives in North Korea.
entailment	Tony moved from New Zealand to Iceland.	Tony now lives in Iceland.
entailment	Anne moved from Turkey to Libya.	Anne now lives in Libya.
entailment	Ashley moved from France to Fiji.	Ashley now lives in Fiji.
entailment	Linda moved from Fiji to Georgia.	Linda now lives in Georgia.
entailment	Janet moved from Argentina to Libya.	Janet now lives in Libya.
entailment	Kim moved from Maldives to Denmark.	Kim now lives in Denmark.
entailment	Donald moved from Malaysia to Afghanistan.	Donald now lives in Afghanistan.
entailment	Dorothy moved from Belarus to Colombia.	Dorothy now lives in Colombia.
entailment	Leslie moved from Haiti to Turkey.	Leslie now lives in Turkey.
entailment	Ruth moved from Australia to Haiti.	Ruth now lives in Haiti.
entailment	Al moved from Libya to Taiwan.	Al now lives in Taiwan.
entailment	Carol moved from Belarus to Egypt.	Carol now lives in Egypt.
entailment	Anna moved from Sweden to Canada.	Anna now lives in Canada.
entailment	Lynn moved from Georgia to Taiwan.	Lynn now lives in Taiwan.
entailment	Kathy moved from Belgium to Ireland.	Kathy now lives in Ireland.
entailment	Marilyn moved from Ireland to New Zealand.	Marilyn now lives in New Zealand.
entailment	Jimmy moved from Israel to Oman.	Jimmy now lives in Oman.
entailment	Rebecca moved from Taiwan to North Korea.	Rebecca now lives in North Korea.
entailment	Carl moved from Fiji to Pakistan.	Carl now lives in Pakistan.
entailment	Ashley moved from United Arab Emirates to Brazil.	Ashley now lives in Brazil.
entailment	Catherine moved from Egypt to Fiji.	Catherine now lives in Fiji.
entailment	Larry moved from South Korea to Indonesia.	Larry now lives in Indonesia.
entailment	Tim moved from Turkey to United Kingdom.	Tim now lives in United Kingdom.
entailment	Caroline moved from Indonesia to Sweden.	Caroline now lives in Sweden.
entailment	Bobby moved from Ukraine to Fiji.	Bobby now lives in Fiji.
entailment	Anthony moved from Iraq to Brazil.	Anthony now lives in Brazil.
entailment	Wendy moved from Belgium to Israel.	Wendy now lives in Israel.
entailment	Jack moved from China to Russia.	Jack now lives in Russia.
entailment	Edwin moved from Turkey to Egypt.	Edwin now lives in Egypt.
entailment	Samuel moved from Hungary to Portugal.	Samuel now lives in Portugal.
entailment	Edward moved from Pakistan to Azerbaijan.	Edward now lives in Azerbaijan.
entailment	Greg moved from Pakistan to Iran.	Greg now lives in Iran.
entailment	Henry moved from Nepal to Colombia.	Henry now lives in Colombia.
entailment	Marie moved from Maldives to Mexico.	Marie now lives in Mexico.
entailment	Francis moved from Thailand to South Korea.	Francis now lives in South Korea.
entailment	Albert moved from Ghana to New Zealand.	Albert now lives in New Zealand.
entailment	David moved from Mexico to United Arab Emirates.	David now lives in United Arab Emirates.
entailment	Charlotte moved from Sweden to Canada.	Charlotte now lives in Canada.
entailment	Edith moved from Iran to Fiji.	Edith now lives in Fiji.
entailment	Mark moved from Cuba to Netherlands.	Mark now lives in Netherlands.
entailment	Diane moved from Turkey to Argentina.	Diane now lives in Argentina.
entailment	Julie moved from Qatar to New Zealand.	Julie now lives in New Zealand.
entailment	Elizabeth moved from Russia to Hungary.	Elizabeth now lives in Hungary.
entailment	Dick moved from Vietnam to Zimbabwe.	Dick now lives in Zimbabwe.
entailment	Fiona moved from Austria to Malaysia.	Fiona now lives in Malaysia.
entailment	Andrea moved from United States of America to Saudi Arabia.	Andrea now lives in Saudi Arabia.
entailment	Samuel moved from Fiji to Ghana.	Samuel now lives in Ghana.
entailment	Heather moved from Indonesia to Ghana.	Heather now lives in Ghana.
entailment	Jeff moved from Italy to Russia.	Jeff now lives in Russia.
entailment	Anthony moved from Cuba to Laos.	Anthony now lives in Laos.
entailment	Dorothy moved from Nepal to Netherlands.	Dorothy now lives in Netherlands.
entailment	Donna moved from Georgia to Netherlands.	Donna now lives in Netherlands.
entailment	Ed moved from United Arab Emirates to Japan.	Ed now lives in Japan.
entailment	Walter moved from Ukraine to Bangladesh.	Walter now lives in Bangladesh.
entailment	Diana moved from Nepal to Israel.	Diana now lives in Israel.
entailment	Emily moved from United States of America to Australia.	Emily now lives in Australia.
entailment	Hugh moved from Sweden to Maldives.	Hugh now lives in Maldives.
entailment	Anna moved from Denmark to Laos.	Anna now lives in Laos.
entailment	Ian moved from Denmark to Zimbabwe.	Ian now lives in Zimbabwe.
entailment	Mary moved from Vietnam to Finland.	Mary now lives in Finland.
entailment	Michael moved from Pakistan to Taiwan.	Michael now lives in Taiwan.
entailment	Jerry moved from Ghana to Georgia.	Jerry now lives in Georgia.
entailment	Sophie moved from United Arab Emirates to Zimbabwe.	Sophie now lives in Zimbabwe.
entailment	Simon moved from Zimbabwe to Maldives.	Simon now lives in Maldives.
entailment	Tom moved from Germany to Ireland.	Tom now lives in Ireland.
entailment	Jennifer moved from Argentina to Turkey.	Jennifer now lives in Turkey.
entailment	Roy moved from Poland to Ukraine.	Roy now lives in Ukraine.
entailment	Joe moved from Colombia to Zimbabwe.	Joe now lives in Zimbabwe.
entailment	Angela moved from Israel to Colombia.	Angela now lives in Colombia.
entailment	Judy moved from Singapore to Ireland.	Judy now lives in Ireland.
entailment	Amy moved from Greece to Poland.	Amy now lives in Poland.
entailment	Suzanne moved from Thailand to Malaysia.	Suzanne now lives in Malaysia.
entailment	Ashley moved from Colombia to Iran.	Ashley now lives in Iran.
entailment	Andrea moved from Brazil to Singapore.	Andrea now lives in Singapore.
entailment	Simon moved from Uruguay to Thailand.	Simon now lives in Thailand.
entailment	Ed moved from Azerbaijan to Uruguay.	Ed now lives in Uruguay.
entailment	Kenneth moved from Poland to Ecuador.	Kenneth now lives in Ecuador.
entailment	Eric moved from Iran to Iraq.	Eric now lives in Iraq.
entailment	Ian moved from Colombia to Russia.	Ian now lives in Russia.
entailment	Julia moved from Japan to Canada.	Julia now lives in Canada.
entailment	Fiona moved from Cuba to France.	Fiona now lives in France.
entailment	Charlotte moved from Hungary to Brazil.	Charlotte now lives in Brazil.
entailment	Ron moved from Oman to Philippines.	Ron now lives in Philippines.
entailment	Kathy moved from United Kingdom to Canada.	Kathy now lives in Canada.
entailment	Annie moved from Bhutan to Iraq.	Annie now lives in Iraq.
entailment	Sharon moved from Libya to Canada.	Sharon now lives in Canada.
entailment	Grace moved from Azerbaijan to Georgia.	Grace now lives in Georgia.
entailment	Dan moved from Belarus to Finland.	Dan now lives in Finland.
entailment	Nicole moved from North Korea to Poland.	Nicole now lives in Poland.
entailment	Lucy moved from United Kingdom to Hungary.	Lucy now lives in Hungary.
entailment	Jay moved from Ecuador to Cuba.	Jay now lives in Cuba.
entailment	David moved from Taiwan to Cuba.	David now lives in Cuba.
entailment	Jean moved from Libya to Ghana.	Jean now lives in Ghana.
entailment	Gary moved from New Zealand to United Arab Emirates.	Gary now lives in United Arab Emirates.
entailment	Thomas moved from Libya to Egypt.	Thomas now lives in Egypt.
entailment	Diane moved from Japan to France.	Diane now lives in France.
entailment	Dave moved from Afghanistan to Mexico.	Dave now lives in Mexico.
entailment	Charles moved from Saudi Arabia to Mexico.	Charles now lives in Mexico.
entailment	Ryan moved from China to Uruguay.	Ryan now lives in Uruguay.
