entailment	Jason lent the book to Billy.	Billy borrowed the book from Jason.
entailment	Jennifer spoke about the environment to Emily.	Emily listened about the environment from Jennifer.
entailment	Nick threw the ball to Katherine.	Katherine received the ball from Nick.
entailment	Julie bought a phone to Ann.	Ann sold a phone from Julie.
entailment	Kelly taught history to Ed.	Ed learnt history from Kelly.
entailment	Chris spoke about the environment to Suzanne.	Suzanne listened about the environment from Chris.
entailment	Wendy taught history to Jimmy.	Jimmy learnt history from Wendy.
entailment	Mike bought a phone to Grace.	Grace sold a phone from Mike.
entailment	Florence threw the bottle to Jimmy.	Jimmy received the bottle from Florence.
entailment	Greg spoke about the trip to Lisa.	Lisa listened about the trip from Greg.
entailment	Sophie taught history to Thomas.	Thomas learnt history from Sophie.
entailment	Andrea threw the ball to Bob.	Bob received the ball from Andrea.
entailment	Julie taught mathematics to Grace.	Grace learnt mathematics from Julie.
entailment	Evelyn spoke about the trip to Steve.	Steve listened about the trip from Evelyn.
entailment	Alexander threw the ball to Walter.	Walter received the ball from Alexander.
entailment	Kelly taught history to Alice.	Alice learnt history from Kelly.
entailment	Harriet threw the ball to Florence.	Florence received the ball from Harriet.
entailment	Dave threw the ball to Arthur.	Arthur received the ball from Dave.
entailment	Betty bought a phone to Sophie.	Sophie sold a phone from Betty.
entailment	Carolyn bought a camera to Sharon.	Sharon sold a camera from Carolyn.
entailment	Emily taught mathematics to Stephanie.	Stephanie learnt mathematics from Emily.
entailment	Edward lent the book to Kenneth.	Kenneth borrowed the book from Edward.
entailment	Roy threw the ball to Maria.	Maria received the ball from Roy.
entailment	Carol spoke about the trip to Ralph.	Ralph listened about the trip from Carol.
entailment	Louis taught mathematics to Frederick.	Frederick learnt mathematics from Louis.
entailment	Donald lent the book to Chris.	Chris borrowed the book from Donald.
entailment	Florence spoke about the environment to Rebecca.	Rebecca listened about the environment from Florence.
entailment	Elaine threw the ball to Ellen.	Ellen received the ball from Elaine.
entailment	Tom taught mathematics to Greg.	Greg learnt mathematics from Tom.
entailment	Rose bought a camera to Kathryn.	Kathryn sold a camera from Rose.
entailment	Hugh taught mathematics to Annie.	Annie learnt mathematics from Hugh.
entailment	Rose bought a phone to Matthew.	Matthew sold a phone from Rose.
entailment	Edith threw the bottle to Evelyn.	Evelyn received the bottle from Edith.
entailment	Jason taught mathematics to Sally.	Sally learnt mathematics from Jason.
entailment	Alexander bought a phone to Ralph.	Ralph sold a phone from Alexander.
entailment	Bruce bought a camera to Anna.	Anna sold a camera from Bruce.
entailment	Frances threw the ball to Al.	Al received the ball from Frances.
entailment	Nick spoke about the trip to Nicole.	Nicole listened about the trip from Nick.
entailment	Adam taught mathematics to Annie.	Annie learnt mathematics from Adam.
entailment	Ed threw the ball to Philip.	Philip received the ball from Ed.
entailment	Donna threw the bottle to Henry.	Henry received the bottle from Donna.
entailment	Ann threw the ball to Carl.	Carl received the ball from Ann.
entailment	Heather spoke about the trip to Bob.	Bob listened about the trip from Heather.
entailment	Ben spoke about the trip to Frank.	Frank listened about the trip from Ben.
entailment	Maria threw the bottle to John.	John received the bottle from Maria.
entailment	Jay bought a phone to Nick.	Nick sold a phone from Jay.
entailment	Gary lent the laptop to Billy.	Billy borrowed the laptop from Gary.
entailment	Mark lent the laptop to Peter.	Peter borrowed the laptop from Mark.
entailment	Robin bought a camera to Brian.	Brian sold a camera from Robin.
entailment	Louise bought a camera to Arthur.	Arthur sold a camera from Louise.
entailment	Ryan threw the bottle to Michael.	Michael received the bottle from Ryan.
entailment	Bobby threw the bottle to Harold.	Harold received the bottle from Bobby.
entailment	Tom lent the book to Joe.	Joe borrowed the book from Tom.
entailment	Fiona threw the bottle to Ben.	Ben received the bottle from Fiona.
entailment	Ben taught history to Caroline.	Caroline learnt history from Ben.
entailment	Lauren bought a phone to Joe.	Joe sold a phone from Lauren.
entailment	Louise bought a phone to Helen.	Helen sold a phone from Louise.
entailment	Margaret bought a camera to Nicole.	Nicole sold a camera from Margaret.
entailment	Rose taught history to Nicole.	Nicole learnt history from Rose.
entailment	Daniel threw the ball to Emily.	Emily received the ball from Daniel.
entailment	Julia threw the ball to Simon.	Simon received the ball from Julia.
entailment	Albert taught history to Jane.	Jane learnt history from Albert.
entailment	Alice taught mathematics to Sophie.	Sophie learnt mathematics from Alice.
entailment	Colin taught mathematics to Diane.	Diane learnt mathematics from Colin.
entailment	Marie threw the ball to Al.	Al received the ball from Marie.
entailment	Susan lent the book to Evelyn.	Evelyn borrowed the book from Susan.
entailment	Joseph taught history to Marilyn.	Marilyn learnt history from Joseph.
entailment	Billy spoke about the environment to Peter.	Peter listened about the environment from Billy.
entailment	Ryan threw the ball to Karen.	Karen received the ball from Ryan.
entailment	Jim spoke about the environment to Paul.	Paul listened about the environment from Jim.
entailment	Alison lent the laptop to Bob.	Bob borrowed the laptop from Alison.
entailment	Jonathan lent the book to Melissa.	Melissa borrowed the book from Jonathan.
entailment	Joe spoke about the environment to Ruth.	Ruth listened about the environment from Joe.
entailment	Virginia lent the book to Eleanor.	Eleanor borrowed the book from Virginia.
entailment	Adam threw the ball to Robert.	Robert received the ball from Adam.
entailment	Jay lent the book to Andrea.	Andrea borrowed the book from Jay.
entailment	Joseph lent the laptop to Anthony.	Anthony borrowed the laptop from Joseph.
entailment	Al taught history to Andrea.	Andrea learnt history from Al.
entailment	Alan taught history to Bruce.	Bruce learnt history from Alan.
entailment	Patrick bought a phone to Ruth.	Ruth sold a phone from Patrick.
entailment	Julia bought a camera to Harold.	Harold sold a camera from Julia.
entailment	Martin bought a phone to Nicole.	Nicole sold a phone from Martin.
entailment	Edith bought a camera to Jessica.	Jessica sold a camera from Edith.
entailment	Mary threw the bottle to Ben.	Ben received the bottle from Mary.
entailment	Ellen spoke about the trip to Helen.	Helen listened about the trip from Ellen.
entailment	Leslie lent the book to Stephanie.	Stephanie borrowed the book from Leslie.
entailment	Helen lent the laptop to Mary.	Mary borrowed the laptop from Helen.
entailment	Caroline bought a phone to Katie.	Katie sold a phone from Caroline.
entailment	Chris taught mathematics to Victoria.	Victoria learnt mathematics from Chris.
entailment	Simon spoke about the trip to Brian.	Brian listened about the trip from Simon.
entailment	George taught mathematics to Samuel.	Samuel learnt mathematics from George.
entailment	Julie threw the bottle to Nicole.	Nicole received the bottle from Julie.
entailment	Ryan threw the ball to Andrea.	Andrea received the ball from Ryan.
entailment	Michelle threw the bottle to Samuel.	Samuel received the bottle from Michelle.
entailment	Alexander threw the ball to Edward.	Edward received the ball from Alexander.
entailment	Daniel bought a phone to Michael.	Michael sold a phone from Daniel.
entailment	Lisa bought a camera to Kevin.	Kevin sold a camera from Lisa.
entailment	Joan taught history to Claire.	Claire learnt history from Joan.
entailment	Lisa bought a camera to Roy.	Roy sold a camera from Lisa.
entailment	Kim taught history to Charlie.	Charlie learnt history from Kim.
entailment	Melissa spoke about the environment to Sara.	Sara listened about the environment from Melissa.
entailment	Harry taught mathematics to Louise.	Louise learnt mathematics from Harry.
entailment	Maria spoke about the environment to Leslie.	Leslie listened about the environment from Maria.
entailment	Amanda bought a phone to Michael.	Michael sold a phone from Amanda.
entailment	Diana taught history to Roger.	Roger learnt history from Diana.
entailment	Annie spoke about the environment to Alexander.	Alexander listened about the environment from Annie.
entailment	Tom threw the ball to Ben.	Ben received the ball from Tom.
entailment	Bruce spoke about the trip to Angela.	Angela listened about the trip from Bruce.
entailment	Lisa threw the bottle to Elizabeth.	Elizabeth received the bottle from Lisa.
entailment	Deborah lent the laptop to Mike.	Mike borrowed the laptop from Deborah.
entailment	Frances threw the ball to Rebecca.	Rebecca received the ball from Frances.
entailment	Jean taught history to Angela.	Angela learnt history from Jean.
entailment	Joseph spoke about the environment to Sarah.	Sarah listened about the environment from Joseph.
entailment	Arthur taught history to Jay.	Jay learnt history from Arthur.
entailment	Martha lent the book to Edward.	Edward borrowed the book from Martha.
entailment	Charles lent the book to Susan.	Susan borrowed the book from Charles.
entailment	Frances spoke about the trip to George.	George listened about the trip from Frances.
entailment	Patricia threw the ball to Elaine.	Elaine received the ball from Patricia.
entailment	Florence lent the book to Simon.	Simon borrowed the book from Florence.
entailment	Frances threw the bottle to Charlotte.	Charlotte received the bottle from Frances.
entailment	Greg bought a camera to Stephen.	Stephen sold a camera from Greg.
entailment	Roy taught mathematics to Jennifer.	Jennifer learnt mathematics from Roy.
entailment	Elizabeth taught history to Laura.	Laura learnt history from Elizabeth.
entailment	Alice bought a camera to Stephen.	Stephen sold a camera from Alice.
entailment	Nick bought a phone to Anna.	Anna sold a phone from Nick.
entailment	Bruce bought a phone to Jane.	Jane sold a phone from Bruce.
entailment	Ron taught mathematics to Donna.	Donna learnt mathematics from Ron.
entailment	Suzanne taught mathematics to Harold.	Harold learnt mathematics from Suzanne.
entailment	Sharon lent the laptop to Keith.	Keith borrowed the laptop from Sharon.
entailment	Martha taught mathematics to Joan.	Joan learnt mathematics from Martha.
entailment	Patricia spoke about the trip to Francis.	Francis listened about the trip from Patricia.
entailment	Michael bought a camera to Ashley.	Ashley sold a camera from Michael.
entailment	Caroline taught mathematics to Jessica.	Jessica learnt mathematics from Caroline.
entailment	Louis bought a camera to Howard.	Howard sold a camera from Louis.
entailment	Ruth spoke about the trip to Frances.	Frances listened about the trip from Ruth.
entailment	Joan bought a camera to Tom.	Tom sold a camera from Joan.
entailment	Walter bought a camera to Richard.	Richard sold a camera from Walter.
entailment	Linda taught mathematics to Ed.	Ed learnt mathematics from Linda.
entailment	Ann bought a phone to Jason.	Jason sold a phone from Ann.
entailment	Bruce taught history to Don.	Don learnt history from Bruce.
entailment	Charlie taught history to Edwin.	Edwin learnt history from Charlie.
entailment	Ron taught mathematics to Simon.	Simon learnt mathematics from Ron.
entailment	Angela threw the bottle to Fiona.	Fiona received the bottle from Angela.
entailment	Deborah threw the ball to Margaret.	Margaret received the ball from Deborah.
entailment	Heather taught mathematics to Howard.	Howard learnt mathematics from Heather.
entailment	Philip threw the ball to Ron.	Ron received the ball from Philip.
entailment	Arthur spoke about the trip to Roger.	Roger listened about the trip from Arthur.
entailment	Roger bought a camera to Richard.	Richard sold a camera from Roger.
entailment	Lawrence spoke about the trip to Don.	Don listened about the trip from Lawrence.
entailment	Benjamin spoke about the trip to Fred.	Fred listened about the trip from Benjamin.
entailment	Patricia lent the laptop to Virginia.	Virginia borrowed the laptop from Patricia.
entailment	Christopher taught history to Stephanie.	Stephanie learnt history from Christopher.
entailment	Bruce bought a camera to Cynthia.	Cynthia sold a camera from Bruce.
entailment	Chris lent the laptop to Patrick.	Patrick borrowed the laptop from Chris.
entailment	Christine spoke about the trip to Joe.	Joe listened about the trip from Christine.
entailment	Kelly threw the bottle to Kathleen.	Kathleen received the bottle from Kelly.
entailment	William taught mathematics to Nick.	Nick learnt mathematics from William.
entailment	Jim lent the book to Cynthia.	Cynthia borrowed the book from Jim.
entailment	Andrew taught history to Hugh.	Hugh learnt history from Andrew.
entailment	Ian threw the bottle to Kelly.	Kelly received the bottle from Ian.
entailment	Emily taught history to Emma.	Emma learnt history from Emily.
entailment	Jeff spoke about the trip to Thomas.	Thomas listened about the trip from Jeff.
entailment	Donald lent the laptop to Andrea.	Andrea borrowed the laptop from Donald.
entailment	Frances bought a camera to Larry.	Larry sold a camera from Frances.
entailment	Betty spoke about the trip to Laura.	Laura listened about the trip from Betty.
entailment	Jonathan taught mathematics to Fred.	Fred learnt mathematics from Jonathan.
entailment	Tom taught mathematics to Mark.	Mark learnt mathematics from Tom.
entailment	Sarah lent the book to Lynn.	Lynn borrowed the book from Sarah.
entailment	Ann bought a camera to Frederick.	Frederick sold a camera from Ann.
entailment	Jean threw the ball to Janet.	Janet received the ball from Jean.
entailment	Alexander taught mathematics to Victoria.	Victoria learnt mathematics from Alexander.
entailment	Ian lent the laptop to Rose.	Rose borrowed the laptop from Ian.
entailment	Karen bought a camera to Donald.	Donald sold a camera from Karen.
entailment	Marilyn threw the bottle to Judith.	Judith received the bottle from Marilyn.
entailment	Barbara spoke about the environment to Diana.	Diana listened about the environment from Barbara.
entailment	Julie bought a phone to Emily.	Emily sold a phone from Julie.
entailment	Philip threw the ball to Victoria.	Victoria received the ball from Philip.
entailment	Leslie spoke about the environment to Dan.	Dan listened about the environment from Leslie.
entailment	Jane bought a phone to Christine.	Christine sold a phone from Jane.
entailment	Michelle spoke about the environment to Evelyn.	Evelyn listened about the environment from Michelle.
entailment	Laura lent the book to Mark.	Mark borrowed the book from Laura.
entailment	Edith threw the bottle to Colin.	Colin received the bottle from Edith.
entailment	Harold threw the bottle to Michael.	Michael received the bottle from Harold.
entailment	Lucy spoke about the environment to Judith.	Judith listened about the environment from Lucy.
entailment	Joan bought a phone to Albert.	Albert sold a phone from Joan.
entailment	Alexander bought a camera to Anna.	Anna sold a camera from Alexander.
entailment	Alexander bought a camera to Louise.	Louise sold a camera from Alexander.
entailment	Deborah taught mathematics to Betty.	Betty learnt mathematics from Deborah.
entailment	Carol threw the bottle to Michael.	Michael received the bottle from Carol.
entailment	Jonathan bought a camera to Matt.	Matt sold a camera from Jonathan.
entailment	Tony threw the bottle to Sally.	Sally received the bottle from Tony.
entailment	Suzanne lent the laptop to Jessica.	Jessica borrowed the laptop from Suzanne.
entailment	Elizabeth lent the laptop to Paul.	Paul borrowed the laptop from Elizabeth.
entailment	Adam spoke about the environment to Arthur.	Arthur listened about the environment from Adam.
entailment	Gary taught history to Frank.	Frank learnt history from Gary.
entailment	Alice spoke about the environment to Kathleen.	Kathleen listened about the environment from Alice.
entailment	Fiona spoke about the environment to Kathy.	Kathy listened about the environment from Fiona.
entailment	Steve taught mathematics to Carol.	Carol learnt mathematics from Steve.
entailment	Christopher lent the book to Marilyn.	Marilyn borrowed the book from Christopher.
entailment	Virginia threw the ball to Thomas.	Thomas received the ball from Virginia.
entailment	Ken threw the ball to Diane.	Diane received the ball from Ken.
entailment	Don bought a phone to Carol.	Carol sold a phone from Don.
entailment	Alan lent the book to Henry.	Henry borrowed the book from Alan.
entailment	Carol threw the bottle to Diana.	Diana received the bottle from Carol.
entailment	Janet threw the ball to Steve.	Steve received the ball from Janet.
entailment	Steven taught mathematics to Johnny.	Johnny learnt mathematics from Steven.
entailment	Paul bought a camera to Angela.	Angela sold a camera from Paul.
entailment	Rachel spoke about the trip to Bobby.	Bobby listened about the trip from Rachel.
entailment	Tim spoke about the trip to Sam.	Sam listened about the trip from Tim.
entailment	Anthony bought a camera to Patrick.	Patrick sold a camera from Anthony.
entailment	Karen threw the bottle to Martin.	Martin received the bottle from Karen.
entailment	Alice spoke about the environment to Scott.	Scott listened about the environment from Alice.
entailment	Jane lent the book to Nancy.	Nancy borrowed the book from Jane.
entailment	Mike taught history to Harry.	Harry learnt history from Mike.
entailment	Leslie bought a camera to Peter.	Peter sold a camera from Leslie.
entailment	Ray spoke about the environment to George.	George listened about the environment from Ray.
entailment	Ruth threw the bottle to Michelle.	Michelle received the bottle from Ruth.
entailment	Katherine spoke about the environment to Lauren.	Lauren listened about the environment from Katherine.
entailment	Fred bought a camera to Mike.	Mike sold a camera from Fred.
entailment	Richard lent the laptop to Albert.	Albert borrowed the laptop from Richard.
entailment	Tom bought a phone to Billy.	Billy sold a phone from Tom.
entailment	Lynn taught history to Jack.	Jack learnt history from Lynn.
entailment	Martin lent the laptop to Patricia.	Patricia borrowed the laptop from Martin.
entailment	Diane lent the laptop to Kelly.	Kelly borrowed the laptop from Diane.
entailment	Julie threw the bottle to Bob.	Bob received the bottle from Julie.
entailment	Claire threw the bottle to Katherine.	Katherine received the bottle from Claire.
entailment	Kate bought a camera to Tom.	Tom sold a camera from Kate.
entailment	Jerry threw the ball to Ashley.	Ashley received the ball from Jerry.
entailment	Charles taught mathematics to Sara.	Sara learnt mathematics from Charles.
entailment	Carolyn lent the book to Edith.	Edith borrowed the book from Carolyn.
entailment	Philip threw the bottle to Walter.	Walter received the bottle from Philip.
entailment	Margaret lent the laptop to Jonathan.	Jonathan borrowed the laptop from Margaret.
entailment	Carolyn bought a camera to Bruce.	Bruce sold a camera from Carolyn.
entailment	Sophie spoke about the trip to Steven.	Steven listened about the trip from Sophie.
entailment	Nick lent the book to Adam.	Adam borrowed the book from Nick.
entailment	Ryan taught history to Jennifer.	Jennifer learnt history from Ryan.
entailment	John lent the book to Sara.	Sara borrowed the book from John.
entailment	Laura taught history to James.	James learnt history from Laura.
entailment	Anthony bought a phone to Alan.	Alan sold a phone from Anthony.
entailment	Leslie lent the laptop to Thomas.	Thomas borrowed the laptop from Leslie.
entailment	Ian threw the ball to Ashley.	Ashley received the ball from Ian.
entailment	Steven lent the laptop to Keith.	Keith borrowed the laptop from Steven.
entailment	Charlie lent the laptop to Julie.	Julie borrowed the laptop from Charlie.
entailment	Jack lent the book to Kelly.	Kelly borrowed the book from Jack.
entailment	Benjamin taught mathematics to Katherine.	Katherine learnt mathematics from Benjamin.
entailment	Mark bought a phone to Rose.	Rose sold a phone from Mark.
entailment	Angela threw the ball to Melissa.	Melissa received the ball from Angela.
entailment	Tim threw the bottle to Kathryn.	Kathryn received the bottle from Tim.
entailment	Alison taught mathematics to Kathryn.	Kathryn learnt mathematics from Alison.
entailment	Dorothy taught mathematics to Emily.	Emily learnt mathematics from Dorothy.
entailment	Anna taught history to Alex.	Alex learnt history from Anna.
entailment	Evelyn bought a camera to Hugh.	Hugh sold a camera from Evelyn.
entailment	Alice threw the ball to Michelle.	Michelle received the ball from Alice.
entailment	Andrew bought a camera to Lucy.	Lucy sold a camera from Andrew.
entailment	Janet bought a phone to Andrea.	Andrea sold a phone from Janet.
entailment	Roy taught history to Simon.	Simon learnt history from Roy.
entailment	Leslie taught mathematics to Jonathan.	Jonathan learnt mathematics from Leslie.
entailment	Adam lent the laptop to Jean.	Jean borrowed the laptop from Adam.
entailment	Alison bought a phone to Jack.	Jack sold a phone from Alison.
entailment	Frederick taught history to Rebecca.	Rebecca learnt history from Frederick.
entailment	Ian spoke about the trip to Robin.	Robin listened about the trip from Ian.
entailment	Richard spoke about the trip to Mary.	Mary listened about the trip from Richard.
entailment	Michelle lent the book to Harriet.	Harriet borrowed the book from Michelle.
entailment	Andrea taught history to Jean.	Jean learnt history from Andrea.
entailment	Jennifer taught mathematics to Tom.	Tom learnt mathematics from Jennifer.
entailment	Roger spoke about the trip to Sam.	Sam listened about the trip from Roger.
entailment	Kathryn threw the ball to Lauren.	Lauren received the ball from Kathryn.
entailment	Matthew threw the bottle to Carolyn.	Carolyn received the bottle from Matthew.
entailment	Kenneth bought a camera to Sam.	Sam sold a camera from Kenneth.
entailment	Anne threw the ball to Stephanie.	Stephanie received the ball from Anne.
entailment	Ray bought a camera to Harry.	Harry sold a camera from Ray.
entailment	Bruce spoke about the environment to John.	John listened about the environment from Bruce.
entailment	Patricia bought a camera to Stephen.	Stephen sold a camera from Patricia.
entailment	Al lent the laptop to Bill.	Bill borrowed the laptop from Al.
entailment	Lisa lent the laptop to Jeff.	Jeff borrowed the laptop from Lisa.
entailment	Brian bought a camera to Simon.	Simon sold a camera from Brian.
entailment	Walter lent the book to Chris.	Chris borrowed the book from Walter.
entailment	Ann spoke about the trip to Martha.	Martha listened about the trip from Ann.
entailment	Daniel threw the bottle to Jonathan.	Jonathan received the bottle from Daniel.
entailment	Edith bought a phone to Suzanne.	Suzanne sold a phone from Edith.
entailment	Judith threw the bottle to Benjamin.	Benjamin received the bottle from Judith.
entailment	Charles spoke about the environment to Kelly.	Kelly listened about the environment from Charles.
entailment	Arthur taught history to Philip.	Philip learnt history from Arthur.
entailment	Maria taught mathematics to Jack.	Jack learnt mathematics from Maria.
entailment	Annie threw the bottle to Ray.	Ray received the bottle from Annie.
entailment	Rebecca spoke about the environment to Susan.	Susan listened about the environment from Rebecca.
entailment	Eleanor threw the ball to Bruce.	Bruce received the ball from Eleanor.
entailment	Charles taught history to Matthew.	Matthew learnt history from Charles.
entailment	Edwin bought a camera to Sophie.	Sophie sold a camera from Edwin.
entailment	Charles lent the laptop to George.	George borrowed the laptop from Charles.
entailment	Kim spoke about the trip to Jimmy.	Jimmy listened about the trip from Kim.
entailment	Evelyn taught mathematics to Helen.	Helen learnt mathematics from Evelyn.
entailment	Mike lent the book to Dan.	Dan borrowed the book from Mike.
entailment	Charles taught history to Marie.	Marie learnt history from Charles.
entailment	Sally spoke about the trip to Harriet.	Harriet listened about the trip from Sally.
entailment	Eric lent the laptop to Larry.	Larry borrowed the laptop from Eric.
entailment	Sharon threw the ball to Andrea.	Andrea received the ball from Sharon.
entailment	Matt spoke about the environment to Harry.	Harry listened about the environment from Matt.
entailment	Peter taught history to Maria.	Maria learnt history from Peter.
entailment	Michael taught mathematics to Harold.	Harold learnt mathematics from Michael.
entailment	Johnny taught mathematics to Steven.	Steven learnt mathematics from Johnny.
entailment	Matthew bought a phone to Andrew.	Andrew sold a phone from Matthew.
entailment	Angela lent the book to Ruth.	Ruth borrowed the book from Angela.
entailment	Frances bought a phone to Jennifer.	Jennifer sold a phone from Frances.
entailment	Donald lent the book to Jim.	Jim borrowed the book from Donald.
entailment	Al taught mathematics to Amanda.	Amanda learnt mathematics from Al.
entailment	Harry lent the laptop to Alfred.	Alfred borrowed the laptop from Harry.
entailment	Robert threw the bottle to Diane.	Diane received the bottle from Robert.
entailment	Stephanie spoke about the environment to Pamela.	Pamela listened about the environment from Stephanie.
entailment	Judy lent the book to Ann.	Ann borrowed the book from Judy.
entailment	Howard threw the ball to Louis.	Louis received the ball from Howard.
entailment	Lauren spoke about the trip to Sam.	Sam listened about the trip from Lauren.
entailment	Richard taught history to Al.	Al learnt history from Richard.
entailment	Keith lent the book to Joseph.	Joseph borrowed the book from Keith.
entailment	Harold taught mathematics to Robert.	Robert learnt mathematics from Harold.
entailment	Johnny spoke about the trip to Jill.	Jill listened about the trip from Johnny.
entailment	Francis lent the book to Jeff.	Jeff borrowed the book from Francis.
entailment	Michelle spoke about the environment to Louise.	Louise listened about the environment from Michelle.
entailment	Wendy bought a phone to Lisa.	Lisa sold a phone from Wendy.
entailment	Keith lent the laptop to Sharon.	Sharon borrowed the laptop from Keith.
entailment	Arthur bought a phone to Nick.	Nick sold a phone from Arthur.
entailment	Kathleen threw the ball to Bill.	Bill received the ball from Kathleen.
entailment	Lawrence taught history to Harry.	Harry learnt history from Lawrence.
entailment	Deborah taught history to Greg.	Greg learnt history from Deborah.
entailment	Karen spoke about the trip to Nicole.	Nicole listened about the trip from Karen.
entailment	Anthony taught mathematics to Carolyn.	Carolyn learnt mathematics from Anthony.
entailment	Samuel lent the laptop to Kathryn.	Kathryn borrowed the laptop from Samuel.
entailment	Dan bought a phone to Keith.	Keith sold a phone from Dan.
entailment	Claire spoke about the trip to Steven.	Steven listened about the trip from Claire.
entailment	Claire spoke about the trip to Eleanor.	Eleanor listened about the trip from Claire.
entailment	Roy taught history to Ryan.	Ryan learnt history from Roy.
entailment	Sally taught history to Julie.	Julie learnt history from Sally.
entailment	Sara taught mathematics to Sandra.	Sandra learnt mathematics from Sara.
entailment	Patrick taught mathematics to Gary.	Gary learnt mathematics from Patrick.
entailment	Jim lent the book to Stephanie.	Stephanie borrowed the book from Jim.
entailment	Michelle threw the ball to Colin.	Colin received the ball from Michelle.
entailment	Nick threw the bottle to Paul.	Paul received the bottle from Nick.
entailment	Ashley lent the laptop to Steve.	Steve borrowed the laptop from Ashley.
entailment	Don taught mathematics to Louis.	Louis learnt mathematics from Don.
entailment	Don threw the ball to Jerry.	Jerry received the ball from Don.
entailment	Ray lent the laptop to Gary.	Gary borrowed the laptop from Ray.
entailment	Peter threw the ball to Arthur.	Arthur received the ball from Peter.
entailment	Andrea threw the ball to Angela.	Angela received the ball from Andrea.
entailment	Johnny lent the book to Harry.	Harry borrowed the book from Johnny.
entailment	Stephen threw the ball to Billy.	Billy received the ball from Stephen.
entailment	Sally taught history to Lisa.	Lisa learnt history from Sally.
entailment	Matt bought a phone to Frank.	Frank sold a phone from Matt.
entailment	Ben taught history to Judy.	Judy learnt history from Ben.
entailment	Christopher threw the ball to Richard.	Richard received the ball from Christopher.
entailment	Greg threw the ball to Suzanne.	Suzanne received the ball from Greg.
entailment	Dorothy bought a phone to Kathy.	Kathy sold a phone from Dorothy.
entailment	Suzanne bought a camera to Francis.	Francis sold a camera from Suzanne.
entailment	Linda taught mathematics to Ed.	Ed learnt mathematics from Linda.
entailment	George threw the bottle to Matt.	Matt received the bottle from George.
entailment	Catherine spoke about the trip to Alexandra.	Alexandra listened about the trip from Catherine.
entailment	David taught history to Helen.	Helen learnt history from David.
entailment	Lisa bought a phone to Richard.	Richard sold a phone from Lisa.
entailment	Lauren spoke about the trip to Stephen.	Stephen listened about the trip from Lauren.
entailment	Claire spoke about the trip to Benjamin.	Benjamin listened about the trip from Claire.
entailment	Sharon lent the book to Jim.	Jim borrowed the book from Sharon.
entailment	Sharon taught mathematics to Janet.	Janet learnt mathematics from Sharon.
entailment	Bobby lent the book to Kelly.	Kelly borrowed the book from Bobby.
entailment	Rebecca threw the bottle to Kathy.	Kathy received the bottle from Rebecca.
entailment	Brian spoke about the environment to Karen.	Karen listened about the environment from Brian.
entailment	Angela threw the ball to Caroline.	Caroline received the ball from Angela.
entailment	Kate bought a phone to Mark.	Mark sold a phone from Kate.
entailment	Jack threw the bottle to Kelly.	Kelly received the bottle from Jack.
entailment	Steven lent the book to Lawrence.	Lawrence borrowed the book from Steven.
entailment	Sophie spoke about the environment to Tony.	Tony listened about the environment from Sophie.
entailment	Elizabeth spoke about the environment to Sam.	Sam listened about the environment from Elizabeth.
entailment	Robin threw the bottle to David.	David received the bottle from Robin.
entailment	Alexander taught history to Ellen.	Ellen learnt history from Alexander.
entailment	Fred spoke about the environment to Julie.	Julie listened about the environment from Fred.
entailment	Lauren lent the laptop to Anna.	Anna borrowed the laptop from Lauren.
entailment	Jay lent the book to Fiona.	Fiona borrowed the book from Jay.
entailment	Frances spoke about the trip to Laura.	Laura listened about the trip from Frances.
entailment	Billy lent the book to Victoria.	Victoria borrowed the book from Billy.
entailment	Lawrence spoke about the trip to Jay.	Jay listened about the trip from Lawrence.
entailment	Keith threw the ball to Ben.	Ben received the ball from Keith.
entailment	Edwin taught history to Amanda.	Amanda learnt history from Edwin.
entailment	Michelle bought a phone to William.	William sold a phone from Michelle.
entailment	Greg taught history to Catherine.	Catherine learnt history from Greg.
entailment	Sarah bought a phone to Francis.	Francis sold a phone from Sarah.
entailment	Pamela taught history to Lawrence.	Lawrence learnt history from Pamela.
entailment	Rachel spoke about the environment to Judy.	Judy listened about the environment from Rachel.
entailment	Annie bought a camera to Martin.	Martin sold a camera from Annie.
entailment	Arthur lent the laptop to Charlie.	Charlie borrowed the laptop from Arthur.
entailment	Kenneth taught mathematics to Charlie.	Charlie learnt mathematics from Kenneth.
entailment	Bobby lent the book to Karen.	Karen borrowed the book from Bobby.
entailment	Angela taught mathematics to Katie.	Katie learnt mathematics from Angela.
entailment	Larry bought a phone to Hugh.	Hugh sold a phone from Larry.
entailment	Betty spoke about the environment to Helen.	Helen listened about the environment from Betty.
entailment	Nick spoke about the trip to Robin.	Robin listened about the trip from Nick.
entailment	Barbara lent the book to Stephen.	Stephen borrowed the book from Barbara.
entailment	Virginia bought a phone to Laura.	Laura sold a phone from Virginia.
entailment	Peter bought a phone to Dave.	Dave sold a phone from Peter.
entailment	Walter bought a camera to Janet.	Janet sold a camera from Walter.
entailment	Frederick bought a camera to Mark.	Mark sold a camera from Frederick.
entailment	Lynn lent the book to Mark.	Mark borrowed the book from Lynn.
entailment	Charlie bought a camera to Fiona.	Fiona sold a camera from Charlie.
entailment	Al spoke about the environment to Alexander.	Alexander listened about the environment from Al.
entailment	George spoke about the trip to Evelyn.	Evelyn listened about the trip from George.
entailment	Frederick threw the bottle to Albert.	Albert received the bottle from Frederick.
entailment	Alexander spoke about the environment to Jonathan.	Jonathan listened about the environment from Alexander.
entailment	Kathy threw the bottle to Alfred.	Alfred received the bottle from Kathy.
entailment	Andrea threw the ball to John.	John received the ball from Andrea.
entailment	Donald lent the laptop to Eleanor.	Eleanor borrowed the laptop from Donald.
entailment	Florence threw the ball to Roger.	Roger received the ball from Florence.
entailment	Bruce taught mathematics to Marie.	Marie learnt mathematics from Bruce.
entailment	Andrew taught history to Billy.	Billy learnt history from Andrew.
entailment	Nick threw the ball to Robin.	Robin received the ball from Nick.
entailment	Charlie lent the laptop to Andrew.	Andrew borrowed the laptop from Charlie.
entailment	Ken bought a phone to Nancy.	Nancy sold a phone from Ken.
entailment	Carolyn lent the book to Bobby.	Bobby borrowed the book from Carolyn.
entailment	Angela threw the bottle to Sandra.	Sandra received the bottle from Angela.
entailment	Gary spoke about the trip to Ann.	Ann listened about the trip from Gary.
entailment	Elaine spoke about the environment to Caroline.	Caroline listened about the environment from Elaine.
entailment	Nancy threw the bottle to Arthur.	Arthur received the bottle from Nancy.
entailment	Nicole taught mathematics to John.	John learnt mathematics from Nicole.
entailment	Sam taught mathematics to Sarah.	Sarah learnt mathematics from Sam.
entailment	Jimmy lent the laptop to Billy.	Billy borrowed the laptop from Jimmy.
entailment	Tim bought a phone to Hugh.	Hugh sold a phone from Tim.
entailment	Jim threw the ball to Martin.	Martin received the ball from Jim.
entailment	Anna taught mathematics to William.	William learnt mathematics from Anna.
entailment	Fred lent the laptop to Ashley.	Ashley borrowed the laptop from Fred.
entailment	Samuel threw the bottle to Frank.	Frank received the bottle from Samuel.
entailment	Andrea taught mathematics to Alex.	Alex learnt mathematics from Andrea.
entailment	Laura lent the book to Kathleen.	Kathleen borrowed the book from Laura.
entailment	Helen taught history to David.	David learnt history from Helen.
entailment	Janet spoke about the trip to Gary.	Gary listened about the trip from Janet.
entailment	Martha threw the ball to Dorothy.	Dorothy received the ball from Martha.
entailment	Philip bought a phone to Amy.	Amy sold a phone from Philip.
entailment	Kathryn taught mathematics to Jennifer.	Jennifer learnt mathematics from Kathryn.
entailment	Katherine threw the ball to Elizabeth.	Elizabeth received the ball from Katherine.
entailment	Alexandra threw the ball to Dave.	Dave received the ball from Alexandra.
entailment	Scott spoke about the trip to Sharon.	Sharon listened about the trip from Scott.
entailment	Arthur threw the bottle to Harry.	Harry received the bottle from Arthur.
entailment	Virginia spoke about the environment to Nick.	Nick listened about the environment from Virginia.
entailment	Philip spoke about the trip to Sophie.	Sophie listened about the trip from Philip.
entailment	Andrea bought a camera to Alexandra.	Alexandra sold a camera from Andrea.
entailment	Heather lent the book to Kelly.	Kelly borrowed the book from Heather.
entailment	Thomas bought a camera to Dorothy.	Dorothy sold a camera from Thomas.
entailment	Ryan lent the laptop to Harold.	Harold borrowed the laptop from Ryan.
entailment	Mark taught history to Alfred.	Alfred learnt history from Mark.
entailment	Dave spoke about the trip to Walter.	Walter listened about the trip from Dave.
entailment	Karen lent the laptop to Joan.	Joan borrowed the laptop from Karen.
entailment	Lucy lent the laptop to Donna.	Donna borrowed the laptop from Lucy.
entailment	Walter bought a camera to Andrew.	Andrew sold a camera from Walter.
entailment	Philip bought a phone to Diane.	Diane sold a phone from Philip.
entailment	Tom taught history to Edwin.	Edwin learnt history from Tom.
entailment	Andrew spoke about the environment to Robin.	Robin listened about the environment from Andrew.
entailment	Richard threw the bottle to Bruce.	Bruce received the bottle from Richard.
entailment	Ashley lent the laptop to Richard.	Richard borrowed the laptop from Ashley.
entailment	Susan taught history to Stephanie.	Stephanie learnt history from Susan.
entailment	Alexandra bought a phone to Harold.	Harold sold a phone from Alexandra.
entailment	Elaine threw the ball to Albert.	Albert received the ball from Elaine.
entailment	Louise spoke about the trip to Carol.	Carol listened about the trip from Louise.
entailment	Dick taught history to Edward.	Edward learnt history from Dick.
entailment	Robert lent the book to Dave.	Dave borrowed the book from Robert.
entailment	Ralph lent the laptop to Colin.	Colin borrowed the laptop from Ralph.
entailment	Anthony taught mathematics to Mark.	Mark learnt mathematics from Anthony.
entailment	Adam threw the bottle to Charles.	Charles received the bottle from Adam.
entailment	Emma bought a phone to Donna.	Donna sold a phone from Emma.
entailment	Judy lent the laptop to Laura.	Laura borrowed the laptop from Judy.
entailment	Maria bought a phone to Ed.	Ed sold a phone from Maria.
entailment	Christine bought a phone to Eric.	Eric sold a phone from Christine.
entailment	Cynthia threw the ball to Charlie.	Charlie received the ball from Cynthia.
entailment	Leslie spoke about the trip to William.	William listened about the trip from Leslie.
entailment	Robert bought a phone to Joseph.	Joseph sold a phone from Robert.
entailment	Lucy threw the bottle to Ben.	Ben received the bottle from Lucy.
entailment	Simon lent the book to Suzanne.	Suzanne borrowed the book from Simon.
entailment	Margaret spoke about the environment to Colin.	Colin listened about the environment from Margaret.
entailment	Scott lent the book to Daniel.	Daniel borrowed the book from Scott.
entailment	Fiona bought a camera to Alan.	Alan sold a camera from Fiona.
entailment	Sam lent the book to Jay.	Jay borrowed the book from Sam.
entailment	Amanda spoke about the environment to Elizabeth.	Elizabeth listened about the environment from Amanda.
entailment	Heather spoke about the trip to Edith.	Edith listened about the trip from Heather.
entailment	Carol bought a phone to Julie.	Julie sold a phone from Carol.
entailment	Barbara taught mathematics to Alex.	Alex learnt mathematics from Barbara.
entailment	Philip threw the bottle to Keith.	Keith received the bottle from Philip.
entailment	Patricia lent the book to Dorothy.	Dorothy borrowed the book from Patricia.
entailment	Stephanie lent the book to Fiona.	Fiona borrowed the book from Stephanie.
entailment	Ellen taught history to Henry.	Henry learnt history from Ellen.
entailment	Jack spoke about the environment to Albert.	Albert listened about the environment from Jack.
entailment	Tom bought a phone to Heather.	Heather sold a phone from Tom.
entailment	Mary spoke about the trip to Martin.	Martin listened about the trip from Mary.
entailment	Roy bought a camera to Ray.	Ray sold a camera from Roy.
entailment	George bought a phone to Jonathan.	Jonathan sold a phone from George.
entailment	Sam spoke about the environment to Alexandra.	Alexandra listened about the environment from Sam.
entailment	Ray lent the laptop to Katie.	Katie borrowed the laptop from Ray.
entailment	Ed spoke about the trip to Dorothy.	Dorothy listened about the trip from Ed.
entailment	Annie taught mathematics to Henry.	Henry learnt mathematics from Annie.
entailment	Brian spoke about the trip to Heather.	Heather listened about the trip from Brian.
entailment	Elizabeth taught mathematics to Emma.	Emma learnt mathematics from Elizabeth.
entailment	Bill taught history to Bob.	Bob learnt history from Bill.
entailment	Robin bought a phone to John.	John sold a phone from Robin.
entailment	Carl spoke about the trip to George.	George listened about the trip from Carl.
entailment	Jean taught mathematics to Frederick.	Frederick learnt mathematics from Jean.
entailment	Steve lent the laptop to Rose.	Rose borrowed the laptop from Steve.
entailment	Jim taught mathematics to Amy.	Amy learnt mathematics from Jim.
entailment	Brian lent the book to Eleanor.	Eleanor borrowed the book from Brian.
entailment	Patrick taught history to Kathleen.	Kathleen learnt history from Patrick.
entailment	Lisa threw the bottle to Suzanne.	Suzanne received the bottle from Lisa.
entailment	Edward taught mathematics to Jimmy.	Jimmy learnt mathematics from Edward.
entailment	Sam threw the ball to Elizabeth.	Elizabeth received the ball from Sam.
entailment	Rachel threw the ball to Leslie.	Leslie received the ball from Rachel.
entailment	Melissa bought a camera to Alexander.	Alexander sold a camera from Melissa.
entailment	Benjamin spoke about the environment to Peter.	Peter listened about the environment from Benjamin.
entailment	Deborah bought a camera to Judy.	Judy sold a camera from Deborah.
entailment	Robert taught history to Steven.	Steven learnt history from Robert.
entailment	Carl lent the book to Heather.	Heather borrowed the book from Carl.
entailment	Matthew bought a phone to Karen.	Karen sold a phone from Matthew.
entailment	Mark taught history to Kim.	Kim learnt history from Mark.
entailment	Alan bought a phone to Julia.	Julia sold a phone from Alan.
entailment	Greg bought a phone to John.	John sold a phone from Greg.
entailment	Scott lent the book to Alan.	Alan borrowed the book from Scott.
entailment	Ben bought a camera to Mary.	Mary sold a camera from Ben.
entailment	Anne spoke about the trip to Philip.	Philip listened about the trip from Anne.
entailment	Frank threw the ball to Lucy.	Lucy received the ball from Frank.
entailment	Walter bought a phone to Bobby.	Bobby sold a phone from Walter.
entailment	Alexander bought a camera to Rachel.	Rachel sold a camera from Alexander.
entailment	Alex spoke about the environment to Karen.	Karen listened about the environment from Alex.
entailment	Sophie threw the bottle to Alexandra.	Alexandra received the bottle from Sophie.
entailment	David bought a phone to Thomas.	Thomas sold a phone from David.
entailment	Tom lent the laptop to Margaret.	Margaret borrowed the laptop from Tom.
entailment	Grace spoke about the environment to Ian.	Ian listened about the environment from Grace.
entailment	Albert bought a phone to Michelle.	Michelle sold a phone from Albert.
entailment	Jill threw the bottle to Dan.	Dan received the bottle from Jill.
entailment	Helen spoke about the trip to Walter.	Walter listened about the trip from Helen.
entailment	Jay bought a phone to Tony.	Tony sold a phone from Jay.
entailment	Catherine threw the bottle to Helen.	Helen received the bottle from Catherine.
entailment	Julia spoke about the environment to Ryan.	Ryan listened about the environment from Julia.
entailment	Charlie lent the laptop to Patricia.	Patricia borrowed the laptop from Charlie.
entailment	Larry threw the bottle to Fred.	Fred received the bottle from Larry.
entailment	Ann bought a phone to Mark.	Mark sold a phone from Ann.
entailment	Ray spoke about the trip to Angela.	Angela listened about the trip from Ray.
entailment	Catherine spoke about the environment to Greg.	Greg listened about the environment from Catherine.
entailment	Eric taught history to Al.	Al learnt history from Eric.
entailment	Kenneth lent the laptop to Eleanor.	Eleanor borrowed the laptop from Kenneth.
entailment	Brian threw the ball to Jeff.	Jeff received the ball from Brian.
entailment	Francis spoke about the environment to Melissa.	Melissa listened about the environment from Francis.
entailment	Stephen threw the ball to Marie.	Marie received the ball from Stephen.
entailment	Simon taught history to Nancy.	Nancy learnt history from Simon.
entailment	Joe bought a camera to Ellen.	Ellen sold a camera from Joe.
entailment	Florence spoke about the environment to Frances.	Frances listened about the environment from Florence.
entailment	William spoke about the environment to Lawrence.	Lawrence listened about the environment from William.
entailment	Kim lent the laptop to Anthony.	Anthony borrowed the laptop from Kim.
entailment	Marilyn lent the book to Sophie.	Sophie borrowed the book from Marilyn.
entailment	Alan lent the book to Pamela.	Pamela borrowed the book from Alan.
entailment	Alexandra taught history to Ashley.	Ashley learnt history from Alexandra.
entailment	Mike taught mathematics to Kevin.	Kevin learnt mathematics from Mike.
entailment	Adam bought a phone to Dan.	Dan sold a phone from Adam.
entailment	Ken bought a camera to Jill.	Jill sold a camera from Ken.
entailment	Betty threw the ball to Thomas.	Thomas received the ball from Betty.
entailment	Bob spoke about the environment to Mary.	Mary listened about the environment from Bob.
entailment	Harriet bought a phone to Ryan.	Ryan sold a phone from Harriet.
entailment	Marilyn taught history to Paul.	Paul learnt history from Marilyn.
entailment	Philip threw the ball to Patrick.	Patrick received the ball from Philip.
entailment	Ann bought a phone to Robin.	Robin sold a phone from Ann.
entailment	Dan lent the book to Ann.	Ann borrowed the book from Dan.
entailment	Mark threw the ball to Kate.	Kate received the ball from Mark.
entailment	Mary taught history to Joe.	Joe learnt history from Mary.
entailment	Robert bought a camera to Charles.	Charles sold a camera from Robert.
entailment	Edward lent the book to Christine.	Christine borrowed the book from Edward.
entailment	Jonathan taught history to Charles.	Charles learnt history from Jonathan.
entailment	Patricia spoke about the environment to Helen.	Helen listened about the environment from Patricia.
entailment	Caroline threw the ball to Howard.	Howard received the ball from Caroline.
entailment	Carl spoke about the trip to James.	James listened about the trip from Carl.
entailment	Lawrence threw the ball to William.	William received the ball from Lawrence.
entailment	Christopher taught mathematics to Judy.	Judy learnt mathematics from Christopher.
entailment	Jean spoke about the trip to Kate.	Kate listened about the trip from Jean.
entailment	Linda taught history to Anthony.	Anthony learnt history from Linda.
entailment	Jessica taught mathematics to Anna.	Anna learnt mathematics from Jessica.
entailment	Joseph lent the book to Peter.	Peter borrowed the book from Joseph.
entailment	Edith taught history to Jim.	Jim learnt history from Edith.
entailment	Louis bought a phone to Jeff.	Jeff sold a phone from Louis.
entailment	Scott bought a camera to Linda.	Linda sold a camera from Scott.
entailment	Lawrence taught mathematics to Carol.	Carol learnt mathematics from Lawrence.
entailment	Annie bought a phone to Sally.	Sally sold a phone from Annie.
entailment	Jessica lent the laptop to Ruth.	Ruth borrowed the laptop from Jessica.
entailment	Matt threw the ball to Karen.	Karen received the ball from Matt.
entailment	Lawrence taught mathematics to Jerry.	Jerry learnt mathematics from Lawrence.
entailment	Anna taught history to Julie.	Julie learnt history from Anna.
entailment	Kathy bought a camera to Louis.	Louis sold a camera from Kathy.
entailment	Ellen threw the bottle to Bobby.	Bobby received the bottle from Ellen.
entailment	Lisa lent the book to Jane.	Jane borrowed the book from Lisa.
entailment	Carolyn bought a camera to Sophie.	Sophie sold a camera from Carolyn.
entailment	Charlie spoke about the trip to Mark.	Mark listened about the trip from Charlie.
entailment	Nick threw the ball to Patricia.	Patricia received the ball from Nick.
entailment	Wendy threw the ball to Jason.	Jason received the ball from Wendy.
entailment	Alan bought a phone to Samuel.	Samuel sold a phone from Alan.
entailment	Diana bought a camera to Mark.	Mark sold a camera from Diana.
entailment	Lisa bought a phone to Sally.	Sally sold a phone from Lisa.
entailment	Kelly spoke about the environment to Joe.	Joe listened about the environment from Kelly.
entailment	Dorothy taught history to Elaine.	Elaine learnt history from Dorothy.
entailment	Greg taught mathematics to Peter.	Peter learnt mathematics from Greg.
entailment	Charles bought a phone to Barbara.	Barbara sold a phone from Charles.
entailment	Jerry threw the bottle to Nicole.	Nicole received the bottle from Jerry.
entailment	Nancy taught mathematics to Samuel.	Samuel learnt mathematics from Nancy.
entailment	Julie bought a phone to Alan.	Alan sold a phone from Julie.
entailment	Lynn taught history to Alex.	Alex learnt history from Lynn.
entailment	Janet lent the laptop to Tony.	Tony borrowed the laptop from Janet.
entailment	Alexandra taught mathematics to Donald.	Donald learnt mathematics from Alexandra.
entailment	Sharon threw the ball to Ben.	Ben received the ball from Sharon.
entailment	Dan bought a phone to Steve.	Steve sold a phone from Dan.
entailment	Samuel lent the laptop to Sharon.	Sharon borrowed the laptop from Samuel.
entailment	Evelyn lent the laptop to Rebecca.	Rebecca borrowed the laptop from Evelyn.
entailment	Carolyn bought a camera to Robin.	Robin sold a camera from Carolyn.
entailment	Ann threw the bottle to John.	John received the bottle from Ann.
entailment	Carl spoke about the environment to Karen.	Karen listened about the environment from Carl.
entailment	Alan spoke about the trip to Martin.	Martin listened about the trip from Alan.
entailment	Marie bought a camera to Catherine.	Catherine sold a camera from Marie.
entailment	Walter threw the bottle to Julia.	Julia received the bottle from Walter.
entailment	Wendy lent the laptop to Ed.	Ed borrowed the laptop from Wendy.
entailment	Richard taught history to Heather.	Heather learnt history from Richard.
entailment	Carol bought a camera to Kenneth.	Kenneth sold a camera from Carol.
entailment	Ron bought a phone to Kathy.	Kathy sold a phone from Ron.
entailment	Eleanor taught mathematics to Adam.	Adam learnt mathematics from Eleanor.
entailment	Al taught mathematics to Kathleen.	Kathleen learnt mathematics from Al.
entailment	Elizabeth spoke about the environment to Tim.	Tim listened about the environment from Elizabeth.
entailment	Karen spoke about the environment to Leslie.	Leslie listened about the environment from Karen.
entailment	Victoria threw the bottle to Barbara.	Barbara received the bottle from Victoria.
entailment	Jimmy spoke about the trip to Joan.	Joan listened about the trip from Jimmy.
entailment	Alexander spoke about the environment to Frank.	Frank listened about the environment from Alexander.
entailment	Linda spoke about the environment to Emma.	Emma listened about the environment from Linda.
entailment	Jill taught mathematics to Kate.	Kate learnt mathematics from Jill.
entailment	Roy lent the laptop to Nick.	Nick borrowed the laptop from Roy.
entailment	Tom bought a phone to Louis.	Louis sold a phone from Tom.
entailment	Colin spoke about the environment to Jeff.	Jeff listened about the environment from Colin.
entailment	Angela taught history to Greg.	Greg learnt history from Angela.
entailment	Amy lent the laptop to Deborah.	Deborah borrowed the laptop from Amy.
entailment	Ashley bought a phone to Chris.	Chris sold a phone from Ashley.
entailment	Jean taught history to Fred.	Fred learnt history from Jean.
entailment	Melissa threw the bottle to Alfred.	Alfred received the bottle from Melissa.
entailment	Kelly threw the bottle to Florence.	Florence received the bottle from Kelly.
entailment	Arthur taught history to Sharon.	Sharon learnt history from Arthur.
entailment	Anthony taught mathematics to Kathy.	Kathy learnt mathematics from Anthony.
entailment	Jerry spoke about the environment to Albert.	Albert listened about the environment from Jerry.
entailment	Andrew threw the ball to Jessica.	Jessica received the ball from Andrew.
entailment	Colin threw the bottle to Richard.	Richard received the bottle from Colin.
entailment	Billy lent the book to Joe.	Joe borrowed the book from Billy.
entailment	Linda threw the ball to Andrew.	Andrew received the ball from Linda.
entailment	Bruce bought a camera to Louise.	Louise sold a camera from Bruce.
entailment	Elizabeth spoke about the environment to Janet.	Janet listened about the environment from Elizabeth.
entailment	Victoria spoke about the trip to Christine.	Christine listened about the trip from Victoria.
entailment	Suzanne taught history to Catherine.	Catherine learnt history from Suzanne.
entailment	Harry taught history to Mike.	Mike learnt history from Harry.
entailment	Kim spoke about the environment to Maria.	Maria listened about the environment from Kim.
entailment	Alex bought a camera to Kim.	Kim sold a camera from Alex.
entailment	Barbara lent the book to Annie.	Annie borrowed the book from Barbara.
entailment	Judy bought a phone to Christopher.	Christopher sold a phone from Judy.
entailment	Harriet taught history to Nick.	Nick learnt history from Harriet.
entailment	Matt taught mathematics to Amanda.	Amanda learnt mathematics from Matt.
entailment	Margaret bought a phone to Alan.	Alan sold a phone from Margaret.
entailment	Helen bought a camera to Jonathan.	Jonathan sold a camera from Helen.
entailment	Emma bought a phone to Kenneth.	Kenneth sold a phone from Emma.
entailment	Diane spoke about the environment to Kevin.	Kevin listened about the environment from Diane.
entailment	Harry threw the bottle to Ed.	Ed received the bottle from Harry.
entailment	Alex threw the ball to Jason.	Jason received the ball from Alex.
entailment	Jack lent the book to Matt.	Matt borrowed the book from Jack.
entailment	Chris spoke about the trip to Bruce.	Bruce listened about the trip from Chris.
entailment	Carl taught mathematics to Carol.	Carol learnt mathematics from Carl.
entailment	John bought a phone to Rebecca.	Rebecca sold a phone from John.
entailment	Virginia taught history to Patrick.	Patrick learnt history from Virginia.
entailment	Heather taught history to Ellen.	Ellen learnt history from Heather.
entailment	Simon threw the bottle to Mark.	Mark received the bottle from Simon.
entailment	Michael taught history to Karen.	Karen learnt history from Michael.
entailment	Nick lent the book to Kevin.	Kevin borrowed the book from Nick.
entailment	Martha lent the book to Cynthia.	Cynthia borrowed the book from Martha.
entailment	Jim threw the bottle to Jonathan.	Jonathan received the bottle from Jim.
entailment	Colin threw the bottle to Harry.	Harry received the bottle from Colin.
entailment	Diane spoke about the trip to Martha.	Martha listened about the trip from Diane.
entailment	Janet bought a camera to Ryan.	Ryan sold a camera from Janet.
entailment	Amanda taught mathematics to Patrick.	Patrick learnt mathematics from Amanda.
entailment	Matt taught history to Margaret.	Margaret learnt history from Matt.
entailment	David spoke about the trip to Billy.	Billy listened about the trip from David.
entailment	Philip lent the book to Florence.	Florence borrowed the book from Philip.
entailment	Anthony threw the ball to Andrew.	Andrew received the ball from Anthony.
entailment	Jay bought a phone to Jessica.	Jessica sold a phone from Jay.
entailment	James bought a camera to Sue.	Sue sold a camera from James.
entailment	Annie lent the laptop to Christopher.	Christopher borrowed the laptop from Annie.
entailment	Peter bought a camera to Jane.	Jane sold a camera from Peter.
entailment	Marilyn spoke about the trip to Leslie.	Leslie listened about the trip from Marilyn.
entailment	Eleanor taught history to Al.	Al learnt history from Eleanor.
entailment	Donald spoke about the trip to Bob.	Bob listened about the trip from Donald.
entailment	Karen lent the laptop to Steve.	Steve borrowed the laptop from Karen.
entailment	Annie taught mathematics to Nick.	Nick learnt mathematics from Annie.
entailment	Sandra spoke about the trip to Caroline.	Caroline listened about the trip from Sandra.
entailment	Ed taught mathematics to Jack.	Jack learnt mathematics from Ed.
entailment	Eric spoke about the trip to Julie.	Julie listened about the trip from Eric.
entailment	Steve bought a phone to Karen.	Karen sold a phone from Steve.
entailment	Lauren bought a camera to Virginia.	Virginia sold a camera from Lauren.
entailment	Elizabeth spoke about the trip to Alexander.	Alexander listened about the trip from Elizabeth.
entailment	Donald spoke about the environment to Kim.	Kim listened about the environment from Donald.
entailment	Alan bought a phone to Michael.	Michael sold a phone from Alan.
entailment	Mary taught history to Elaine.	Elaine learnt history from Mary.
entailment	Edith threw the ball to Emily.	Emily received the ball from Edith.
entailment	Ian taught history to Lauren.	Lauren learnt history from Ian.
entailment	Greg bought a camera to Eric.	Eric sold a camera from Greg.
entailment	Arthur spoke about the environment to Alison.	Alison listened about the environment from Arthur.
entailment	Ben lent the laptop to Elizabeth.	Elizabeth borrowed the laptop from Ben.
entailment	Ray lent the book to Colin.	Colin borrowed the book from Ray.
entailment	Eric threw the ball to Carl.	Carl received the ball from Eric.
entailment	Walter lent the laptop to Diana.	Diana borrowed the laptop from Walter.
entailment	Edith bought a phone to Kelly.	Kelly sold a phone from Edith.
entailment	Nick bought a camera to Bob.	Bob sold a camera from Nick.
entailment	Alexander spoke about the environment to Judith.	Judith listened about the environment from Alexander.
entailment	Elaine taught mathematics to Jane.	Jane learnt mathematics from Elaine.
entailment	Simon spoke about the trip to Grace.	Grace listened about the trip from Simon.
entailment	Edwin threw the ball to Sue.	Sue received the ball from Edwin.
entailment	Paul bought a camera to Ralph.	Ralph sold a camera from Paul.
entailment	Jennifer taught history to Roy.	Roy learnt history from Jennifer.
entailment	Lucy spoke about the environment to Suzanne.	Suzanne listened about the environment from Lucy.
entailment	Emily bought a phone to Gary.	Gary sold a phone from Emily.
entailment	Jean lent the laptop to Andrea.	Andrea borrowed the laptop from Jean.
entailment	Colin threw the bottle to Ian.	Ian received the bottle from Colin.
entailment	Dorothy spoke about the environment to Suzanne.	Suzanne listened about the environment from Dorothy.
entailment	Keith taught mathematics to Sam.	Sam learnt mathematics from Keith.
entailment	Chris bought a camera to Frank.	Frank sold a camera from Chris.
entailment	Kenneth taught history to Howard.	Howard learnt history from Kenneth.
entailment	Keith threw the ball to Joseph.	Joseph received the ball from Keith.
entailment	Helen lent the book to Lawrence.	Lawrence borrowed the book from Helen.
entailment	Francis threw the ball to Tony.	Tony received the ball from Francis.
entailment	Melissa bought a camera to Tony.	Tony sold a camera from Melissa.
entailment	Melissa spoke about the environment to Donald.	Donald listened about the environment from Melissa.
entailment	Kate taught history to Annie.	Annie learnt history from Kate.
entailment	Evelyn lent the laptop to Diana.	Diana borrowed the laptop from Evelyn.
entailment	Robin bought a camera to Edwin.	Edwin sold a camera from Robin.
entailment	Carl taught history to Ellen.	Ellen learnt history from Carl.
entailment	Kate spoke about the environment to Lauren.	Lauren listened about the environment from Kate.
entailment	Roger bought a phone to Lisa.	Lisa sold a phone from Roger.
entailment	Jack spoke about the trip to Bobby.	Bobby listened about the trip from Jack.
entailment	Kenneth lent the laptop to Dan.	Dan borrowed the laptop from Kenneth.
entailment	Kate spoke about the environment to Emma.	Emma listened about the environment from Kate.
entailment	Peter threw the bottle to Pamela.	Pamela received the bottle from Peter.
entailment	Edward threw the bottle to Joe.	Joe received the bottle from Edward.
entailment	Bill taught history to Pamela.	Pamela learnt history from Bill.
entailment	Jay spoke about the environment to Frank.	Frank listened about the environment from Jay.
entailment	Al taught mathematics to Jeff.	Jeff learnt mathematics from Al.
entailment	James threw the ball to Marilyn.	Marilyn received the ball from James.
entailment	Matt taught history to Roger.	Roger learnt history from Matt.
entailment	Richard bought a camera to Benjamin.	Benjamin sold a camera from Richard.
entailment	Philip lent the book to Simon.	Simon borrowed the book from Philip.
entailment	Don taught history to Deborah.	Deborah learnt history from Don.
entailment	Sam taught mathematics to Dick.	Dick learnt mathematics from Sam.
entailment	Suzanne lent the laptop to Edward.	Edward borrowed the laptop from Suzanne.
entailment	Laura spoke about the trip to Margaret.	Margaret listened about the trip from Laura.
entailment	Lauren threw the bottle to Ralph.	Ralph received the bottle from Lauren.
entailment	Tim spoke about the environment to Caroline.	Caroline listened about the environment from Tim.
entailment	Judith bought a camera to Rose.	Rose sold a camera from Judith.
entailment	James bought a phone to Marilyn.	Marilyn sold a phone from James.
entailment	Harold taught mathematics to Diane.	Diane learnt mathematics from Harold.
entailment	Sam threw the bottle to William.	William received the bottle from Sam.
entailment	Francis bought a phone to Lawrence.	Lawrence sold a phone from Francis.
entailment	Kathryn bought a camera to Anna.	Anna sold a camera from Kathryn.
entailment	Sophie bought a camera to Jonathan.	Jonathan sold a camera from Sophie.
entailment	Robert threw the ball to Harriet.	Harriet received the ball from Robert.
entailment	Michael lent the book to Ian.	Ian borrowed the book from Michael.
entailment	Michael bought a camera to Betty.	Betty sold a camera from Michael.
entailment	Julie spoke about the trip to Elizabeth.	Elizabeth listened about the trip from Julie.
entailment	Scott bought a phone to Lawrence.	Lawrence sold a phone from Scott.
entailment	Michael spoke about the environment to Jane.	Jane listened about the environment from Michael.
entailment	Fiona threw the bottle to Julia.	Julia received the bottle from Fiona.
entailment	Michelle spoke about the trip to Jeff.	Jeff listened about the trip from Michelle.
entailment	Alexandra threw the ball to Linda.	Linda received the ball from Alexandra.
entailment	Michelle spoke about the environment to Diana.	Diana listened about the environment from Michelle.
entailment	Howard lent the laptop to Emma.	Emma borrowed the laptop from Howard.
entailment	Pamela spoke about the trip to Judith.	Judith listened about the trip from Pamela.
entailment	Jack spoke about the trip to Caroline.	Caroline listened about the trip from Jack.
entailment	Catherine spoke about the trip to Matt.	Matt listened about the trip from Catherine.
entailment	Joe lent the book to Jason.	Jason borrowed the book from Joe.
entailment	Sarah threw the ball to Maria.	Maria received the ball from Sarah.
entailment	Roger lent the laptop to Jerry.	Jerry borrowed the laptop from Roger.
entailment	Roger threw the bottle to Caroline.	Caroline received the bottle from Roger.
entailment	Kate spoke about the trip to Diane.	Diane listened about the trip from Kate.
entailment	Diane threw the ball to Tony.	Tony received the ball from Diane.
entailment	Matt spoke about the environment to Anna.	Anna listened about the environment from Matt.
entailment	Walter lent the laptop to Jimmy.	Jimmy borrowed the laptop from Walter.
entailment	Kate taught history to Stephen.	Stephen learnt history from Kate.
entailment	Jonathan bought a phone to Jerry.	Jerry sold a phone from Jonathan.
entailment	Florence threw the ball to Ray.	Ray received the ball from Florence.
entailment	Bill bought a phone to Fred.	Fred sold a phone from Bill.
entailment	Andrew spoke about the trip to Florence.	Florence listened about the trip from Andrew.
entailment	David threw the bottle to Tom.	Tom received the bottle from David.
entailment	Jay threw the bottle to Susan.	Susan received the bottle from Jay.
entailment	Lawrence spoke about the environment to Simon.	Simon listened about the environment from Lawrence.
entailment	Judith bought a camera to Tom.	Tom sold a camera from Judith.
entailment	Jane spoke about the environment to Stephen.	Stephen listened about the environment from Jane.
entailment	Nicole bought a camera to Samuel.	Samuel sold a camera from Nicole.
entailment	Simon bought a phone to Sarah.	Sarah sold a phone from Simon.
entailment	Arthur taught mathematics to Edward.	Edward learnt mathematics from Arthur.
entailment	Ellen threw the ball to Robert.	Robert received the ball from Ellen.
entailment	Henry lent the book to Caroline.	Caroline borrowed the book from Henry.
entailment	Kathryn spoke about the trip to Katie.	Katie listened about the trip from Kathryn.
entailment	Eric spoke about the environment to Lauren.	Lauren listened about the environment from Eric.
entailment	Kathy bought a phone to Peter.	Peter sold a phone from Kathy.
entailment	Mike threw the ball to Roger.	Roger received the ball from Mike.
entailment	Carol threw the ball to Peter.	Peter received the ball from Carol.
entailment	Lauren spoke about the trip to Alice.	Alice listened about the trip from Lauren.
entailment	Heather lent the laptop to Ryan.	Ryan borrowed the laptop from Heather.
entailment	Sara threw the bottle to Stephen.	Stephen received the bottle from Sara.
entailment	Anthony taught mathematics to Adam.	Adam learnt mathematics from Anthony.
entailment	Sandra spoke about the environment to Judith.	Judith listened about the environment from Sandra.
entailment	Ralph threw the bottle to Karen.	Karen received the bottle from Ralph.
entailment	Katie threw the bottle to Marie.	Marie received the bottle from Katie.
entailment	Mike taught mathematics to Barbara.	Barbara learnt mathematics from Mike.
entailment	Al lent the laptop to Kathryn.	Kathryn borrowed the laptop from Al.
entailment	Roy lent the book to Deborah.	Deborah borrowed the book from Roy.
entailment	Edward taught mathematics to John.	John learnt mathematics from Edward.
entailment	Deborah spoke about the trip to Dorothy.	Dorothy listened about the trip from Deborah.
entailment	Lynn spoke about the environment to Christine.	Christine listened about the environment from Lynn.
entailment	Robert spoke about the trip to George.	George listened about the trip from Robert.
entailment	George threw the bottle to Frederick.	Frederick received the bottle from George.
entailment	Caroline taught mathematics to Bob.	Bob learnt mathematics from Caroline.
entailment	Joseph bought a phone to Kate.	Kate sold a phone from Joseph.
entailment	Mark spoke about the trip to Melissa.	Melissa listened about the trip from Mark.
entailment	Simon bought a camera to Patrick.	Patrick sold a camera from Simon.
entailment	Alexandra lent the laptop to Jonathan.	Jonathan borrowed the laptop from Alexandra.
entailment	Roger spoke about the environment to Alexander.	Alexander listened about the environment from Roger.
entailment	Larry lent the book to Al.	Al borrowed the book from Larry.
entailment	Jim spoke about the trip to Margaret.	Margaret listened about the trip from Jim.
entailment	Albert spoke about the environment to Lisa.	Lisa listened about the environment from Albert.
entailment	Robin lent the laptop to Kim.	Kim borrowed the laptop from Robin.
entailment	Robin bought a phone to Colin.	Colin sold a phone from Robin.
entailment	Benjamin spoke about the environment to Lucy.	Lucy listened about the environment from Benjamin.
entailment	Evelyn threw the bottle to Fred.	Fred received the bottle from Evelyn.
entailment	Bob spoke about the trip to Ralph.	Ralph listened about the trip from Bob.
entailment	Annie taught history to Jack.	Jack learnt history from Annie.
entailment	Roger threw the ball to Fred.	Fred received the ball from Roger.
entailment	Joe taught history to Marilyn.	Marilyn learnt history from Joe.
entailment	Mark taught mathematics to Daniel.	Daniel learnt mathematics from Mark.
entailment	Ray taught history to Frances.	Frances learnt history from Ray.
entailment	Alexandra lent the book to Philip.	Philip borrowed the book from Alexandra.
entailment	Katherine spoke about the trip to Carol.	Carol listened about the trip from Katherine.
entailment	James bought a phone to Leslie.	Leslie sold a phone from James.
entailment	Ray threw the bottle to Larry.	Larry received the bottle from Ray.
entailment	Al bought a phone to Bill.	Bill sold a phone from Al.
entailment	Donna bought a phone to Ron.	Ron sold a phone from Donna.
entailment	Johnny threw the bottle to Christine.	Christine received the bottle from Johnny.
entailment	Diana bought a phone to Joseph.	Joseph sold a phone from Diana.
entailment	Kim taught mathematics to Donna.	Donna learnt mathematics from Kim.
entailment	Rebecca lent the laptop to Deborah.	Deborah borrowed the laptop from Rebecca.
entailment	Dick spoke about the trip to Joseph.	Joseph listened about the trip from Dick.
entailment	Stephanie spoke about the environment to Harry.	Harry listened about the environment from Stephanie.
entailment	Paul bought a camera to Alan.	Alan sold a camera from Paul.
entailment	Rebecca lent the laptop to Anne.	Anne borrowed the laptop from Rebecca.
entailment	Fred lent the book to Alice.	Alice borrowed the book from Fred.
entailment	Catherine threw the bottle to Harold.	Harold received the bottle from Catherine.
entailment	John taught mathematics to Alexander.	Alexander learnt mathematics from John.
entailment	David spoke about the trip to Colin.	Colin listened about the trip from David.
entailment	Alexandra bought a phone to Patrick.	Patrick sold a phone from Alexandra.
entailment	Melissa bought a camera to Dan.	Dan sold a camera from Melissa.
entailment	Melissa bought a phone to Anne.	Anne sold a phone from Melissa.
entailment	Sally bought a phone to Diana.	Diana sold a phone from Sally.
entailment	Lisa threw the bottle to Steve.	Steve received the bottle from Lisa.
entailment	George bought a phone to Kim.	Kim sold a phone from George.
entailment	Catherine taught history to Carol.	Carol learnt history from Catherine.
entailment	Charlie taught history to Judith.	Judith learnt history from Charlie.
entailment	Ian threw the ball to Paul.	Paul received the ball from Ian.
entailment	Ann spoke about the environment to Ed.	Ed listened about the environment from Ann.
entailment	Edwin taught history to John.	John learnt history from Edwin.
entailment	Sam threw the ball to Sandra.	Sandra received the ball from Sam.
entailment	Fred spoke about the environment to Karen.	Karen listened about the environment from Fred.
entailment	Andrew spoke about the environment to George.	George listened about the environment from Andrew.
entailment	Janet taught mathematics to Stephen.	Stephen learnt mathematics from Janet.
entailment	Paul threw the ball to Jessica.	Jessica received the ball from Paul.
entailment	Larry spoke about the trip to Fred.	Fred listened about the trip from Larry.
entailment	Elizabeth threw the ball to Philip.	Philip received the ball from Elizabeth.
entailment	Philip taught mathematics to Alexander.	Alexander learnt mathematics from Philip.
entailment	Carolyn threw the bottle to Steve.	Steve received the bottle from Carolyn.
entailment	Lawrence lent the book to Sam.	Sam borrowed the book from Lawrence.
entailment	Sara threw the bottle to Simon.	Simon received the bottle from Sara.
entailment	Matthew spoke about the trip to Jennifer.	Jennifer listened about the trip from Matthew.
entailment	Lauren taught mathematics to Amy.	Amy learnt mathematics from Lauren.
entailment	Heather threw the bottle to Jean.	Jean received the bottle from Heather.
entailment	Charlie threw the bottle to Matt.	Matt received the bottle from Charlie.
entailment	Nick threw the bottle to Jonathan.	Jonathan received the bottle from Nick.
entailment	George threw the ball to Emily.	Emily received the ball from George.
entailment	Roger lent the laptop to Edward.	Edward borrowed the laptop from Roger.
entailment	Karen taught mathematics to Ben.	Ben learnt mathematics from Karen.
entailment	Patricia threw the ball to Simon.	Simon received the ball from Patricia.
entailment	Marie bought a camera to Francis.	Francis sold a camera from Marie.
entailment	Matthew threw the ball to Katherine.	Katherine received the ball from Matthew.
entailment	Joseph taught mathematics to Nick.	Nick learnt mathematics from Joseph.
entailment	Suzanne threw the ball to Scott.	Scott received the ball from Suzanne.
entailment	Sandra bought a camera to Scott.	Scott sold a camera from Sandra.
entailment	Elaine spoke about the environment to Donald.	Donald listened about the environment from Elaine.
entailment	Lisa taught history to Bob.	Bob learnt history from Lisa.
entailment	Nancy lent the laptop to Roger.	Roger borrowed the laptop from Nancy.
entailment	Fred spoke about the environment to Harriet.	Harriet listened about the environment from Fred.
entailment	Thomas lent the laptop to Joan.	Joan borrowed the laptop from Thomas.
entailment	Christine spoke about the environment to Emma.	Emma listened about the environment from Christine.
entailment	Annie taught history to Martin.	Martin learnt history from Annie.
entailment	Wendy taught mathematics to Margaret.	Margaret learnt mathematics from Wendy.
entailment	James bought a camera to Thomas.	Thomas sold a camera from James.
entailment	Chris taught history to Angela.	Angela learnt history from Chris.
entailment	Steve taught history to Caroline.	Caroline learnt history from Steve.
entailment	Alex bought a camera to Nancy.	Nancy sold a camera from Alex.
entailment	Samuel lent the laptop to Wendy.	Wendy borrowed the laptop from Samuel.
entailment	Louise bought a phone to Emma.	Emma sold a phone from Louise.
entailment	Jason taught history to Dan.	Dan learnt history from Jason.
entailment	Arthur threw the ball to Gary.	Gary received the ball from Arthur.
entailment	Emma threw the bottle to Heather.	Heather received the bottle from Emma.
entailment	David threw the bottle to Joseph.	Joseph received the bottle from David.
entailment	Fiona taught mathematics to Charles.	Charles learnt mathematics from Fiona.
entailment	Alexander bought a camera to Jennifer.	Jennifer sold a camera from Alexander.
entailment	Laura taught mathematics to Alexander.	Alexander learnt mathematics from Laura.
entailment	Brian taught history to Greg.	Greg learnt history from Brian.
entailment	Arthur threw the bottle to Sharon.	Sharon received the bottle from Arthur.
entailment	Maria threw the ball to Jill.	Jill received the ball from Maria.
entailment	Fiona spoke about the environment to Patrick.	Patrick listened about the environment from Fiona.
entailment	Tony spoke about the environment to Kathleen.	Kathleen listened about the environment from Tony.
entailment	Sandra threw the ball to Stephen.	Stephen received the ball from Sandra.
entailment	Sandra bought a camera to Nancy.	Nancy sold a camera from Sandra.
entailment	Dave taught history to Philip.	Philip learnt history from Dave.
entailment	Sandra taught history to Edward.	Edward learnt history from Sandra.
entailment	Hugh spoke about the trip to Karen.	Karen listened about the trip from Hugh.
entailment	Billy bought a camera to Maria.	Maria sold a camera from Billy.
entailment	Christopher spoke about the trip to Greg.	Greg listened about the trip from Christopher.
entailment	Jane lent the book to Mary.	Mary borrowed the book from Jane.
entailment	Harold lent the book to Katherine.	Katherine borrowed the book from Harold.
entailment	Alice bought a camera to Ben.	Ben sold a camera from Alice.
entailment	Robert bought a camera to Steve.	Steve sold a camera from Robert.
entailment	Carol spoke about the trip to Eleanor.	Eleanor listened about the trip from Carol.
entailment	Judy bought a camera to Dave.	Dave sold a camera from Judy.
entailment	Amy bought a camera to Henry.	Henry sold a camera from Amy.
entailment	Sharon lent the laptop to Karen.	Karen borrowed the laptop from Sharon.
entailment	Tony spoke about the environment to Kenneth.	Kenneth listened about the environment from Tony.
entailment	Charles lent the laptop to Alexander.	Alexander borrowed the laptop from Charles.
entailment	Annie spoke about the trip to Julia.	Julia listened about the trip from Annie.
entailment	Charlie threw the ball to Christopher.	Christopher received the ball from Charlie.
entailment	Emma threw the bottle to Claire.	Claire received the bottle from Emma.
entailment	Ruth threw the ball to Angela.	Angela received the ball from Ruth.
entailment	Edward lent the book to Carl.	Carl borrowed the book from Edward.
entailment	Greg threw the bottle to Janet.	Janet received the bottle from Greg.
entailment	Diana taught history to Frederick.	Frederick learnt history from Diana.
entailment	Ruth lent the laptop to Maria.	Maria borrowed the laptop from Ruth.
entailment	Daniel taught history to Amy.	Amy learnt history from Daniel.
entailment	Stephanie lent the laptop to Bob.	Bob borrowed the laptop from Stephanie.
entailment	Mike threw the bottle to Pamela.	Pamela received the bottle from Mike.
entailment	Jill bought a phone to Charles.	Charles sold a phone from Jill.
entailment	Jay threw the bottle to John.	John received the bottle from Jay.
entailment	Robert threw the ball to Dan.	Dan received the ball from Robert.
entailment	Al spoke about the trip to Kate.	Kate listened about the trip from Al.
entailment	Ron taught mathematics to Nicole.	Nicole learnt mathematics from Ron.
entailment	Dick spoke about the trip to Stephen.	Stephen listened about the trip from Dick.
entailment	Ben lent the laptop to Virginia.	Virginia borrowed the laptop from Ben.
entailment	Kevin taught mathematics to Harriet.	Harriet learnt mathematics from Kevin.
entailment	Edward lent the laptop to Larry.	Larry borrowed the laptop from Edward.
entailment	Bobby spoke about the trip to Dave.	Dave listened about the trip from Bobby.
entailment	Albert lent the laptop to Thomas.	Thomas borrowed the laptop from Albert.
entailment	Lynn spoke about the environment to Dick.	Dick listened about the environment from Lynn.
entailment	Nancy spoke about the environment to Rachel.	Rachel listened about the environment from Nancy.
entailment	Patrick spoke about the environment to Carol.	Carol listened about the environment from Patrick.
entailment	Caroline threw the ball to Nicole.	Nicole received the ball from Caroline.
entailment	Anna spoke about the environment to Elaine.	Elaine listened about the environment from Anna.
entailment	Samuel taught mathematics to Ann.	Ann learnt mathematics from Samuel.
entailment	Adam spoke about the trip to Lisa.	Lisa listened about the trip from Adam.
entailment	Mark threw the bottle to Charlotte.	Charlotte received the bottle from Mark.
entailment	Jill taught history to Andrew.	Andrew learnt history from Jill.
entailment	Roy spoke about the trip to Alexander.	Alexander listened about the trip from Roy.
entailment	Anne threw the ball to Lynn.	Lynn received the ball from Anne.
entailment	Karen lent the book to Anthony.	Anthony borrowed the book from Karen.
entailment	Hugh lent the book to Ellen.	Ellen borrowed the book from Hugh.
entailment	Christine spoke about the trip to Ann.	Ann listened about the trip from Christine.
entailment	Keith spoke about the environment to Bob.	Bob listened about the environment from Keith.
entailment	Dan spoke about the environment to Jerry.	Jerry listened about the environment from Dan.
entailment	Walter lent the laptop to George.	George borrowed the laptop from Walter.
entailment	Jerry bought a phone to Marie.	Marie sold a phone from Jerry.
entailment	Donald spoke about the trip to Charlie.	Charlie listened about the trip from Donald.
entailment	Margaret bought a camera to Alexandra.	Alexandra sold a camera from Margaret.
entailment	Carl lent the laptop to Amy.	Amy borrowed the laptop from Carl.
entailment	Anne lent the laptop to Kathleen.	Kathleen borrowed the laptop from Anne.
entailment	Eleanor lent the book to Lucy.	Lucy borrowed the book from Eleanor.
entailment	Katherine threw the bottle to Florence.	Florence received the bottle from Katherine.
entailment	Ed lent the book to Marilyn.	Marilyn borrowed the book from Ed.
entailment	Ian bought a camera to James.	James sold a camera from Ian.
entailment	Betty threw the ball to Bobby.	Bobby received the ball from Betty.
entailment	Ray spoke about the environment to Donald.	Donald listened about the environment from Ray.
entailment	Joe threw the bottle to Robert.	Robert received the bottle from Joe.
entailment	Judith bought a phone to Carolyn.	Carolyn sold a phone from Judith.
entailment	Victoria spoke about the environment to Michelle.	Michelle listened about the environment from Victoria.
entailment	Lisa threw the ball to Grace.	Grace received the ball from Lisa.
entailment	Patrick spoke about the environment to Samuel.	Samuel listened about the environment from Patrick.
entailment	Alice bought a camera to Roger.	Roger sold a camera from Alice.
entailment	George lent the book to Edith.	Edith borrowed the book from George.
entailment	Kathryn lent the laptop to Suzanne.	Suzanne borrowed the laptop from Kathryn.
entailment	Edward spoke about the environment to Jimmy.	Jimmy listened about the environment from Edward.
entailment	Alex taught history to Marie.	Marie learnt history from Alex.
entailment	Rose taught mathematics to Margaret.	Margaret learnt mathematics from Rose.
entailment	Suzanne lent the laptop to Donna.	Donna borrowed the laptop from Suzanne.
entailment	Ralph spoke about the trip to Barbara.	Barbara listened about the trip from Ralph.
entailment	Alexander bought a phone to Catherine.	Catherine sold a phone from Alexander.
entailment	Francis bought a phone to James.	James sold a phone from Francis.
entailment	Dorothy threw the bottle to John.	John received the bottle from Dorothy.
entailment	Kathleen threw the bottle to Heather.	Heather received the bottle from Kathleen.
entailment	Keith threw the bottle to Carol.	Carol received the bottle from Keith.
entailment	Brian threw the ball to Christopher.	Christopher received the ball from Brian.
entailment	Andrea lent the laptop to Gary.	Gary borrowed the laptop from Andrea.
entailment	Katie bought a camera to Angela.	Angela sold a camera from Katie.
