neutral	Among Alex, Kathleen and Jim the kindest is Jim.	Alex is kinder than Kathleen.
neutral	Among Eleanor, Adam and Stephanie the sweetest is Stephanie.	Eleanor is sweeter than Adam.
neutral	Among Joseph, Tony and Michelle the shortest is Michelle.	Joseph is shorter than Tony.
neutral	Among Katie, Michelle and Benjamin the slimmest is Benjamin.	Katie is slimmer than Michelle.
neutral	Among Mark, Joan and Dick the kindest is Dick.	Mark is kinder than Joan.
neutral	Among Alexandra, Brian and Joe the most tired is Joe.	Alexandra is more tired than Brian.
neutral	Among Kate, Elizabeth and Harry the smartest is Harry.	Kate is smarter than Elizabeth.
neutral	Among Andrea, Maria and Carl the loneliest is Carl.	Andrea is lonlier than Maria.
neutral	Among Lucy, Fiona and Katie the politest is Katie.	Lucy is politer than Fiona.
neutral	Among Edith, Dorothy and Jonathan the rudest is Jonathan.	Edith is ruder than Dorothy.
neutral	Among Rose, Ian and Bobby the skinniest is Bobby.	Rose is skinnier than Ian.
neutral	Among Carl, Sandra and Jim the chubbiest is Jim.	Carl is chubbier than Sandra.
neutral	Among Anthony, Betty and Melissa the tiniest is Melissa.	Anthony is tinier than Betty.
neutral	Among Don, Ralph and Albert the most attractive is Albert.	Don is more attractive than Ralph.
neutral	Among Michelle, Philip and Catherine the kindest is Catherine.	Michelle is kinder than Philip.
neutral	Among Andrew, Maria and Kevin the cleverest is Kevin.	Andrew is cleverer than Maria.
neutral	Among Louis, Bobby and Frank the friendliest is Frank.	Louis is friendlier than Bobby.
neutral	Among Jennifer, Andrew and Bruce the kindest is Bruce.	Jennifer is kinder than Andrew.
neutral	Among Arthur, Matt and Sam the friendliest is Sam.	Arthur is friendlier than Matt.
neutral	Among Alice, Andrew and Frederick the skinniest is Frederick.	Alice is skinnier than Andrew.
neutral	Among Emily, Leslie and Helen the longest is Helen.	Emily is longer than Leslie.
neutral	Among Hugh, Brian and Ralph the oldest is Ralph.	Hugh is older than Brian.
neutral	Among Ellen, Tom and Elaine the cutest is Elaine.	Ellen is cuter than Tom.
neutral	Among John, Jason and Frances the shyest is Frances.	John is shyer than Jason.
neutral	Among Edward, Edith and Rachel the boldest is Rachel.	Edward is bolder than Edith.
neutral	Among David, Ray and Colin the guiltiest is Colin.	David is guilter than Ray.
neutral	Among Alexandra, Thomas and Nancy the cutest is Nancy.	Alexandra is cuter than Thomas.
neutral	Among Jason, Rebecca and Caroline the proudest is Caroline.	Jason is prouder than Rebecca.
neutral	Among Alice, Jason and Ron the boldest is Ron.	Alice is bolder than Jason.
neutral	Among Daniel, Robin and Tony the shallowest is Tony.	Daniel is shallower than Robin.
neutral	Among Bruce, Margaret and Daniel the toughest is Daniel.	Bruce is tougher than Margaret.
neutral	Among Alice, Julia and Mike the proudest is Mike.	Alice is prouder than Julia.
neutral	Among Pamela, Ashley and Suzanne the oldest is Suzanne.	Pamela is older than Ashley.
neutral	Among Joan, Barbara and Alexander the quietest is Alexander.	Joan is quieter than Barbara.
neutral	Among Sally, Suzanne and Rebecca the most beautiful is Rebecca.	Sally is more beautiful than Suzanne.
neutral	Among Patrick, Ashley and Judith the naughtiest is Judith.	Patrick is naughtier than Ashley.
neutral	Among Harry, Harriet and Frank the kindest is Frank.	Harry is kinder than Harriet.
neutral	Among Alice, Victoria and Sally the ugliest is Sally.	Alice is uglier than Victoria.
neutral	Among Sally, Ruth and Kathryn the noisiest is Kathryn.	Sally is noisier than Ruth.
neutral	Among Heather, Stephen and Simon the kindest is Simon.	Heather is kinder than Stephen.
neutral	Among Jerry, Howard and Brian the bossiest is Brian.	Jerry is bossier than Howard.
neutral	Among Andrew, Fred and Robert the wealthiest is Robert.	Andrew is wealthier than Fred.
neutral	Among Edwin, Michelle and Colin the fastest is Colin.	Edwin is faster than Michelle.
neutral	Among Eric, Joseph and Carl the angriest is Carl.	Eric is angrier than Joseph.
neutral	Among Jill, Alexandra and Sophie the quietest is Sophie.	Jill is quieter than Alexandra.
neutral	Among Heather, Charlie and Patricia the longest is Patricia.	Heather is longer than Charlie.
neutral	Among Billy, Mark and Kevin the ugliest is Kevin.	Billy is uglier than Mark.
neutral	Among Robin, Alfred and Stephanie the shallowest is Stephanie.	Robin is shallower than Alfred.
neutral	Among Suzanne, Lauren and Edwin the cruellest is Edwin.	Suzanne is crueller than Lauren.
neutral	Among Alice, Laura and Betty the chubbiest is Betty.	Alice is chubbier than Laura.
neutral	Among Louis, Lucy and Katie the proudest is Katie.	Louis is prouder than Lucy.
neutral	Among Louis, Andrea and Barbara the toughest is Barbara.	Louis is tougher than Andrea.
neutral	Among Martha, Paul and Bobby the toughest is Bobby.	Martha is tougher than Paul.
neutral	Among Alfred, Rose and Jennifer the tiniest is Jennifer.	Alfred is tinier than Rose.
neutral	Among Florence, Harold and James the most popular is James.	Florence is more popular than Harold.
neutral	Among Jack, Brian and Elaine the fairest is Elaine.	Jack is fairer than Brian.
neutral	Among Ed, Dave and Frances the greatest is Frances.	Ed is greater than Dave.
neutral	Among Sue, Joan and Claire the most popular is Claire.	Sue is more popular than Joan.
neutral	Among Jimmy, Annie and Jim the slimmest is Jim.	Jimmy is slimmer than Annie.
neutral	Among Catherine, Arthur and Alex the poorest is Alex.	Catherine is poorer than Arthur.
neutral	Among Emily, Laura and Sara the loudest is Sara.	Emily is louder than Laura.
neutral	Among Henry, Harold and Patricia the most polite is Patricia.	Henry is more polite than Harold.
neutral	Among Dick, Peter and Anne the most beautiful is Anne.	Dick is more beautiful than Peter.
neutral	Among Kenneth, Harry and Joan the angriest is Joan.	Kenneth is angrier than Harry.
neutral	Among Anne, Kate and Louise the saddest is Louise.	Anne is sadder than Kate.
neutral	Among Chris, Martin and Annie the silliest is Annie.	Chris is sillier than Martin.
neutral	Among Annie, Virginia and William the clumsiest is William.	Annie is clumsier than Virginia.
neutral	Among Nick, Sam and Katherine the strongest is Katherine.	Nick is stronger than Sam.
neutral	Among Sandra, Jack and Lisa the gentlest is Lisa.	Sandra is gentler than Jack.
neutral	Among Judith, Keith and Peter the fattest is Peter.	Judith is fatter than Keith.
neutral	Among Bob, Sarah and Heather the loudest is Heather.	Bob is louder than Sarah.
neutral	Among Scott, Bobby and Pamela the healthiest is Pamela.	Scott is healthier than Bobby.
neutral	Among Christopher, Martin and Tom the biggest is Tom.	Christopher is bigger than Martin.
neutral	Among Ian, Edwin and Christopher the most renowned is Christopher.	Ian is more renowned than Edwin.
neutral	Among Roy, Johnny and Mike the grossest is Mike.	Roy is grosser than Johnny.
neutral	Among Sara, Deborah and Kate the wisest is Kate.	Sara is wiser than Deborah.
neutral	Among Henry, Steve and Philip the most attractive is Philip.	Henry is more attractive than Steve.
neutral	Among Al, Karen and Harry the ugliest is Harry.	Al is uglier than Karen.
neutral	Among Mike, Jim and Louis the sweetest is Louis.	Mike is sweeter than Jim.
neutral	Among Amanda, William and Kathleen the longest is Kathleen.	Amanda is longer than William.
neutral	Among Sue, Kathy and Carol the quietest is Carol.	Sue is quieter than Kathy.
neutral	Among Ashley, Julie and Bobby the kindest is Bobby.	Ashley is kinder than Julie.
neutral	Among Marilyn, Donna and Steven the oldest is Steven.	Marilyn is older than Donna.
neutral	Among Edith, Stephanie and Ed the bitterest is Ed.	Edith is bitterer than Stephanie.
neutral	Among Steve, Ellen and Christine the oldest is Christine.	Steve is older than Ellen.
neutral	Among Ruth, Robert and Kenneth the firmest is Kenneth.	Ruth is firmer than Robert.
neutral	Among Virginia, Steven and Robin the saltiest is Robin.	Virginia is saltier than Steven.
neutral	Among Wendy, Patricia and Jeff the slowest is Jeff.	Wendy is slower than Patricia.
neutral	Among Emma, Ann and Lauren the silliest is Lauren.	Emma is sillier than Ann.
neutral	Among Amy, Diana and Michael the naughtiest is Michael.	Amy is naughtier than Diana.
neutral	Among Richard, Gary and Donna the firmest is Donna.	Richard is firmer than Gary.
neutral	Among Louise, Larry and Linda the tallest is Linda.	Louise is taller than Larry.
neutral	Among Albert, Charlie and Daniel the calmest is Daniel.	Albert is calmer than Charlie.
neutral	Among Ron, Kim and Jason the most renowned is Jason.	Ron is more renowned than Kim.
neutral	Among Jimmy, Jay and Caroline the creepiest is Caroline.	Jimmy is creepier than Jay.
neutral	Among Caroline, Linda and Roy the prettiest is Roy.	Caroline is prettier than Linda.
neutral	Among Marilyn, Amy and Ray the most handsome is Ray.	Marilyn is more handsome than Amy.
neutral	Among Simon, Mark and Elizabeth the prettiest is Elizabeth.	Simon is prettier than Mark.
neutral	Among Paul, Ben and Virginia the clumsiest is Virginia.	Paul is clumsier than Ben.
neutral	Among Ryan, Albert and Kathryn the curviest is Kathryn.	Ryan is curvier than Albert.
neutral	Among Sharon, Lynn and Heather the longest is Heather.	Sharon is longer than Lynn.
neutral	Among Ellen, Henry and Alison the shortest is Alison.	Ellen is shorter than Henry.
neutral	Among Diana, Thomas and Ian the loveliest is Ian.	Diana is lovelier than Thomas.
neutral	Among Amanda, Alexander and Sam the wealthiest is Sam.	Amanda is wealthier than Alexander.
neutral	Among Al, Charlotte and Richard the slowest is Richard.	Al is slower than Charlotte.
neutral	Among Jessica, Kathy and Samuel the most modern is Samuel.	Jessica is more modern than Kathy.
neutral	Among Hugh, Louise and Kenneth the politest is Kenneth.	Hugh is politer than Louise.
neutral	Among Lisa, Gary and Diane the naughtiest is Diane.	Lisa is naughtier than Gary.
neutral	Among Margaret, Jerry and Mark the most clever is Mark.	Margaret is more clever than Jerry.
neutral	Among Jean, Fiona and Keith the bossiest is Keith.	Jean is bossier than Fiona.
neutral	Among Ron, Lisa and Julia the skinniest is Julia.	Ron is skinnier than Lisa.
neutral	Among Sara, Eric and Wendy the healthiest is Wendy.	Sara is healthier than Eric.
neutral	Among Elaine, Chris and Julie the oldest is Julie.	Elaine is older than Chris.
neutral	Among Colin, Jay and Karen the humblest is Karen.	Colin is humbler than Jay.
neutral	Among Margaret, Matthew and Ralph the messiest is Ralph.	Margaret is messier than Matthew.
neutral	Among Betty, Al and Helen the loveliest is Helen.	Betty is lovelier than Al.
neutral	Among Sandra, Janet and Wendy the longest is Wendy.	Sandra is longer than Janet.
neutral	Among Martha, Harriet and Lucy the fattest is Lucy.	Martha is fatter than Harriet.
neutral	Among William, Greg and Louise the quietest is Louise.	William is quieter than Greg.
neutral	Among Steve, Stephanie and Stephen the silliest is Stephen.	Steve is sillier than Stephanie.
neutral	Among Michelle, Henry and Martin the gloomiest is Martin.	Michelle is gloomier than Henry.
neutral	Among Suzanne, Jill and Thomas the most polite is Thomas.	Suzanne is more polite than Jill.
neutral	Among Alex, Jason and Joe the fairest is Joe.	Alex is fairer than Jason.
neutral	Among Virginia, Patrick and Chris the funniest is Chris.	Virginia is funnier than Patrick.
neutral	Among Marie, Keith and Alan the bitterest is Alan.	Marie is bitterer than Keith.
neutral	Among Dave, Emma and Kevin the sorriest is Kevin.	Dave is sorrier than Emma.
neutral	Among Carol, Wendy and Harriet the busiest is Harriet.	Carol is busier than Wendy.
neutral	Among Colin, Dorothy and Ron the loveliest is Ron.	Colin is lovelier than Dorothy.
neutral	Among Donald, Amy and Alfred the guiltiest is Alfred.	Donald is guilter than Amy.
neutral	Among Margaret, Adam and Patrick the most interesting is Patrick.	Margaret is more interesting than Adam.
neutral	Among Judy, Sandra and Leslie the happiest is Leslie.	Judy is happier than Sandra.
neutral	Among David, Deborah and Keith the bravest is Keith.	David is braver than Deborah.
neutral	Among Billy, Roger and Ashley the greediest is Ashley.	Billy is greedier than Roger.
neutral	Among Sharon, Walter and Emma the saltiest is Emma.	Sharon is saltier than Walter.
neutral	Among Harry, Michael and Jimmy the slowest is Jimmy.	Harry is slower than Michael.
neutral	Among Alex, Heather and Peter the gloomiest is Peter.	Alex is gloomier than Heather.
neutral	Among Diana, Carol and Edward the biggest is Edward.	Diana is bigger than Carol.
neutral	Among Ian, Bob and Leslie the politest is Leslie.	Ian is politer than Bob.
neutral	Among Jack, Evelyn and Suzanne the greediest is Suzanne.	Jack is greedier than Evelyn.
neutral	Among Frederick, Harry and Greg the cruellest is Greg.	Frederick is crueller than Harry.
neutral	Among Kenneth, James and Charles the toughest is Charles.	Kenneth is tougher than James.
neutral	Among Emily, Nancy and Stephanie the funniest is Stephanie.	Emily is funnier than Nancy.
neutral	Among Kim, Melissa and Steve the cruellest is Steve.	Kim is crueller than Melissa.
neutral	Among Nick, William and Frederick the politest is Frederick.	Nick is politer than William.
neutral	Among Michael, Philip and Matthew the hottest is Matthew.	Michael is hotter than Philip.
neutral	Among Alice, Melissa and Jennifer the wisest is Jennifer.	Alice is wiser than Melissa.
neutral	Among Sally, Julia and Billy the greatest is Billy.	Sally is greater than Julia.
neutral	Among Charles, Carl and Marilyn the healthiest is Marilyn.	Charles is healthier than Carl.
neutral	Among Lawrence, Steven and Patricia the cruellest is Patricia.	Lawrence is crueller than Steven.
neutral	Among Margaret, Al and Julie the calmest is Julie.	Margaret is calmer than Al.
neutral	Among Marilyn, Eric and Bob the longest is Bob.	Marilyn is longer than Eric.
neutral	Among Brian, Joe and Alexander the silliest is Alexander.	Brian is sillier than Joe.
neutral	Among Ellen, Albert and Susan the most interesting is Susan.	Ellen is more interesting than Albert.
neutral	Among Louise, Jim and Grace the scariest is Grace.	Louise is scarier than Jim.
neutral	Among Anna, Scott and Martin the fattest is Martin.	Anna is fatter than Scott.
neutral	Among Jerry, Charlie and Linda the angriest is Linda.	Jerry is angrier than Charlie.
neutral	Among Tony, Philip and Sue the most bitter is Sue.	Tony is more bitter than Philip.
neutral	Among Lynn, Linda and Pamela the greediest is Pamela.	Lynn is greedier than Linda.
neutral	Among Caroline, George and Howard the kindest is Howard.	Caroline is kinder than George.
neutral	Among Heather, Julie and Angela the healthiest is Angela.	Heather is healthier than Julie.
neutral	Among Frank, Ken and Betty the best is Betty.	Frank is better than Ken.
neutral	Among Samuel, Steve and Sara the loveliest is Sara.	Samuel is lovelier than Steve.
neutral	Among Dan, Jerry and Colin the nicest is Colin.	Dan is nicer than Jerry.
neutral	Among Sue, Emily and Lynn the hottest is Lynn.	Sue is hotter than Emily.
neutral	Among Bobby, Bob and Alexandra the bitterest is Alexandra.	Bobby is bitterer than Bob.
neutral	Among Ashley, Joe and Don the loudest is Don.	Ashley is louder than Joe.
neutral	Among Louis, Kelly and Ellen the gentlest is Ellen.	Louis is gentler than Kelly.
neutral	Among Greg, Alan and Kim the brightest is Kim.	Greg is brighter than Alan.
neutral	Among Billy, Patricia and Michelle the fattest is Michelle.	Billy is fatter than Patricia.
neutral	Among Sue, Elaine and Kevin the saltiest is Kevin.	Sue is saltier than Elaine.
neutral	Among Jimmy, Suzanne and Sophie the most modern is Sophie.	Jimmy is more modern than Suzanne.
neutral	Among Tim, George and Al the rudest is Al.	Tim is ruder than George.
neutral	Among Katherine, Barbara and Lucy the wealthiest is Lucy.	Katherine is wealthier than Barbara.
neutral	Among Frances, William and Larry the smartest is Larry.	Frances is smarter than William.
neutral	Among Charlie, Andrea and Jane the creepiest is Jane.	Charlie is creepier than Andrea.
neutral	Among Dorothy, Edwin and Dick the messiest is Dick.	Dorothy is messier than Edwin.
neutral	Among Tony, Carl and Dave the skinniest is Dave.	Tony is skinnier than Carl.
neutral	Among Daniel, Virginia and Sue the sorriest is Sue.	Daniel is sorrier than Virginia.
neutral	Among Linda, Patrick and Kenneth the hungriest is Kenneth.	Linda is hungrier than Patrick.
neutral	Among Larry, Steven and Patrick the gloomiest is Patrick.	Larry is gloomier than Steven.
neutral	Among Judith, Patrick and Billy the classiest is Billy.	Judith is classier than Patrick.
neutral	Among Fred, Sara and Howard the richest is Howard.	Fred is richer than Sara.
neutral	Among Jonathan, Karen and Ray the most important is Ray.	Jonathan is more important than Karen.
neutral	Among Scott, James and Stephanie the sincerest is Stephanie.	Scott is sincerer than James.
neutral	Among Harry, Ray and Fred the busiest is Fred.	Harry is busier than Ray.
neutral	Among Diana, Deborah and Albert the messiest is Albert.	Diana is messier than Deborah.
neutral	Among Sharon, Jim and Heather the messiest is Heather.	Sharon is messier than Jim.
neutral	Among Ken, Janet and Andrew the longest is Andrew.	Ken is longer than Janet.
neutral	Among Dave, Peter and Simon the most polite is Simon.	Dave is more polite than Peter.
neutral	Among Jeff, Kathy and Ray the greediest is Ray.	Jeff is greedier than Kathy.
neutral	Among Matt, Sue and Laura the craziest is Laura.	Matt is crazier than Sue.
neutral	Among Rebecca, Carl and Harold the curviest is Harold.	Rebecca is curvier than Carl.
neutral	Among Roger, Melissa and Mark the toughest is Mark.	Roger is tougher than Melissa.
neutral	Among Lisa, Lynn and Alexandra the silliest is Alexandra.	Lisa is sillier than Lynn.
neutral	Among Don, Carol and Albert the most important is Albert.	Don is more important than Carol.
neutral	Among Henry, Frances and Jill the hairiest is Jill.	Henry is hairier than Frances.
neutral	Among Don, Richard and Harry the most beautiful is Harry.	Don is more beautiful than Richard.
neutral	Among Anne, Jack and Leslie the most beautiful is Leslie.	Anne is more beautiful than Jack.
neutral	Among John, Laura and Grace the most polite is Grace.	John is more polite than Laura.
neutral	Among Joseph, Alfred and Deborah the smartest is Deborah.	Joseph is smarter than Alfred.
neutral	Among Brian, Rose and Nicole the kindest is Nicole.	Brian is kinder than Rose.
neutral	Among Stephanie, Jane and Dan the saltiest is Dan.	Stephanie is saltier than Jane.
neutral	Among Hugh, Jim and Bill the shallowest is Bill.	Hugh is shallower than Jim.
neutral	Among Heather, Lauren and Jason the nicest is Jason.	Heather is nicer than Lauren.
neutral	Among Betty, Kate and Kenneth the naughtiest is Kenneth.	Betty is naughtier than Kate.
neutral	Among Ray, Maria and Linda the prettiest is Linda.	Ray is prettier than Maria.
neutral	Among Ron, Don and Heather the cutest is Heather.	Ron is cuter than Don.
neutral	Among Christine, Christopher and Cynthia the funniest is Cynthia.	Christine is funnier than Christopher.
neutral	Among Ed, Lynn and Matt the most beautiful is Matt.	Ed is more beautiful than Lynn.
neutral	Among Ian, Anna and Dave the saddest is Dave.	Ian is sadder than Anna.
neutral	Among Caroline, Frances and Anthony the cutest is Anthony.	Caroline is cuter than Frances.
neutral	Among Alex, Katherine and Catherine the sharpest is Catherine.	Alex is sharper than Katherine.
neutral	Among Carol, Bill and Sara the fittest is Sara.	Carol is fitter than Bill.
neutral	Among Christopher, Tony and John the loneliest is John.	Christopher is lonlier than Tony.
neutral	Among Jerry, Kathy and Arthur the nicest is Arthur.	Jerry is nicer than Kathy.
neutral	Among Colin, Stephen and Alexandra the prettiest is Alexandra.	Colin is prettier than Stephen.
neutral	Among Francis, Daniel and Louise the toughest is Louise.	Francis is tougher than Daniel.
neutral	Among Ann, Bobby and Alfred the sharpest is Alfred.	Ann is sharper than Bobby.
neutral	Among Keith, Evelyn and Andrea the messiest is Andrea.	Keith is messier than Evelyn.
neutral	Among Kathryn, Melissa and Claire the politest is Claire.	Kathryn is politer than Melissa.
neutral	Among Al, Billy and Louis the silliest is Louis.	Al is sillier than Billy.
neutral	Among Lucy, Colin and Jim the most renowned is Jim.	Lucy is more renowned than Colin.
neutral	Among Jerry, Wendy and Rebecca the most popular is Rebecca.	Jerry is more popular than Wendy.
neutral	Among Frank, Linda and Kathryn the hungriest is Kathryn.	Frank is hungrier than Linda.
neutral	Among Ray, Bruce and Rose the hungriest is Rose.	Ray is hungrier than Bruce.
neutral	Among Eric, Roy and Caroline the dullest is Caroline.	Eric is duller than Roy.
neutral	Among Florence, Alice and Ian the proudest is Ian.	Florence is prouder than Alice.
neutral	Among David, Stephen and Chris the cleverest is Chris.	David is cleverer than Stephen.
neutral	Among Keith, Matt and Stephanie the proudest is Stephanie.	Keith is prouder than Matt.
neutral	Among Margaret, Emma and Diana the gentlest is Diana.	Margaret is gentler than Emma.
neutral	Among William, Paul and Kate the meanest is Kate.	William is meaner than Paul.
neutral	Among Stephen, Elaine and Angela the ugliest is Angela.	Stephen is uglier than Elaine.
neutral	Among Adam, Ralph and Diana the slimmest is Diana.	Adam is slimmer than Ralph.
neutral	Among Karen, Don and Benjamin the shallowest is Benjamin.	Karen is shallower than Don.
neutral	Among Ellen, Ashley and Alan the prettiest is Alan.	Ellen is prettier than Ashley.
neutral	Among Rose, Christine and Kathryn the sincerest is Kathryn.	Rose is sincerer than Christine.
neutral	Among Alexander, Barbara and Chris the bossiest is Chris.	Alexander is bossier than Barbara.
neutral	Among Frank, Sam and Heather the messiest is Heather.	Frank is messier than Sam.
neutral	Among Edward, Leslie and Paul the clumsiest is Paul.	Edward is clumsier than Leslie.
neutral	Among Kathleen, Charlie and Peter the bravest is Peter.	Kathleen is braver than Charlie.
neutral	Among Betty, Nick and Sara the slimmest is Sara.	Betty is slimmer than Nick.
neutral	Among Tom, Matt and Brian the hairiest is Brian.	Tom is hairier than Matt.
neutral	Among Larry, Lucy and Richard the shortest is Richard.	Larry is shorter than Lucy.
neutral	Among Ian, Diana and Jerry the longest is Jerry.	Ian is longer than Diana.
neutral	Among Frances, Anna and Carolyn the naughtiest is Carolyn.	Frances is naughtier than Anna.
neutral	Among Chris, Fiona and Richard the saddest is Richard.	Chris is sadder than Fiona.
neutral	Among Ken, Ruth and Walter the most polite is Walter.	Ken is more polite than Ruth.
neutral	Among Alison, Sharon and Dick the happiest is Dick.	Alison is happier than Sharon.
neutral	Among Alexandra, Ann and Francis the wealthiest is Francis.	Alexandra is wealthier than Ann.
neutral	Among Hugh, George and Helen the fattest is Helen.	Hugh is fatter than George.
neutral	Among Elaine, Scott and Florence the sharpest is Florence.	Elaine is sharper than Scott.
neutral	Among Helen, Sally and Maria the strongest is Maria.	Helen is stronger than Sally.
neutral	Among Dan, Martin and Kevin the most beautiful is Kevin.	Dan is more beautiful than Martin.
neutral	Among Alice, Ralph and Anne the shallowest is Anne.	Alice is shallower than Ralph.
neutral	Among Kate, Jeff and David the bossiest is David.	Kate is bossier than Jeff.
neutral	Among Chris, Diana and David the strongest is David.	Chris is stronger than Diana.
neutral	Among Mike, Johnny and Jerry the healthiest is Jerry.	Mike is healthier than Johnny.
neutral	Among Marilyn, James and Linda the bitterest is Linda.	Marilyn is bitterer than James.
neutral	Among Henry, Lisa and Nicole the slimmest is Nicole.	Henry is slimmer than Lisa.
neutral	Among Emily, Walter and Alexandra the brightest is Alexandra.	Emily is brighter than Walter.
neutral	Among Alison, Jean and Lisa the cutest is Lisa.	Alison is cuter than Jean.
neutral	Among Don, Katie and Al the youngest is Al.	Don is younger than Katie.
neutral	Among Adam, Marilyn and Jane the healthiest is Jane.	Adam is healthier than Marilyn.
neutral	Among Rebecca, Charlie and Daniel the most beautiful is Daniel.	Rebecca is more beautiful than Charlie.
neutral	Among Frank, Edwin and Cynthia the naughtiest is Cynthia.	Frank is naughtier than Edwin.
neutral	Among John, Jerry and Marilyn the hairiest is Marilyn.	John is hairier than Jerry.
neutral	Among Ellen, Katie and Joe the dumbest is Joe.	Ellen is dumber than Katie.
neutral	Among Benjamin, Kathy and Marie the busiest is Marie.	Benjamin is busier than Kathy.
neutral	Among Janet, Patricia and Sam the thinnest is Sam.	Janet is thinner than Patricia.
neutral	Among Alison, Frances and Angela the ugliest is Angela.	Alison is uglier than Frances.
neutral	Among Nancy, Katherine and Edith the shortest is Edith.	Nancy is shorter than Katherine.
neutral	Among Bobby, Charlotte and Sara the most modern is Sara.	Bobby is more modern than Charlotte.
neutral	Among Harriet, Alexandra and Ben the hungriest is Ben.	Harriet is hungrier than Alexandra.
neutral	Among Joan, Lisa and Kelly the nicest is Kelly.	Joan is nicer than Lisa.
neutral	Among Kathleen, Kim and Carolyn the happiest is Carolyn.	Kathleen is happier than Kim.
neutral	Among Leslie, Jill and Jennifer the firmest is Jennifer.	Leslie is firmer than Jill.
neutral	Among Tony, Louis and George the clumsiest is George.	Tony is clumsier than Louis.
neutral	Among Marilyn, Edward and Frederick the cutest is Frederick.	Marilyn is cuter than Edward.
neutral	Among Marilyn, Evelyn and Hugh the sincerest is Hugh.	Marilyn is sincerer than Evelyn.
neutral	Among Daniel, Charlie and Leslie the toughest is Leslie.	Daniel is tougher than Charlie.
neutral	Among Jessica, Julia and Anthony the skinniest is Anthony.	Jessica is skinnier than Julia.
neutral	Among Alice, Alfred and John the cutest is John.	Alice is cuter than Alfred.
neutral	Among Charlotte, Daniel and Johnny the greatest is Johnny.	Charlotte is greater than Daniel.
neutral	Among Hugh, Angela and Joe the hairiest is Joe.	Hugh is hairier than Angela.
neutral	Among Betty, Harriet and Emma the sweetest is Emma.	Betty is sweeter than Harriet.
neutral	Among Scott, Florence and David the sweetest is David.	Scott is sweeter than Florence.
neutral	Among Alice, Sally and Keith the bitterest is Keith.	Alice is bitterer than Sally.
neutral	Among Ian, Kenneth and Scott the weirdest is Scott.	Ian is weirder than Kenneth.
neutral	Among Peter, Johnny and Alison the naughtiest is Alison.	Peter is naughtier than Johnny.
neutral	Among Edwin, Frederick and Henry the grossest is Henry.	Edwin is grosser than Frederick.
neutral	Among Simon, Judy and Frederick the sweetest is Frederick.	Simon is sweeter than Judy.
neutral	Among Anna, Anthony and Charlotte the firmest is Charlotte.	Anna is firmer than Anthony.
neutral	Among Martin, Paul and Judith the hairiest is Judith.	Martin is hairier than Paul.
neutral	Among Karen, Christopher and Lucy the sweetest is Lucy.	Karen is sweeter than Christopher.
neutral	Among Paul, Charlotte and Peter the dumbest is Peter.	Paul is dumber than Charlotte.
neutral	Among Albert, Christopher and Adam the most popular is Adam.	Albert is more popular than Christopher.
neutral	Among Harold, Simon and Judy the nicest is Judy.	Harold is nicer than Simon.
neutral	Among Emma, Roger and Deborah the meanest is Deborah.	Emma is meaner than Roger.
neutral	Among Dan, Jerry and Ann the tallest is Ann.	Dan is taller than Jerry.
neutral	Among Amanda, Sarah and Paul the smallest is Paul.	Amanda is smaller than Sarah.
neutral	Among Stephanie, David and Anthony the scariest is Anthony.	Stephanie is scarier than David.
neutral	Among Grace, Keith and Claire the noisiest is Claire.	Grace is noisier than Keith.
neutral	Among Francis, Jimmy and Lawrence the firmest is Lawrence.	Francis is firmer than Jimmy.
neutral	Among Howard, Anne and Sue the shallowest is Sue.	Howard is shallower than Anne.
neutral	Among Judith, Louise and Carol the toughest is Carol.	Judith is tougher than Louise.
neutral	Among Lucy, Jack and Ed the bitterest is Ed.	Lucy is bitterer than Jack.
neutral	Among Henry, Louis and Judith the densest is Judith.	Henry is denser than Louis.
neutral	Among Arthur, Frank and Christine the richest is Christine.	Arthur is richer than Frank.
neutral	Among Sarah, Emily and Nicole the greatest is Nicole.	Sarah is greater than Emily.
neutral	Among David, Steven and Keith the sleepiest is Keith.	David is sleepier than Steven.
neutral	Among Helen, Judy and Chris the saltiest is Chris.	Helen is saltier than Judy.
neutral	Among Donald, Benjamin and Jonathan the slimmest is Jonathan.	Donald is slimmer than Benjamin.
neutral	Among Virginia, Steve and Don the naughtiest is Don.	Virginia is naughtier than Steve.
neutral	Among Jay, Virginia and Caroline the weirdest is Caroline.	Jay is weirder than Virginia.
neutral	Among Catherine, Karen and Kim the firmest is Kim.	Catherine is firmer than Karen.
neutral	Among Frank, Evelyn and Keith the loveliest is Keith.	Frank is lovelier than Evelyn.
neutral	Among Louis, Harriet and Donald the most important is Donald.	Louis is more important than Harriet.
neutral	Among Steven, Jonathan and Nancy the richest is Nancy.	Steven is richer than Jonathan.
neutral	Among Daniel, Kim and Julie the most interesting is Julie.	Daniel is more interesting than Kim.
neutral	Among Scott, Rebecca and Judy the most clever is Judy.	Scott is more clever than Rebecca.
neutral	Among Greg, Judy and Lucy the tallest is Lucy.	Greg is taller than Judy.
neutral	Among Leslie, Eric and Fiona the grossest is Fiona.	Leslie is grosser than Eric.
neutral	Among Jason, Ray and Roy the humblest is Roy.	Jason is humbler than Ray.
neutral	Among Donna, Patricia and Ryan the noisiest is Ryan.	Donna is noisier than Patricia.
neutral	Among Stephanie, Maria and Mark the clumsiest is Mark.	Stephanie is clumsier than Maria.
neutral	Among Arthur, Julia and Tony the dumbest is Tony.	Arthur is dumber than Julia.
neutral	Among Jessica, Leslie and Tom the messiest is Tom.	Jessica is messier than Leslie.
neutral	Among Sandra, Andrew and Don the silliest is Don.	Sandra is sillier than Andrew.
neutral	Among Rose, Colin and Alexander the smallest is Alexander.	Rose is smaller than Colin.
neutral	Among Sam, Harriet and Tony the firmest is Tony.	Sam is firmer than Harriet.
neutral	Among Howard, Cynthia and Larry the ugliest is Larry.	Howard is uglier than Cynthia.
neutral	Among Eleanor, Anna and Annie the happiest is Annie.	Eleanor is happier than Anna.
neutral	Among Jay, Heather and Virginia the messiest is Virginia.	Jay is messier than Heather.
neutral	Among Marie, Walter and Philip the most beautiful is Philip.	Marie is more beautiful than Walter.
neutral	Among Katherine, Daniel and Louis the funniest is Louis.	Katherine is funnier than Daniel.
neutral	Among Ron, Harold and Alexandra the youngest is Alexandra.	Ron is younger than Harold.
neutral	Among Robin, Tim and Keith the sleepiest is Keith.	Robin is sleepier than Tim.
neutral	Among Jean, Sarah and Charles the healthiest is Charles.	Jean is healthier than Sarah.
neutral	Among Harry, Daniel and Michael the kindest is Michael.	Harry is kinder than Daniel.
neutral	Among Nancy, Gary and Ruth the rudest is Ruth.	Nancy is ruder than Gary.
neutral	Among Kevin, Roy and Judith the creepiest is Judith.	Kevin is creepier than Roy.
neutral	Among Michael, Lynn and Fred the skinniest is Fred.	Michael is skinnier than Lynn.
neutral	Among Keith, Lawrence and Francis the prettiest is Francis.	Keith is prettier than Lawrence.
neutral	Among Jonathan, Kathryn and Jimmy the gentlest is Jimmy.	Jonathan is gentler than Kathryn.
neutral	Among Deborah, Diana and Jennifer the happiest is Jennifer.	Deborah is happier than Diana.
neutral	Among Edward, Eleanor and Christine the most popular is Christine.	Edward is more popular than Eleanor.
neutral	Among Dan, Elizabeth and Wendy the most beautiful is Wendy.	Dan is more beautiful than Elizabeth.
neutral	Among George, Carol and Harold the most clever is Harold.	George is more clever than Carol.
neutral	Among Nicole, Francis and Alison the best is Alison.	Nicole is better than Francis.
neutral	Among Eric, Judy and Ian the proudest is Ian.	Eric is prouder than Judy.
neutral	Among Diana, Dan and Sam the hungriest is Sam.	Diana is hungrier than Dan.
neutral	Among Charlotte, Kathy and Sally the wisest is Sally.	Charlotte is wiser than Kathy.
neutral	Among Sharon, Rachel and Jessica the fittest is Jessica.	Sharon is fitter than Rachel.
neutral	Among Jill, Frances and Brian the sorriest is Brian.	Jill is sorrier than Frances.
neutral	Among Alexander, Thomas and Francis the shallowest is Francis.	Alexander is shallower than Thomas.
neutral	Among Charlie, Andrew and Kathleen the worst is Kathleen.	Charlie is worse than Andrew.
neutral	Among Jay, Joan and Mary the guiltiest is Mary.	Jay is guilter than Joan.
neutral	Among Steven, Nicole and Billy the dumbest is Billy.	Steven is dumber than Nicole.
neutral	Among Louis, Fiona and Jeff the smartest is Jeff.	Louis is smarter than Fiona.
neutral	Among Greg, Harriet and Elizabeth the best is Elizabeth.	Greg is better than Harriet.
neutral	Among Anthony, Dan and Joan the worst is Joan.	Anthony is worse than Dan.
neutral	Among Cynthia, Wendy and John the hottest is John.	Cynthia is hotter than Wendy.
neutral	Among Julie, Anthony and Leslie the angriest is Leslie.	Julie is angrier than Anthony.
neutral	Among Jason, Alexander and Sam the saltiest is Sam.	Jason is saltier than Alexander.
neutral	Among Diane, Frederick and Matt the fittest is Matt.	Diane is fitter than Frederick.
neutral	Among Marilyn, Thomas and Ray the kindest is Ray.	Marilyn is kinder than Thomas.
neutral	Among Benjamin, Edward and Helen the sweetest is Helen.	Benjamin is sweeter than Edward.
neutral	Among Julia, Carolyn and Andrew the politest is Andrew.	Julia is politer than Carolyn.
neutral	Among Jack, Ed and Helen the prettiest is Helen.	Jack is prettier than Ed.
neutral	Among Eric, Frances and Tim the cutest is Tim.	Eric is cuter than Frances.
neutral	Among Lauren, Laura and Fred the cruellest is Fred.	Lauren is crueller than Laura.
neutral	Among Alison, Pamela and Nick the most beautiful is Nick.	Alison is more beautiful than Pamela.
neutral	Among Julia, Sally and Alice the slowest is Alice.	Julia is slower than Sally.
neutral	Among Sarah, Fiona and Sam the fairest is Sam.	Sarah is fairer than Fiona.
neutral	Among Louis, Tom and Florence the worst is Florence.	Louis is worse than Tom.
neutral	Among Suzanne, Leslie and Henry the longest is Henry.	Suzanne is longer than Leslie.
neutral	Among Ben, Lawrence and Deborah the greediest is Deborah.	Ben is greedier than Lawrence.
neutral	Among Deborah, Steven and Don the greediest is Don.	Deborah is greedier than Steven.
neutral	Among Adam, Chris and Ed the laziest is Ed.	Adam is lazier than Chris.
neutral	Among Deborah, Rose and Jack the angriest is Jack.	Deborah is angrier than Rose.
neutral	Among Mary, Rose and Michael the hottest is Michael.	Mary is hotter than Rose.
neutral	Among Edwin, Anna and Jonathan the sweetest is Jonathan.	Edwin is sweeter than Anna.
neutral	Among Sue, Francis and Carl the strongest is Carl.	Sue is stronger than Francis.
neutral	Among Jeff, Frederick and Melissa the laziest is Melissa.	Jeff is lazier than Frederick.
neutral	Among Jessica, Betty and Larry the skinniest is Larry.	Jessica is skinnier than Betty.
neutral	Among Bill, Ashley and Bruce the dumbest is Bruce.	Bill is dumber than Ashley.
neutral	Among Ken, Anna and Robert the calmest is Robert.	Ken is calmer than Anna.
neutral	Among Christine, Jonathan and Tim the harshest is Tim.	Christine is harsher than Jonathan.
neutral	Among Dan, Michelle and Christine the craziest is Christine.	Dan is crazier than Michelle.
neutral	Among Bill, Jay and Margaret the worst is Margaret.	Bill is worse than Jay.
neutral	Among James, Joan and Stephen the slowest is Stephen.	James is slower than Joan.
neutral	Among Louis, Nick and Howard the best is Howard.	Louis is better than Nick.
neutral	Among Leslie, Kathy and Jill the fairest is Jill.	Leslie is fairer than Kathy.
neutral	Among Alex, Francis and Harriet the dumbest is Harriet.	Alex is dumber than Francis.
neutral	Among William, Bob and Christopher the greediest is Christopher.	William is greedier than Bob.
neutral	Among Sam, George and Kathryn the slimmest is Kathryn.	Sam is slimmer than George.
neutral	Among Fiona, Charlie and Heather the silliest is Heather.	Fiona is sillier than Charlie.
neutral	Among Alfred, Kathleen and Sue the most interesting is Sue.	Alfred is more interesting than Kathleen.
neutral	Among Richard, Lawrence and Betty the silliest is Betty.	Richard is sillier than Lawrence.
neutral	Among Johnny, Cynthia and Daniel the densest is Daniel.	Johnny is denser than Cynthia.
neutral	Among Jack, Tom and Nancy the classiest is Nancy.	Jack is classier than Tom.
neutral	Among Steven, Amanda and Lucy the best is Lucy.	Steven is better than Amanda.
neutral	Among Richard, Fiona and Jerry the bossiest is Jerry.	Richard is bossier than Fiona.
neutral	Among Tony, Barbara and Carl the classiest is Carl.	Tony is classier than Barbara.
neutral	Among Pamela, Suzanne and Jane the chubbiest is Jane.	Pamela is chubbier than Suzanne.
neutral	Among Mark, Judy and Keith the creepiest is Keith.	Mark is creepier than Judy.
neutral	Among Martin, Donna and Angela the cruellest is Angela.	Martin is crueller than Donna.
neutral	Among Roy, Johnny and Elaine the fattest is Elaine.	Roy is fatter than Johnny.
neutral	Among Dave, Kathleen and Jay the healthiest is Jay.	Dave is healthier than Kathleen.
neutral	Among Kelly, Henry and John the classiest is John.	Kelly is classier than Henry.
neutral	Among Ryan, Steven and Judith the laziest is Judith.	Ryan is lazier than Steven.
neutral	Among Helen, Howard and Fiona the classiest is Fiona.	Helen is classier than Howard.
neutral	Among Leslie, Victoria and Jane the slimmest is Jane.	Leslie is slimmer than Victoria.
neutral	Among Jill, Anthony and Emma the richest is Emma.	Jill is richer than Anthony.
neutral	Among Hugh, Tim and Fiona the loudest is Fiona.	Hugh is louder than Tim.
neutral	Among Jim, Diana and Kathleen the scariest is Kathleen.	Jim is scarier than Diana.
neutral	Among Jill, Paul and Katie the gentlest is Katie.	Jill is gentler than Paul.
neutral	Among Martin, Kenneth and Samuel the craziest is Samuel.	Martin is crazier than Kenneth.
neutral	Among Louis, Stephanie and Martha the brightest is Martha.	Louis is brighter than Stephanie.
neutral	Among Carol, Linda and Suzanne the shortest is Suzanne.	Carol is shorter than Linda.
neutral	Among Jonathan, Diane and Nick the firmest is Nick.	Jonathan is firmer than Diane.
neutral	Among Jonathan, Elizabeth and Ken the smallest is Ken.	Jonathan is smaller than Elizabeth.
neutral	Among Kevin, Catherine and Jill the worst is Jill.	Kevin is worse than Catherine.
neutral	Among Albert, Roger and Sara the messiest is Sara.	Albert is messier than Roger.
neutral	Among Samuel, Steven and Chris the laziest is Chris.	Samuel is lazier than Steven.
neutral	Among Carolyn, Tony and Bobby the most polite is Bobby.	Carolyn is more polite than Tony.
neutral	Among Louis, Leslie and James the most bitter is James.	Louis is more bitter than Leslie.
neutral	Among Samuel, Mike and Brian the shallowest is Brian.	Samuel is shallower than Mike.
neutral	Among Emily, Kenneth and Harold the harshest is Harold.	Emily is harsher than Kenneth.
neutral	Among Mark, Lawrence and Louise the smartest is Louise.	Mark is smarter than Lawrence.
neutral	Among Gary, Alexander and Lucy the smartest is Lucy.	Gary is smarter than Alexander.
neutral	Among William, Judy and Thomas the happiest is Thomas.	William is happier than Judy.
neutral	Among Sue, Robin and Joseph the silliest is Joseph.	Sue is sillier than Robin.
neutral	Among Joseph, Louis and Stephanie the ugliest is Stephanie.	Joseph is uglier than Louis.
neutral	Among Cynthia, Jason and Francis the craziest is Francis.	Cynthia is crazier than Jason.
neutral	Among Heather, Betty and Sara the harshest is Sara.	Heather is harsher than Betty.
neutral	Among Ken, Jane and Albert the shallowest is Albert.	Ken is shallower than Jane.
neutral	Among Kim, Jennifer and William the smartest is William.	Kim is smarter than Jennifer.
neutral	Among James, Diana and Peter the sorriest is Peter.	James is sorrier than Diana.
neutral	Among Alex, Helen and Scott the politest is Scott.	Alex is politer than Helen.
neutral	Among Eric, Joseph and Stephanie the smallest is Stephanie.	Eric is smaller than Joseph.
neutral	Among Sara, Roy and Charlie the calmest is Charlie.	Sara is calmer than Roy.
neutral	Among Linda, Sharon and Donald the tiniest is Donald.	Linda is tinier than Sharon.
neutral	Among Donna, Caroline and Elizabeth the weirdest is Elizabeth.	Donna is weirder than Caroline.
neutral	Among Dorothy, Stephanie and Nicole the most clever is Nicole.	Dorothy is more clever than Stephanie.
neutral	Among Cynthia, Judy and Dick the shallowest is Dick.	Cynthia is shallower than Judy.
neutral	Among Eric, William and Pamela the tallest is Pamela.	Eric is taller than William.
neutral	Among Francis, Dave and Chris the curviest is Chris.	Francis is curvier than Dave.
neutral	Among Joseph, Sophie and Tom the oldest is Tom.	Joseph is older than Sophie.
neutral	Among Ralph, Ron and Nancy the shallowest is Nancy.	Ralph is shallower than Ron.
neutral	Among Ron, Kathryn and Cynthia the weakest is Cynthia.	Ron is weaker than Kathryn.
neutral	Among Don, Billy and Robert the politest is Robert.	Don is politer than Billy.
neutral	Among Melissa, Fiona and Jessica the best is Jessica.	Melissa is better than Fiona.
neutral	Among Tony, Sandra and Bill the sweetest is Bill.	Tony is sweeter than Sandra.
neutral	Among Daniel, Barbara and Lucy the wisest is Lucy.	Daniel is wiser than Barbara.
neutral	Among Dave, Marilyn and Elizabeth the cruellest is Elizabeth.	Dave is crueller than Marilyn.
neutral	Among Julia, Anna and Al the weakest is Al.	Julia is weaker than Anna.
neutral	Among Lawrence, Simon and Christopher the craziest is Christopher.	Lawrence is crazier than Simon.
neutral	Among Maria, Julie and Thomas the most renowned is Thomas.	Maria is more renowned than Julie.
neutral	Among Harold, Andrew and Don the dumbest is Don.	Harold is dumber than Andrew.
neutral	Among Jane, Martin and Jack the cutest is Jack.	Jane is cuter than Martin.
neutral	Among Philip, Grace and Betty the smartest is Betty.	Philip is smarter than Grace.
neutral	Among Carl, Daniel and Rose the densest is Rose.	Carl is denser than Daniel.
neutral	Among Marilyn, Alison and Margaret the most popular is Margaret.	Marilyn is more popular than Alison.
neutral	Among Sophie, George and Joseph the proudest is Joseph.	Sophie is prouder than George.
neutral	Among Charlotte, Alan and Jason the saddest is Jason.	Charlotte is sadder than Alan.
neutral	Among Walter, Edith and Amanda the wealthiest is Amanda.	Walter is wealthier than Edith.
neutral	Among Kate, Alexander and Stephen the most polite is Stephen.	Kate is more polite than Alexander.
neutral	Among Eleanor, Karen and Christopher the politest is Christopher.	Eleanor is politer than Karen.
neutral	Among Ellen, Jeff and Betty the proudest is Betty.	Ellen is prouder than Jeff.
neutral	Among Angela, Al and Caroline the most tired is Caroline.	Angela is more tired than Al.
neutral	Among Mike, Barbara and Katie the skinniest is Katie.	Mike is skinnier than Barbara.
neutral	Among James, Joseph and Hugh the wisest is Hugh.	James is wiser than Joseph.
neutral	Among Bobby, Julie and Helen the longest is Helen.	Bobby is longer than Julie.
neutral	Among Carol, Bob and Jennifer the sweetest is Jennifer.	Carol is sweeter than Bob.
neutral	Among Francis, Hugh and Steven the loudest is Steven.	Francis is louder than Hugh.
neutral	Among Scott, Virginia and Frances the calmest is Frances.	Scott is calmer than Virginia.
neutral	Among Anna, Colin and Dick the saltiest is Dick.	Anna is saltier than Colin.
neutral	Among Andrew, Anna and Jennifer the chubbiest is Jennifer.	Andrew is chubbier than Anna.
neutral	Among Donald, Kate and Alexander the loneliest is Alexander.	Donald is lonlier than Kate.
neutral	Among Kevin, Margaret and Barbara the firmest is Barbara.	Kevin is firmer than Margaret.
neutral	Among Colin, Laura and Andrew the poorest is Andrew.	Colin is poorer than Laura.
neutral	Among Philip, Jimmy and Sally the most popular is Sally.	Philip is more popular than Jimmy.
neutral	Among Virginia, Donna and Jim the most modern is Jim.	Virginia is more modern than Donna.
neutral	Among Ruth, Daniel and Caroline the meanest is Caroline.	Ruth is meaner than Daniel.
neutral	Among Pamela, Walter and Arthur the friendliest is Arthur.	Pamela is friendlier than Walter.
neutral	Among Joe, Fiona and Dick the fattest is Dick.	Joe is fatter than Fiona.
neutral	Among Ed, Evelyn and Jennifer the hairiest is Jennifer.	Ed is hairier than Evelyn.
neutral	Among Victoria, Nick and John the tallest is John.	Victoria is taller than Nick.
neutral	Among Harold, Michelle and Virginia the thinnest is Virginia.	Harold is thinner than Michelle.
neutral	Among Alison, Carolyn and Amy the politest is Amy.	Alison is politer than Carolyn.
neutral	Among Grace, Simon and Nancy the creepiest is Nancy.	Grace is creepier than Simon.
neutral	Among Kenneth, Julie and Joe the hairiest is Joe.	Kenneth is hairier than Julie.
neutral	Among Sue, Jessica and Steven the ugliest is Steven.	Sue is uglier than Jessica.
neutral	Among Michelle, Alison and Stephen the fittest is Stephen.	Michelle is fitter than Alison.
neutral	Among Kathy, Diane and Dave the hungriest is Dave.	Kathy is hungrier than Diane.
neutral	Among Thomas, Matt and Helen the densest is Helen.	Thomas is denser than Matt.
neutral	Among Virginia, Kate and Joan the proudest is Joan.	Virginia is prouder than Kate.
neutral	Among Michelle, Dorothy and Ann the slimmest is Ann.	Michelle is slimmer than Dorothy.
neutral	Among Nancy, James and Jessica the cutest is Jessica.	Nancy is cuter than James.
neutral	Among Katie, Martin and Bobby the shortest is Bobby.	Katie is shorter than Martin.
neutral	Among Cynthia, Donna and Rose the boldest is Rose.	Cynthia is bolder than Donna.
neutral	Among Henry, Keith and Dan the most clever is Dan.	Henry is more clever than Keith.
neutral	Among Mark, David and Sandra the guiltiest is Sandra.	Mark is guilter than David.
neutral	Among Katherine, Kathleen and Jim the dullest is Jim.	Katherine is duller than Kathleen.
neutral	Among Ed, Louis and Leslie the most polite is Leslie.	Ed is more polite than Louis.
neutral	Among Cynthia, Roy and Jane the chubbiest is Jane.	Cynthia is chubbier than Roy.
neutral	Among Arthur, Kelly and Mike the chubbiest is Mike.	Arthur is chubbier than Kelly.
neutral	Among Annie, Edwin and Elizabeth the sweetest is Elizabeth.	Annie is sweeter than Edwin.
neutral	Among Ed, Karen and Carolyn the loudest is Carolyn.	Ed is louder than Karen.
neutral	Among Anne, Sarah and Martin the fattest is Martin.	Anne is fatter than Sarah.
neutral	Among Arthur, Katie and Louise the poorest is Louise.	Arthur is poorer than Katie.
neutral	Among Sophie, Margaret and Emily the happiest is Emily.	Sophie is happier than Margaret.
neutral	Among Harold, Lawrence and Matt the kindest is Matt.	Harold is kinder than Lawrence.
neutral	Among Ruth, Ian and Maria the hairiest is Maria.	Ruth is hairier than Ian.
neutral	Among Mark, Dick and Larry the gloomiest is Larry.	Mark is gloomier than Dick.
neutral	Among Sandra, Donna and Rose the shallowest is Rose.	Sandra is shallower than Donna.
neutral	Among Thomas, Edwin and Howard the quietest is Howard.	Thomas is quieter than Edwin.
neutral	Among Dorothy, Judith and Dan the most handsome is Dan.	Dorothy is more handsome than Judith.
neutral	Among Emma, Catherine and Harold the wisest is Harold.	Emma is wiser than Catherine.
neutral	Among Arthur, Grace and Leslie the calmest is Leslie.	Arthur is calmer than Grace.
neutral	Among Louis, Amanda and Betty the fairest is Betty.	Louis is fairer than Amanda.
neutral	Among Kelly, Grace and Stephen the cruellest is Stephen.	Kelly is crueller than Grace.
neutral	Among Andrew, Michelle and Fred the prettiest is Fred.	Andrew is prettier than Michelle.
neutral	Among Sandra, Bob and Kenneth the weirdest is Kenneth.	Sandra is weirder than Bob.
neutral	Among Alison, Margaret and Paul the smallest is Paul.	Alison is smaller than Margaret.
neutral	Among Rose, Diane and Amy the guiltiest is Amy.	Rose is guilter than Diane.
neutral	Among Katherine, Fiona and Albert the most modern is Albert.	Katherine is more modern than Fiona.
neutral	Among Joe, Stephanie and Tim the tallest is Tim.	Joe is taller than Stephanie.
neutral	Among Margaret, Jimmy and Tony the loudest is Tony.	Margaret is louder than Jimmy.
neutral	Among Edward, Sue and Virginia the chubbiest is Virginia.	Edward is chubbier than Sue.
neutral	Among Rose, Eleanor and Elizabeth the silliest is Elizabeth.	Rose is sillier than Eleanor.
neutral	Among Emma, Deborah and Jason the saddest is Jason.	Emma is sadder than Deborah.
neutral	Among Sharon, Bill and Jason the guiltiest is Jason.	Sharon is guilter than Bill.
neutral	Among Heather, Annie and Jack the happiest is Jack.	Heather is happier than Annie.
neutral	Among Ruth, Florence and Harold the gloomiest is Harold.	Ruth is gloomier than Florence.
neutral	Among Marilyn, Don and Sandra the oldest is Sandra.	Marilyn is older than Don.
neutral	Among Heather, Ian and Alexander the weirdest is Alexander.	Heather is weirder than Ian.
neutral	Among Eric, Gary and Dave the gentlest is Dave.	Eric is gentler than Gary.
neutral	Among Sharon, Al and Anna the brightest is Anna.	Sharon is brighter than Al.
neutral	Among Jill, Carol and Patrick the loveliest is Patrick.	Jill is lovelier than Carol.
neutral	Among Karen, Eric and Steven the wealthiest is Steven.	Karen is wealthier than Eric.
neutral	Among Judith, Edwin and Sarah the bravest is Sarah.	Judith is braver than Edwin.
neutral	Among Donna, Rebecca and John the hairiest is John.	Donna is hairier than Rebecca.
neutral	Among Judy, Donna and Roy the bitterest is Roy.	Judy is bitterer than Donna.
neutral	Among Dick, Bill and Mike the firmest is Mike.	Dick is firmer than Bill.
neutral	Among Alfred, Brian and Albert the busiest is Albert.	Alfred is busier than Brian.
neutral	Among Elizabeth, Nicole and Jay the fattest is Jay.	Elizabeth is fatter than Nicole.
neutral	Among Francis, Paul and Ian the smartest is Ian.	Francis is smarter than Paul.
neutral	Among Julie, Roger and Harry the fairest is Harry.	Julie is fairer than Roger.
neutral	Among Paul, Angela and Alexandra the scariest is Alexandra.	Paul is scarier than Angela.
neutral	Among Bob, William and Ryan the hairiest is Ryan.	Bob is hairier than William.
neutral	Among Virginia, Mark and Andrea the dullest is Andrea.	Virginia is duller than Mark.
neutral	Among Eric, Ann and Louise the naughtiest is Louise.	Eric is naughtier than Ann.
neutral	Among Simon, Catherine and Mike the creepiest is Mike.	Simon is creepier than Catherine.
neutral	Among Claire, Mary and Andrew the fittest is Andrew.	Claire is fitter than Mary.
neutral	Among Katie, Rachel and Marie the toughest is Marie.	Katie is tougher than Rachel.
neutral	Among Dave, Alfred and Sandra the most important is Sandra.	Dave is more important than Alfred.
neutral	Among Fred, Charlotte and Kathleen the oldest is Kathleen.	Fred is older than Charlotte.
neutral	Among Thomas, Lynn and Tim the meanest is Tim.	Thomas is meaner than Lynn.
neutral	Among Claire, Betty and Emily the clumsiest is Emily.	Claire is clumsier than Betty.
neutral	Among Dave, Sam and Hugh the quietest is Hugh.	Dave is quieter than Sam.
neutral	Among Jason, Katherine and Jerry the meanest is Jerry.	Jason is meaner than Katherine.
neutral	Among Ray, Jennifer and Ben the ugliest is Ben.	Ray is uglier than Jennifer.
neutral	Among Sophie, Albert and Ryan the smallest is Ryan.	Sophie is smaller than Albert.
neutral	Among Wendy, Bruce and Ben the cleverest is Ben.	Wendy is cleverer than Bruce.
neutral	Among Rachel, Eleanor and Suzanne the tallest is Suzanne.	Rachel is taller than Eleanor.
neutral	Among Karen, Jill and Melissa the toughest is Melissa.	Karen is tougher than Jill.
neutral	Among Andrea, Howard and Matt the best is Matt.	Andrea is better than Howard.
neutral	Among Melissa, Alfred and Kelly the grossest is Kelly.	Melissa is grosser than Alfred.
neutral	Among Joe, Anna and Bruce the creepiest is Bruce.	Joe is creepier than Anna.
neutral	Among Ann, Jack and Caroline the slimmest is Caroline.	Ann is slimmer than Jack.
neutral	Among Kate, Charlie and Nicole the fittest is Nicole.	Kate is fitter than Charlie.
neutral	Among Virginia, Michelle and Barbara the strongest is Barbara.	Virginia is stronger than Michelle.
neutral	Among Nick, Philip and Edith the worst is Edith.	Nick is worse than Philip.
neutral	Among Emma, Laura and Philip the bravest is Philip.	Emma is braver than Laura.
neutral	Among Diane, Leslie and Edwin the weirdest is Edwin.	Diane is weirder than Leslie.
neutral	Among Matthew, Diane and Judith the most popular is Judith.	Matthew is more popular than Diane.
neutral	Among Andrew, Michelle and Eric the sincerest is Eric.	Andrew is sincerer than Michelle.
neutral	Among Robin, Dan and Kevin the weirdest is Kevin.	Robin is weirder than Dan.
neutral	Among Steven, Katie and Jerry the most interesting is Jerry.	Steven is more interesting than Katie.
neutral	Among Virginia, Louise and Alex the meanest is Alex.	Virginia is meaner than Louise.
neutral	Among Chris, Fred and Janet the greediest is Janet.	Chris is greedier than Fred.
neutral	Among Emma, James and Bobby the greatest is Bobby.	Emma is greater than James.
neutral	Among Florence, Harold and Keith the gentlest is Keith.	Florence is gentler than Harold.
neutral	Among Steve, Don and Donald the shyest is Donald.	Steve is shyer than Don.
neutral	Among Victoria, Andrew and Helen the harshest is Helen.	Victoria is harsher than Andrew.
neutral	Among Stephen, Leslie and Joan the most interesting is Joan.	Stephen is more interesting than Leslie.
neutral	Among Julia, Dan and Claire the worst is Claire.	Julia is worse than Dan.
neutral	Among Donald, Donna and Robert the boldest is Robert.	Donald is bolder than Donna.
neutral	Among Maria, Christopher and Jill the firmest is Jill.	Maria is firmer than Christopher.
neutral	Among Joan, Albert and Martha the guiltiest is Martha.	Joan is guilter than Albert.
neutral	Among Donald, Bill and Laura the densest is Laura.	Donald is denser than Bill.
neutral	Among Kevin, Michelle and Sara the sincerest is Sara.	Kevin is sincerer than Michelle.
neutral	Among Steven, Thomas and Alexander the sleepiest is Alexander.	Steven is sleepier than Thomas.
neutral	Among Stephanie, Louise and Virginia the shallowest is Virginia.	Stephanie is shallower than Louise.
neutral	Among Sara, Sandra and Judith the angriest is Judith.	Sara is angrier than Sandra.
neutral	Among Greg, Alex and Nicole the grossest is Nicole.	Greg is grosser than Alex.
neutral	Among Sharon, Lucy and Scott the brightest is Scott.	Sharon is brighter than Lucy.
neutral	Among Charles, Edward and Anna the silliest is Anna.	Charles is sillier than Edward.
neutral	Among Jim, Amy and Mary the most important is Mary.	Jim is more important than Amy.
neutral	Among Alison, Judy and Ben the clumsiest is Ben.	Alison is clumsier than Judy.
neutral	Among Virginia, Caroline and Philip the hungriest is Philip.	Virginia is hungrier than Caroline.
neutral	Among Pamela, Ralph and Johnny the rudest is Johnny.	Pamela is ruder than Ralph.
neutral	Among Lauren, Eleanor and John the meanest is John.	Lauren is meaner than Eleanor.
neutral	Among Kathleen, Donna and Michelle the dumbest is Michelle.	Kathleen is dumber than Donna.
neutral	Among Wendy, Charlie and Kim the densest is Kim.	Wendy is denser than Charlie.
neutral	Among Kenneth, Kim and Brian the strongest is Brian.	Kenneth is stronger than Kim.
neutral	Among Tim, Anne and Walter the slowest is Walter.	Tim is slower than Anne.
neutral	Among Heather, Helen and David the fittest is David.	Heather is fitter than Helen.
neutral	Among Jason, John and Katherine the nicest is Katherine.	Jason is nicer than John.
neutral	Among Patrick, Roger and Frances the meanest is Frances.	Patrick is meaner than Roger.
neutral	Among Kim, Florence and Maria the fairest is Maria.	Kim is fairer than Florence.
neutral	Among Joseph, Louise and Sophie the guiltiest is Sophie.	Joseph is guilter than Louise.
neutral	Among Mark, Katie and Kelly the most popular is Kelly.	Mark is more popular than Katie.
neutral	Among Benjamin, Kenneth and Rachel the ugliest is Rachel.	Benjamin is uglier than Kenneth.
neutral	Among Kate, Fiona and Michelle the prettiest is Michelle.	Kate is prettier than Fiona.
neutral	Among Sally, Dorothy and Stephen the longest is Stephen.	Sally is longer than Dorothy.
neutral	Among Anne, Donna and Marilyn the slimmest is Marilyn.	Anne is slimmer than Donna.
neutral	Among Caroline, Anthony and Daniel the saddest is Daniel.	Caroline is sadder than Anthony.
neutral	Among Brian, Sandra and Amanda the most bitter is Amanda.	Brian is more bitter than Sandra.
neutral	Among Joseph, Dave and Maria the bossiest is Maria.	Joseph is bossier than Dave.
neutral	Among David, Alexandra and Steven the hottest is Steven.	David is hotter than Alexandra.
neutral	Among Martha, Elaine and Tim the weirdest is Tim.	Martha is weirder than Elaine.
neutral	Among Francis, Andrew and Martin the richest is Martin.	Francis is richer than Andrew.
neutral	Among Thomas, Kevin and Ellen the curviest is Ellen.	Thomas is curvier than Kevin.
neutral	Among Elaine, Alexander and Jennifer the longest is Jennifer.	Elaine is longer than Alexander.
neutral	Among Donald, Ray and Scott the weakest is Scott.	Donald is weaker than Ray.
neutral	Among Claire, Marilyn and Virginia the cleverest is Virginia.	Claire is cleverer than Marilyn.
neutral	Among Dick, Francis and Charlie the most popular is Charlie.	Dick is more popular than Francis.
neutral	Among Caroline, Ashley and Sara the brightest is Sara.	Caroline is brighter than Ashley.
neutral	Among Jessica, Richard and Jonathan the meanest is Jonathan.	Jessica is meaner than Richard.
neutral	Among Charlie, Julie and Linda the youngest is Linda.	Charlie is younger than Julie.
neutral	Among Julia, Edward and Ralph the classiest is Ralph.	Julia is classier than Edward.
neutral	Among Victoria, Jessica and Frederick the most handsome is Frederick.	Victoria is more handsome than Jessica.
neutral	Among Stephanie, Carolyn and Ron the healthiest is Ron.	Stephanie is healthier than Carolyn.
neutral	Among Tony, Stephen and Dick the sincerest is Dick.	Tony is sincerer than Stephen.
neutral	Among James, Sam and Albert the most tired is Albert.	James is more tired than Sam.
neutral	Among Wendy, Joseph and Greg the meanest is Greg.	Wendy is meaner than Joseph.
neutral	Among Christine, Lauren and Jennifer the longest is Jennifer.	Christine is longer than Lauren.
neutral	Among Ed, Robert and Tom the longest is Tom.	Ed is longer than Robert.
neutral	Among Ralph, Jessica and Frederick the hottest is Frederick.	Ralph is hotter than Jessica.
neutral	Among Sue, Tim and Paul the smartest is Paul.	Sue is smarter than Tim.
neutral	Among Jim, William and Rose the loudest is Rose.	Jim is louder than William.
neutral	Among Sue, Andrew and Nancy the bossiest is Nancy.	Sue is bossier than Andrew.
neutral	Among Eleanor, Alan and Heather the bravest is Heather.	Eleanor is braver than Alan.
neutral	Among Bruce, Brian and Daniel the scariest is Daniel.	Bruce is scarier than Brian.
neutral	Among Roger, Julie and Barbara the most clever is Barbara.	Roger is more clever than Julie.
neutral	Among Barbara, Leslie and Joan the happiest is Joan.	Barbara is happier than Leslie.
neutral	Among Maria, Julie and Ryan the bossiest is Ryan.	Maria is bossier than Julie.
neutral	Among Mark, Daniel and Ellen the clumsiest is Ellen.	Mark is clumsier than Daniel.
neutral	Among Emma, Jason and Lisa the dumbest is Lisa.	Emma is dumber than Jason.
neutral	Among Carl, Peter and Ellen the loveliest is Ellen.	Carl is lovelier than Peter.
neutral	Among Michelle, Nick and Greg the gloomiest is Greg.	Michelle is gloomier than Nick.
neutral	Among James, Kate and Alexander the loveliest is Alexander.	James is lovelier than Kate.
neutral	Among Matthew, Michelle and Charlotte the kindest is Charlotte.	Matthew is kinder than Michelle.
neutral	Among Kathy, Florence and Don the strongest is Don.	Kathy is stronger than Florence.
neutral	Among Lisa, Barbara and Al the weirdest is Al.	Lisa is weirder than Barbara.
neutral	Among Lawrence, Martha and Margaret the noisiest is Margaret.	Lawrence is noisier than Martha.
neutral	Among John, Ashley and Nancy the funniest is Nancy.	John is funnier than Ashley.
neutral	Among Jerry, Patrick and Ryan the most beautiful is Ryan.	Jerry is more beautiful than Patrick.
neutral	Among Keith, Julie and Harriet the noisiest is Harriet.	Keith is noisier than Julie.
neutral	Among Larry, Susan and Jeff the biggest is Jeff.	Larry is bigger than Susan.
neutral	Among Jonathan, Mike and Eric the politest is Eric.	Jonathan is politer than Mike.
neutral	Among Charlie, Ryan and Nick the chubbiest is Nick.	Charlie is chubbier than Ryan.
neutral	Among Simon, Karen and Tony the biggest is Tony.	Simon is bigger than Karen.
neutral	Among Sharon, Billy and Dan the fastest is Dan.	Sharon is faster than Billy.
neutral	Among Bobby, Leslie and Kathryn the curviest is Kathryn.	Bobby is curvier than Leslie.
neutral	Among Louise, Howard and Richard the cleverest is Richard.	Louise is cleverer than Howard.
neutral	Among Alfred, Nicole and Sharon the classiest is Sharon.	Alfred is classier than Nicole.
neutral	Among Sue, Robert and Frederick the weakest is Frederick.	Sue is weaker than Robert.
neutral	Among Joe, Edward and Helen the politest is Helen.	Joe is politer than Edward.
neutral	Among Amy, Bruce and Sandra the creepiest is Sandra.	Amy is creepier than Bruce.
neutral	Among Keith, Martin and Alexander the cruellest is Alexander.	Keith is crueller than Martin.
neutral	Among Jack, Donna and Sara the politest is Sara.	Jack is politer than Donna.
neutral	Among Brian, Paul and Helen the worst is Helen.	Brian is worse than Paul.
neutral	Among Mark, Sara and Kathryn the wisest is Kathryn.	Mark is wiser than Sara.
neutral	Among Amy, Martha and Alex the creepiest is Alex.	Amy is creepier than Martha.
neutral	Among Leslie, Angela and Edith the craziest is Edith.	Leslie is crazier than Angela.
neutral	Among Cynthia, Anna and Sophie the sweetest is Sophie.	Cynthia is sweeter than Anna.
neutral	Among Lawrence, Gary and Katie the tallest is Katie.	Lawrence is taller than Gary.
neutral	Among Matt, Mike and Adam the wisest is Adam.	Matt is wiser than Mike.
neutral	Among Harold, Karen and Louis the slimmest is Louis.	Harold is slimmer than Karen.
neutral	Among Jane, Harold and Steve the quietest is Steve.	Jane is quieter than Harold.
neutral	Among Joe, Simon and Grace the shallowest is Grace.	Joe is shallower than Simon.
neutral	Among Gary, Albert and Christopher the weirdest is Christopher.	Gary is weirder than Albert.
neutral	Among Roger, Caroline and Stephen the fastest is Stephen.	Roger is faster than Caroline.
neutral	Among Billy, Francis and Tom the richest is Tom.	Billy is richer than Francis.
neutral	Among Judith, Francis and Matt the meanest is Matt.	Judith is meaner than Francis.
neutral	Among Kelly, Ellen and Eric the biggest is Eric.	Kelly is bigger than Ellen.
neutral	Among Angela, Joan and Sue the craziest is Sue.	Angela is crazier than Joan.
neutral	Among Harold, Fred and Sally the most popular is Sally.	Harold is more popular than Fred.
neutral	Among Lawrence, Laura and Benjamin the oldest is Benjamin.	Lawrence is older than Laura.
neutral	Among Anne, Jerry and Louis the dumbest is Louis.	Anne is dumber than Jerry.
neutral	Among Sophie, Philip and Virginia the grossest is Virginia.	Sophie is grosser than Philip.
neutral	Among Ellen, Eric and Sandra the saddest is Sandra.	Ellen is sadder than Eric.
neutral	Among Caroline, Edward and Sandra the happiest is Sandra.	Caroline is happier than Edward.
neutral	Among Frank, Alexander and Lawrence the most polite is Lawrence.	Frank is more polite than Alexander.
neutral	Among Sandra, Sophie and Alexander the cutest is Alexander.	Sandra is cuter than Sophie.
neutral	Among Sue, Adam and Nick the smallest is Nick.	Sue is smaller than Adam.
neutral	Among Dorothy, David and Sophie the laziest is Sophie.	Dorothy is lazier than David.
neutral	Among Lauren, Benjamin and Rebecca the densest is Rebecca.	Lauren is denser than Benjamin.
neutral	Among Catherine, Dan and Samuel the weirdest is Samuel.	Catherine is weirder than Dan.
neutral	Among Sally, Emily and Janet the shyest is Janet.	Sally is shyer than Emily.
neutral	Among Katherine, Marie and Frederick the laziest is Frederick.	Katherine is lazier than Marie.
neutral	Among Stephanie, Kathy and Charles the tallest is Charles.	Stephanie is taller than Kathy.
neutral	Among Dave, Katherine and Jean the classiest is Jean.	Dave is classier than Katherine.
neutral	Among Eric, Claire and Jessica the friendliest is Jessica.	Eric is friendlier than Claire.
neutral	Among Susan, Amanda and Hugh the naughtiest is Hugh.	Susan is naughtier than Amanda.
neutral	Among Ron, Katie and Harriet the bossiest is Harriet.	Ron is bossier than Katie.
neutral	Among Melissa, Jill and Ryan the fittest is Ryan.	Melissa is fitter than Jill.
neutral	Among Sam, Janet and Francis the smallest is Francis.	Sam is smaller than Janet.
neutral	Among Sarah, Kate and Steven the funniest is Steven.	Sarah is funnier than Kate.
neutral	Among Hugh, Bobby and Chris the weakest is Chris.	Hugh is weaker than Bobby.
neutral	Among Alice, Melissa and Ed the hairiest is Ed.	Alice is hairier than Melissa.
neutral	Among Michelle, Larry and Robert the poorest is Robert.	Michelle is poorer than Larry.
neutral	Among Scott, Judy and Roger the most handsome is Roger.	Scott is more handsome than Judy.
neutral	Among Jeff, Simon and Charlotte the hungriest is Charlotte.	Jeff is hungrier than Simon.
neutral	Among Robert, Dave and Colin the messiest is Colin.	Robert is messier than Dave.
neutral	Among Albert, Keith and Patricia the most modern is Patricia.	Albert is more modern than Keith.
neutral	Among Claire, Hugh and Benjamin the best is Benjamin.	Claire is better than Hugh.
neutral	Among Benjamin, Matt and Sam the most handsome is Sam.	Benjamin is more handsome than Matt.
neutral	Among Nicole, Al and Michael the most important is Michael.	Nicole is more important than Al.
neutral	Among Deborah, Robert and Alexandra the boldest is Alexandra.	Deborah is bolder than Robert.
neutral	Among Steve, Walter and Elaine the fittest is Elaine.	Steve is fitter than Walter.
neutral	Among Martha, Ben and Emily the shortest is Emily.	Martha is shorter than Ben.
neutral	Among Thomas, Edward and Scott the dullest is Scott.	Thomas is duller than Edward.
neutral	Among Elaine, Tom and Jason the youngest is Jason.	Elaine is younger than Tom.
neutral	Among Jonathan, Ian and Sarah the most attractive is Sarah.	Jonathan is more attractive than Ian.
neutral	Among Kenneth, Kathleen and John the thinnest is John.	Kenneth is thinner than Kathleen.
neutral	Among Deborah, Joseph and Jerry the dullest is Jerry.	Deborah is duller than Joseph.
neutral	Among Anthony, Chris and James the wealthiest is James.	Anthony is wealthier than Chris.
neutral	Among Leslie, Matthew and Richard the smallest is Richard.	Leslie is smaller than Matthew.
neutral	Among Sophie, Steven and Robert the best is Robert.	Sophie is better than Steven.
neutral	Among Catherine, Donald and Frederick the skinniest is Frederick.	Catherine is skinnier than Donald.
neutral	Among Jay, Howard and Ken the sincerest is Ken.	Jay is sincerer than Howard.
neutral	Among Jack, Kim and Alison the angriest is Alison.	Jack is angrier than Kim.
neutral	Among Andrew, Harold and Simon the most handsome is Simon.	Andrew is more handsome than Harold.
neutral	Among Michelle, William and Donald the most popular is Donald.	Michelle is more popular than William.
neutral	Among Brian, Anna and Martha the richest is Martha.	Brian is richer than Anna.
neutral	Among Judy, Amy and Fred the quietest is Fred.	Judy is quieter than Amy.
neutral	Among Diana, Rebecca and Billy the meanest is Billy.	Diana is meaner than Rebecca.
neutral	Among Marilyn, Jill and Catherine the nicest is Catherine.	Marilyn is nicer than Jill.
neutral	Among Edwin, Gary and Paul the greatest is Paul.	Edwin is greater than Gary.
neutral	Among Daniel, Richard and Julie the cleverest is Julie.	Daniel is cleverer than Richard.
neutral	Among Claire, Maria and Howard the craziest is Howard.	Claire is crazier than Maria.
neutral	Among Jimmy, Patrick and Sally the wealthiest is Sally.	Jimmy is wealthier than Patrick.
neutral	Among Claire, Philip and Laura the noisiest is Laura.	Claire is noisier than Philip.
neutral	Among Margaret, Steven and Dick the greatest is Dick.	Margaret is greater than Steven.
neutral	Among Carol, Donna and Edith the naughtiest is Edith.	Carol is naughtier than Donna.
neutral	Among Ryan, Jerry and Jason the skinniest is Jason.	Ryan is skinnier than Jerry.
neutral	Among Nicole, Ryan and Dick the saddest is Dick.	Nicole is sadder than Ryan.
neutral	Among Jay, Harold and Annie the laziest is Annie.	Jay is lazier than Harold.
neutral	Among Stephen, Judy and Jay the messiest is Jay.	Stephen is messier than Judy.
neutral	Among Gary, Emma and Ron the kindest is Ron.	Gary is kinder than Emma.
neutral	Among Joe, Donald and Emma the wealthiest is Emma.	Joe is wealthier than Donald.
neutral	Among Susan, Benjamin and Christopher the youngest is Christopher.	Susan is younger than Benjamin.
neutral	Among Kathleen, Alison and Angela the cleverest is Angela.	Kathleen is cleverer than Alison.
neutral	Among Ray, Andrea and Jimmy the cruellest is Jimmy.	Ray is crueller than Andrea.
neutral	Among Jay, Daniel and Sandra the classiest is Sandra.	Jay is classier than Daniel.
neutral	Among Matthew, Marie and Sarah the boldest is Sarah.	Matthew is bolder than Marie.
neutral	Among Rebecca, Sally and Dick the noisiest is Dick.	Rebecca is noisier than Sally.
neutral	Among Carolyn, Katie and Barbara the most handsome is Barbara.	Carolyn is more handsome than Katie.
neutral	Among Al, Suzanne and Ryan the creepiest is Ryan.	Al is creepier than Suzanne.
neutral	Among Greg, Mary and Ellen the worst is Ellen.	Greg is worse than Mary.
neutral	Among Caroline, Sara and Alexandra the hottest is Alexandra.	Caroline is hotter than Sara.
neutral	Among Bob, Laura and Kathleen the grossest is Kathleen.	Bob is grosser than Laura.
neutral	Among Deborah, Ann and Larry the smallest is Larry.	Deborah is smaller than Ann.
neutral	Among Ian, Heather and Karen the most important is Karen.	Ian is more important than Heather.
neutral	Among Henry, Marilyn and Andrew the prettiest is Andrew.	Henry is prettier than Marilyn.
neutral	Among Fiona, Katherine and Dick the grossest is Dick.	Fiona is grosser than Katherine.
neutral	Among George, Charles and Alan the most polite is Alan.	George is more polite than Charles.
neutral	Among Katherine, Lynn and Sharon the greediest is Sharon.	Katherine is greedier than Lynn.
neutral	Among Claire, Florence and Frank the thinnest is Frank.	Claire is thinner than Florence.
neutral	Among Andrea, Julia and Ian the loneliest is Ian.	Andrea is lonlier than Julia.
neutral	Among James, Judith and Brian the wealthiest is Brian.	James is wealthier than Judith.
neutral	Among Sharon, Jerry and Judy the saddest is Judy.	Sharon is sadder than Jerry.
neutral	Among Margaret, Dick and Christine the strongest is Christine.	Margaret is stronger than Dick.
neutral	Among Alex, Ann and Walter the fastest is Walter.	Alex is faster than Ann.
neutral	Among Kevin, Emma and Louise the messiest is Louise.	Kevin is messier than Emma.
neutral	Among Donald, Donna and Joe the nicest is Joe.	Donald is nicer than Donna.
neutral	Among Frank, Michael and Karen the harshest is Karen.	Frank is harsher than Michael.
neutral	Among Dan, Jane and Eleanor the toughest is Eleanor.	Dan is tougher than Jane.
neutral	Among Cynthia, Nancy and Sarah the gentlest is Sarah.	Cynthia is gentler than Nancy.
neutral	Among Diana, Lawrence and Kelly the most clever is Kelly.	Diana is more clever than Lawrence.
neutral	Among Carl, Kathy and Roger the prettiest is Roger.	Carl is prettier than Kathy.
neutral	Among Angela, Al and Sandra the kindest is Sandra.	Angela is kinder than Al.
neutral	Among Michael, Al and Kelly the most beautiful is Kelly.	Michael is more beautiful than Al.
neutral	Among Patrick, Fiona and Peter the boldest is Peter.	Patrick is bolder than Fiona.
neutral	Among Evelyn, Ann and Tim the most interesting is Tim.	Evelyn is more interesting than Ann.
neutral	Among Martha, Judith and Dick the noisiest is Dick.	Martha is noisier than Judith.
neutral	Among Alice, Richard and Emily the gentlest is Emily.	Alice is gentler than Richard.
neutral	Among Samuel, Ed and Kathy the tiniest is Kathy.	Samuel is tinier than Ed.
neutral	Among Michael, Evelyn and Kevin the meanest is Kevin.	Michael is meaner than Evelyn.
neutral	Among Joe, Kenneth and Keith the most renowned is Keith.	Joe is more renowned than Kenneth.
neutral	Among Joe, Tony and Benjamin the cleverest is Benjamin.	Joe is cleverer than Tony.
neutral	Among Amanda, Louis and Anthony the most clever is Anthony.	Amanda is more clever than Louis.
neutral	Among Pamela, Harriet and Laura the harshest is Laura.	Pamela is harsher than Harriet.
neutral	Among Alan, Deborah and Virginia the cruellest is Virginia.	Alan is crueller than Deborah.
neutral	Among Jerry, Marilyn and Jeff the friendliest is Jeff.	Jerry is friendlier than Marilyn.
neutral	Among Billy, Kathryn and Barbara the noisiest is Barbara.	Billy is noisier than Kathryn.
neutral	Among Barbara, Ken and Martin the noisiest is Martin.	Barbara is noisier than Ken.
neutral	Among Ann, Helen and Jay the creepiest is Jay.	Ann is creepier than Helen.
neutral	Among Anthony, Claire and Walter the sweetest is Walter.	Anthony is sweeter than Claire.
neutral	Among Donna, Albert and Linda the biggest is Linda.	Donna is bigger than Albert.
neutral	Among Kim, Jennifer and James the guiltiest is James.	Kim is guilter than Jennifer.
neutral	Among Jack, Sally and Sophie the politest is Sophie.	Jack is politer than Sally.
neutral	Among Jane, Ashley and Amanda the youngest is Amanda.	Jane is younger than Ashley.
neutral	Among Katherine, Alexander and Donald the dumbest is Donald.	Katherine is dumber than Alexander.
neutral	Among Hugh, Daniel and Al the longest is Al.	Hugh is longer than Daniel.
neutral	Among Michelle, Alice and Barbara the classiest is Barbara.	Michelle is classier than Alice.
neutral	Among Tony, Joe and Ron the firmest is Ron.	Tony is firmer than Joe.
neutral	Among Wendy, Robin and Charlotte the laziest is Charlotte.	Wendy is lazier than Robin.
neutral	Among Kim, Thomas and Samuel the proudest is Samuel.	Kim is prouder than Thomas.
neutral	Among Carolyn, Edith and Adam the funniest is Adam.	Carolyn is funnier than Edith.
neutral	Among Frances, Amy and Christopher the bravest is Christopher.	Frances is braver than Amy.
neutral	Among Emma, Janet and Donald the most popular is Donald.	Emma is more popular than Janet.
neutral	Among Christine, Kathleen and Leslie the weakest is Leslie.	Christine is weaker than Kathleen.
neutral	Among Lynn, Christopher and Rachel the fittest is Rachel.	Lynn is fitter than Christopher.
neutral	Among Susan, Ray and Linda the most attractive is Linda.	Susan is more attractive than Ray.
neutral	Among Amy, Pamela and Bobby the skinniest is Bobby.	Amy is skinnier than Pamela.
neutral	Among Amy, Carl and Linda the slimmest is Linda.	Amy is slimmer than Carl.
neutral	Among Steven, Donald and James the sweetest is James.	Steven is sweeter than Donald.
neutral	Among Lauren, Gary and Tim the thinnest is Tim.	Lauren is thinner than Gary.
neutral	Among Rose, Louis and Jill the craziest is Jill.	Rose is crazier than Louis.
neutral	Among Simon, Jerry and Nick the firmest is Nick.	Simon is firmer than Jerry.
neutral	Among Benjamin, Frances and Arthur the fittest is Arthur.	Benjamin is fitter than Frances.
neutral	Among Marilyn, Marie and Judith the thinnest is Judith.	Marilyn is thinner than Marie.
neutral	Among Sam, Bobby and Alexandra the saddest is Alexandra.	Sam is sadder than Bobby.
neutral	Among Jimmy, Jeff and Jason the strongest is Jason.	Jimmy is stronger than Jeff.
neutral	Among Dave, Katie and Patricia the bossiest is Patricia.	Dave is bossier than Katie.
neutral	Among Jimmy, Florence and Andrew the bravest is Andrew.	Jimmy is braver than Florence.
neutral	Among Chris, Matthew and Steven the wisest is Steven.	Chris is wiser than Matthew.
neutral	Among Gary, Jay and Jason the most clever is Jason.	Gary is more clever than Jay.
neutral	Among Susan, Jean and Jonathan the shortest is Jonathan.	Susan is shorter than Jean.
neutral	Among Claire, Deborah and Jennifer the oldest is Jennifer.	Claire is older than Deborah.
neutral	Among Samuel, Bill and Adam the biggest is Adam.	Samuel is bigger than Bill.
neutral	Among Angela, Ron and Keith the ugliest is Keith.	Angela is uglier than Ron.
neutral	Among Michael, Amy and Stephen the friendliest is Stephen.	Michael is friendlier than Amy.
neutral	Among Roger, Deborah and Bill the naughtiest is Bill.	Roger is naughtier than Deborah.
neutral	Among Sally, Martin and Betty the cutest is Betty.	Sally is cuter than Martin.
neutral	Among Fiona, Sarah and Judy the meanest is Judy.	Fiona is meaner than Sarah.
neutral	Among Mike, Colin and Angela the most interesting is Angela.	Mike is more interesting than Colin.
neutral	Among Dave, William and Roger the calmest is Roger.	Dave is calmer than William.
neutral	Among Eleanor, Jean and Jim the shyest is Jim.	Eleanor is shyer than Jean.
neutral	Among Robert, Helen and Sophie the wealthiest is Sophie.	Robert is wealthier than Helen.
neutral	Among Dave, Matthew and Karen the worst is Karen.	Dave is worse than Matthew.
neutral	Among Bill, Andrea and Charles the guiltiest is Charles.	Bill is guilter than Andrea.
neutral	Among Patrick, Scott and Alfred the craziest is Alfred.	Patrick is crazier than Scott.
neutral	Among Melissa, Howard and Anthony the shyest is Anthony.	Melissa is shyer than Howard.
neutral	Among Greg, Sharon and Helen the fattest is Helen.	Greg is fatter than Sharon.
neutral	Among Nicole, Bruce and Edward the loneliest is Edward.	Nicole is lonlier than Bruce.
neutral	Among Ashley, Frank and Laura the clumsiest is Laura.	Ashley is clumsier than Frank.
neutral	Among Jill, Amanda and Ben the hungriest is Ben.	Jill is hungrier than Amanda.
neutral	Among Stephen, George and Gary the noisiest is Gary.	Stephen is noisier than George.
neutral	Among Elaine, Hugh and Jimmy the friendliest is Jimmy.	Elaine is friendlier than Hugh.
neutral	Among Joe, Mike and Laura the silliest is Laura.	Joe is sillier than Mike.
neutral	Among Emily, Tony and Jack the scariest is Jack.	Emily is scarier than Tony.
neutral	Among Sara, Howard and Jimmy the youngest is Jimmy.	Sara is younger than Howard.
neutral	Among Melissa, Sandra and John the loudest is John.	Melissa is louder than Sandra.
neutral	Among Nancy, Don and Donna the gentlest is Donna.	Nancy is gentler than Don.
neutral	Among Matt, Matthew and Alice the bossiest is Alice.	Matt is bossier than Matthew.
neutral	Among Angela, Donald and Julie the smallest is Julie.	Angela is smaller than Donald.
neutral	Among Louis, Amanda and Judy the most clever is Judy.	Louis is more clever than Amanda.
neutral	Among Andrea, Kathryn and Karen the saltiest is Karen.	Andrea is saltier than Kathryn.
neutral	Among Kate, Karen and Nancy the smallest is Nancy.	Kate is smaller than Karen.
neutral	Among Frederick, Kathy and Greg the most modern is Greg.	Frederick is more modern than Kathy.
neutral	Among Anne, Kathy and Andrea the classiest is Andrea.	Anne is classier than Kathy.
neutral	Among Sara, Joe and Charles the firmest is Charles.	Sara is firmer than Joe.
neutral	Among Louis, Jean and Anthony the weakest is Anthony.	Louis is weaker than Jean.
neutral	Among Paul, Roy and Sandra the dullest is Sandra.	Paul is duller than Roy.
neutral	Among Alexandra, Sara and Dan the brightest is Dan.	Alexandra is brighter than Sara.
neutral	Among Donna, Arthur and Alexandra the most bitter is Alexandra.	Donna is more bitter than Arthur.
neutral	Among Kim, Simon and Deborah the most renowned is Deborah.	Kim is more renowned than Simon.
neutral	Among Eric, Kevin and Margaret the rudest is Margaret.	Eric is ruder than Kevin.
neutral	Among Helen, Margaret and Kathryn the slowest is Kathryn.	Helen is slower than Margaret.
neutral	Among Cynthia, Jason and Jay the most interesting is Jay.	Cynthia is more interesting than Jason.
neutral	Among George, Patrick and Donald the biggest is Donald.	George is bigger than Patrick.
neutral	Among Patricia, Alexander and Robert the fattest is Robert.	Patricia is fatter than Alexander.
neutral	Among Johnny, Anna and Helen the densest is Helen.	Johnny is denser than Anna.
neutral	Among Albert, Patricia and Matthew the sweetest is Matthew.	Albert is sweeter than Patricia.
neutral	Among Deborah, Anthony and Dorothy the sleepiest is Dorothy.	Deborah is sleepier than Anthony.
neutral	Among Amanda, Grace and Mark the slimmest is Mark.	Amanda is slimmer than Grace.
neutral	Among Alan, Colin and Keith the guiltiest is Keith.	Alan is guilter than Colin.
neutral	Among Stephanie, Robin and Julie the most modern is Julie.	Stephanie is more modern than Robin.
neutral	Among Ray, Evelyn and Jimmy the classiest is Jimmy.	Ray is classier than Evelyn.
neutral	Among Betty, Margaret and Jason the tallest is Jason.	Betty is taller than Margaret.
neutral	Among Wendy, Sara and Ralph the sharpest is Ralph.	Wendy is sharper than Sara.
neutral	Among Jessica, Paul and Lawrence the youngest is Lawrence.	Jessica is younger than Paul.
neutral	Among Alan, Charlie and Edwin the angriest is Edwin.	Alan is angrier than Charlie.
neutral	Among Tim, Bill and Alfred the humblest is Alfred.	Tim is humbler than Bill.
neutral	Among Harold, Andrew and Bill the scariest is Bill.	Harold is scarier than Andrew.
neutral	Among Mike, Julia and Ray the greediest is Ray.	Mike is greedier than Julia.
neutral	Among Alexandra, Carol and Lynn the most bitter is Lynn.	Alexandra is more bitter than Carol.
neutral	Among Edward, Margaret and Patricia the cleverest is Patricia.	Edward is cleverer than Margaret.
neutral	Among Wendy, Melissa and Alfred the humblest is Alfred.	Wendy is humbler than Melissa.
neutral	Among Howard, David and Sophie the greediest is Sophie.	Howard is greedier than David.
neutral	Among Alice, Kathy and Marie the naughtiest is Marie.	Alice is naughtier than Kathy.
neutral	Among Jason, Fiona and Bobby the wealthiest is Bobby.	Jason is wealthier than Fiona.
neutral	Among Kathryn, Roy and Stephen the politest is Stephen.	Kathryn is politer than Roy.
neutral	Among Henry, Adam and Donald the rudest is Donald.	Henry is ruder than Adam.
neutral	Among Jill, Sara and Al the calmest is Al.	Jill is calmer than Sara.
neutral	Among Claire, Ashley and Andrew the most bitter is Andrew.	Claire is more bitter than Ashley.
neutral	Among Lawrence, Maria and Fred the oldest is Fred.	Lawrence is older than Maria.
neutral	Among Kelly, Jonathan and Angela the messiest is Angela.	Kelly is messier than Jonathan.
neutral	Among Matthew, Patrick and Margaret the classiest is Margaret.	Matthew is classier than Patrick.
neutral	Among Joseph, George and Jonathan the poorest is Jonathan.	Joseph is poorer than George.
neutral	Among Lisa, Alan and Charles the longest is Charles.	Lisa is longer than Alan.
neutral	Among Kathy, Martha and Bob the chubbiest is Bob.	Kathy is chubbier than Martha.
neutral	Among Kathleen, William and Alice the smallest is Alice.	Kathleen is smaller than William.
neutral	Among Sara, Jack and Donald the friendliest is Donald.	Sara is friendlier than Jack.
neutral	Among Benjamin, Helen and Anthony the prettiest is Anthony.	Benjamin is prettier than Helen.
neutral	Among Michelle, Edith and Sally the humblest is Sally.	Michelle is humbler than Edith.
neutral	Among Wendy, Julie and Peter the friendliest is Peter.	Wendy is friendlier than Julie.
neutral	Among Stephen, Kate and Matthew the loudest is Matthew.	Stephen is louder than Kate.
neutral	Among Don, Charlotte and Eleanor the boldest is Eleanor.	Don is bolder than Charlotte.
neutral	Among Cynthia, Judith and Mark the gloomiest is Mark.	Cynthia is gloomier than Judith.
neutral	Among Annie, Rose and Grace the tallest is Grace.	Annie is taller than Rose.
neutral	Among Charlie, Bobby and Sophie the most interesting is Sophie.	Charlie is more interesting than Bobby.
neutral	Among Katherine, Tim and Judith the messiest is Judith.	Katherine is messier than Tim.
neutral	Among Fred, Claire and Patrick the worst is Patrick.	Fred is worse than Claire.
neutral	Among Ed, Bobby and Lawrence the ugliest is Lawrence.	Ed is uglier than Bobby.
neutral	Among Charlie, Dave and Larry the most attractive is Larry.	Charlie is more attractive than Dave.
neutral	Among Virginia, Jonathan and Charlie the most tired is Charlie.	Virginia is more tired than Jonathan.
neutral	Among Stephen, Peter and Martin the slimmest is Martin.	Stephen is slimmer than Peter.
neutral	Among Stephen, Alan and Harold the busiest is Harold.	Stephen is busier than Alan.
neutral	Among Sarah, Jill and Don the fastest is Don.	Sarah is faster than Jill.
neutral	Among Adam, Caroline and Walter the most interesting is Walter.	Adam is more interesting than Caroline.
neutral	Among Karen, Jason and Ryan the cruellest is Ryan.	Karen is crueller than Jason.
neutral	Among Karen, Lucy and Ruth the thinnest is Ruth.	Karen is thinner than Lucy.
neutral	Among Bill, Martin and Catherine the friendliest is Catherine.	Bill is friendlier than Martin.
neutral	Among Eric, Emma and Jeff the shortest is Jeff.	Eric is shorter than Emma.
neutral	Among Sophie, Simon and Dorothy the tiniest is Dorothy.	Sophie is tinier than Simon.
neutral	Among Katherine, Richard and Roger the shyest is Roger.	Katherine is shyer than Richard.
neutral	Among Alice, Dick and Chris the quietest is Chris.	Alice is quieter than Dick.
neutral	Among Kim, Jerry and Nicole the longest is Nicole.	Kim is longer than Jerry.
neutral	Among Steve, Lynn and Dan the bitterest is Dan.	Steve is bitterer than Lynn.
neutral	Among Matt, Amanda and Benjamin the longest is Benjamin.	Matt is longer than Amanda.
neutral	Among Charlie, Marie and Jonathan the richest is Jonathan.	Charlie is richer than Marie.
neutral	Among Victoria, Joseph and Dan the tiniest is Dan.	Victoria is tinier than Joseph.
neutral	Among Charles, Al and Hugh the rudest is Hugh.	Charles is ruder than Al.
neutral	Among Kevin, Lucy and Kathleen the dullest is Kathleen.	Kevin is duller than Lucy.
neutral	Among David, Samuel and Jason the longest is Jason.	David is longer than Samuel.
neutral	Among William, Frederick and Kathy the sweetest is Kathy.	William is sweeter than Frederick.
neutral	Among Emily, Ashley and Amy the bitterest is Amy.	Emily is bitterer than Ashley.
neutral	Among Chris, Bruce and Amanda the quietest is Amanda.	Chris is quieter than Bruce.
neutral	Among Grace, Keith and Louis the densest is Louis.	Grace is denser than Keith.
neutral	Among Ellen, Stephanie and Catherine the shortest is Catherine.	Ellen is shorter than Stephanie.
neutral	Among Jonathan, Heather and Melissa the dullest is Melissa.	Jonathan is duller than Heather.
neutral	Among Anne, Kelly and Jane the meanest is Jane.	Anne is meaner than Kelly.
neutral	Among Ray, Nick and Julie the best is Julie.	Ray is better than Nick.
neutral	Among Victoria, Roger and Fiona the loveliest is Fiona.	Victoria is lovelier than Roger.
neutral	Among Sue, Jonathan and Ray the most bitter is Ray.	Sue is more bitter than Jonathan.
neutral	Among Stephanie, Emily and Ellen the craziest is Ellen.	Stephanie is crazier than Emily.
neutral	Among Francis, Samuel and Harold the nicest is Harold.	Francis is nicer than Samuel.
neutral	Among Andrew, Susan and Bruce the smallest is Bruce.	Andrew is smaller than Susan.
neutral	Among Bruce, Kathy and Steve the rudest is Steve.	Bruce is ruder than Kathy.
neutral	Among Tom, Patricia and Eric the hottest is Eric.	Tom is hotter than Patricia.
neutral	Among Emily, Jennifer and Virginia the laziest is Virginia.	Emily is lazier than Jennifer.
neutral	Among Martha, Ben and Dorothy the dullest is Dorothy.	Martha is duller than Ben.
neutral	Among Samuel, Brian and Bill the hairiest is Bill.	Samuel is hairier than Brian.
neutral	Among Bobby, William and Eleanor the shortest is Eleanor.	Bobby is shorter than William.
neutral	Among Claire, Carol and Kathy the thinnest is Kathy.	Claire is thinner than Carol.
neutral	Among Don, Jay and Amanda the tallest is Amanda.	Don is taller than Jay.
neutral	Among Kathleen, Francis and Bob the bravest is Bob.	Kathleen is braver than Francis.
neutral	Among Edward, Joan and Kevin the grossest is Kevin.	Edward is grosser than Joan.
neutral	Among Florence, Jerry and Edward the bravest is Edward.	Florence is braver than Jerry.
neutral	Among Catherine, Jane and Edith the hottest is Edith.	Catherine is hotter than Jane.
neutral	Among Simon, Amanda and Eleanor the saltiest is Eleanor.	Simon is saltier than Amanda.
neutral	Among Ruth, Sophie and Edith the scariest is Edith.	Ruth is scarier than Sophie.
neutral	Among Steve, Pamela and Scott the fattest is Scott.	Steve is fatter than Pamela.
neutral	Among Diana, Al and Eric the harshest is Eric.	Diana is harsher than Al.
neutral	Among Dave, Maria and Sandra the most tired is Sandra.	Dave is more tired than Maria.
neutral	Among Billy, Ann and Kathy the youngest is Kathy.	Billy is younger than Ann.
neutral	Among Susan, Katherine and Patrick the most modern is Patrick.	Susan is more modern than Katherine.
neutral	Among Hugh, Ellen and Harriet the sweetest is Harriet.	Hugh is sweeter than Ellen.
neutral	Among Helen, Fred and Peter the chubbiest is Peter.	Helen is chubbier than Fred.
neutral	Among Sam, Steven and Samuel the most popular is Samuel.	Sam is more popular than Steven.
neutral	Among Patricia, Kathryn and Paul the tiniest is Paul.	Patricia is tinier than Kathryn.
neutral	Among Katie, Mike and Eleanor the fastest is Eleanor.	Katie is faster than Mike.
neutral	Among Carl, Chris and Caroline the densest is Caroline.	Carl is denser than Chris.
neutral	Among Colin, Judith and Eleanor the tiniest is Eleanor.	Colin is tinier than Judith.
neutral	Among Deborah, Donald and Jonathan the hottest is Jonathan.	Deborah is hotter than Donald.
neutral	Among Rose, Pamela and Lawrence the sleepiest is Lawrence.	Rose is sleepier than Pamela.
neutral	Among Carolyn, Joan and Walter the wealthiest is Walter.	Carolyn is wealthier than Joan.
neutral	Among Bruce, Elizabeth and Andrew the sleepiest is Andrew.	Bruce is sleepier than Elizabeth.
neutral	Among Matthew, Lawrence and Tim the tallest is Tim.	Matthew is taller than Lawrence.
neutral	Among David, Alfred and Melissa the grossest is Melissa.	David is grosser than Alfred.
neutral	Among Kate, Katherine and Michael the kindest is Michael.	Kate is kinder than Katherine.
neutral	Among Florence, Jessica and Jay the fairest is Jay.	Florence is fairer than Jessica.
neutral	Among Anthony, Stephen and Sally the harshest is Sally.	Anthony is harsher than Stephen.
neutral	Among Lawrence, Tony and Lauren the toughest is Lauren.	Lawrence is tougher than Tony.
neutral	Among Marie, Dorothy and Martha the politest is Martha.	Marie is politer than Dorothy.
neutral	Among Rebecca, Sue and Lauren the happiest is Lauren.	Rebecca is happier than Sue.
neutral	Among Diana, Grace and Stephen the loveliest is Stephen.	Diana is lovelier than Grace.
neutral	Among Andrew, Julie and Joseph the fastest is Joseph.	Andrew is faster than Julie.
neutral	Among Fred, Florence and Marilyn the sharpest is Marilyn.	Fred is sharper than Florence.
neutral	Among Larry, Sandra and Harold the fattest is Harold.	Larry is fatter than Sandra.
neutral	Among Suzanne, Alexander and Kelly the best is Kelly.	Suzanne is better than Alexander.
neutral	Among Judith, Elizabeth and Jason the skinniest is Jason.	Judith is skinnier than Elizabeth.
