entailment	Lisa is tougher than Thomas but not Laura.	Lisa is softer than Laura.
entailment	Judy is tougher than Francis but not Elizabeth.	Judy is softer than Elizabeth.
entailment	Melissa is slower than Susan but not Amy.	Melissa is faster than Amy.
entailment	Linda is happier than Sandra but not Anthony.	Linda is sadder than Anthony.
entailment	Anne is younger than Thomas but not Linda.	Anne is elder than Linda.
entailment	Alex is slower than Jessica but not Billy.	Alex is faster than Billy.
entailment	Suzanne is funny than Jimmy but not Peter.	Suzanne is boring than Peter.
entailment	Sharon is older than Andrew but not Maria.	Sharon is younger than Maria.
entailment	Dave is powerful than Edith but not Sam.	Dave is weak than Sam.
entailment	Robin is interesting than Arthur but not Alice.	Robin is boring than Alice.
entailment	Harriet is weaker than Angela but not Philip.	Harriet is stronger than Philip.
entailment	Angela is nicer than Elizabeth but not Carl.	Angela is ruder than Carl.
entailment	Jimmy is crazy than Jim but not Suzanne.	Jimmy is normal than Suzanne.
entailment	Mary is wealthier than Katie but not Edward.	Mary is poorer than Edward.
entailment	Bruce is older than Don but not Jean.	Bruce is younger than Jean.
entailment	Sam is beautiful than Fiona but not Alexander.	Sam is ugly than Alexander.
entailment	Amy is funny than John but not Roy.	Amy is boring than Roy.
entailment	Albert is smart than Alfred but not Suzanne.	Albert is dumb than Suzanne.
entailment	Jennifer is crazy than Philip but not Christopher.	Jennifer is normal than Christopher.
entailment	Mike is nicer than Tom but not Marie.	Mike is ruder than Marie.
entailment	Wendy is clever than Rebecca but not Marie.	Wendy is dumb than Marie.
entailment	Laura is younger than Julia but not Catherine.	Laura is elder than Catherine.
entailment	Lynn is older than Lauren but not Frank.	Lynn is younger than Frank.
entailment	Emily is older than Rachel but not Kathy.	Emily is younger than Kathy.
entailment	Stephanie is nicer than Heather but not Billy.	Stephanie is ruder than Billy.
entailment	Alexander is older than Katherine but not Nicole.	Alexander is younger than Nicole.
entailment	Joan is heavier than Patrick but not Peter.	Joan is lighter than Peter.
entailment	Jennifer is smarter than Laura but not Andrew.	Jennifer is dumber than Andrew.
entailment	Hugh is real than Wendy but not Ryan.	Hugh is fake than Ryan.
entailment	Maria is complicated than Gary but not Chris.	Maria is simple than Chris.
entailment	Jean is louder than Margaret but not Dan.	Jean is quieter than Dan.
entailment	Walter is older than Fred but not Jonathan.	Walter is younger than Jonathan.
entailment	Samuel is normal than Mike but not Don.	Samuel is crazy than Don.
entailment	Anthony is bigger than Joe but not Steven.	Anthony is tinier than Steven.
entailment	Bill is real than Ruth but not Greg.	Bill is fake than Greg.
entailment	Albert is funny than William but not Ashley.	Albert is boring than Ashley.
entailment	Tony is tinier than Linda but not Jerry.	Tony is bigger than Jerry.
entailment	Albert is funny than Matt but not Frances.	Albert is boring than Frances.
entailment	Jerry is slower than Sophie but not Roy.	Jerry is faster than Roy.
entailment	Ben is happier than Sara but not Alfred.	Ben is sadder than Alfred.
entailment	Larry is tougher than Ruth but not Matthew.	Larry is softer than Matthew.
entailment	Pamela is smart than Melissa but not Mike.	Pamela is dumb than Mike.
entailment	Suzanne is heavier than Lawrence but not Sharon.	Suzanne is lighter than Sharon.
entailment	Frances is crazy than Judith but not Michael.	Frances is normal than Michael.
entailment	Anthony is happier than Howard but not Edwin.	Anthony is sadder than Edwin.
entailment	William is stronger than Heather but not Jessica.	William is weaker than Jessica.
entailment	Benjamin is slower than Andrea but not Roy.	Benjamin is faster than Roy.
entailment	Patrick is richer than Bill but not Catherine.	Patrick is poorer than Catherine.
entailment	Kathleen is bigger than Julia but not Jonathan.	Kathleen is tinier than Jonathan.
entailment	Ann is shorter than Stephen but not Alexander.	Ann is taller than Alexander.
entailment	Elizabeth is funny than Leslie but not Fiona.	Elizabeth is boring than Fiona.
entailment	Tim is taller than Louise but not Katie.	Tim is shorter than Katie.
entailment	Sue is clever than Howard but not Dick.	Sue is dumb than Dick.
entailment	Melissa is younger than Annie but not Kathleen.	Melissa is elder than Kathleen.
entailment	Richard is older than Alan but not Kathryn.	Richard is younger than Kathryn.
entailment	Ian is shorter than Larry but not Christine.	Ian is taller than Christine.
entailment	Lynn is shorter than Melissa but not Alex.	Lynn is taller than Alex.
entailment	Betty is happier than Edith but not Fiona.	Betty is sadder than Fiona.
entailment	Colin is heavier than Ron but not Edith.	Colin is lighter than Edith.
entailment	Joe is interesting than Edith but not Sara.	Joe is boring than Sara.
entailment	Marilyn is tougher than Kevin but not Louis.	Marilyn is softer than Louis.
entailment	Thomas is quieter than Lawrence but not Samuel.	Thomas is louder than Samuel.
entailment	Diane is interesting than Greg but not Daniel.	Diane is boring than Daniel.
entailment	Ashley is quicker than Johnny but not Diane.	Ashley is slower than Diane.
entailment	Harry is younger than Jean but not Kelly.	Harry is elder than Kelly.
entailment	Caroline is older than Carolyn but not Donald.	Caroline is younger than Donald.
entailment	Annie is beautiful than Richard but not Robin.	Annie is ugly than Robin.
entailment	Stephanie is quicker than Al but not Robert.	Stephanie is slower than Robert.
entailment	Simon is tinier than Matt but not Dick.	Simon is bigger than Dick.
entailment	Jonathan is older than Judith but not Henry.	Jonathan is younger than Henry.
entailment	Mary is richer than Howard but not Patricia.	Mary is poorer than Patricia.
entailment	Matt is real than Lisa but not Al.	Matt is fake than Al.
entailment	Alan is faster than Joe but not Steve.	Alan is slower than Steve.
entailment	Ralph is poorer than Harry but not Louise.	Ralph is richer than Louise.
entailment	Jonathan is crazy than Kevin but not Virginia.	Jonathan is normal than Virginia.
entailment	Diana is complicated than Ryan but not Claire.	Diana is simple than Claire.
entailment	Jeff is quicker than Sara but not Don.	Jeff is slower than Don.
entailment	Helen is crazy than Dorothy but not Marie.	Helen is normal than Marie.
entailment	Jack is cunning than Kate but not Wendy.	Jack is honest than Wendy.
entailment	William is intelligent than Charlotte but not George.	William is foolish than George.
entailment	Donna is faster than Grace but not Richard.	Donna is slower than Richard.
entailment	Nick is powerful than Victoria but not Grace.	Nick is weak than Grace.
entailment	Ian is older than Simon but not Benjamin.	Ian is younger than Benjamin.
entailment	Anne is smart than Kim but not Arthur.	Anne is dumb than Arthur.
entailment	Roy is taller than Alexander but not Kathy.	Roy is shorter than Kathy.
entailment	Mark is older than Mike but not James.	Mark is younger than James.
entailment	Ray is real than Alfred but not Anne.	Ray is fake than Anne.
entailment	Martha is funny than Brian but not Nicole.	Martha is boring than Nicole.
entailment	Ian is happier than Carol but not Steven.	Ian is sadder than Steven.
entailment	Larry is heavier than Helen but not Leslie.	Larry is lighter than Leslie.
entailment	Maria is stronger than Anne but not Virginia.	Maria is weaker than Virginia.
entailment	Albert is beautiful than Steve but not Claire.	Albert is ugly than Claire.
entailment	Anne is interesting than Ray but not Joan.	Anne is boring than Joan.
entailment	Amy is thinner than Martin but not Charles.	Amy is fatter than Charles.
entailment	Emma is wealthier than Alan but not Cynthia.	Emma is poorer than Cynthia.
entailment	Charlotte is quieter than Karen but not Ellen.	Charlotte is louder than Ellen.
entailment	Cynthia is thinner than David but not Barbara.	Cynthia is fatter than Barbara.
entailment	Ben is smarter than Grace but not Jean.	Ben is dumber than Jean.
entailment	Christine is tougher than Sarah but not Mike.	Christine is softer than Mike.
entailment	Matt is quieter than Ian but not Jason.	Matt is louder than Jason.
entailment	Jonathan is quieter than Elaine but not Tony.	Jonathan is louder than Tony.
entailment	Evelyn is faster than Andrew but not Amanda.	Evelyn is slower than Amanda.
entailment	Sharon is poorer than Jeff but not Patrick.	Sharon is richer than Patrick.
entailment	Eleanor is tinier than Joan but not Judith.	Eleanor is bigger than Judith.
entailment	Dave is nicer than Lucy but not Ann.	Dave is ruder than Ann.
entailment	Evelyn is powerful than Patrick but not Larry.	Evelyn is weak than Larry.
entailment	Charlie is happier than Christopher but not Patricia.	Charlie is sadder than Patricia.
entailment	Jason is wealthier than Edwin but not Arthur.	Jason is poorer than Arthur.
entailment	Diane is clever than Jimmy but not Diana.	Diane is dumb than Diana.
entailment	Patrick is funny than Ellen but not Heather.	Patrick is boring than Heather.
entailment	Adam is powerful than Jay but not Marie.	Adam is weak than Marie.
entailment	Arthur is normal than Harriet but not Elizabeth.	Arthur is crazy than Elizabeth.
entailment	Jessica is faster than Bill but not Robert.	Jessica is slower than Robert.
entailment	Emily is cunning than Bob but not Julie.	Emily is honest than Julie.
entailment	Caroline is shorter than Patrick but not Charlie.	Caroline is taller than Charlie.
entailment	Emma is stronger than Steve but not Suzanne.	Emma is weaker than Suzanne.
entailment	Alan is clever than Greg but not Roger.	Alan is dumb than Roger.
entailment	Kevin is heavier than Kathy but not Hugh.	Kevin is lighter than Hugh.
entailment	Gary is cunning than Edith but not Anna.	Gary is honest than Anna.
entailment	Amanda is complicated than Dorothy but not Frances.	Amanda is simple than Frances.
entailment	Ann is beautiful than Christine but not Tony.	Ann is ugly than Tony.
entailment	Deborah is poorer than Hugh but not Kelly.	Deborah is richer than Kelly.
entailment	Tony is younger than Dick but not Elaine.	Tony is elder than Elaine.
entailment	Emily is intelligent than Victoria but not Catherine.	Emily is foolish than Catherine.
entailment	Don is crazy than Sally but not Matt.	Don is normal than Matt.
entailment	Julie is complicated than Brian but not Charles.	Julie is simple than Charles.
entailment	Ed is beautiful than Jane but not Edward.	Ed is ugly than Edward.
entailment	Robin is older than Marie but not Hugh.	Robin is younger than Hugh.
entailment	Ian is tougher than Christine but not Ben.	Ian is softer than Ben.
entailment	Colin is slower than Ben but not Grace.	Colin is faster than Grace.
entailment	Frank is poorer than Lucy but not Steven.	Frank is richer than Steven.
entailment	Ben is heavier than Henry but not Ann.	Ben is lighter than Ann.
entailment	Edwin is bigger than Susan but not Andrew.	Edwin is tinier than Andrew.
entailment	Anne is slower than Deborah but not Louis.	Anne is faster than Louis.
entailment	Paul is weaker than Karen but not Frank.	Paul is stronger than Frank.
entailment	Jack is older than Judy but not Sue.	Jack is younger than Sue.
entailment	Ellen is poorer than Edward but not Kenneth.	Ellen is richer than Kenneth.
entailment	Heather is funny than Charles but not Donna.	Heather is boring than Donna.
entailment	Ryan is younger than Louise but not Jennifer.	Ryan is elder than Jennifer.
entailment	Pamela is quieter than Jean but not Nancy.	Pamela is louder than Nancy.
entailment	Annie is louder than Lisa but not Fred.	Annie is quieter than Fred.
entailment	David is shorter than Al but not Grace.	David is taller than Grace.
entailment	Julie is thinner than Susan but not Jill.	Julie is fatter than Jill.
entailment	Wendy is cunning than Don but not Elaine.	Wendy is honest than Elaine.
entailment	Janet is crazy than Amanda but not Frances.	Janet is normal than Frances.
entailment	Don is richer than Gary but not Lawrence.	Don is poorer than Lawrence.
entailment	Kathleen is smarter than Kevin but not Emily.	Kathleen is dumber than Emily.
entailment	Ray is nicer than Marilyn but not Peter.	Ray is ruder than Peter.
entailment	Helen is clever than Ann but not Adam.	Helen is dumb than Adam.
entailment	Eleanor is poorer than Elizabeth but not Leslie.	Eleanor is richer than Leslie.
entailment	Katherine is thinner than Florence but not Ellen.	Katherine is fatter than Ellen.
entailment	Alexander is intelligent than Bobby but not Ken.	Alexander is foolish than Ken.
entailment	Diana is clever than Jill but not Tim.	Diana is dumb than Tim.
entailment	Ben is intelligent than Henry but not Edwin.	Ben is foolish than Edwin.
entailment	Dan is shorter than Julie but not Evelyn.	Dan is taller than Evelyn.
entailment	Jill is normal than Colin but not Harry.	Jill is crazy than Harry.
entailment	Marie is intelligent than Deborah but not Matthew.	Marie is foolish than Matthew.
entailment	Tony is richer than Roy but not Victoria.	Tony is poorer than Victoria.
entailment	Carol is wealthier than Harriet but not Thomas.	Carol is poorer than Thomas.
entailment	Victoria is nicer than Kenneth but not David.	Victoria is ruder than David.
entailment	Henry is cunning than Angela but not Helen.	Henry is honest than Helen.
entailment	Keith is bigger than Ellen but not Kathryn.	Keith is tinier than Kathryn.
entailment	Alexandra is quicker than Andrea but not Jim.	Alexandra is slower than Jim.
entailment	Matt is tougher than Dan but not Margaret.	Matt is softer than Margaret.
entailment	Tim is older than Alison but not Edwin.	Tim is younger than Edwin.
entailment	Henry is poorer than Louise but not Christine.	Henry is richer than Christine.
entailment	Stephanie is complicated than Heather but not Chris.	Stephanie is simple than Chris.
entailment	Ed is quieter than Jeff but not Christine.	Ed is louder than Christine.
entailment	Amy is nicer than Paul but not Jack.	Amy is ruder than Jack.
entailment	Carl is stronger than Jean but not George.	Carl is weaker than George.
entailment	Robin is shorter than Andrew but not Jack.	Robin is taller than Jack.
entailment	Ellen is tinier than Laura but not Keith.	Ellen is bigger than Keith.
entailment	Nick is richer than Louis but not Elizabeth.	Nick is poorer than Elizabeth.
entailment	Ralph is stronger than Jay but not Virginia.	Ralph is weaker than Virginia.
entailment	Eleanor is shorter than Harry but not Alexandra.	Eleanor is taller than Alexandra.
entailment	Janet is faster than Christine but not Ben.	Janet is slower than Ben.
entailment	Kathy is tinier than Cynthia but not Stephanie.	Kathy is bigger than Stephanie.
entailment	Ryan is heavier than Chris but not Maria.	Ryan is lighter than Maria.
entailment	Howard is heavier than Mary but not Sue.	Howard is lighter than Sue.
entailment	Walter is quicker than Martin but not Christopher.	Walter is slower than Christopher.
entailment	Jerry is quieter than Samuel but not Barbara.	Jerry is louder than Barbara.
entailment	Katie is nicer than Sam but not Florence.	Katie is ruder than Florence.
entailment	Bill is taller than Martin but not Virginia.	Bill is shorter than Virginia.
entailment	Bruce is cunning than Louis but not Roger.	Bruce is honest than Roger.
entailment	Betty is smarter than Ann but not Edith.	Betty is dumber than Edith.
entailment	Adam is shorter than Ben but not Anna.	Adam is taller than Anna.
entailment	Larry is smarter than James but not Kathy.	Larry is dumber than Kathy.
entailment	Roy is poorer than Jerry but not Ed.	Roy is richer than Ed.
entailment	Dave is beautiful than Susan but not Ben.	Dave is ugly than Ben.
entailment	Jay is slower than Eleanor but not Ron.	Jay is faster than Ron.
entailment	Marilyn is quicker than Amanda but not Dick.	Marilyn is slower than Dick.
entailment	Adam is nicer than Nick but not Jeff.	Adam is ruder than Jeff.
entailment	Larry is faster than Ryan but not Annie.	Larry is slower than Annie.
entailment	Jim is younger than Carol but not Alan.	Jim is elder than Alan.
entailment	Susan is normal than Jessica but not Christopher.	Susan is crazy than Christopher.
entailment	Martin is nicer than Fred but not Wendy.	Martin is ruder than Wendy.
entailment	Ian is weaker than Heather but not Joe.	Ian is stronger than Joe.
entailment	Carolyn is cunning than Alison but not Catherine.	Carolyn is honest than Catherine.
entailment	Don is happier than Eric but not Lynn.	Don is sadder than Lynn.
entailment	Virginia is complicated than Joe but not Christopher.	Virginia is simple than Christopher.
entailment	Kathy is older than Edith but not Simon.	Kathy is younger than Simon.
entailment	Hugh is happier than Jennifer but not Ralph.	Hugh is sadder than Ralph.
entailment	Barbara is heavier than Kim but not Ruth.	Barbara is lighter than Ruth.
entailment	Kelly is real than Judy but not Grace.	Kelly is fake than Grace.
entailment	Sophie is older than Stephanie but not Ryan.	Sophie is younger than Ryan.
entailment	Peter is stronger than Fred but not Lawrence.	Peter is weaker than Lawrence.
entailment	Hugh is cunning than Howard but not Jennifer.	Hugh is honest than Jennifer.
entailment	Diana is louder than Larry but not Jessica.	Diana is quieter than Jessica.
entailment	Emily is taller than Alison but not Katherine.	Emily is shorter than Katherine.
entailment	Albert is smart than Donna but not Angela.	Albert is dumb than Angela.
entailment	Samuel is complicated than Jack but not Elaine.	Samuel is simple than Elaine.
entailment	Judith is interesting than Joseph but not Claire.	Judith is boring than Claire.
entailment	Samuel is clever than Marilyn but not Victoria.	Samuel is dumb than Victoria.
entailment	Ray is younger than Jessica but not Ian.	Ray is elder than Ian.
entailment	Anthony is faster than Charles but not Christine.	Anthony is slower than Christine.
entailment	Kathy is poorer than Sally but not Harriet.	Kathy is richer than Harriet.
entailment	Alex is wealthier than Carolyn but not Frances.	Alex is poorer than Frances.
entailment	Adam is smart than Eric but not Alfred.	Adam is dumb than Alfred.
entailment	Patrick is louder than Ryan but not Matthew.	Patrick is quieter than Matthew.
entailment	Hugh is older than Mary but not Harry.	Hugh is younger than Harry.
entailment	Sam is louder than Roger but not Larry.	Sam is quieter than Larry.
entailment	Lawrence is intelligent than Fiona but not Alison.	Lawrence is foolish than Alison.
entailment	Lynn is real than Grace but not Roger.	Lynn is fake than Roger.
entailment	Karen is heavier than Amy but not Alfred.	Karen is lighter than Alfred.
entailment	Susan is louder than Alan but not Philip.	Susan is quieter than Philip.
entailment	Don is tougher than Dick but not Ralph.	Don is softer than Ralph.
entailment	Carl is heavier than Sam but not Stephen.	Carl is lighter than Stephen.
entailment	Alice is weaker than Alexandra but not Scott.	Alice is stronger than Scott.
entailment	Mary is weaker than Fiona but not Stephanie.	Mary is stronger than Stephanie.
entailment	Michael is younger than Robin but not Janet.	Michael is elder than Janet.
entailment	Ralph is interesting than Charlotte but not Cynthia.	Ralph is boring than Cynthia.
entailment	Maria is interesting than Pamela but not Barbara.	Maria is boring than Barbara.
entailment	Eric is nicer than Richard but not Walter.	Eric is ruder than Walter.
entailment	Samuel is slower than Peter but not Julia.	Samuel is faster than Julia.
entailment	Katie is powerful than Sara but not Henry.	Katie is weak than Henry.
entailment	Evelyn is real than Virginia but not Harry.	Evelyn is fake than Harry.
entailment	James is funny than Alan but not Sophie.	James is boring than Sophie.
entailment	Suzanne is slower than Paul but not Dave.	Suzanne is faster than Dave.
entailment	Ryan is smart than Martin but not Florence.	Ryan is dumb than Florence.
entailment	Katherine is slower than Joseph but not Sam.	Katherine is faster than Sam.
entailment	Francis is complicated than Sara but not Fred.	Francis is simple than Fred.
entailment	Nick is thinner than Elizabeth but not Edith.	Nick is fatter than Edith.
entailment	Sharon is bigger than David but not Janet.	Sharon is tinier than Janet.
entailment	Kim is intelligent than Claire but not Brian.	Kim is foolish than Brian.
entailment	Marie is older than Frank but not Mike.	Marie is younger than Mike.
entailment	Andrew is cunning than Catherine but not James.	Andrew is honest than James.
entailment	Frances is crazy than Nick but not Betty.	Frances is normal than Betty.
entailment	Bill is interesting than Billy but not Steve.	Bill is boring than Steve.
entailment	Julie is stronger than Francis but not Daniel.	Julie is weaker than Daniel.
entailment	Harry is quieter than Tony but not Mark.	Harry is louder than Mark.
entailment	Bruce is heavier than Steve but not Mike.	Bruce is lighter than Mike.
entailment	Ellen is crazy than Daniel but not Patrick.	Ellen is normal than Patrick.
entailment	Catherine is beautiful than Bruce but not Howard.	Catherine is ugly than Howard.
entailment	Kevin is faster than Walter but not Nick.	Kevin is slower than Nick.
entailment	Leslie is younger than Stephanie but not Wendy.	Leslie is elder than Wendy.
entailment	Mark is smarter than Helen but not Don.	Mark is dumber than Don.
entailment	Evelyn is intelligent than Judy but not Steve.	Evelyn is foolish than Steve.
entailment	Kathryn is richer than Harry but not Charlie.	Kathryn is poorer than Charlie.
entailment	Joan is crazy than Janet but not Carol.	Joan is normal than Carol.
entailment	Ray is quieter than Ralph but not Henry.	Ray is louder than Henry.
entailment	Larry is nicer than Harriet but not Virginia.	Larry is ruder than Virginia.
entailment	Henry is richer than Betty but not Heather.	Henry is poorer than Heather.
entailment	Tom is bigger than Barbara but not Lisa.	Tom is tinier than Lisa.
entailment	Sophie is powerful than Don but not Elizabeth.	Sophie is weak than Elizabeth.
entailment	Sam is real than Ray but not Bruce.	Sam is fake than Bruce.
entailment	Amanda is younger than Paul but not Charlie.	Amanda is elder than Charlie.
entailment	Brian is interesting than Robin but not Larry.	Brian is boring than Larry.
entailment	Louise is funny than Heather but not John.	Louise is boring than John.
entailment	Hugh is normal than Michael but not Greg.	Hugh is crazy than Greg.
entailment	Ann is clever than Linda but not Karen.	Ann is dumb than Karen.
entailment	Scott is older than Charlie but not Jim.	Scott is younger than Jim.
entailment	Edward is smart than Jimmy but not Karen.	Edward is dumb than Karen.
entailment	Diane is interesting than Jay but not Ian.	Diane is boring than Ian.
entailment	Stephen is nicer than Anthony but not Steve.	Stephen is ruder than Steve.
entailment	Howard is thinner than Alice but not Ryan.	Howard is fatter than Ryan.
entailment	Chris is real than Jeff but not Susan.	Chris is fake than Susan.
entailment	Francis is heavier than Jay but not Elaine.	Francis is lighter than Elaine.
entailment	Harold is normal than Jennifer but not Eleanor.	Harold is crazy than Eleanor.
entailment	Stephen is thinner than Jean but not Emily.	Stephen is fatter than Emily.
entailment	Lawrence is crazy than Kathryn but not Dorothy.	Lawrence is normal than Dorothy.
entailment	Fred is louder than Frances but not Joe.	Fred is quieter than Joe.
entailment	Jennifer is quieter than Karen but not Dave.	Jennifer is louder than Dave.
entailment	Tim is complicated than Samuel but not Katie.	Tim is simple than Katie.
entailment	Rose is tougher than Charlotte but not Fiona.	Rose is softer than Fiona.
entailment	Diana is slower than Joseph but not Keith.	Diana is faster than Keith.
entailment	Roy is beautiful than Lisa but not Albert.	Roy is ugly than Albert.
entailment	Katherine is funny than Jane but not Sarah.	Katherine is boring than Sarah.
entailment	Hugh is tougher than Amanda but not Emma.	Hugh is softer than Emma.
entailment	Richard is younger than Philip but not Mary.	Richard is elder than Mary.
entailment	Paul is funny than Karen but not Martin.	Paul is boring than Martin.
entailment	John is quieter than Florence but not Patricia.	John is louder than Patricia.
entailment	George is shorter than David but not Anna.	George is taller than Anna.
entailment	Diana is shorter than Deborah but not Bruce.	Diana is taller than Bruce.
entailment	Harold is poorer than Jay but not Gary.	Harold is richer than Gary.
entailment	Roger is clever than Greg but not Edwin.	Roger is dumb than Edwin.
entailment	Bob is interesting than Carl but not Cynthia.	Bob is boring than Cynthia.
entailment	Samuel is cunning than Don but not Billy.	Samuel is honest than Billy.
entailment	Ann is heavier than Joan but not Peter.	Ann is lighter than Peter.
entailment	Don is real than Andrew but not Anthony.	Don is fake than Anthony.
entailment	Jeff is younger than Katie but not Don.	Jeff is elder than Don.
entailment	Virginia is richer than Nick but not Kathryn.	Virginia is poorer than Kathryn.
entailment	William is tougher than George but not Patricia.	William is softer than Patricia.
entailment	Johnny is heavier than Marie but not Benjamin.	Johnny is lighter than Benjamin.
entailment	James is thinner than Jean but not Tony.	James is fatter than Tony.
entailment	Ian is louder than Frederick but not Sharon.	Ian is quieter than Sharon.
entailment	Judy is powerful than Katherine but not Kathryn.	Judy is weak than Kathryn.
entailment	Dan is quicker than Michael but not Ashley.	Dan is slower than Ashley.
entailment	Alexander is complicated than Jean but not Benjamin.	Alexander is simple than Benjamin.
entailment	Martha is quicker than Martin but not Frank.	Martha is slower than Frank.
entailment	Frank is cunning than Michael but not Francis.	Frank is honest than Francis.
entailment	Robin is happier than Edith but not Michelle.	Robin is sadder than Michelle.
entailment	Stephanie is stronger than Anthony but not Ben.	Stephanie is weaker than Ben.
entailment	Alexandra is tinier than Anthony but not Mark.	Alexandra is bigger than Mark.
entailment	Betty is interesting than Alex but not Albert.	Betty is boring than Albert.
entailment	Harold is funny than Mark but not Lucy.	Harold is boring than Lucy.
entailment	Al is bigger than Edward but not Arthur.	Al is tinier than Arthur.
entailment	Dorothy is richer than Daniel but not Marilyn.	Dorothy is poorer than Marilyn.
entailment	Andrew is younger than Jessica but not Bill.	Andrew is elder than Bill.
entailment	Sandra is quieter than Jane but not Leslie.	Sandra is louder than Leslie.
entailment	William is normal than Betty but not Grace.	William is crazy than Grace.
entailment	Stephen is tinier than William but not Roger.	Stephen is bigger than Roger.
entailment	Dave is cunning than Alan but not Christopher.	Dave is honest than Christopher.
entailment	Andrea is older than Amanda but not Alexandra.	Andrea is younger than Alexandra.
entailment	Anthony is real than Mark but not Stephanie.	Anthony is fake than Stephanie.
entailment	Jane is richer than Kathy but not Ron.	Jane is poorer than Ron.
entailment	Alfred is louder than Bill but not Louise.	Alfred is quieter than Louise.
entailment	Richard is complicated than Harold but not Kate.	Richard is simple than Kate.
entailment	Diane is interesting than Paul but not Anthony.	Diane is boring than Anthony.
entailment	Matt is smarter than Mark but not Julie.	Matt is dumber than Julie.
entailment	Stephanie is interesting than Judith but not Thomas.	Stephanie is boring than Thomas.
entailment	Diane is heavier than Rebecca but not Bill.	Diane is lighter than Bill.
entailment	Pamela is interesting than Dave but not Ashley.	Pamela is boring than Ashley.
entailment	Charlie is richer than Claire but not Kenneth.	Charlie is poorer than Kenneth.
entailment	Ron is younger than Angela but not Kate.	Ron is elder than Kate.
entailment	Melissa is slower than Paul but not Rose.	Melissa is faster than Rose.
entailment	Elaine is richer than Marie but not Steven.	Elaine is poorer than Steven.
entailment	Emily is richer than Johnny but not David.	Emily is poorer than David.
entailment	Alison is powerful than Dick but not Amy.	Alison is weak than Amy.
entailment	David is real than Alan but not Lauren.	David is fake than Lauren.
entailment	Colin is normal than Pamela but not Walter.	Colin is crazy than Walter.
entailment	Florence is poorer than Judith but not Robert.	Florence is richer than Robert.
entailment	Stephanie is older than Betty but not Alexander.	Stephanie is younger than Alexander.
entailment	Fred is shorter than Jean but not Bobby.	Fred is taller than Bobby.
entailment	Kathleen is nicer than Martha but not Ruth.	Kathleen is ruder than Ruth.
entailment	Julia is slower than Walter but not Rachel.	Julia is faster than Rachel.
entailment	Lauren is faster than Keith but not Steven.	Lauren is slower than Steven.
entailment	Claire is smarter than Alison but not Margaret.	Claire is dumber than Margaret.
entailment	Diana is heavier than Julia but not Jason.	Diana is lighter than Jason.
entailment	Stephen is happier than Chris but not Steve.	Stephen is sadder than Steve.
entailment	Arthur is older than Emily but not Tony.	Arthur is younger than Tony.
entailment	Harry is complicated than Deborah but not Colin.	Harry is simple than Colin.
entailment	Mark is crazy than Ryan but not Ian.	Mark is normal than Ian.
entailment	Judy is happier than Frederick but not Lawrence.	Judy is sadder than Lawrence.
entailment	Ken is powerful than Evelyn but not Anne.	Ken is weak than Anne.
entailment	Katie is happier than Ruth but not Joan.	Katie is sadder than Joan.
entailment	Nick is crazy than Robert but not Heather.	Nick is normal than Heather.
entailment	Nick is funny than Anne but not Ann.	Nick is boring than Ann.
entailment	Sophie is younger than Steven but not Harry.	Sophie is elder than Harry.
entailment	Katherine is normal than David but not Ryan.	Katherine is crazy than Ryan.
entailment	Philip is tougher than Christopher but not Donald.	Philip is softer than Donald.
entailment	Sandra is quieter than Louis but not Martha.	Sandra is louder than Martha.
entailment	Anne is crazy than Amanda but not Ruth.	Anne is normal than Ruth.
entailment	Carl is funny than Edith but not Kim.	Carl is boring than Kim.
entailment	Carol is normal than Keith but not Matthew.	Carol is crazy than Matthew.
entailment	Helen is older than Wendy but not Carol.	Helen is younger than Carol.
entailment	Martin is older than Emma but not Sam.	Martin is younger than Sam.
entailment	Annie is real than Cynthia but not Kenneth.	Annie is fake than Kenneth.
entailment	Joe is smart than Nancy but not Peter.	Joe is dumb than Peter.
entailment	Nancy is stronger than Tony but not Lawrence.	Nancy is weaker than Lawrence.
entailment	Lauren is wealthier than Ryan but not Ian.	Lauren is poorer than Ian.
entailment	Julia is nicer than Chris but not Rachel.	Julia is ruder than Rachel.
entailment	Virginia is weaker than Simon but not Thomas.	Virginia is stronger than Thomas.
entailment	Patrick is smarter than Sue but not Karen.	Patrick is dumber than Karen.
entailment	Harold is powerful than Johnny but not Laura.	Harold is weak than Laura.
entailment	Cynthia is real than Johnny but not Ray.	Cynthia is fake than Ray.
entailment	Colin is smarter than Adam but not Anne.	Colin is dumber than Anne.
entailment	Katherine is funny than Eleanor but not Ryan.	Katherine is boring than Ryan.
entailment	Helen is nicer than Victoria but not Claire.	Helen is ruder than Claire.
entailment	Robin is older than Margaret but not Colin.	Robin is younger than Colin.
entailment	Howard is thinner than Tom but not Ken.	Howard is fatter than Ken.
entailment	Carl is interesting than Nancy but not Lucy.	Carl is boring than Lucy.
entailment	Kevin is cunning than Emma but not Rebecca.	Kevin is honest than Rebecca.
entailment	Sandra is nicer than Jim but not Katherine.	Sandra is ruder than Katherine.
entailment	Mark is older than Jonathan but not Gary.	Mark is younger than Gary.
entailment	Joe is shorter than Tim but not Karen.	Joe is taller than Karen.
entailment	Helen is complicated than Judy but not Anthony.	Helen is simple than Anthony.
entailment	Judith is beautiful than Lisa but not Thomas.	Judith is ugly than Thomas.
entailment	David is taller than Rebecca but not Dick.	David is shorter than Dick.
entailment	Jane is smart than Kathryn but not Jonathan.	Jane is dumb than Jonathan.
entailment	James is crazy than Chris but not John.	James is normal than John.
entailment	Alfred is cunning than Roger but not Emily.	Alfred is honest than Emily.
entailment	Elaine is weaker than Maria but not Lawrence.	Elaine is stronger than Lawrence.
entailment	Roger is younger than Alex but not Lynn.	Roger is elder than Lynn.
entailment	Cynthia is real than Katie but not Andrew.	Cynthia is fake than Andrew.
entailment	Catherine is slower than Ben but not Colin.	Catherine is faster than Colin.
entailment	Judith is slower than Sandra but not Alex.	Judith is faster than Alex.
entailment	Elaine is thinner than Evelyn but not Matt.	Elaine is fatter than Matt.
entailment	Ralph is funny than Sharon but not Mike.	Ralph is boring than Mike.
entailment	Susan is richer than Bruce but not Frederick.	Susan is poorer than Frederick.
entailment	Gary is interesting than Rebecca but not Jay.	Gary is boring than Jay.
entailment	Anna is shorter than Emma but not Barbara.	Anna is taller than Barbara.
entailment	Jessica is older than Ellen but not Barbara.	Jessica is younger than Barbara.
entailment	Rose is complicated than Joseph but not Charlie.	Rose is simple than Charlie.
entailment	Jim is normal than Michael but not Stephen.	Jim is crazy than Stephen.
entailment	Kathy is tinier than Johnny but not Harold.	Kathy is bigger than Harold.
entailment	Alfred is weaker than Billy but not Virginia.	Alfred is stronger than Virginia.
entailment	Hugh is younger than Robert but not Caroline.	Hugh is elder than Caroline.
entailment	Rachel is clever than Kenneth but not Dave.	Rachel is dumb than Dave.
entailment	Evelyn is shorter than Sam but not Jim.	Evelyn is taller than Jim.
entailment	Pamela is real than Anne but not Amy.	Pamela is fake than Amy.
entailment	Bobby is happier than Helen but not Martin.	Bobby is sadder than Martin.
entailment	Sara is tougher than Larry but not Kelly.	Sara is softer than Kelly.
entailment	Dan is faster than Eleanor but not Jeff.	Dan is slower than Jeff.
entailment	Christopher is funny than Christine but not Harold.	Christopher is boring than Harold.
entailment	Mary is faster than Kim but not Michael.	Mary is slower than Michael.
entailment	Ruth is normal than Ralph but not Tony.	Ruth is crazy than Tony.
entailment	Charlie is shorter than Melissa but not Kim.	Charlie is taller than Kim.
entailment	Andrew is taller than Barbara but not Matt.	Andrew is shorter than Matt.
entailment	Ralph is shorter than Jonathan but not James.	Ralph is taller than James.
entailment	Judith is tougher than Adam but not Dick.	Judith is softer than Dick.
entailment	Patrick is older than Martha but not Pamela.	Patrick is younger than Pamela.
entailment	Albert is crazy than Anthony but not Dan.	Albert is normal than Dan.
entailment	Jane is real than Julie but not Tony.	Jane is fake than Tony.
entailment	Leslie is clever than Elaine but not Kathryn.	Leslie is dumb than Kathryn.
entailment	William is happier than Frances but not Ann.	William is sadder than Ann.
entailment	Annie is happier than Arthur but not Elizabeth.	Annie is sadder than Elizabeth.
entailment	Ben is slower than Thomas but not Jay.	Ben is faster than Jay.
entailment	Joseph is bigger than Bob but not David.	Joseph is tinier than David.
entailment	Bruce is slower than Lawrence but not Nancy.	Bruce is faster than Nancy.
entailment	Elizabeth is smart than Philip but not Sharon.	Elizabeth is dumb than Sharon.
entailment	William is real than Pamela but not Fred.	William is fake than Fred.
entailment	Dick is tinier than Kim but not Kelly.	Dick is bigger than Kelly.
entailment	Charlotte is interesting than Sue but not Andrea.	Charlotte is boring than Andrea.
entailment	Karen is slower than Walter but not Tim.	Karen is faster than Tim.
entailment	Janet is interesting than Daniel but not Harriet.	Janet is boring than Harriet.
entailment	Thomas is happier than Walter but not Jennifer.	Thomas is sadder than Jennifer.
entailment	Florence is beautiful than Michelle but not Heather.	Florence is ugly than Heather.
entailment	John is smart than Charlotte but not Dave.	John is dumb than Dave.
entailment	Helen is complicated than Keith but not Dan.	Helen is simple than Dan.
entailment	Harry is cunning than Rose but not Deborah.	Harry is honest than Deborah.
entailment	Judith is poorer than Louise but not Jessica.	Judith is richer than Jessica.
entailment	Bill is intelligent than Ben but not Sara.	Bill is foolish than Sara.
entailment	Charles is poorer than Kathy but not Frederick.	Charles is richer than Frederick.
entailment	Jason is quieter than Ann but not Jennifer.	Jason is louder than Jennifer.
entailment	Carol is tougher than Judith but not Jennifer.	Carol is softer than Jennifer.
entailment	Colin is smart than Victoria but not Larry.	Colin is dumb than Larry.
entailment	Richard is funny than Matt but not Leslie.	Richard is boring than Leslie.
entailment	Florence is older than Jennifer but not Alexandra.	Florence is younger than Alexandra.
entailment	Bob is tougher than Rachel but not Kim.	Bob is softer than Kim.
entailment	Johnny is real than Charles but not Sally.	Johnny is fake than Sally.
entailment	Philip is heavier than Donald but not Charlie.	Philip is lighter than Charlie.
entailment	Marie is stronger than Ralph but not Gary.	Marie is weaker than Gary.
entailment	Edwin is quicker than Betty but not Fred.	Edwin is slower than Fred.
entailment	Bobby is normal than Roger but not Kelly.	Bobby is crazy than Kelly.
entailment	Virginia is older than Frederick but not Chris.	Virginia is younger than Chris.
entailment	Harry is crazy than Annie but not Harriet.	Harry is normal than Harriet.
entailment	Daniel is cunning than Harriet but not Sam.	Daniel is honest than Sam.
entailment	Roy is clever than Johnny but not Stephen.	Roy is dumb than Stephen.
entailment	Jack is smarter than Johnny but not Alex.	Jack is dumber than Alex.
entailment	Ken is older than Patricia but not Philip.	Ken is younger than Philip.
entailment	Barbara is stronger than Ellen but not Richard.	Barbara is weaker than Richard.
entailment	Harriet is older than Alexander but not Frederick.	Harriet is younger than Frederick.
entailment	Johnny is thinner than Scott but not Kate.	Johnny is fatter than Kate.
entailment	Maria is quicker than Grace but not Carl.	Maria is slower than Carl.
entailment	Ryan is nicer than Julie but not Amy.	Ryan is ruder than Amy.
entailment	Jay is tinier than Louis but not James.	Jay is bigger than James.
entailment	Bill is powerful than Steve but not Matt.	Bill is weak than Matt.
entailment	Lisa is older than Lauren but not Emily.	Lisa is younger than Emily.
entailment	Edith is cunning than Angela but not Jim.	Edith is honest than Jim.
entailment	Harriet is bigger than Kim but not Elizabeth.	Harriet is tinier than Elizabeth.
entailment	Mark is crazy than Ruth but not Gary.	Mark is normal than Gary.
entailment	Helen is quicker than Joe but not Matt.	Helen is slower than Matt.
entailment	Ellen is cunning than Jane but not Julia.	Ellen is honest than Julia.
entailment	Deborah is richer than Joan but not Sam.	Deborah is poorer than Sam.
entailment	Annie is wealthier than James but not Fred.	Annie is poorer than Fred.
entailment	Joe is slower than Kathleen but not Lucy.	Joe is faster than Lucy.
entailment	Jason is faster than Victoria but not Benjamin.	Jason is slower than Benjamin.
entailment	Lynn is weaker than Nicole but not Ryan.	Lynn is stronger than Ryan.
entailment	Lucy is stronger than Jean but not Lisa.	Lucy is weaker than Lisa.
entailment	Carl is complicated than Francis but not Jeff.	Carl is simple than Jeff.
entailment	Nicole is tinier than Stephanie but not Bill.	Nicole is bigger than Bill.
entailment	Catherine is complicated than Alexandra but not Philip.	Catherine is simple than Philip.
entailment	Christine is intelligent than Howard but not Mike.	Christine is foolish than Mike.
entailment	Joe is real than David but not Deborah.	Joe is fake than Deborah.
entailment	Kelly is tougher than Stephanie but not Margaret.	Kelly is softer than Margaret.
entailment	Jason is tougher than Kenneth but not Matt.	Jason is softer than Matt.
entailment	Robin is tougher than Simon but not Diana.	Robin is softer than Diana.
entailment	Sarah is bigger than Anne but not Nick.	Sarah is tinier than Nick.
entailment	Jessica is powerful than Harry but not Alexandra.	Jessica is weak than Alexandra.
entailment	Tony is faster than Heather but not Caroline.	Tony is slower than Caroline.
entailment	Ben is intelligent than Donald but not Janet.	Ben is foolish than Janet.
entailment	Susan is older than Stephanie but not Sally.	Susan is younger than Sally.
entailment	Gary is nicer than Jonathan but not Charlotte.	Gary is ruder than Charlotte.
entailment	Eleanor is shorter than Ed but not Bruce.	Eleanor is taller than Bruce.
entailment	Stephanie is louder than Ann but not Matt.	Stephanie is quieter than Matt.
entailment	Joe is heavier than Amanda but not Tony.	Joe is lighter than Tony.
entailment	Ralph is normal than Al but not Nancy.	Ralph is crazy than Nancy.
entailment	Charles is stronger than Sally but not Dick.	Charles is weaker than Dick.
entailment	Gary is powerful than Ashley but not Caroline.	Gary is weak than Caroline.
entailment	Sally is faster than Greg but not Brian.	Sally is slower than Brian.
entailment	Harriet is bigger than Julia but not Victoria.	Harriet is tinier than Victoria.
entailment	Michael is taller than Edwin but not Gary.	Michael is shorter than Gary.
entailment	Arthur is thinner than Emma but not Stephen.	Arthur is fatter than Stephen.
entailment	Frederick is clever than Emma but not Anna.	Frederick is dumb than Anna.
entailment	Patricia is tinier than Amanda but not Steve.	Patricia is bigger than Steve.
entailment	Carolyn is richer than Alison but not Ashley.	Carolyn is poorer than Ashley.
entailment	Caroline is quieter than Martin but not Ed.	Caroline is louder than Ed.
entailment	Eric is interesting than Jean but not Jill.	Eric is boring than Jill.
entailment	Frances is richer than Kathy but not Emily.	Frances is poorer than Emily.
entailment	Leslie is happier than Thomas but not Evelyn.	Leslie is sadder than Evelyn.
entailment	John is tinier than Alison but not Frederick.	John is bigger than Frederick.
entailment	Lawrence is smarter than Simon but not Ashley.	Lawrence is dumber than Ashley.
entailment	Rachel is thinner than Kathryn but not Don.	Rachel is fatter than Don.
entailment	Gary is younger than Bob but not Keith.	Gary is elder than Keith.
entailment	Brian is louder than Roy but not Jimmy.	Brian is quieter than Jimmy.
entailment	Martha is older than Alexander but not Sally.	Martha is younger than Sally.
entailment	Daniel is tougher than Betty but not Elizabeth.	Daniel is softer than Elizabeth.
entailment	Fred is cunning than Alan but not Ed.	Fred is honest than Ed.
entailment	Laura is smart than Jill but not Betty.	Laura is dumb than Betty.
entailment	Christopher is bigger than Judith but not Jason.	Christopher is tinier than Jason.
entailment	Joe is taller than Jonathan but not Louis.	Joe is shorter than Louis.
entailment	Linda is normal than Grace but not Martha.	Linda is crazy than Martha.
entailment	Ian is slower than Bob but not Catherine.	Ian is faster than Catherine.
entailment	Maria is interesting than Kate but not Jerry.	Maria is boring than Jerry.
entailment	Deborah is quieter than Marie but not Robert.	Deborah is louder than Robert.
entailment	Jack is quieter than Kathleen but not Hugh.	Jack is louder than Hugh.
entailment	Edwin is intelligent than Sara but not Patricia.	Edwin is foolish than Patricia.
entailment	Dan is crazy than Wendy but not Harold.	Dan is normal than Harold.
entailment	Jennifer is interesting than Charlotte but not Tony.	Jennifer is boring than Tony.
entailment	Mark is intelligent than Rebecca but not Jennifer.	Mark is foolish than Jennifer.
entailment	Patricia is funny than Thomas but not Fiona.	Patricia is boring than Fiona.
entailment	Mary is shorter than Lucy but not Ian.	Mary is taller than Ian.
entailment	Alison is older than Jeff but not Elizabeth.	Alison is younger than Elizabeth.
entailment	Ashley is complicated than Julie but not Jill.	Ashley is simple than Jill.
entailment	Kenneth is shorter than Margaret but not Sarah.	Kenneth is taller than Sarah.
entailment	Elizabeth is interesting than Donald but not Diane.	Elizabeth is boring than Diane.
entailment	Patrick is smart than Sally but not Nick.	Patrick is dumb than Nick.
entailment	Lynn is smarter than Melissa but not Michael.	Lynn is dumber than Michael.
entailment	Donna is slower than Kelly but not Mark.	Donna is faster than Mark.
entailment	Florence is tougher than Mark but not Ruth.	Florence is softer than Ruth.
entailment	Sam is powerful than Samuel but not Ken.	Sam is weak than Ken.
entailment	Sue is bigger than Alan but not Susan.	Sue is tinier than Susan.
entailment	Nicole is slower than Grace but not Diana.	Nicole is faster than Diana.
entailment	Donna is interesting than Katie but not Alexandra.	Donna is boring than Alexandra.
entailment	Gary is tougher than Kim but not Sam.	Gary is softer than Sam.
entailment	Jill is tinier than Janet but not Jerry.	Jill is bigger than Jerry.
entailment	Frances is smart than Evelyn but not Anthony.	Frances is dumb than Anthony.
entailment	Arthur is normal than Jay but not Greg.	Arthur is crazy than Greg.
entailment	Sharon is normal than Nick but not Margaret.	Sharon is crazy than Margaret.
entailment	Ken is happier than Sam but not Robin.	Ken is sadder than Robin.
entailment	Charlotte is older than Dick but not Caroline.	Charlotte is younger than Caroline.
entailment	Harold is weaker than Jim but not Michael.	Harold is stronger than Michael.
entailment	Claire is clever than Heather but not Bob.	Claire is dumb than Bob.
entailment	Fiona is shorter than Maria but not Jean.	Fiona is taller than Jean.
entailment	Kathy is quieter than Victoria but not Nancy.	Kathy is louder than Nancy.
entailment	Martha is beautiful than Ashley but not Jay.	Martha is ugly than Jay.
entailment	Matt is quicker than Caroline but not Simon.	Matt is slower than Simon.
entailment	David is intelligent than Ryan but not Caroline.	David is foolish than Caroline.
entailment	Jane is powerful than Evelyn but not William.	Jane is weak than William.
entailment	Roy is happier than Jean but not Don.	Roy is sadder than Don.
entailment	Richard is poorer than Annie but not Rachel.	Richard is richer than Rachel.
entailment	Alice is interesting than Susan but not Martin.	Alice is boring than Martin.
entailment	Margaret is complicated than Martha but not Steve.	Margaret is simple than Steve.
entailment	Jennifer is smart than Stephanie but not Anna.	Jennifer is dumb than Anna.
entailment	Florence is smarter than Kenneth but not Edith.	Florence is dumber than Edith.
entailment	Claire is stronger than Simon but not Sophie.	Claire is weaker than Sophie.
entailment	Patricia is tougher than Harold but not Kim.	Patricia is softer than Kim.
entailment	Tom is thinner than Billy but not Nicole.	Tom is fatter than Nicole.
entailment	Sam is normal than Lynn but not Leslie.	Sam is crazy than Leslie.
entailment	Sarah is thinner than Ruth but not Hugh.	Sarah is fatter than Hugh.
entailment	Melissa is complicated than Sara but not Benjamin.	Melissa is simple than Benjamin.
entailment	Angela is complicated than Adam but not Robin.	Angela is simple than Robin.
entailment	Diana is smarter than Donald but not Elizabeth.	Diana is dumber than Elizabeth.
entailment	Alice is shorter than Florence but not Rachel.	Alice is taller than Rachel.
entailment	Frank is tougher than Alex but not Annie.	Frank is softer than Annie.
entailment	Judith is heavier than Frances but not Roy.	Judith is lighter than Roy.
entailment	Jill is cunning than Dick but not Eleanor.	Jill is honest than Eleanor.
entailment	William is crazy than Gary but not Sue.	William is normal than Sue.
entailment	Pamela is heavier than Carolyn but not Kate.	Pamela is lighter than Kate.
entailment	Jay is bigger than Katie but not Sue.	Jay is tinier than Sue.
entailment	Donna is happier than Louis but not Edward.	Donna is sadder than Edward.
entailment	Helen is real than Mary but not Dave.	Helen is fake than Dave.
entailment	Dave is thinner than Dan but not Diana.	Dave is fatter than Diana.
entailment	Andrea is interesting than Diana but not Larry.	Andrea is boring than Larry.
entailment	Thomas is beautiful than Kim but not Virginia.	Thomas is ugly than Virginia.
entailment	Patrick is interesting than Roger but not Sue.	Patrick is boring than Sue.
entailment	Bobby is poorer than Alexander but not Howard.	Bobby is richer than Howard.
entailment	Sara is heavier than Joan but not Ron.	Sara is lighter than Ron.
entailment	Mary is smarter than Wendy but not Judy.	Mary is dumber than Judy.
entailment	Matt is slower than Larry but not Philip.	Matt is faster than Philip.
entailment	Elaine is smarter than Leslie but not Eric.	Elaine is dumber than Eric.
entailment	Sandra is happier than Steven but not Jane.	Sandra is sadder than Jane.
entailment	Larry is powerful than Joe but not Stephanie.	Larry is weak than Stephanie.
entailment	Deborah is smarter than Charlie but not Lynn.	Deborah is dumber than Lynn.
entailment	Emma is clever than Rebecca but not Jason.	Emma is dumb than Jason.
entailment	Rose is happier than Amanda but not Ken.	Rose is sadder than Ken.
entailment	Al is thinner than Sarah but not Sally.	Al is fatter than Sally.
entailment	Jason is tougher than Jimmy but not Diana.	Jason is softer than Diana.
entailment	Leslie is wealthier than Grace but not Howard.	Leslie is poorer than Howard.
entailment	Lisa is smarter than Helen but not Sophie.	Lisa is dumber than Sophie.
entailment	Pamela is beautiful than Dick but not Patricia.	Pamela is ugly than Patricia.
entailment	Katie is smart than Ben but not Keith.	Katie is dumb than Keith.
entailment	John is tinier than Mark but not Adam.	John is bigger than Adam.
entailment	Mark is clever than Louise but not Alfred.	Mark is dumb than Alfred.
entailment	Sue is quieter than Leslie but not Caroline.	Sue is louder than Caroline.
entailment	Ed is thinner than Amanda but not Emily.	Ed is fatter than Emily.
entailment	Mike is shorter than Simon but not Rachel.	Mike is taller than Rachel.
entailment	Martin is faster than Mark but not Janet.	Martin is slower than Janet.
entailment	Alison is heavier than Jane but not Albert.	Alison is lighter than Albert.
entailment	Johnny is complicated than Al but not Michael.	Johnny is simple than Michael.
entailment	Sam is taller than Jerry but not William.	Sam is shorter than William.
entailment	Greg is richer than Jerry but not Arthur.	Greg is poorer than Arthur.
entailment	Ed is quieter than Donna but not Gary.	Ed is louder than Gary.
entailment	Rebecca is clever than Dick but not Tony.	Rebecca is dumb than Tony.
entailment	Alexandra is intelligent than Robert but not Janet.	Alexandra is foolish than Janet.
entailment	John is powerful than Karen but not Kate.	John is weak than Kate.
entailment	Patricia is louder than Kelly but not Dick.	Patricia is quieter than Dick.
entailment	Harriet is normal than Ben but not Emma.	Harriet is crazy than Emma.
entailment	James is beautiful than Ian but not Evelyn.	James is ugly than Evelyn.
entailment	Nancy is bigger than Thomas but not Alice.	Nancy is tinier than Alice.
entailment	Rebecca is bigger than Martin but not Florence.	Rebecca is tinier than Florence.
entailment	Alan is crazy than Jerry but not John.	Alan is normal than John.
entailment	Robert is slower than Deborah but not Peter.	Robert is faster than Peter.
entailment	Julia is quieter than Chris but not Bob.	Julia is louder than Bob.
entailment	Katherine is heavier than Elizabeth but not Stephen.	Katherine is lighter than Stephen.
entailment	Daniel is smarter than Lawrence but not Melissa.	Daniel is dumber than Melissa.
entailment	Lauren is stronger than Don but not Kenneth.	Lauren is weaker than Kenneth.
entailment	Bill is beautiful than Lauren but not Mary.	Bill is ugly than Mary.
entailment	Julie is poorer than Roy but not Donna.	Julie is richer than Donna.
entailment	Marie is cunning than Lisa but not Martha.	Marie is honest than Martha.
entailment	Ryan is interesting than Donna but not Steven.	Ryan is boring than Steven.
entailment	Tim is faster than Sandra but not Larry.	Tim is slower than Larry.
entailment	Elizabeth is smart than Margaret but not Bruce.	Elizabeth is dumb than Bruce.
entailment	Rebecca is bigger than Philip but not Bruce.	Rebecca is tinier than Bruce.
entailment	Ann is beautiful than Frances but not Keith.	Ann is ugly than Keith.
entailment	William is taller than Carolyn but not Harriet.	William is shorter than Harriet.
entailment	Kathleen is tougher than Cynthia but not Al.	Kathleen is softer than Al.
entailment	Keith is quieter than Frances but not Tony.	Keith is louder than Tony.
entailment	Andrea is beautiful than Jay but not Michael.	Andrea is ugly than Michael.
entailment	Andrew is intelligent than Katie but not Dave.	Andrew is foolish than Dave.
entailment	Jay is interesting than Simon but not Kathy.	Jay is boring than Kathy.
entailment	Alexandra is cunning than Anna but not Martha.	Alexandra is honest than Martha.
entailment	Ann is cunning than Rebecca but not Peter.	Ann is honest than Peter.
entailment	Eleanor is faster than Walter but not Alice.	Eleanor is slower than Alice.
entailment	Brian is smarter than Martha but not Ray.	Brian is dumber than Ray.
entailment	Frank is older than Carl but not Lawrence.	Frank is younger than Lawrence.
entailment	Sandra is shorter than Jill but not Maria.	Sandra is taller than Maria.
entailment	Donna is thinner than Rachel but not Arthur.	Donna is fatter than Arthur.
entailment	Tony is wealthier than Barbara but not Janet.	Tony is poorer than Janet.
entailment	Suzanne is quieter than Judith but not Colin.	Suzanne is louder than Colin.
entailment	Ryan is richer than Dick but not Rachel.	Ryan is poorer than Rachel.
entailment	Richard is older than Michelle but not Tom.	Richard is younger than Tom.
entailment	Ed is louder than Anthony but not Colin.	Ed is quieter than Colin.
entailment	Stephanie is poorer than Joseph but not Karen.	Stephanie is richer than Karen.
entailment	Adam is quicker than Florence but not Eleanor.	Adam is slower than Eleanor.
entailment	Jonathan is clever than Ken but not Lauren.	Jonathan is dumb than Lauren.
entailment	Emma is weaker than Kathleen but not Mike.	Emma is stronger than Mike.
entailment	Sarah is real than Joseph but not Thomas.	Sarah is fake than Thomas.
entailment	Carolyn is faster than Mark but not Ashley.	Carolyn is slower than Ashley.
entailment	Leslie is beautiful than Ken but not Sandra.	Leslie is ugly than Sandra.
entailment	Michelle is quicker than Alice but not Rachel.	Michelle is slower than Rachel.
entailment	Kathryn is cunning than Jill but not Nicole.	Kathryn is honest than Nicole.
entailment	Kathy is shorter than Larry but not Kenneth.	Kathy is taller than Kenneth.
entailment	Ruth is crazy than Elizabeth but not Jay.	Ruth is normal than Jay.
entailment	Lisa is older than George but not Peter.	Lisa is younger than Peter.
entailment	Hugh is real than Robin but not Amy.	Hugh is fake than Amy.
entailment	Wendy is tougher than Ray but not Christopher.	Wendy is softer than Christopher.
entailment	Leslie is shorter than Ann but not Howard.	Leslie is taller than Howard.
entailment	Jack is crazy than Eleanor but not Henry.	Jack is normal than Henry.
entailment	Hugh is older than Robert but not Joseph.	Hugh is younger than Joseph.
entailment	Martin is older than Steven but not Jill.	Martin is younger than Jill.
entailment	Andrea is smarter than Keith but not Claire.	Andrea is dumber than Claire.
entailment	Ian is older than Tom but not Kate.	Ian is younger than Kate.
entailment	Paul is richer than Grace but not Stephen.	Paul is poorer than Stephen.
entailment	Harriet is heavier than Marilyn but not Sue.	Harriet is lighter than Sue.
entailment	Kenneth is shorter than Jerry but not Christopher.	Kenneth is taller than Christopher.
entailment	Martha is quieter than Chris but not Kevin.	Martha is louder than Kevin.
entailment	Dick is smarter than Joseph but not Elaine.	Dick is dumber than Elaine.
entailment	Samuel is intelligent than Angela but not John.	Samuel is foolish than John.
entailment	Donald is wealthier than Simon but not Melissa.	Donald is poorer than Melissa.
entailment	Martin is clever than Fiona but not Simon.	Martin is dumb than Simon.
entailment	Anna is stronger than Ben but not Jack.	Anna is weaker than Jack.
entailment	Marilyn is smart than Maria but not Simon.	Marilyn is dumb than Simon.
entailment	Frank is taller than Kathy but not Andrew.	Frank is shorter than Andrew.
entailment	Grace is slower than Annie but not John.	Grace is faster than John.
entailment	Jason is heavier than Martha but not Kathleen.	Jason is lighter than Kathleen.
entailment	Jane is shorter than Samuel but not Peter.	Jane is taller than Peter.
entailment	Sandra is weaker than James but not Kathleen.	Sandra is stronger than Kathleen.
entailment	Greg is taller than Dave but not Louise.	Greg is shorter than Louise.
entailment	Sara is interesting than Larry but not Frances.	Sara is boring than Frances.
entailment	Heather is bigger than Louise but not Michelle.	Heather is tinier than Michelle.
entailment	Robin is louder than Joan but not Claire.	Robin is quieter than Claire.
entailment	Alexandra is thinner than Simon but not Martha.	Alexandra is fatter than Martha.
entailment	Ruth is cunning than Stephanie but not Christopher.	Ruth is honest than Christopher.
entailment	Ron is stronger than Anne but not Karen.	Ron is weaker than Karen.
entailment	Kenneth is tinier than Harry but not Sharon.	Kenneth is bigger than Sharon.
entailment	Jill is thinner than Louis but not Alan.	Jill is fatter than Alan.
entailment	Fred is older than Donna but not Amy.	Fred is younger than Amy.
entailment	Hugh is weaker than Kate but not Joan.	Hugh is stronger than Joan.
entailment	Matthew is older than Robin but not Matt.	Matthew is younger than Matt.
entailment	Barbara is older than Lucy but not Charlotte.	Barbara is younger than Charlotte.
entailment	Melissa is funny than Walter but not Deborah.	Melissa is boring than Deborah.
entailment	Stephen is crazy than Diana but not Edwin.	Stephen is normal than Edwin.
entailment	Lisa is wealthier than Dick but not Melissa.	Lisa is poorer than Melissa.
entailment	Nicole is clever than Kathleen but not Henry.	Nicole is dumb than Henry.
entailment	Anna is smarter than Florence but not Alfred.	Anna is dumber than Alfred.
entailment	Keith is intelligent than Frank but not Peter.	Keith is foolish than Peter.
entailment	Bob is richer than Lynn but not Kim.	Bob is poorer than Kim.
entailment	Jay is smarter than Evelyn but not Peter.	Jay is dumber than Peter.
entailment	Jeff is quieter than Emily but not Bob.	Jeff is louder than Bob.
entailment	Frederick is complicated than Adam but not Caroline.	Frederick is simple than Caroline.
entailment	Gary is wealthier than Marilyn but not Julie.	Gary is poorer than Julie.
entailment	Judith is quieter than Carol but not Ashley.	Judith is louder than Ashley.
entailment	Ian is happier than Anthony but not Alexander.	Ian is sadder than Alexander.
entailment	Alan is normal than Patricia but not Anna.	Alan is crazy than Anna.
entailment	Jay is real than Dave but not Julie.	Jay is fake than Julie.
entailment	Ken is thinner than Don but not Mary.	Ken is fatter than Mary.
entailment	Leslie is stronger than Jason but not Jack.	Leslie is weaker than Jack.
entailment	Arthur is younger than Alison but not Patricia.	Arthur is elder than Patricia.
entailment	Grace is younger than Nicole but not Sally.	Grace is elder than Sally.
entailment	Marie is clever than Sophie but not Rose.	Marie is dumb than Rose.
entailment	Al is quieter than Ralph but not Betty.	Al is louder than Betty.
entailment	Jim is smart than Barbara but not Rachel.	Jim is dumb than Rachel.
entailment	Diana is crazy than Andrea but not Lynn.	Diana is normal than Lynn.
entailment	Colin is slower than Joan but not Greg.	Colin is faster than Greg.
entailment	Dorothy is interesting than Jim but not Amy.	Dorothy is boring than Amy.
entailment	Harold is richer than Karen but not Ben.	Harold is poorer than Ben.
entailment	Lisa is wealthier than Amy but not Joseph.	Lisa is poorer than Joseph.
entailment	Harriet is thinner than Steven but not Angela.	Harriet is fatter than Angela.
entailment	Sam is wealthier than Fiona but not Donald.	Sam is poorer than Donald.
entailment	Louis is happier than Ken but not Anne.	Louis is sadder than Anne.
entailment	Charlie is bigger than Florence but not Betty.	Charlie is tinier than Betty.
entailment	Greg is smarter than Simon but not Sarah.	Greg is dumber than Sarah.
entailment	Martha is happier than Arthur but not Lauren.	Martha is sadder than Lauren.
entailment	James is interesting than Sue but not Bruce.	James is boring than Bruce.
entailment	Laura is thinner than Richard but not Kate.	Laura is fatter than Kate.
entailment	Kathleen is bigger than Elizabeth but not Julia.	Kathleen is tinier than Julia.
entailment	Donald is cunning than Simon but not Elaine.	Donald is honest than Elaine.
entailment	Victoria is weaker than Alison but not Brian.	Victoria is stronger than Brian.
entailment	Samuel is intelligent than Judy but not Lawrence.	Samuel is foolish than Lawrence.
entailment	Lawrence is heavier than Robert but not Amanda.	Lawrence is lighter than Amanda.
entailment	James is nicer than Charles but not Chris.	James is ruder than Chris.
entailment	Don is younger than Carolyn but not Andrew.	Don is elder than Andrew.
entailment	Sandra is wealthier than Amanda but not Donna.	Sandra is poorer than Donna.
entailment	Keith is older than Francis but not Greg.	Keith is younger than Greg.
entailment	Frederick is intelligent than Joseph but not Victoria.	Frederick is foolish than Victoria.
entailment	Ray is tougher than Don but not Victoria.	Ray is softer than Victoria.
entailment	Andrew is bigger than Alan but not Katie.	Andrew is tinier than Katie.
entailment	Mark is taller than Don but not Judith.	Mark is shorter than Judith.
entailment	Alex is stronger than Leslie but not Alan.	Alex is weaker than Alan.
entailment	Diane is thinner than Ben but not Deborah.	Diane is fatter than Deborah.
entailment	David is smarter than Julia but not Bill.	David is dumber than Bill.
entailment	Stephen is real than Susan but not Matt.	Stephen is fake than Matt.
entailment	Eleanor is heavier than Kathy but not Paul.	Eleanor is lighter than Paul.
entailment	Lisa is shorter than Mike but not Bob.	Lisa is taller than Bob.
entailment	Lucy is beautiful than Billy but not Peter.	Lucy is ugly than Peter.
entailment	Eleanor is wealthier than Brian but not Kelly.	Eleanor is poorer than Kelly.
entailment	Johnny is older than Paul but not Helen.	Johnny is younger than Helen.
entailment	Tim is tinier than Fiona but not Evelyn.	Tim is bigger than Evelyn.
entailment	Ruth is beautiful than Adam but not Kathryn.	Ruth is ugly than Kathryn.
entailment	Ryan is shorter than Sarah but not Albert.	Ryan is taller than Albert.
entailment	Michael is heavier than Sophie but not Thomas.	Michael is lighter than Thomas.
entailment	Greg is taller than Andrew but not Kim.	Greg is shorter than Kim.
entailment	Eleanor is shorter than Jean but not Emma.	Eleanor is taller than Emma.
entailment	Kelly is taller than Ralph but not Lawrence.	Kelly is shorter than Lawrence.
entailment	Lisa is tinier than Betty but not Eric.	Lisa is bigger than Eric.
entailment	Julie is beautiful than Judy but not Christopher.	Julie is ugly than Christopher.
entailment	Rachel is smarter than Katherine but not Ray.	Rachel is dumber than Ray.
entailment	Marilyn is older than Christopher but not Martha.	Marilyn is younger than Martha.
entailment	Emily is powerful than Lawrence but not Billy.	Emily is weak than Billy.
entailment	Evelyn is crazy than Alfred but not Edith.	Evelyn is normal than Edith.
entailment	Kenneth is real than Helen but not Frederick.	Kenneth is fake than Frederick.
entailment	Ralph is heavier than Michelle but not Alex.	Ralph is lighter than Alex.
entailment	Robert is older than Fred but not Robin.	Robert is younger than Robin.
entailment	Jim is beautiful than Lynn but not Rebecca.	Jim is ugly than Rebecca.
entailment	Pamela is crazy than Howard but not Frances.	Pamela is normal than Frances.
entailment	Amy is older than Grace but not Tony.	Amy is younger than Tony.
entailment	Virginia is quicker than Frances but not Ryan.	Virginia is slower than Ryan.
entailment	Jerry is quicker than Caroline but not George.	Jerry is slower than George.
entailment	Pamela is intelligent than Alexander but not Fiona.	Pamela is foolish than Fiona.
entailment	Fred is richer than Martin but not Kelly.	Fred is poorer than Kelly.
entailment	Ralph is real than Kelly but not Joe.	Ralph is fake than Joe.
entailment	Colin is intelligent than Tony but not Nicole.	Colin is foolish than Nicole.
entailment	Ray is intelligent than Rachel but not Kathryn.	Ray is foolish than Kathryn.
entailment	Kelly is poorer than Marilyn but not Louise.	Kelly is richer than Louise.
entailment	Ruth is bigger than Deborah but not Wendy.	Ruth is tinier than Wendy.
entailment	Don is bigger than Greg but not Nancy.	Don is tinier than Nancy.
entailment	Simon is normal than Johnny but not Cynthia.	Simon is crazy than Cynthia.
entailment	Arthur is interesting than Benjamin but not Eleanor.	Arthur is boring than Eleanor.
entailment	Sara is happier than Christopher but not Greg.	Sara is sadder than Greg.
entailment	Mary is older than Jack but not Evelyn.	Mary is younger than Evelyn.
entailment	Jane is nicer than Howard but not Emma.	Jane is ruder than Emma.
entailment	Philip is happier than Albert but not Martin.	Philip is sadder than Martin.
entailment	Tim is older than Kim but not Ashley.	Tim is younger than Ashley.
entailment	Ken is stronger than Diana but not Paul.	Ken is weaker than Paul.
entailment	Scott is bigger than Francis but not Bobby.	Scott is tinier than Bobby.
entailment	Jack is heavier than Jerry but not Patricia.	Jack is lighter than Patricia.
entailment	Sharon is thinner than Larry but not Wendy.	Sharon is fatter than Wendy.
entailment	Steve is crazy than Angela but not Jason.	Steve is normal than Jason.
entailment	Ruth is complicated than Charlie but not Roger.	Ruth is simple than Roger.
entailment	Steven is clever than David but not Karen.	Steven is dumb than Karen.
entailment	Sophie is nicer than Jason but not Pamela.	Sophie is ruder than Pamela.
entailment	Dave is faster than Annie but not Evelyn.	Dave is slower than Evelyn.
entailment	Ralph is cunning than Elizabeth but not George.	Ralph is honest than George.
entailment	Lynn is clever than Jay but not Evelyn.	Lynn is dumb than Evelyn.
entailment	Janet is interesting than Johnny but not Steve.	Janet is boring than Steve.
entailment	Betty is clever than Dave but not Carolyn.	Betty is dumb than Carolyn.
entailment	Kathleen is intelligent than Eleanor but not Carl.	Kathleen is foolish than Carl.
entailment	Bruce is smarter than Evelyn but not Matthew.	Bruce is dumber than Matthew.
entailment	Linda is interesting than Carolyn but not Christine.	Linda is boring than Christine.
entailment	Katherine is smarter than Walter but not Brian.	Katherine is dumber than Brian.
entailment	Alice is thinner than Catherine but not Thomas.	Alice is fatter than Thomas.
entailment	Al is nicer than Benjamin but not Thomas.	Al is ruder than Thomas.
entailment	William is tinier than Jane but not Marie.	William is bigger than Marie.
entailment	Kathy is poorer than Claire but not Michael.	Kathy is richer than Michael.
entailment	Amanda is richer than Judy but not Peter.	Amanda is poorer than Peter.
entailment	Tony is tinier than Susan but not Scott.	Tony is bigger than Scott.
entailment	Alison is thinner than Howard but not Fiona.	Alison is fatter than Fiona.
entailment	Greg is taller than Christine but not Mark.	Greg is shorter than Mark.
entailment	Jonathan is bigger than Hugh but not Jim.	Jonathan is tinier than Jim.
entailment	Edwin is thinner than Greg but not Michael.	Edwin is fatter than Michael.
entailment	Daniel is quicker than Catherine but not Ron.	Daniel is slower than Ron.
entailment	Michael is heavier than Leslie but not Kate.	Michael is lighter than Kate.
entailment	Bob is powerful than Jessica but not Amy.	Bob is weak than Amy.
entailment	George is complicated than Frank but not Kim.	George is simple than Kim.
entailment	Leslie is quicker than Dan but not Samuel.	Leslie is slower than Samuel.
entailment	Arthur is interesting than Brian but not Pamela.	Arthur is boring than Pamela.
entailment	Sally is thinner than Bill but not Jonathan.	Sally is fatter than Jonathan.
entailment	Patricia is weaker than Catherine but not Melissa.	Patricia is stronger than Melissa.
entailment	Kate is smarter than Amanda but not Kelly.	Kate is dumber than Kelly.
entailment	Richard is weaker than Charlie but not Margaret.	Richard is stronger than Margaret.
entailment	Don is younger than Carl but not Tom.	Don is elder than Tom.
entailment	Dick is cunning than Jill but not Joe.	Dick is honest than Joe.
entailment	Tom is funny than Michelle but not Robert.	Tom is boring than Robert.
entailment	Carl is tougher than Susan but not David.	Carl is softer than David.
entailment	Charles is quicker than Sarah but not Bruce.	Charles is slower than Bruce.
entailment	Tim is nicer than Charlotte but not Sam.	Tim is ruder than Sam.
entailment	Thomas is taller than Susan but not Roy.	Thomas is shorter than Roy.
entailment	Matt is wealthier than Don but not Carol.	Matt is poorer than Carol.
entailment	Michael is quieter than Martin but not Louise.	Michael is louder than Louise.
entailment	Marilyn is stronger than Jane but not Jonathan.	Marilyn is weaker than Jonathan.
entailment	David is younger than Matt but not Kathryn.	David is elder than Kathryn.
entailment	Ian is quieter than Julie but not Thomas.	Ian is louder than Thomas.
entailment	Gary is funny than Henry but not Katie.	Gary is boring than Katie.
entailment	Jimmy is smarter than Lauren but not Walter.	Jimmy is dumber than Walter.
entailment	Nick is clever than Kevin but not Evelyn.	Nick is dumb than Evelyn.
entailment	Suzanne is quicker than Emily but not Kim.	Suzanne is slower than Kim.
entailment	Christopher is complicated than Martha but not Ruth.	Christopher is simple than Ruth.
entailment	Ralph is powerful than Eleanor but not Catherine.	Ralph is weak than Catherine.
entailment	Sally is smarter than Michelle but not James.	Sally is dumber than James.
entailment	Scott is younger than Joseph but not Steve.	Scott is elder than Steve.
entailment	Mike is faster than Kenneth but not Benjamin.	Mike is slower than Benjamin.
entailment	Samuel is older than Victoria but not Diane.	Samuel is younger than Diane.
entailment	Eleanor is slower than Jerry but not Patricia.	Eleanor is faster than Patricia.
entailment	Rebecca is powerful than Catherine but not Mike.	Rebecca is weak than Mike.
entailment	Simon is bigger than Greg but not Emily.	Simon is tinier than Emily.
entailment	Frederick is crazy than Ken but not Sam.	Frederick is normal than Sam.
entailment	Kathryn is funny than Suzanne but not Edith.	Kathryn is boring than Edith.
entailment	David is powerful than Tony but not Ryan.	David is weak than Ryan.
entailment	Brian is smarter than Melissa but not Kate.	Brian is dumber than Kate.
entailment	Claire is nicer than Mike but not Alex.	Claire is ruder than Alex.
entailment	Jack is taller than Ken but not Dorothy.	Jack is shorter than Dorothy.
entailment	Judith is stronger than Julie but not Kenneth.	Judith is weaker than Kenneth.
entailment	Mary is normal than Ralph but not Helen.	Mary is crazy than Helen.
entailment	Annie is happier than Louise but not Angela.	Annie is sadder than Angela.
entailment	Ian is weaker than Donald but not Betty.	Ian is stronger than Betty.
entailment	Martin is older than Louise but not Ryan.	Martin is younger than Ryan.
entailment	Sharon is intelligent than Annie but not Carl.	Sharon is foolish than Carl.
entailment	Judith is poorer than Rachel but not Joe.	Judith is richer than Joe.
entailment	Fiona is slower than Bobby but not Alan.	Fiona is faster than Alan.
entailment	Ellen is poorer than Alison but not Laura.	Ellen is richer than Laura.
entailment	Howard is complicated than Kim but not Sophie.	Howard is simple than Sophie.
entailment	Matt is older than Barbara but not Jane.	Matt is younger than Jane.
entailment	Andrea is smarter than Adam but not Carl.	Andrea is dumber than Carl.
entailment	Lucy is stronger than Angela but not Janet.	Lucy is weaker than Janet.
entailment	Jerry is stronger than William but not Bobby.	Jerry is weaker than Bobby.
entailment	William is heavier than Harold but not George.	William is lighter than George.
entailment	Lucy is crazy than Kathleen but not James.	Lucy is normal than James.
entailment	Jay is funny than Ruth but not Anthony.	Jay is boring than Anthony.
entailment	Sue is crazy than Samuel but not Eleanor.	Sue is normal than Eleanor.
entailment	Nick is shorter than Kathryn but not Emily.	Nick is taller than Emily.
entailment	Francis is richer than Andrea but not Alfred.	Francis is poorer than Alfred.
entailment	Edward is interesting than Christopher but not Sarah.	Edward is boring than Sarah.
entailment	Anna is wealthier than Louise but not Bob.	Anna is poorer than Bob.
entailment	Emma is poorer than Nicole but not Nancy.	Emma is richer than Nancy.
entailment	Lynn is smart than Ruth but not Annie.	Lynn is dumb than Annie.
entailment	Kate is beautiful than Joe but not Ray.	Kate is ugly than Ray.
entailment	Lawrence is happier than Anne but not Kenneth.	Lawrence is sadder than Kenneth.
entailment	Lawrence is weaker than Kate but not Rose.	Lawrence is stronger than Rose.
entailment	Ron is faster than Jonathan but not Tom.	Ron is slower than Tom.
entailment	Annie is tinier than Edwin but not Bill.	Annie is bigger than Bill.
entailment	Virginia is cunning than Annie but not David.	Virginia is honest than David.
entailment	Stephanie is clever than Kate but not Jeff.	Stephanie is dumb than Jeff.
entailment	Susan is heavier than Claire but not Louise.	Susan is lighter than Louise.
entailment	Jean is slower than Dan but not Joe.	Jean is faster than Joe.
entailment	Amy is interesting than Harriet but not Charlotte.	Amy is boring than Charlotte.
entailment	Jay is quicker than Karen but not Leslie.	Jay is slower than Leslie.
entailment	Leslie is funny than Wendy but not Kathleen.	Leslie is boring than Kathleen.
entailment	Linda is thinner than Alison but not Adam.	Linda is fatter than Adam.
entailment	Karen is beautiful than Maria but not Jeff.	Karen is ugly than Jeff.
entailment	Sophie is quieter than Alex but not Ruth.	Sophie is louder than Ruth.
entailment	Kathy is smart than Michael but not Stephen.	Kathy is dumb than Stephen.
entailment	Jerry is quieter than Keith but not Thomas.	Jerry is louder than Thomas.
entailment	Bruce is crazy than Jay but not Adam.	Bruce is normal than Adam.
entailment	Ellen is crazy than Betty but not Kate.	Ellen is normal than Kate.
entailment	Mark is smart than Laura but not Grace.	Mark is dumb than Grace.
entailment	Ralph is faster than Richard but not Kathy.	Ralph is slower than Kathy.
entailment	Alison is powerful than Christopher but not Lauren.	Alison is weak than Lauren.
entailment	Lynn is nicer than Johnny but not Louise.	Lynn is ruder than Louise.
entailment	Ron is interesting than Brian but not Arthur.	Ron is boring than Arthur.
entailment	Martin is taller than Edwin but not William.	Martin is shorter than William.
entailment	Heather is beautiful than Alice but not Nancy.	Heather is ugly than Nancy.
entailment	Laura is quieter than Johnny but not Julie.	Laura is louder than Julie.
entailment	Julia is louder than Sophie but not Frank.	Julia is quieter than Frank.
entailment	Roy is happier than Peter but not Ashley.	Roy is sadder than Ashley.
entailment	Heather is quieter than Ian but not Frances.	Heather is louder than Frances.
entailment	Janet is cunning than Alexander but not Leslie.	Janet is honest than Leslie.
entailment	Roy is funny than Jonathan but not Victoria.	Roy is boring than Victoria.
entailment	Betty is faster than Frederick but not Louise.	Betty is slower than Louise.
entailment	Louise is smart than Henry but not Lauren.	Louise is dumb than Lauren.
entailment	Nicole is tougher than Maria but not Judith.	Nicole is softer than Judith.
entailment	Charlie is louder than Frances but not Kathleen.	Charlie is quieter than Kathleen.
entailment	Judith is louder than Susan but not Tim.	Judith is quieter than Tim.
entailment	Simon is cunning than Ryan but not Ken.	Simon is honest than Ken.
entailment	Maria is quicker than Thomas but not Barbara.	Maria is slower than Barbara.
entailment	Alex is crazy than Ruth but not Steve.	Alex is normal than Steve.
entailment	Harry is stronger than Linda but not Adam.	Harry is weaker than Adam.
entailment	Kim is poorer than Virginia but not Henry.	Kim is richer than Henry.
entailment	Louis is quicker than Roy but not Eleanor.	Louis is slower than Eleanor.
entailment	Katie is slower than James but not Lynn.	Katie is faster than Lynn.
entailment	Walter is cunning than Kathryn but not Matt.	Walter is honest than Matt.
entailment	Helen is complicated than Sue but not David.	Helen is simple than David.
entailment	Carol is crazy than Kathleen but not Angela.	Carol is normal than Angela.
entailment	Diana is tougher than Carolyn but not Nick.	Diana is softer than Nick.
entailment	Mike is stronger than Benjamin but not Julia.	Mike is weaker than Julia.
entailment	Larry is cunning than Mary but not Virginia.	Larry is honest than Virginia.
entailment	Charles is richer than Gary but not Thomas.	Charles is poorer than Thomas.
entailment	Maria is funny than Ray but not Susan.	Maria is boring than Susan.
entailment	Bob is intelligent than Tony but not Dave.	Bob is foolish than Dave.
entailment	Christopher is weaker than Jay but not Florence.	Christopher is stronger than Florence.
entailment	Dick is happier than Rose but not Tim.	Dick is sadder than Tim.
entailment	Larry is younger than Jane but not Margaret.	Larry is elder than Margaret.
entailment	Virginia is louder than Philip but not Janet.	Virginia is quieter than Janet.
entailment	Diane is taller than Bob but not Gary.	Diane is shorter than Gary.
entailment	Stephanie is quicker than Colin but not Caroline.	Stephanie is slower than Caroline.
entailment	Julie is wealthier than Victoria but not Ian.	Julie is poorer than Ian.
entailment	Christopher is shorter than Patricia but not Philip.	Christopher is taller than Philip.
entailment	Jimmy is taller than Rebecca but not Elizabeth.	Jimmy is shorter than Elizabeth.
entailment	Harold is thinner than Julie but not Kelly.	Harold is fatter than Kelly.
entailment	Sally is heavier than Grace but not Stephanie.	Sally is lighter than Stephanie.
entailment	Nancy is wealthier than William but not Stephen.	Nancy is poorer than Stephen.
entailment	Emily is nicer than Charlie but not Victoria.	Emily is ruder than Victoria.
entailment	Mark is tougher than Bill but not Diane.	Mark is softer than Diane.
entailment	Howard is quicker than Kate but not Dick.	Howard is slower than Dick.
entailment	Rose is slower than Virginia but not Alison.	Rose is faster than Alison.
entailment	Ed is faster than Brian but not Laura.	Ed is slower than Laura.
entailment	Gary is smart than Hugh but not Sharon.	Gary is dumb than Sharon.
entailment	Jennifer is happier than Harry but not Evelyn.	Jennifer is sadder than Evelyn.
entailment	Linda is stronger than Amy but not Ralph.	Linda is weaker than Ralph.
entailment	Amy is louder than Eleanor but not Claire.	Amy is quieter than Claire.
entailment	Julia is beautiful than Jonathan but not Frances.	Julia is ugly than Frances.
entailment	Joan is interesting than Ralph but not Lauren.	Joan is boring than Lauren.
entailment	Grace is tougher than Philip but not Patrick.	Grace is softer than Patrick.
entailment	William is slower than Jimmy but not Chris.	William is faster than Chris.
entailment	Donald is powerful than Julia but not Mike.	Donald is weak than Mike.
entailment	Mark is heavier than Lauren but not Louise.	Mark is lighter than Louise.
entailment	Christine is poorer than Annie but not Deborah.	Christine is richer than Deborah.
entailment	Simon is smart than Elaine but not Claire.	Simon is dumb than Claire.
entailment	Roger is smarter than Eric but not Sandra.	Roger is dumber than Sandra.
entailment	Sarah is happier than Jerry but not Kim.	Sarah is sadder than Kim.
entailment	Fred is complicated than Edward but not Martin.	Fred is simple than Martin.
entailment	Kathleen is normal than Jessica but not Karen.	Kathleen is crazy than Karen.
entailment	Francis is thinner than Joan but not Linda.	Francis is fatter than Linda.
entailment	Harold is cunning than Dorothy but not Bobby.	Harold is honest than Bobby.
entailment	Alan is nicer than Elaine but not Helen.	Alan is ruder than Helen.
entailment	Margaret is slower than Keith but not Dan.	Margaret is faster than Dan.
entailment	William is older than Linda but not Betty.	William is younger than Betty.
entailment	Steven is quicker than Greg but not Dave.	Steven is slower than Dave.
entailment	Sharon is bigger than Kenneth but not Eleanor.	Sharon is tinier than Eleanor.
entailment	Kathryn is thinner than Nick but not Rebecca.	Kathryn is fatter than Rebecca.
entailment	John is louder than Hugh but not David.	John is quieter than David.
entailment	Kathy is stronger than Diane but not Greg.	Kathy is weaker than Greg.
entailment	Matt is funny than Harriet but not James.	Matt is boring than James.
entailment	Jeff is funny than Frank but not Eleanor.	Jeff is boring than Eleanor.
entailment	Bobby is thinner than Andrew but not Victoria.	Bobby is fatter than Victoria.
entailment	Jim is slower than Maria but not Laura.	Jim is faster than Laura.
entailment	Jonathan is thinner than Ben but not Charlotte.	Jonathan is fatter than Charlotte.
entailment	Anna is poorer than Martin but not Betty.	Anna is richer than Betty.
entailment	Bob is taller than Richard but not Jimmy.	Bob is shorter than Jimmy.
entailment	Cynthia is slower than Jean but not Al.	Cynthia is faster than Al.
entailment	Larry is nicer than Philip but not Roger.	Larry is ruder than Roger.
entailment	Matthew is funny than Ryan but not Anthony.	Matthew is boring than Anthony.
entailment	Amanda is taller than Ashley but not Diane.	Amanda is shorter than Diane.
entailment	Eric is tinier than Jim but not Bill.	Eric is bigger than Bill.
entailment	Evelyn is complicated than Charlotte but not Harold.	Evelyn is simple than Harold.
entailment	Michael is tougher than Benjamin but not Kevin.	Michael is softer than Kevin.
entailment	Frances is happier than John but not Eleanor.	Frances is sadder than Eleanor.
entailment	George is shorter than Matt but not Ray.	George is taller than Ray.
entailment	Ruth is younger than William but not Lawrence.	Ruth is elder than Lawrence.
entailment	Matthew is intelligent than John but not Jill.	Matthew is foolish than Jill.
