neutral	Among Karen, Eleanor and Judith the sweetest is Eleanor.	Karen is sweeter than Judith.
neutral	Among Louis, Carolyn and Linda the noisiest is Carolyn.	Louis is noisier than Linda.
neutral	Among Andrea, Melissa and Samuel the loveliest is Melissa.	Andrea is lovelier than Samuel.
neutral	Among Tim, Lucy and Laura the biggest is Lucy.	Tim is bigger than Laura.
neutral	Among Jay, Charlotte and Sam the most beautiful is Charlotte.	Jay is more beautiful than Sam.
neutral	Among Laura, Linda and Jason the laziest is Linda.	Laura is lazier than Jason.
neutral	Among Philip, Ben and Harriet the sorriest is Ben.	Philip is sorrier than Harriet.
neutral	Among Katie, Cynthia and Albert the most important is Cynthia.	Katie is more important than Albert.
neutral	Among Patricia, Janet and Ralph the nicest is Janet.	Patricia is nicer than Ralph.
neutral	Among Lauren, Margaret and Billy the bitterest is Margaret.	Lauren is bitterer than Billy.
neutral	Among Mark, Mike and Annie the fittest is Mike.	Mark is fitter than Annie.
neutral	Among Steven, Elizabeth and Sara the most clever is Elizabeth.	Steven is more clever than Sara.
neutral	Among Arthur, Judith and David the busiest is Judith.	Arthur is busier than David.
neutral	Among Adam, Billy and Melissa the sleepiest is Billy.	Adam is sleepier than Melissa.
neutral	Among Catherine, William and Jimmy the toughest is William.	Catherine is tougher than Jimmy.
neutral	Among Jennifer, Janet and Francis the hairiest is Janet.	Jennifer is hairier than Francis.
neutral	Among Marie, Jennifer and Eric the shortest is Jennifer.	Marie is shorter than Eric.
neutral	Among Melissa, Edith and Jim the funniest is Edith.	Melissa is funnier than Jim.
neutral	Among Edith, Jason and Sam the slowest is Jason.	Edith is slower than Sam.
neutral	Among Kim, Deborah and Francis the politest is Deborah.	Kim is politer than Francis.
neutral	Among Mary, Jonathan and Sally the youngest is Jonathan.	Mary is younger than Sally.
neutral	Among Albert, Suzanne and Mike the hungriest is Suzanne.	Albert is hungrier than Mike.
neutral	Among Fiona, Sharon and Edith the classiest is Sharon.	Fiona is classier than Edith.
neutral	Among Judith, Chris and Caroline the hungriest is Chris.	Judith is hungrier than Caroline.
neutral	Among Steve, Kathy and Karen the cleverest is Kathy.	Steve is cleverer than Karen.
neutral	Among Rachel, Julia and Jessica the dullest is Julia.	Rachel is duller than Jessica.
neutral	Among Jason, Mike and William the sharpest is Mike.	Jason is sharper than William.
neutral	Among Diane, John and Eleanor the hottest is John.	Diane is hotter than Eleanor.
neutral	Among Dick, Larry and Mary the richest is Larry.	Dick is richer than Mary.
neutral	Among Charlie, Jessica and Dave the wealthiest is Jessica.	Charlie is wealthier than Dave.
neutral	Among Greg, Andrew and Joe the most tired is Andrew.	Greg is more tired than Joe.
neutral	Among Betty, Anthony and Robin the most important is Anthony.	Betty is more important than Robin.
neutral	Among Barbara, Anna and Ashley the calmest is Anna.	Barbara is calmer than Ashley.
neutral	Among Kevin, Ed and Sarah the smartest is Ed.	Kevin is smarter than Sarah.
neutral	Among Katherine, Kathy and Matt the nicest is Kathy.	Katherine is nicer than Matt.
neutral	Among Simon, Mary and Johnny the densest is Mary.	Simon is denser than Johnny.
neutral	Among Henry, Anna and Julie the longest is Anna.	Henry is longer than Julie.
neutral	Among Kathy, Alice and Paul the shyest is Alice.	Kathy is shyer than Paul.
neutral	Among Larry, Greg and George the skinniest is Greg.	Larry is skinnier than George.
neutral	Among Ruth, Emma and Nick the wealthiest is Emma.	Ruth is wealthier than Nick.
neutral	Among Marilyn, Ed and Thomas the ugliest is Ed.	Marilyn is uglier than Thomas.
neutral	Among Louis, Fred and Kim the harshest is Fred.	Louis is harsher than Kim.
neutral	Among Alice, Laura and Florence the noisiest is Laura.	Alice is noisier than Florence.
neutral	Among Fiona, Dorothy and Alice the cruellest is Dorothy.	Fiona is crueller than Alice.
neutral	Among Elizabeth, Ben and Joan the slimmest is Ben.	Elizabeth is slimmer than Joan.
neutral	Among Laura, Christopher and Julie the happiest is Christopher.	Laura is happier than Julie.
neutral	Among Dan, Robin and Kenneth the youngest is Robin.	Dan is younger than Kenneth.
neutral	Among Adam, Dave and Stephanie the dumbest is Dave.	Adam is dumber than Stephanie.
neutral	Among Emma, Alex and Roy the longest is Alex.	Emma is longer than Roy.
neutral	Among Andrew, Ellen and Ruth the friendliest is Ellen.	Andrew is friendlier than Ruth.
neutral	Among Barbara, Steven and Marie the bravest is Steven.	Barbara is braver than Marie.
neutral	Among Sara, Carolyn and Larry the angriest is Carolyn.	Sara is angrier than Larry.
neutral	Among Mike, Alex and Frank the most clever is Alex.	Mike is more clever than Frank.
neutral	Among Marie, Jeff and Claire the humblest is Jeff.	Marie is humbler than Claire.
neutral	Among Victoria, Christopher and Heather the friendliest is Christopher.	Victoria is friendlier than Heather.
neutral	Among Keith, Kelly and Lynn the nicest is Kelly.	Keith is nicer than Lynn.
neutral	Among Edith, Anne and Annie the noisiest is Anne.	Edith is noisier than Annie.
neutral	Among Jack, Laura and Donald the smallest is Laura.	Jack is smaller than Donald.
neutral	Among Kate, Nicole and Walter the sleepiest is Nicole.	Kate is sleepier than Walter.
neutral	Among Katherine, Alexandra and Andrew the harshest is Alexandra.	Katherine is harsher than Andrew.
neutral	Among Henry, Ben and Sarah the ugliest is Ben.	Henry is uglier than Sarah.
neutral	Among Jim, Charlotte and Mark the fastest is Charlotte.	Jim is faster than Mark.
neutral	Among Steve, Sandra and Hugh the bravest is Sandra.	Steve is braver than Hugh.
neutral	Among Ann, Walter and Virginia the shallowest is Walter.	Ann is shallower than Virginia.
neutral	Among Ed, Chris and Alexandra the hungriest is Chris.	Ed is hungrier than Alexandra.
neutral	Among Linda, Alexander and Simon the craziest is Alexander.	Linda is crazier than Simon.
neutral	Among Mike, Tim and Philip the hungriest is Tim.	Mike is hungrier than Philip.
neutral	Among Marie, Bill and Keith the fittest is Bill.	Marie is fitter than Keith.
neutral	Among Paul, Bill and Carolyn the fattest is Bill.	Paul is fatter than Carolyn.
neutral	Among Sue, Philip and Ann the fattest is Philip.	Sue is fatter than Ann.
neutral	Among Patrick, Tom and Harold the slimmest is Tom.	Patrick is slimmer than Harold.
neutral	Among Judy, Benjamin and Karen the fattest is Benjamin.	Judy is fatter than Karen.
neutral	Among David, Jessica and Victoria the skinniest is Jessica.	David is skinnier than Victoria.
neutral	Among Evelyn, Elizabeth and Alfred the messiest is Elizabeth.	Evelyn is messier than Alfred.
neutral	Among Marie, Bob and Jim the most attractive is Bob.	Marie is more attractive than Jim.
neutral	Among Steven, Deborah and Kenneth the most renowned is Deborah.	Steven is more renowned than Kenneth.
neutral	Among Carol, Alexandra and Sara the loveliest is Alexandra.	Carol is lovelier than Sara.
neutral	Among Mary, Frank and Jessica the busiest is Frank.	Mary is busier than Jessica.
neutral	Among Ray, Bill and Melissa the biggest is Bill.	Ray is bigger than Melissa.
neutral	Among Christine, Harriet and Alison the sorriest is Harriet.	Christine is sorrier than Alison.
neutral	Among Nicole, Ian and Alfred the most clever is Ian.	Nicole is more clever than Alfred.
neutral	Among Patrick, Nicole and Lawrence the humblest is Nicole.	Patrick is humbler than Lawrence.
neutral	Among Ryan, Nancy and Walter the sorriest is Nancy.	Ryan is sorrier than Walter.
neutral	Among Marilyn, Kathryn and Lynn the bossiest is Kathryn.	Marilyn is bossier than Lynn.
neutral	Among Anne, Alexander and Grace the chubbiest is Alexander.	Anne is chubbier than Grace.
neutral	Among Angela, Melissa and Kathleen the saltiest is Melissa.	Angela is saltier than Kathleen.
neutral	Among Florence, Victoria and Rose the fastest is Victoria.	Florence is faster than Rose.
neutral	Among Carl, Andrew and Roy the cutest is Andrew.	Carl is cuter than Roy.
neutral	Among Ed, Sally and Jeff the saddest is Sally.	Ed is sadder than Jeff.
neutral	Among Rose, Larry and Caroline the saltiest is Larry.	Rose is saltier than Caroline.
neutral	Among Steven, Colin and Alex the gentlest is Colin.	Steven is gentler than Alex.
neutral	Among Eric, Virginia and Lynn the nicest is Virginia.	Eric is nicer than Lynn.
neutral	Among Sharon, Scott and Peter the poorest is Scott.	Sharon is poorer than Peter.
neutral	Among Marie, Harriet and Caroline the creepiest is Harriet.	Marie is creepier than Caroline.
neutral	Among Lisa, David and Carl the sweetest is David.	Lisa is sweeter than Carl.
neutral	Among Alfred, Margaret and Louise the prettiest is Margaret.	Alfred is prettier than Louise.
neutral	Among Ron, Kim and Edward the boldest is Kim.	Ron is bolder than Edward.
neutral	Among Edwin, Paul and Leslie the calmest is Paul.	Edwin is calmer than Leslie.
neutral	Among Edith, Ray and Hugh the loneliest is Ray.	Edith is lonlier than Hugh.
neutral	Among Margaret, Katherine and Ellen the richest is Katherine.	Margaret is richer than Ellen.
neutral	Among Katherine, Marilyn and Florence the quietest is Marilyn.	Katherine is quieter than Florence.
neutral	Among Ed, Christopher and Ryan the toughest is Christopher.	Ed is tougher than Ryan.
neutral	Among Sophie, Johnny and Virginia the most clever is Johnny.	Sophie is more clever than Virginia.
neutral	Among Barbara, Richard and Scott the bitterest is Richard.	Barbara is bitterer than Scott.
neutral	Among David, Julia and Jessica the dullest is Julia.	David is duller than Jessica.
neutral	Among Alan, Elaine and Simon the wisest is Elaine.	Alan is wiser than Simon.
neutral	Among Fiona, Judith and Katie the shallowest is Judith.	Fiona is shallower than Katie.
neutral	Among Marie, Dorothy and Andrew the rudest is Dorothy.	Marie is ruder than Andrew.
neutral	Among Louis, Greg and Andrew the busiest is Greg.	Louis is busier than Andrew.
neutral	Among Christine, Robin and Diana the thinnest is Robin.	Christine is thinner than Diana.
neutral	Among Kim, Melissa and Carl the hottest is Melissa.	Kim is hotter than Carl.
neutral	Among Steven, Lynn and Emily the cleverest is Lynn.	Steven is cleverer than Emily.
neutral	Among Kathryn, Nicole and Dorothy the naughtiest is Nicole.	Kathryn is naughtier than Dorothy.
neutral	Among Pamela, Susan and Tom the weakest is Susan.	Pamela is weaker than Tom.
neutral	Among Matt, Edith and Alex the most modern is Edith.	Matt is more modern than Alex.
neutral	Among Rachel, Adam and Frederick the most popular is Adam.	Rachel is more popular than Frederick.
neutral	Among Kim, Frank and Donald the nicest is Frank.	Kim is nicer than Donald.
neutral	Among Roy, Harry and George the fittest is Harry.	Roy is fitter than George.
neutral	Among Martin, Sophie and Jerry the humblest is Sophie.	Martin is humbler than Jerry.
neutral	Among Simon, Lucy and Kathy the fastest is Lucy.	Simon is faster than Kathy.
neutral	Among Katherine, Roy and Judy the kindest is Roy.	Katherine is kinder than Judy.
neutral	Among Alice, Charlotte and Tony the dullest is Charlotte.	Alice is duller than Tony.
neutral	Among Mary, Kenneth and Janet the quietest is Kenneth.	Mary is quieter than Janet.
neutral	Among Sue, Charlie and Virginia the shallowest is Charlie.	Sue is shallower than Virginia.
neutral	Among Dan, Peter and Elizabeth the fattest is Peter.	Dan is fatter than Elizabeth.
neutral	Among Alan, Patrick and Nicole the craziest is Patrick.	Alan is crazier than Nicole.
neutral	Among Louise, Lynn and Ryan the angriest is Lynn.	Louise is angrier than Ryan.
neutral	Among Amy, Paul and Nancy the weirdest is Paul.	Amy is weirder than Nancy.
neutral	Among Andrea, Mike and Ed the thinnest is Mike.	Andrea is thinner than Ed.
neutral	Among Joe, Claire and Jessica the worst is Claire.	Joe is worse than Jessica.
neutral	Among Lisa, Ryan and David the nicest is Ryan.	Lisa is nicer than David.
neutral	Among Bill, Kevin and Sue the hottest is Kevin.	Bill is hotter than Sue.
neutral	Among Paul, Ben and Kathleen the oldest is Ben.	Paul is older than Kathleen.
neutral	Among Louis, Jay and Kathleen the most bitter is Jay.	Louis is more bitter than Kathleen.
neutral	Among Matthew, Billy and Susan the youngest is Billy.	Matthew is younger than Susan.
neutral	Among Roy, Ralph and Cynthia the shallowest is Ralph.	Roy is shallower than Cynthia.
neutral	Among Thomas, Nicole and Betty the most polite is Nicole.	Thomas is more polite than Betty.
neutral	Among Gary, Steven and Anna the slowest is Steven.	Gary is slower than Anna.
neutral	Among Francis, Nancy and Jessica the naughtiest is Nancy.	Francis is naughtier than Jessica.
neutral	Among Alison, Stephanie and Samuel the tallest is Stephanie.	Alison is taller than Samuel.
neutral	Among Donald, Betty and Jeff the bitterest is Betty.	Donald is bitterer than Jeff.
neutral	Among Annie, Roy and Patricia the saddest is Roy.	Annie is sadder than Patricia.
neutral	Among Chris, Ryan and Roger the biggest is Ryan.	Chris is bigger than Roger.
neutral	Among Kelly, Don and Alex the happiest is Don.	Kelly is happier than Alex.
neutral	Among Eric, Katie and Maria the creepiest is Katie.	Eric is creepier than Maria.
neutral	Among Gary, Ralph and Edwin the wealthiest is Ralph.	Gary is wealthier than Edwin.
neutral	Among Harry, Ruth and Harriet the messiest is Ruth.	Harry is messier than Harriet.
neutral	Among Marie, Nicole and Andrea the humblest is Nicole.	Marie is humbler than Andrea.
neutral	Among Ben, Martin and Sandra the prettiest is Martin.	Ben is prettier than Sandra.
neutral	Among Ben, Frances and Marie the youngest is Frances.	Ben is younger than Marie.
neutral	Among Edith, Lynn and Sharon the most bitter is Lynn.	Edith is more bitter than Sharon.
neutral	Among James, Jonathan and Sara the humblest is Jonathan.	James is humbler than Sara.
neutral	Among Dick, Andrea and Diana the shallowest is Andrea.	Dick is shallower than Diana.
neutral	Among Cynthia, Rachel and Edwin the messiest is Rachel.	Cynthia is messier than Edwin.
neutral	Among Kenneth, Maria and Linda the friendliest is Maria.	Kenneth is friendlier than Linda.
neutral	Among Don, Tom and Philip the funniest is Tom.	Don is funnier than Philip.
neutral	Among Larry, Stephanie and Hugh the meanest is Stephanie.	Larry is meaner than Hugh.
neutral	Among Lynn, Alexandra and Mike the smallest is Alexandra.	Lynn is smaller than Mike.
neutral	Among Steven, Diane and David the shallowest is Diane.	Steven is shallower than David.
neutral	Among Margaret, Matt and Katie the biggest is Matt.	Margaret is bigger than Katie.
neutral	Among Jerry, Laura and Philip the smallest is Laura.	Jerry is smaller than Philip.
neutral	Among Alfred, Joan and Amy the politest is Joan.	Alfred is politer than Amy.
neutral	Among Margaret, Lawrence and Chris the meanest is Lawrence.	Margaret is meaner than Chris.
neutral	Among Sam, Carol and Albert the smallest is Carol.	Sam is smaller than Albert.
neutral	Among Frederick, Judy and Michael the bitterest is Judy.	Frederick is bitterer than Michael.
neutral	Among Julie, Maria and Thomas the most bitter is Maria.	Julie is more bitter than Thomas.
neutral	Among Edith, Sam and Henry the skinniest is Sam.	Edith is skinnier than Henry.
neutral	Among Ann, Katherine and Henry the most beautiful is Katherine.	Ann is more beautiful than Henry.
neutral	Among Adam, Michael and Lauren the classiest is Michael.	Adam is classier than Lauren.
neutral	Among Helen, Anthony and Michelle the loudest is Anthony.	Helen is louder than Michelle.
neutral	Among Robin, Greg and Maria the friendliest is Greg.	Robin is friendlier than Maria.
neutral	Among Harold, Daniel and Marilyn the most beautiful is Daniel.	Harold is more beautiful than Marilyn.
neutral	Among Lawrence, Greg and Amanda the classiest is Greg.	Lawrence is classier than Amanda.
neutral	Among Sophie, Sam and Donna the loudest is Sam.	Sophie is louder than Donna.
neutral	Among Roy, Amy and Dorothy the shyest is Amy.	Roy is shyer than Dorothy.
neutral	Among Susan, Jerry and Joe the fastest is Jerry.	Susan is faster than Joe.
neutral	Among Nicole, Jeff and Frank the weirdest is Jeff.	Nicole is weirder than Frank.
neutral	Among Edith, Charlotte and Jerry the busiest is Charlotte.	Edith is busier than Jerry.
neutral	Among Ron, Jason and Frank the sharpest is Jason.	Ron is sharper than Frank.
neutral	Among Don, Lucy and Heather the tallest is Lucy.	Don is taller than Heather.
neutral	Among Ashley, Elaine and Bill the tiniest is Elaine.	Ashley is tinier than Bill.
neutral	Among Caroline, Pamela and Sarah the most interesting is Pamela.	Caroline is more interesting than Sarah.
neutral	Among Nicole, Julie and Claire the cruellest is Julie.	Nicole is crueller than Claire.
neutral	Among Betty, Elaine and Christopher the loveliest is Elaine.	Betty is lovelier than Christopher.
neutral	Among Pamela, Annie and Marie the youngest is Annie.	Pamela is younger than Marie.
neutral	Among George, Marie and Diane the saltiest is Marie.	George is saltier than Diane.
neutral	Among Ron, Greg and Susan the craziest is Greg.	Ron is crazier than Susan.
neutral	Among Charlotte, Victoria and Sally the weakest is Victoria.	Charlotte is weaker than Sally.
neutral	Among Wendy, Betty and Julie the most bitter is Betty.	Wendy is more bitter than Julie.
neutral	Among Kenneth, Alfred and Sara the angriest is Alfred.	Kenneth is angrier than Sara.
neutral	Among Lucy, Edwin and Mark the worst is Edwin.	Lucy is worse than Mark.
neutral	Among Donald, Jean and Kate the gentlest is Jean.	Donald is gentler than Kate.
neutral	Among Ralph, Charlie and Fiona the worst is Charlie.	Ralph is worse than Fiona.
neutral	Among Sharon, Steven and Kevin the firmest is Steven.	Sharon is firmer than Kevin.
neutral	Among Patricia, Edith and Peter the toughest is Edith.	Patricia is tougher than Peter.
neutral	Among Maria, Marie and Johnny the kindest is Marie.	Maria is kinder than Johnny.
neutral	Among Ken, Amanda and Nicole the clumsiest is Amanda.	Ken is clumsier than Nicole.
neutral	Among Jim, Jason and Patrick the grossest is Jason.	Jim is grosser than Patrick.
neutral	Among Katie, Victoria and Scott the gentlest is Victoria.	Katie is gentler than Scott.
neutral	Among Andrew, Michael and Alison the most important is Michael.	Andrew is more important than Alison.
neutral	Among Tom, Kevin and Julia the busiest is Kevin.	Tom is busier than Julia.
neutral	Among David, Andrew and Janet the dumbest is Andrew.	David is dumber than Janet.
neutral	Among Ellen, Bob and Edwin the classiest is Bob.	Ellen is classier than Edwin.
neutral	Among Ellen, Jeff and Sara the shortest is Jeff.	Ellen is shorter than Sara.
neutral	Among Howard, Sally and Suzanne the hottest is Sally.	Howard is hotter than Suzanne.
neutral	Among Johnny, Joe and John the fastest is Joe.	Johnny is faster than John.
neutral	Among Diana, Joe and Patricia the naughtiest is Joe.	Diana is naughtier than Patricia.
neutral	Among Christine, Anne and Dave the humblest is Anne.	Christine is humbler than Dave.
neutral	Among Bob, Anna and Robert the angriest is Anna.	Bob is angrier than Robert.
neutral	Among Daniel, Jane and Ray the politest is Jane.	Daniel is politer than Ray.
neutral	Among Larry, Patrick and Carl the gentlest is Patrick.	Larry is gentler than Carl.
neutral	Among Wendy, Stephen and Rebecca the thinnest is Stephen.	Wendy is thinner than Rebecca.
neutral	Among Dorothy, Sara and Florence the tallest is Sara.	Dorothy is taller than Florence.
neutral	Among Charles, Mark and Jack the bravest is Mark.	Charles is braver than Jack.
neutral	Among Eleanor, Donald and Anne the worst is Donald.	Eleanor is worse than Anne.
neutral	Among Anne, Evelyn and Laura the creepiest is Evelyn.	Anne is creepier than Laura.
neutral	Among Caroline, Suzanne and Anne the thinnest is Suzanne.	Caroline is thinner than Anne.
neutral	Among Stephanie, Maria and Edwin the grossest is Maria.	Stephanie is grosser than Edwin.
neutral	Among Edith, Jessica and Emma the noisiest is Jessica.	Edith is noisier than Emma.
neutral	Among Kelly, Virginia and Victoria the loneliest is Virginia.	Kelly is lonlier than Victoria.
neutral	Among Marilyn, Julia and Francis the creepiest is Julia.	Marilyn is creepier than Francis.
neutral	Among Tim, Lynn and Katie the sweetest is Lynn.	Tim is sweeter than Katie.
neutral	Among Harriet, David and Sarah the most tired is David.	Harriet is more tired than Sarah.
neutral	Among Ken, Arthur and Tony the most tired is Arthur.	Ken is more tired than Tony.
neutral	Among Diana, Daniel and Alexandra the weakest is Daniel.	Diana is weaker than Alexandra.
neutral	Among Steve, Hugh and Ralph the strongest is Hugh.	Steve is stronger than Ralph.
neutral	Among Michelle, Suzanne and Jimmy the grossest is Suzanne.	Michelle is grosser than Jimmy.
neutral	Among Sam, Sara and Jason the dumbest is Sara.	Sam is dumber than Jason.
neutral	Among Charlotte, Martha and Larry the toughest is Martha.	Charlotte is tougher than Larry.
neutral	Among Anne, John and Jonathan the hairiest is John.	Anne is hairier than Jonathan.
neutral	Among Joan, Ian and Louis the most tired is Ian.	Joan is more tired than Louis.
neutral	Among Elaine, Nicole and Dan the shyest is Nicole.	Elaine is shyer than Dan.
neutral	Among Ian, Sally and Colin the happiest is Sally.	Ian is happier than Colin.
neutral	Among Christine, Barbara and Ian the dullest is Barbara.	Christine is duller than Ian.
neutral	Among Johnny, Matt and Frederick the tallest is Matt.	Johnny is taller than Frederick.
neutral	Among Dan, Matt and Katherine the gentlest is Matt.	Dan is gentler than Katherine.
neutral	Among Marie, Laura and James the shallowest is Laura.	Marie is shallower than James.
neutral	Among Angela, Alfred and Jimmy the classiest is Alfred.	Angela is classier than Jimmy.
neutral	Among Andrew, George and Alexander the bravest is George.	Andrew is braver than Alexander.
neutral	Among Helen, Evelyn and Louis the laziest is Evelyn.	Helen is lazier than Louis.
neutral	Among Matthew, George and Cynthia the bitterest is George.	Matthew is bitterer than Cynthia.
neutral	Among Tim, Marilyn and Julia the dumbest is Marilyn.	Tim is dumber than Julia.
neutral	Among Elaine, Colin and Laura the skinniest is Colin.	Elaine is skinnier than Laura.
neutral	Among Roy, Jessica and Jill the slowest is Jessica.	Roy is slower than Jill.
neutral	Among Sally, Johnny and Samuel the meanest is Johnny.	Sally is meaner than Samuel.
neutral	Among Amanda, Bruce and Ian the classiest is Bruce.	Amanda is classier than Ian.
neutral	Among Stephanie, Emma and Larry the sweetest is Emma.	Stephanie is sweeter than Larry.
neutral	Among Emily, Christine and Stephanie the dumbest is Christine.	Emily is dumber than Stephanie.
neutral	Among Richard, Dick and Ben the bravest is Dick.	Richard is braver than Ben.
neutral	Among Francis, Jessica and Melissa the harshest is Jessica.	Francis is harsher than Melissa.
neutral	Among Andrea, Rose and Joseph the meanest is Rose.	Andrea is meaner than Joseph.
neutral	Among Anne, Joan and Ruth the biggest is Joan.	Anne is bigger than Ruth.
neutral	Among Edward, Ron and Ed the best is Ron.	Edward is better than Ed.
neutral	Among Rachel, Eric and Judith the loveliest is Eric.	Rachel is lovelier than Judith.
neutral	Among Roger, Kenneth and Amanda the noisiest is Kenneth.	Roger is noisier than Amanda.
neutral	Among Lauren, Andrea and Howard the tallest is Andrea.	Lauren is taller than Howard.
neutral	Among Joe, Patricia and Susan the densest is Patricia.	Joe is denser than Susan.
neutral	Among Joe, Harry and Victoria the loveliest is Harry.	Joe is lovelier than Victoria.
neutral	Among Mark, Alex and Janet the chubbiest is Alex.	Mark is chubbier than Janet.
neutral	Among Sara, Ray and Matt the harshest is Ray.	Sara is harsher than Matt.
neutral	Among Michelle, Julia and Daniel the loudest is Julia.	Michelle is louder than Daniel.
neutral	Among Kim, Jim and Frank the dumbest is Jim.	Kim is dumber than Frank.
neutral	Among Nancy, Andrea and Kathy the nicest is Andrea.	Nancy is nicer than Kathy.
neutral	Among Adam, Fred and Virginia the hairiest is Fred.	Adam is hairier than Virginia.
neutral	Among Emma, Helen and Angela the tallest is Helen.	Emma is taller than Angela.
neutral	Among Annie, Gary and Sara the poorest is Gary.	Annie is poorer than Sara.
neutral	Among James, Jennifer and Jeff the naughtiest is Jennifer.	James is naughtier than Jeff.
neutral	Among Kim, Adam and Jonathan the greediest is Adam.	Kim is greedier than Jonathan.
neutral	Among James, Michelle and Anne the most modern is Michelle.	James is more modern than Anne.
neutral	Among Donald, Mary and Jim the wealthiest is Mary.	Donald is wealthier than Jim.
neutral	Among Lisa, Jane and Joe the most tired is Jane.	Lisa is more tired than Joe.
neutral	Among Roy, Tony and Thomas the biggest is Tony.	Roy is bigger than Thomas.
neutral	Among Gary, Amanda and Elizabeth the longest is Amanda.	Gary is longer than Elizabeth.
neutral	Among Joseph, Roger and Carolyn the oldest is Roger.	Joseph is older than Carolyn.
neutral	Among Dan, Ralph and Julie the skinniest is Ralph.	Dan is skinnier than Julie.
neutral	Among Jane, Heather and Martin the cruellest is Heather.	Jane is crueller than Martin.
neutral	Among Catherine, Jack and Karen the shortest is Jack.	Catherine is shorter than Karen.
neutral	Among Ruth, Katherine and Ashley the hungriest is Katherine.	Ruth is hungrier than Ashley.
neutral	Among Claire, Matt and Simon the richest is Matt.	Claire is richer than Simon.
neutral	Among Kathy, Dorothy and Rose the firmest is Dorothy.	Kathy is firmer than Rose.
neutral	Among Ann, Bob and Kelly the meanest is Bob.	Ann is meaner than Kelly.
neutral	Among Bob, Roger and Keith the biggest is Roger.	Bob is bigger than Keith.
neutral	Among Ken, Kelly and Jonathan the skinniest is Kelly.	Ken is skinnier than Jonathan.
neutral	Among Matthew, Sally and Charles the fastest is Sally.	Matthew is faster than Charles.
neutral	Among Christine, Barbara and Frances the naughtiest is Barbara.	Christine is naughtier than Frances.
neutral	Among Alice, William and Jessica the greediest is William.	Alice is greedier than Jessica.
neutral	Among Kathryn, Albert and Stephen the wisest is Albert.	Kathryn is wiser than Stephen.
neutral	Among Robert, Claire and Susan the friendliest is Claire.	Robert is friendlier than Susan.
neutral	Among Lauren, Anna and Lawrence the messiest is Anna.	Lauren is messier than Lawrence.
neutral	Among William, Larry and Keith the skinniest is Larry.	William is skinnier than Keith.
neutral	Among Hugh, Lisa and Amanda the ugliest is Lisa.	Hugh is uglier than Amanda.
neutral	Among Edwin, Julie and Kathryn the most modern is Julie.	Edwin is more modern than Kathryn.
neutral	Among Benjamin, Caroline and Christine the hungriest is Caroline.	Benjamin is hungrier than Christine.
neutral	Among Steve, Robert and Louis the most bitter is Robert.	Steve is more bitter than Louis.
neutral	Among Charlotte, Alan and Louise the toughest is Alan.	Charlotte is tougher than Louise.
neutral	Among Diana, Diane and Katherine the hungriest is Diane.	Diana is hungrier than Katherine.
neutral	Among Ian, Sandra and Don the biggest is Sandra.	Ian is bigger than Don.
neutral	Among Harold, Stephen and Lauren the sincerest is Stephen.	Harold is sincerer than Lauren.
neutral	Among Elizabeth, Kathryn and Robert the gloomiest is Kathryn.	Elizabeth is gloomier than Robert.
neutral	Among Carol, Jane and Johnny the humblest is Jane.	Carol is humbler than Johnny.
neutral	Among Cynthia, James and Joe the silliest is James.	Cynthia is sillier than Joe.
neutral	Among Mark, Adam and Sophie the greediest is Adam.	Mark is greedier than Sophie.
neutral	Among Leslie, Roy and Katherine the boldest is Roy.	Leslie is bolder than Katherine.
neutral	Among Stephen, Steven and Annie the most handsome is Steven.	Stephen is more handsome than Annie.
neutral	Among Andrew, Bobby and Donna the bitterest is Bobby.	Andrew is bitterer than Donna.
neutral	Among Mark, Anthony and William the smallest is Anthony.	Mark is smaller than William.
neutral	Among Alison, Carolyn and Annie the oldest is Carolyn.	Alison is older than Annie.
neutral	Among Roy, Charles and Julia the densest is Charles.	Roy is denser than Julia.
neutral	Among Walter, Eric and Kathy the most important is Eric.	Walter is more important than Kathy.
neutral	Among Chris, Virginia and Frances the sincerest is Virginia.	Chris is sincerer than Frances.
neutral	Among Frances, Lucy and Donald the rudest is Lucy.	Frances is ruder than Donald.
neutral	Among Emma, Frank and Rachel the quietest is Frank.	Emma is quieter than Rachel.
neutral	Among Dan, Jessica and Sara the thinnest is Jessica.	Dan is thinner than Sara.
neutral	Among Deborah, Diane and Alex the smartest is Diane.	Deborah is smarter than Alex.
neutral	Among Amy, Louis and Scott the ugliest is Louis.	Amy is uglier than Scott.
neutral	Among Jay, Sandra and Tim the best is Sandra.	Jay is better than Tim.
neutral	Among Sally, Suzanne and Michelle the humblest is Suzanne.	Sally is humbler than Michelle.
neutral	Among Helen, Frederick and Stephen the thinnest is Frederick.	Helen is thinner than Stephen.
neutral	Among Matthew, Charles and Jay the naughtiest is Charles.	Matthew is naughtier than Jay.
neutral	Among Anne, Jane and Leslie the most interesting is Jane.	Anne is more interesting than Leslie.
neutral	Among Betty, Katherine and Carolyn the fattest is Katherine.	Betty is fatter than Carolyn.
neutral	Among Benjamin, Kelly and Elizabeth the most modern is Kelly.	Benjamin is more modern than Elizabeth.
neutral	Among Florence, Elizabeth and Annie the greatest is Elizabeth.	Florence is greater than Annie.
neutral	Among Florence, Judith and Kevin the smallest is Judith.	Florence is smaller than Kevin.
neutral	Among Jennifer, Evelyn and Billy the weirdest is Evelyn.	Jennifer is weirder than Billy.
neutral	Among Jonathan, Kim and Jerry the tiniest is Kim.	Jonathan is tinier than Jerry.
neutral	Among Larry, Jean and Ellen the curviest is Jean.	Larry is curvier than Ellen.
neutral	Among Donna, Alexander and Albert the shallowest is Alexander.	Donna is shallower than Albert.
neutral	Among Charles, Robin and Stephanie the biggest is Robin.	Charles is bigger than Stephanie.
neutral	Among Alex, Harriet and Sharon the toughest is Harriet.	Alex is tougher than Sharon.
neutral	Among Emily, Donald and Jack the kindest is Donald.	Emily is kinder than Jack.
neutral	Among Mike, Frances and Roger the nicest is Frances.	Mike is nicer than Roger.
neutral	Among Jay, Tony and Julie the tiniest is Tony.	Jay is tinier than Julie.
neutral	Among Kathy, Jerry and Edward the gentlest is Jerry.	Kathy is gentler than Edward.
neutral	Among Al, Bruce and Sue the brightest is Bruce.	Al is brighter than Sue.
neutral	Among Kenneth, Angela and Martha the kindest is Angela.	Kenneth is kinder than Martha.
neutral	Among Heather, Richard and Sally the nicest is Richard.	Heather is nicer than Sally.
neutral	Among Joe, Anne and Diana the classiest is Anne.	Joe is classier than Diana.
neutral	Among David, Keith and Kathryn the saltiest is Keith.	David is saltier than Kathryn.
neutral	Among Andrea, Joe and Stephen the guiltiest is Joe.	Andrea is guilter than Stephen.
neutral	Among Barbara, Kevin and Steven the rudest is Kevin.	Barbara is ruder than Steven.
neutral	Among Angela, Edith and Andrea the most attractive is Edith.	Angela is more attractive than Andrea.
neutral	Among Kevin, Florence and Ed the loudest is Florence.	Kevin is louder than Ed.
neutral	Among Mark, Angela and Carolyn the smallest is Angela.	Mark is smaller than Carolyn.
neutral	Among Cynthia, Deborah and Alan the scariest is Deborah.	Cynthia is scarier than Alan.
neutral	Among David, Linda and Matthew the smallest is Linda.	David is smaller than Matthew.
neutral	Among Christine, Jean and Fiona the most bitter is Jean.	Christine is more bitter than Fiona.
neutral	Among Jonathan, Mark and Carolyn the noisiest is Mark.	Jonathan is noisier than Carolyn.
neutral	Among Roger, Robin and Charlie the richest is Robin.	Roger is richer than Charlie.
neutral	Among Alex, Don and Kenneth the shallowest is Don.	Alex is shallower than Kenneth.
neutral	Among Arthur, Daniel and Harry the hairiest is Daniel.	Arthur is hairier than Harry.
neutral	Among Don, Michelle and Benjamin the densest is Michelle.	Don is denser than Benjamin.
neutral	Among Francis, Elizabeth and Sara the harshest is Elizabeth.	Francis is harsher than Sara.
neutral	Among Sharon, Judith and Daniel the hairiest is Judith.	Sharon is hairier than Daniel.
neutral	Among Sharon, Nancy and Dorothy the classiest is Nancy.	Sharon is classier than Dorothy.
neutral	Among Alfred, Emma and Alexander the calmest is Emma.	Alfred is calmer than Alexander.
neutral	Among Don, William and Jim the curviest is William.	Don is curvier than Jim.
neutral	Among Evelyn, Matthew and Fiona the noisiest is Matthew.	Evelyn is noisier than Fiona.
neutral	Among Tom, Peter and Henry the most renowned is Peter.	Tom is more renowned than Henry.
neutral	Among David, Bobby and Angela the silliest is Bobby.	David is sillier than Angela.
neutral	Among Ron, Victoria and Joe the happiest is Victoria.	Ron is happier than Joe.
neutral	Among Nick, Jack and Kevin the fattest is Jack.	Nick is fatter than Kevin.
neutral	Among Alex, Judith and Simon the weakest is Judith.	Alex is weaker than Simon.
neutral	Among Jonathan, Caroline and Elaine the politest is Caroline.	Jonathan is politer than Elaine.
neutral	Among Kate, Bobby and Elizabeth the fairest is Bobby.	Kate is fairer than Elizabeth.
neutral	Among Lawrence, Matthew and Catherine the kindest is Matthew.	Lawrence is kinder than Catherine.
neutral	Among Frank, Barbara and Joan the greediest is Barbara.	Frank is greedier than Joan.
neutral	Among Angela, Sharon and Catherine the ugliest is Sharon.	Angela is uglier than Catherine.
neutral	Among Caroline, Linda and Marilyn the skinniest is Linda.	Caroline is skinnier than Marilyn.
neutral	Among Ed, Sophie and Bill the loudest is Sophie.	Ed is louder than Bill.
neutral	Among Betty, Ruth and Ray the hairiest is Ruth.	Betty is hairier than Ray.
neutral	Among Angela, Deborah and Ashley the harshest is Deborah.	Angela is harsher than Ashley.
neutral	Among Joe, Lawrence and Edith the clumsiest is Lawrence.	Joe is clumsier than Edith.
neutral	Among Patrick, Joe and Steven the tiniest is Joe.	Patrick is tinier than Steven.
neutral	Among George, Judith and Marilyn the bossiest is Judith.	George is bossier than Marilyn.
neutral	Among Florence, Amy and Ruth the cutest is Amy.	Florence is cuter than Ruth.
neutral	Among Daniel, Anthony and Alan the tallest is Anthony.	Daniel is taller than Alan.
neutral	Among Patrick, Henry and Sally the guiltiest is Henry.	Patrick is guilter than Sally.
neutral	Among Fiona, Heather and Kenneth the worst is Heather.	Fiona is worse than Kenneth.
neutral	Among Robin, Florence and James the oldest is Florence.	Robin is older than James.
neutral	Among Alison, Alan and Nick the densest is Alan.	Alison is denser than Nick.
neutral	Among John, Roger and Ellen the loneliest is Roger.	John is lonlier than Ellen.
neutral	Among Louis, Steven and Donna the busiest is Steven.	Louis is busier than Donna.
neutral	Among Lisa, Howard and Henry the longest is Howard.	Lisa is longer than Henry.
neutral	Among Ralph, Kim and Bruce the most interesting is Kim.	Ralph is more interesting than Bruce.
neutral	Among Lisa, Kathleen and Ron the sharpest is Kathleen.	Lisa is sharper than Ron.
neutral	Among Peter, Edward and Dan the laziest is Edward.	Peter is lazier than Dan.
neutral	Among Frank, Jim and Janet the weirdest is Jim.	Frank is weirder than Janet.
neutral	Among Julia, Anne and Janet the slowest is Anne.	Julia is slower than Janet.
neutral	Among Colin, Lynn and Greg the ugliest is Lynn.	Colin is uglier than Greg.
neutral	Among Jack, Cynthia and Ed the happiest is Cynthia.	Jack is happier than Ed.
neutral	Among Katherine, Jimmy and Harriet the slimmest is Jimmy.	Katherine is slimmer than Harriet.
neutral	Among Edward, Heather and Ruth the most polite is Heather.	Edward is more polite than Ruth.
neutral	Among Anna, Brian and Nicole the most popular is Brian.	Anna is more popular than Nicole.
neutral	Among Fred, Benjamin and Sue the most polite is Benjamin.	Fred is more polite than Sue.
neutral	Among Arthur, Ben and Simon the most popular is Ben.	Arthur is more popular than Simon.
neutral	Among Jean, Annie and Paul the tiniest is Annie.	Jean is tinier than Paul.
neutral	Among Evelyn, George and Anthony the hairiest is George.	Evelyn is hairier than Anthony.
neutral	Among Richard, Alex and Gary the shallowest is Alex.	Richard is shallower than Gary.
neutral	Among Kate, Hugh and Martin the laziest is Hugh.	Kate is lazier than Martin.
neutral	Among Sam, Adam and Lawrence the nicest is Adam.	Sam is nicer than Lawrence.
neutral	Among Stephanie, George and Paul the cleverest is George.	Stephanie is cleverer than Paul.
neutral	Among Heather, Ashley and Frances the loveliest is Ashley.	Heather is lovelier than Frances.
neutral	Among Albert, Roger and Edwin the most polite is Roger.	Albert is more polite than Edwin.
neutral	Among Kim, Ralph and Jim the thinnest is Ralph.	Kim is thinner than Jim.
neutral	Among Maria, Roger and Kathleen the bitterest is Roger.	Maria is bitterer than Kathleen.
neutral	Among Janet, Diana and Alison the prettiest is Diana.	Janet is prettier than Alison.
neutral	Among Betty, Ken and Emma the worst is Ken.	Betty is worse than Emma.
neutral	Among Angela, Dick and Victoria the kindest is Dick.	Angela is kinder than Victoria.
neutral	Among Ray, Louise and Laura the most interesting is Louise.	Ray is more interesting than Laura.
neutral	Among Jennifer, Eric and Dave the greatest is Eric.	Jennifer is greater than Dave.
neutral	Among Julia, Judy and Christopher the hungriest is Judy.	Julia is hungrier than Christopher.
neutral	Among Frederick, Elizabeth and Leslie the laziest is Elizabeth.	Frederick is lazier than Leslie.
neutral	Among Jonathan, Sharon and Judy the loneliest is Sharon.	Jonathan is lonlier than Judy.
neutral	Among Amanda, Deborah and Wendy the saltiest is Deborah.	Amanda is saltier than Wendy.
neutral	Among Nicole, Dorothy and Ralph the fittest is Dorothy.	Nicole is fitter than Ralph.
neutral	Among Harriet, Lawrence and Claire the shortest is Lawrence.	Harriet is shorter than Claire.
neutral	Among Francis, Bobby and Bill the weakest is Bobby.	Francis is weaker than Bill.
neutral	Among Evelyn, Donna and Stephanie the laziest is Donna.	Evelyn is lazier than Stephanie.
neutral	Among Albert, Laura and Jerry the silliest is Laura.	Albert is sillier than Jerry.
neutral	Among Rachel, Stephanie and Peter the silliest is Stephanie.	Rachel is sillier than Peter.
neutral	Among Mike, Marie and Emma the most beautiful is Marie.	Mike is more beautiful than Emma.
neutral	Among Linda, Joe and Stephen the fastest is Joe.	Linda is faster than Stephen.
neutral	Among Francis, Dan and Helen the hungriest is Dan.	Francis is hungrier than Helen.
neutral	Among Robin, Daniel and George the chubbiest is Daniel.	Robin is chubbier than George.
neutral	Among Catherine, Betty and Johnny the dullest is Betty.	Catherine is duller than Johnny.
neutral	Among Don, Amanda and Roy the loveliest is Amanda.	Don is lovelier than Roy.
neutral	Among Kathy, Suzanne and Thomas the quietest is Suzanne.	Kathy is quieter than Thomas.
neutral	Among Johnny, Martin and Jeff the chubbiest is Martin.	Johnny is chubbier than Jeff.
neutral	Among Donna, Adam and Carol the best is Adam.	Donna is better than Carol.
neutral	Among Richard, Carol and Kevin the calmest is Carol.	Richard is calmer than Kevin.
neutral	Among Julia, Maria and Tim the poorest is Maria.	Julia is poorer than Tim.
neutral	Among Maria, Jack and Sara the dumbest is Jack.	Maria is dumber than Sara.
neutral	Among Karen, Simon and Emily the shyest is Simon.	Karen is shyer than Emily.
neutral	Among Jonathan, Emma and Wendy the biggest is Emma.	Jonathan is bigger than Wendy.
neutral	Among Julie, Richard and Katie the loneliest is Richard.	Julie is lonlier than Katie.
neutral	Among Caroline, Janet and Patrick the smallest is Janet.	Caroline is smaller than Patrick.
neutral	Among Sophie, Louis and Philip the cruellest is Louis.	Sophie is crueller than Philip.
neutral	Among Johnny, Lucy and Helen the worst is Lucy.	Johnny is worse than Helen.
neutral	Among Al, Ken and Harriet the nicest is Ken.	Al is nicer than Harriet.
neutral	Among Anna, Louis and Victoria the weirdest is Louis.	Anna is weirder than Victoria.
neutral	Among Peter, Richard and Lauren the dumbest is Richard.	Peter is dumber than Lauren.
neutral	Among Fiona, Kathryn and Sue the densest is Kathryn.	Fiona is denser than Sue.
neutral	Among Katie, Kathryn and Fred the most popular is Kathryn.	Katie is more popular than Fred.
neutral	Among Alexandra, Harold and Edward the dullest is Harold.	Alexandra is duller than Edward.
neutral	Among Daniel, Anthony and Lauren the quietest is Anthony.	Daniel is quieter than Lauren.
neutral	Among Keith, Ben and Samuel the loneliest is Ben.	Keith is lonlier than Samuel.
neutral	Among Margaret, Alan and Caroline the most tired is Alan.	Margaret is more tired than Caroline.
neutral	Among Ken, Charles and Claire the weakest is Charles.	Ken is weaker than Claire.
neutral	Among Karen, Edith and Nicole the kindest is Edith.	Karen is kinder than Nicole.
neutral	Among Sue, Diane and Lucy the oldest is Diane.	Sue is older than Lucy.
neutral	Among Lauren, Mike and George the silliest is Mike.	Lauren is sillier than George.
neutral	Among Lucy, Linda and Kate the meanest is Linda.	Lucy is meaner than Kate.
neutral	Among Margaret, Donna and Lauren the sleepiest is Donna.	Margaret is sleepier than Lauren.
neutral	Among Kim, Ben and Lynn the smallest is Ben.	Kim is smaller than Lynn.
neutral	Among Robert, Roger and Dave the prettiest is Roger.	Robert is prettier than Dave.
neutral	Among Lauren, Alex and Fiona the shyest is Alex.	Lauren is shyer than Fiona.
neutral	Among Kelly, Janet and Marie the brightest is Janet.	Kelly is brighter than Marie.
neutral	Among Ed, George and Kathryn the funniest is George.	Ed is funnier than Kathryn.
neutral	Among Peter, Sophie and Richard the cruellest is Sophie.	Peter is crueller than Richard.
neutral	Among Anne, Paul and Samuel the most popular is Paul.	Anne is more popular than Samuel.
neutral	Among Mark, Alexandra and Robert the sorriest is Alexandra.	Mark is sorrier than Robert.
neutral	Among Melissa, Alison and Greg the hungriest is Alison.	Melissa is hungrier than Greg.
neutral	Among Kelly, Karen and Frank the guiltiest is Karen.	Kelly is guilter than Frank.
neutral	Among Deborah, Andrew and Al the densest is Andrew.	Deborah is denser than Al.
neutral	Among Roy, Harry and Charlie the most beautiful is Harry.	Roy is more beautiful than Charlie.
neutral	Among Betty, Chris and Jim the cleverest is Chris.	Betty is cleverer than Jim.
neutral	Among Grace, Benjamin and Ray the firmest is Benjamin.	Grace is firmer than Ray.
neutral	Among Steve, Kim and Alice the dumbest is Kim.	Steve is dumber than Alice.
neutral	Among Frank, Sandra and Sue the weirdest is Sandra.	Frank is weirder than Sue.
neutral	Among Kathryn, Amy and Nick the fittest is Amy.	Kathryn is fitter than Nick.
neutral	Among Claire, Pamela and Alison the nicest is Pamela.	Claire is nicer than Alison.
neutral	Among Annie, Gary and Heather the noisiest is Gary.	Annie is noisier than Heather.
neutral	Among Jerry, Bob and Andrea the brightest is Bob.	Jerry is brighter than Andrea.
neutral	Among Maria, Ray and Brian the most tired is Ray.	Maria is more tired than Brian.
neutral	Among Cynthia, Eric and John the slimmest is Eric.	Cynthia is slimmer than John.
neutral	Among Sam, Andrew and Steve the wealthiest is Andrew.	Sam is wealthier than Steve.
neutral	Among Linda, Florence and Chris the busiest is Florence.	Linda is busier than Chris.
neutral	Among Harold, Jim and Martha the chubbiest is Jim.	Harold is chubbier than Martha.
neutral	Among Alex, Mike and Brian the ugliest is Mike.	Alex is uglier than Brian.
neutral	Among Helen, Larry and Amanda the rudest is Larry.	Helen is ruder than Amanda.
neutral	Among Deborah, Diana and Thomas the cleverest is Diana.	Deborah is cleverer than Thomas.
neutral	Among Henry, Harold and Carl the greediest is Harold.	Henry is greedier than Carl.
neutral	Among Steve, Andrew and Betty the greatest is Andrew.	Steve is greater than Betty.
neutral	Among Cynthia, Patrick and Eleanor the boldest is Patrick.	Cynthia is bolder than Eleanor.
neutral	Among Ron, Eric and Brian the weakest is Eric.	Ron is weaker than Brian.
neutral	Among Edith, Sue and Sandra the brightest is Sue.	Edith is brighter than Sandra.
neutral	Among Don, Evelyn and Lucy the cutest is Evelyn.	Don is cuter than Lucy.
neutral	Among Linda, Grace and Julie the shortest is Grace.	Linda is shorter than Julie.
neutral	Among Richard, Ellen and Diane the biggest is Ellen.	Richard is bigger than Diane.
neutral	Among Gary, Bill and Diana the hungriest is Bill.	Gary is hungrier than Diana.
neutral	Among Joan, Jonathan and Melissa the clumsiest is Jonathan.	Joan is clumsier than Melissa.
neutral	Among Matthew, Stephanie and Virginia the proudest is Stephanie.	Matthew is prouder than Virginia.
neutral	Among Janet, Susan and Stephen the most interesting is Susan.	Janet is more interesting than Stephen.
neutral	Among Karen, Frank and David the strongest is Frank.	Karen is stronger than David.
neutral	Among Sue, Diane and Carol the cutest is Diane.	Sue is cuter than Carol.
neutral	Among Lauren, Heather and Tom the angriest is Heather.	Lauren is angrier than Tom.
neutral	Among Stephanie, Jay and Heather the cruellest is Jay.	Stephanie is crueller than Heather.
neutral	Among Dorothy, Brian and Claire the most popular is Brian.	Dorothy is more popular than Claire.
neutral	Among Henry, Kate and Amy the wealthiest is Kate.	Henry is wealthier than Amy.
neutral	Among Steven, Elaine and Roger the hungriest is Elaine.	Steven is hungrier than Roger.
neutral	Among Diane, Sally and Frederick the gloomiest is Sally.	Diane is gloomier than Frederick.
neutral	Among Eleanor, Jeff and Katherine the best is Jeff.	Eleanor is better than Katherine.
neutral	Among Ryan, Sarah and Rachel the sharpest is Sarah.	Ryan is sharper than Rachel.
neutral	Among Sue, Suzanne and Alfred the calmest is Suzanne.	Sue is calmer than Alfred.
neutral	Among Andrew, Larry and Ian the saltiest is Larry.	Andrew is saltier than Ian.
neutral	Among Wendy, Karen and Stephen the harshest is Karen.	Wendy is harsher than Stephen.
neutral	Among Tony, Claire and Alexander the cruellest is Claire.	Tony is crueller than Alexander.
neutral	Among Bobby, Michelle and Louise the gentlest is Michelle.	Bobby is gentler than Louise.
neutral	Among Frank, Alexandra and Ken the angriest is Alexandra.	Frank is angrier than Ken.
neutral	Among Francis, Nicole and Roger the greatest is Nicole.	Francis is greater than Roger.
neutral	Among Don, Ray and Ben the tallest is Ray.	Don is taller than Ben.
neutral	Among Margaret, Jeff and Samuel the politest is Jeff.	Margaret is politer than Samuel.
neutral	Among Charlotte, Maria and Daniel the bravest is Maria.	Charlotte is braver than Daniel.
neutral	Among Judith, Al and Kelly the messiest is Al.	Judith is messier than Kelly.
neutral	Among Helen, Anna and Harold the hottest is Anna.	Helen is hotter than Harold.
neutral	Among Catherine, Charlotte and Janet the tiniest is Charlotte.	Catherine is tinier than Janet.
neutral	Among Catherine, Billy and David the loudest is Billy.	Catherine is louder than David.
neutral	Among James, Julie and John the classiest is Julie.	James is classier than John.
neutral	Among Melissa, Evelyn and Matt the oldest is Evelyn.	Melissa is older than Matt.
neutral	Among Wendy, Martin and Annie the gloomiest is Martin.	Wendy is gloomier than Annie.
neutral	Among Benjamin, Donald and Dave the hairiest is Donald.	Benjamin is hairier than Dave.
neutral	Among Matt, Katherine and Keith the most polite is Katherine.	Matt is more polite than Keith.
neutral	Among Albert, Lucy and Simon the messiest is Lucy.	Albert is messier than Simon.
neutral	Among Albert, Carolyn and Rebecca the greatest is Carolyn.	Albert is greater than Rebecca.
neutral	Among Dan, Maria and William the smallest is Maria.	Dan is smaller than William.
neutral	Among Anthony, Joe and Virginia the boldest is Joe.	Anthony is bolder than Virginia.
neutral	Among Barbara, Ron and Albert the densest is Ron.	Barbara is denser than Albert.
neutral	Among Joan, Tim and Ellen the politest is Tim.	Joan is politer than Ellen.
neutral	Among Matt, Joan and Martha the saltiest is Joan.	Matt is saltier than Martha.
neutral	Among Helen, Virginia and John the slowest is Virginia.	Helen is slower than John.
neutral	Among Arthur, Eleanor and Julie the fairest is Eleanor.	Arthur is fairer than Julie.
neutral	Among Bob, Nicole and Alison the wealthiest is Nicole.	Bob is wealthier than Alison.
neutral	Among Martin, Janet and Jill the skinniest is Janet.	Martin is skinnier than Jill.
neutral	Among Samuel, Michelle and Alice the saltiest is Michelle.	Samuel is saltier than Alice.
neutral	Among Stephen, Ben and Frederick the sleepiest is Ben.	Stephen is sleepier than Frederick.
neutral	Among Sandra, William and Francis the most popular is William.	Sandra is more popular than Francis.
neutral	Among William, Chris and Jim the tallest is Chris.	William is taller than Jim.
neutral	Among Hugh, Daniel and Lawrence the slimmest is Daniel.	Hugh is slimmer than Lawrence.
neutral	Among Peter, Janet and Ruth the slowest is Janet.	Peter is slower than Ruth.
neutral	Among Laura, John and Edward the craziest is John.	Laura is crazier than Edward.
neutral	Among Thomas, Nancy and Bruce the politest is Nancy.	Thomas is politer than Bruce.
neutral	Among Heather, Matt and Adam the kindest is Matt.	Heather is kinder than Adam.
neutral	Among Evelyn, Stephanie and Hugh the slowest is Stephanie.	Evelyn is slower than Hugh.
neutral	Among Carl, Nick and Evelyn the tiniest is Nick.	Carl is tinier than Evelyn.
neutral	Among Nick, Harriet and Kim the chubbiest is Harriet.	Nick is chubbier than Kim.
neutral	Among Daniel, Dave and Hugh the firmest is Dave.	Daniel is firmer than Hugh.
neutral	Among Jay, Jason and Rose the most attractive is Jason.	Jay is more attractive than Rose.
neutral	Among Harold, Adam and Thomas the rudest is Adam.	Harold is ruder than Thomas.
neutral	Among Catherine, Carol and Al the quietest is Carol.	Catherine is quieter than Al.
neutral	Among Anne, Jean and Charles the prettiest is Jean.	Anne is prettier than Charles.
neutral	Among Dick, Judy and Anna the poorest is Judy.	Dick is poorer than Anna.
neutral	Among Jason, Sara and Mary the clumsiest is Sara.	Jason is clumsier than Mary.
neutral	Among Jack, Julia and James the hungriest is Julia.	Jack is hungrier than James.
neutral	Among Dan, Michael and Amanda the happiest is Michael.	Dan is happier than Amanda.
neutral	Among Alan, Harold and Francis the most renowned is Harold.	Alan is more renowned than Francis.
neutral	Among Harriet, Lynn and Kate the worst is Lynn.	Harriet is worse than Kate.
neutral	Among Donna, Victoria and Mary the poorest is Victoria.	Donna is poorer than Mary.
neutral	Among Rose, Evelyn and Johnny the tiniest is Evelyn.	Rose is tinier than Johnny.
neutral	Among Ryan, Patrick and Keith the ugliest is Patrick.	Ryan is uglier than Keith.
neutral	Among Billy, Roy and Sally the gloomiest is Roy.	Billy is gloomier than Sally.
neutral	Among Dave, Ruth and Larry the saddest is Ruth.	Dave is sadder than Larry.
neutral	Among Larry, Richard and Annie the fastest is Richard.	Larry is faster than Annie.
neutral	Among Anna, Susan and Sophie the youngest is Susan.	Anna is younger than Sophie.
neutral	Among Tim, Fred and Margaret the silliest is Fred.	Tim is sillier than Margaret.
neutral	Among Fiona, Florence and Alison the hottest is Florence.	Fiona is hotter than Alison.
neutral	Among Nicole, Anthony and Fred the longest is Anthony.	Nicole is longer than Fred.
neutral	Among Jean, Alex and Evelyn the most bitter is Alex.	Jean is more bitter than Evelyn.
neutral	Among Alan, Larry and Scott the youngest is Larry.	Alan is younger than Scott.
neutral	Among Ryan, Janet and Robin the cutest is Janet.	Ryan is cuter than Robin.
neutral	Among Adam, Ellen and Alice the hairiest is Ellen.	Adam is hairier than Alice.
neutral	Among Brian, Anna and Donna the healthiest is Anna.	Brian is healthier than Donna.
neutral	Among Eleanor, Jim and Sara the healthiest is Jim.	Eleanor is healthier than Sara.
neutral	Among Charles, Marie and Bob the sincerest is Marie.	Charles is sincerer than Bob.
neutral	Among Carol, Florence and Janet the loudest is Florence.	Carol is louder than Janet.
neutral	Among Greg, Rose and William the funniest is Rose.	Greg is funnier than William.
neutral	Among Annie, Stephanie and Kathryn the ugliest is Stephanie.	Annie is uglier than Kathryn.
neutral	Among Ben, Andrea and Wendy the skinniest is Andrea.	Ben is skinnier than Wendy.
neutral	Among Billy, Christine and Steve the dumbest is Christine.	Billy is dumber than Steve.
neutral	Among George, Amanda and Nicole the friendliest is Amanda.	George is friendlier than Nicole.
neutral	Among Judy, Michelle and Edith the densest is Michelle.	Judy is denser than Edith.
neutral	Among Michelle, Emma and Albert the smartest is Emma.	Michelle is smarter than Albert.
neutral	Among Anthony, Kathy and Dorothy the tallest is Kathy.	Anthony is taller than Dorothy.
neutral	Among Victoria, Julia and Grace the politest is Julia.	Victoria is politer than Grace.
neutral	Among Melissa, Amanda and Frances the most bitter is Amanda.	Melissa is more bitter than Frances.
neutral	Among Joseph, Ian and Mark the slowest is Ian.	Joseph is slower than Mark.
neutral	Among Sandra, Al and Angela the funniest is Al.	Sandra is funnier than Angela.
neutral	Among Susan, Al and Alison the gloomiest is Al.	Susan is gloomier than Alison.
neutral	Among Ralph, Bob and Roy the weakest is Bob.	Ralph is weaker than Roy.
neutral	Among Sara, Jeff and Michelle the bravest is Jeff.	Sara is braver than Michelle.
neutral	Among Janet, Rose and Ben the fastest is Rose.	Janet is faster than Ben.
neutral	Among Kevin, Ron and George the slowest is Ron.	Kevin is slower than George.
neutral	Among Ellen, Ben and Kenneth the funniest is Ben.	Ellen is funnier than Kenneth.
neutral	Among Francis, Ray and James the calmest is Ray.	Francis is calmer than James.
neutral	Among Philip, Roger and Benjamin the bitterest is Roger.	Philip is bitterer than Benjamin.
neutral	Among Roy, Don and Colin the sleepiest is Don.	Roy is sleepier than Colin.
neutral	Among Carolyn, Edward and Roy the fattest is Edward.	Carolyn is fatter than Roy.
neutral	Among Steven, Jay and Ray the most attractive is Jay.	Steven is more attractive than Ray.
neutral	Among Suzanne, Harriet and Eleanor the boldest is Harriet.	Suzanne is bolder than Eleanor.
neutral	Among Roger, Simon and Ralph the politest is Simon.	Roger is politer than Ralph.
neutral	Among Philip, Steven and Sophie the worst is Steven.	Philip is worse than Sophie.
neutral	Among Tim, Lawrence and Peter the most bitter is Lawrence.	Tim is more bitter than Peter.
neutral	Among Ashley, Susan and Rose the hairiest is Susan.	Ashley is hairier than Rose.
neutral	Among Annie, Scott and Angela the cleverest is Scott.	Annie is cleverer than Angela.
neutral	Among Carolyn, Steven and Julia the curviest is Steven.	Carolyn is curvier than Julia.
neutral	Among Emma, Pamela and Laura the most clever is Pamela.	Emma is more clever than Laura.
neutral	Among Judy, Ray and Andrea the noisiest is Ray.	Judy is noisier than Andrea.
neutral	Among Walter, Nancy and Scott the sharpest is Nancy.	Walter is sharper than Scott.
neutral	Among Lawrence, Alexander and Eric the shyest is Alexander.	Lawrence is shyer than Eric.
neutral	Among Karen, Alan and Marie the most beautiful is Alan.	Karen is more beautiful than Marie.
neutral	Among Emily, Sophie and Eric the calmest is Sophie.	Emily is calmer than Eric.
neutral	Among Cynthia, Jimmy and Lawrence the most attractive is Jimmy.	Cynthia is more attractive than Lawrence.
neutral	Among Donna, Lucy and Samuel the most renowned is Lucy.	Donna is more renowned than Samuel.
neutral	Among Annie, Alex and Catherine the shortest is Alex.	Annie is shorter than Catherine.
neutral	Among Philip, Jill and Kelly the poorest is Jill.	Philip is poorer than Kelly.
neutral	Among Edward, Don and Patricia the wealthiest is Don.	Edward is wealthier than Patricia.
neutral	Among Matthew, Helen and Roy the guiltiest is Helen.	Matthew is guilter than Roy.
neutral	Among Scott, Linda and Ken the most handsome is Linda.	Scott is more handsome than Ken.
neutral	Among Anna, Jimmy and Sara the skinniest is Jimmy.	Anna is skinnier than Sara.
neutral	Among Albert, Dick and Harold the shyest is Dick.	Albert is shyer than Harold.
neutral	Among Annie, Peter and Benjamin the biggest is Peter.	Annie is bigger than Benjamin.
neutral	Among Alison, Tim and Edith the busiest is Tim.	Alison is busier than Edith.
neutral	Among Philip, Grace and Tom the thinnest is Grace.	Philip is thinner than Tom.
neutral	Among Anna, William and Dorothy the chubbiest is William.	Anna is chubbier than Dorothy.
neutral	Among Kathy, Alexander and Ed the loveliest is Alexander.	Kathy is lovelier than Ed.
neutral	Among Richard, Alex and Sophie the fittest is Alex.	Richard is fitter than Sophie.
neutral	Among Charles, Thomas and Ruth the boldest is Thomas.	Charles is bolder than Ruth.
neutral	Among Lauren, Robert and Victoria the greatest is Robert.	Lauren is greater than Victoria.
neutral	Among Ashley, Alfred and Florence the loneliest is Alfred.	Ashley is lonlier than Florence.
neutral	Among Lucy, Thomas and Diana the hottest is Thomas.	Lucy is hotter than Diana.
neutral	Among Sara, Jessica and Jack the naughtiest is Jessica.	Sara is naughtier than Jack.
neutral	Among Ruth, Carl and Jack the happiest is Carl.	Ruth is happier than Jack.
neutral	Among Katherine, Paul and Jim the chubbiest is Paul.	Katherine is chubbier than Jim.
neutral	Among Mary, Annie and Mike the boldest is Annie.	Mary is bolder than Mike.
neutral	Among Andrew, Frances and Patrick the most modern is Frances.	Andrew is more modern than Patrick.
neutral	Among Katie, Anna and Frances the skinniest is Anna.	Katie is skinnier than Frances.
neutral	Among Anthony, Michael and Patrick the tallest is Michael.	Anthony is taller than Patrick.
neutral	Among Pamela, Keith and Bobby the ugliest is Keith.	Pamela is uglier than Bobby.
neutral	Among Deborah, Tom and Sally the most popular is Tom.	Deborah is more popular than Sally.
neutral	Among Fred, Sam and Kate the most important is Sam.	Fred is more important than Kate.
neutral	Among Kathleen, Claire and Lynn the nicest is Claire.	Kathleen is nicer than Lynn.
neutral	Among Kathleen, Sharon and Helen the noisiest is Sharon.	Kathleen is noisier than Helen.
neutral	Among Greg, Dan and Florence the angriest is Dan.	Greg is angrier than Florence.
neutral	Among Ryan, Helen and Betty the wisest is Helen.	Ryan is wiser than Betty.
neutral	Among Jimmy, Marie and Sara the grossest is Marie.	Jimmy is grosser than Sara.
neutral	Among Martin, Kathryn and Jane the grossest is Kathryn.	Martin is grosser than Jane.
neutral	Among Jessica, Jack and Ryan the brightest is Jack.	Jessica is brighter than Ryan.
neutral	Among Stephen, Jessica and Jimmy the weakest is Jessica.	Stephen is weaker than Jimmy.
neutral	Among Sarah, Kelly and Martha the densest is Kelly.	Sarah is denser than Martha.
neutral	Among Sharon, Donald and Mark the cruellest is Donald.	Sharon is crueller than Mark.
neutral	Among Philip, Pamela and Jean the tallest is Pamela.	Philip is taller than Jean.
neutral	Among Wendy, Rose and Lauren the loveliest is Rose.	Wendy is lovelier than Lauren.
neutral	Among Ed, Donna and Kathy the most polite is Donna.	Ed is more polite than Kathy.
neutral	Among Patrick, Chris and Annie the smallest is Chris.	Patrick is smaller than Annie.
neutral	Among Mary, Lauren and Julie the scariest is Lauren.	Mary is scarier than Julie.
neutral	Among Nick, Marie and Tom the longest is Marie.	Nick is longer than Tom.
neutral	Among Elizabeth, Sue and Evelyn the naughtiest is Sue.	Elizabeth is naughtier than Evelyn.
neutral	Among Kate, Dick and Joe the proudest is Dick.	Kate is prouder than Joe.
neutral	Among Christine, Matt and Jennifer the toughest is Matt.	Christine is tougher than Jennifer.
neutral	Among Daniel, Ralph and Barbara the fastest is Ralph.	Daniel is faster than Barbara.
neutral	Among Kenneth, Stephanie and Wendy the hairiest is Stephanie.	Kenneth is hairier than Wendy.
neutral	Among Jonathan, Deborah and Louise the longest is Deborah.	Jonathan is longer than Louise.
neutral	Among Tony, Jay and Alan the most popular is Jay.	Tony is more popular than Alan.
neutral	Among Karen, Caroline and Louise the weirdest is Caroline.	Karen is weirder than Louise.
neutral	Among Pamela, Emily and Kim the sleepiest is Emily.	Pamela is sleepier than Kim.
neutral	Among Steve, Caroline and Christopher the youngest is Caroline.	Steve is younger than Christopher.
neutral	Among Ashley, Rachel and Arthur the fattest is Rachel.	Ashley is fatter than Arthur.
neutral	Among William, Pamela and Evelyn the friendliest is Pamela.	William is friendlier than Evelyn.
neutral	Among Katherine, Marilyn and Jack the firmest is Marilyn.	Katherine is firmer than Jack.
neutral	Among Bruce, Edward and Chris the weakest is Edward.	Bruce is weaker than Chris.
neutral	Among Roger, Karen and Carolyn the fairest is Karen.	Roger is fairer than Carolyn.
neutral	Among Kim, Frances and Jennifer the meanest is Frances.	Kim is meaner than Jennifer.
neutral	Among Don, Fred and Nick the loudest is Fred.	Don is louder than Nick.
neutral	Among Emma, Donna and Angela the noisiest is Donna.	Emma is noisier than Angela.
neutral	Among Linda, Judith and Charlie the humblest is Judith.	Linda is humbler than Charlie.
neutral	Among Francis, Marie and Alfred the saddest is Marie.	Francis is sadder than Alfred.
neutral	Among Mark, Kenneth and Lynn the weirdest is Kenneth.	Mark is weirder than Lynn.
neutral	Among Harriet, Nancy and Joan the most beautiful is Nancy.	Harriet is more beautiful than Joan.
neutral	Among Ralph, Helen and Kim the kindest is Helen.	Ralph is kinder than Kim.
neutral	Among Jay, Ann and Lucy the cutest is Ann.	Jay is cuter than Lucy.
neutral	Among Tom, Alison and Edward the gloomiest is Alison.	Tom is gloomier than Edward.
neutral	Among Dick, Don and Thomas the densest is Don.	Dick is denser than Thomas.
neutral	Among Nancy, Charlie and Francis the loudest is Charlie.	Nancy is louder than Francis.
neutral	Among Bobby, Frederick and Barbara the fastest is Frederick.	Bobby is faster than Barbara.
neutral	Among Kenneth, Paul and Matt the most handsome is Paul.	Kenneth is more handsome than Matt.
neutral	Among Edwin, Harry and Martin the richest is Harry.	Edwin is richer than Martin.
neutral	Among Kelly, Carolyn and Victoria the prettiest is Carolyn.	Kelly is prettier than Victoria.
neutral	Among Sharon, Evelyn and Emily the harshest is Evelyn.	Sharon is harsher than Emily.
neutral	Among Florence, Lauren and Donna the most polite is Lauren.	Florence is more polite than Donna.
neutral	Among Kathy, Lawrence and Carolyn the classiest is Lawrence.	Kathy is classier than Carolyn.
neutral	Among Thomas, Edwin and Katie the hairiest is Edwin.	Thomas is hairier than Katie.
neutral	Among Cynthia, Judy and Louis the kindest is Judy.	Cynthia is kinder than Louis.
neutral	Among Frederick, Katie and Jessica the curviest is Katie.	Frederick is curvier than Jessica.
neutral	Among Chris, Julie and Roy the densest is Julie.	Chris is denser than Roy.
neutral	Among Charlie, Henry and Victoria the most polite is Henry.	Charlie is more polite than Victoria.
neutral	Among Kim, Amy and Joan the most important is Amy.	Kim is more important than Joan.
neutral	Among Jerry, Diana and George the grossest is Diana.	Jerry is grosser than George.
neutral	Among Edwin, Robert and David the smallest is Robert.	Edwin is smaller than David.
neutral	Among Diane, Melissa and Helen the most interesting is Melissa.	Diane is more interesting than Helen.
neutral	Among Kathryn, Roger and Nicole the laziest is Roger.	Kathryn is lazier than Nicole.
neutral	Among Jill, Edward and Eleanor the sincerest is Edward.	Jill is sincerer than Eleanor.
neutral	Among Annie, Matt and Jeff the sorriest is Matt.	Annie is sorrier than Jeff.
neutral	Among Albert, Virginia and Kim the fittest is Virginia.	Albert is fitter than Kim.
neutral	Among Victoria, Adam and Wendy the most important is Adam.	Victoria is more important than Wendy.
neutral	Among Jimmy, Virginia and Samuel the most tired is Virginia.	Jimmy is more tired than Samuel.
neutral	Among Tim, Edwin and Judy the densest is Edwin.	Tim is denser than Judy.
neutral	Among George, Lynn and Ray the loneliest is Lynn.	George is lonlier than Ray.
neutral	Among Michelle, Marilyn and Katherine the cutest is Marilyn.	Michelle is cuter than Katherine.
neutral	Among Greg, Stephen and Jean the smartest is Stephen.	Greg is smarter than Jean.
neutral	Among Judy, Susan and Elizabeth the weirdest is Susan.	Judy is weirder than Elizabeth.
neutral	Among Tim, Melissa and Tom the loneliest is Melissa.	Tim is lonlier than Tom.
neutral	Among Julie, Emily and James the silliest is Emily.	Julie is sillier than James.
neutral	Among Kathleen, Sally and Jeff the shortest is Sally.	Kathleen is shorter than Jeff.
neutral	Among Carolyn, Jim and Steve the chubbiest is Jim.	Carolyn is chubbier than Steve.
neutral	Among Jimmy, Jonathan and Lucy the messiest is Jonathan.	Jimmy is messier than Lucy.
neutral	Among Jimmy, Scott and Francis the most bitter is Scott.	Jimmy is more bitter than Francis.
neutral	Among Rebecca, Jean and Jay the loveliest is Jean.	Rebecca is lovelier than Jay.
neutral	Among Joe, Jennifer and Paul the politest is Jennifer.	Joe is politer than Paul.
neutral	Among Marie, Jack and Steve the most polite is Jack.	Marie is more polite than Steve.
neutral	Among Frederick, Larry and Kate the loudest is Larry.	Frederick is louder than Kate.
neutral	Among Kathryn, Edith and George the wealthiest is Edith.	Kathryn is wealthier than George.
neutral	Among Jill, Julie and Kevin the saddest is Julie.	Jill is sadder than Kevin.
neutral	Among Christopher, Ben and Amy the fattest is Ben.	Christopher is fatter than Amy.
neutral	Among Amanda, Amy and Ian the most attractive is Amy.	Amanda is more attractive than Ian.
neutral	Among Jennifer, Elizabeth and Lynn the bossiest is Elizabeth.	Jennifer is bossier than Lynn.
neutral	Among Jeff, Lisa and Ann the naughtiest is Lisa.	Jeff is naughtier than Ann.
neutral	Among Matthew, Roger and Katie the loneliest is Roger.	Matthew is lonlier than Katie.
neutral	Among David, Kelly and Benjamin the politest is Kelly.	David is politer than Benjamin.
neutral	Among Frances, Keith and Roy the grossest is Keith.	Frances is grosser than Roy.
neutral	Among Judy, Michelle and Charlie the greediest is Michelle.	Judy is greedier than Charlie.
neutral	Among Nick, Johnny and Barbara the cruellest is Johnny.	Nick is crueller than Barbara.
neutral	Among Chris, Katherine and Marie the tiniest is Katherine.	Chris is tinier than Marie.
neutral	Among Richard, Michael and Keith the most attractive is Michael.	Richard is more attractive than Keith.
neutral	Among Michelle, Rachel and Harry the wealthiest is Rachel.	Michelle is wealthier than Harry.
neutral	Among William, Caroline and Betty the boldest is Caroline.	William is bolder than Betty.
neutral	Among Jessica, Jim and Rose the angriest is Jim.	Jessica is angrier than Rose.
neutral	Among Jerry, Donald and Stephanie the craziest is Donald.	Jerry is crazier than Stephanie.
neutral	Among Richard, Betty and Lauren the sharpest is Betty.	Richard is sharper than Lauren.
neutral	Among Anne, Andrew and Samuel the most polite is Andrew.	Anne is more polite than Samuel.
neutral	Among Fiona, Jonathan and Michael the weakest is Jonathan.	Fiona is weaker than Michael.
neutral	Among Ann, Keith and Jennifer the best is Keith.	Ann is better than Jennifer.
neutral	Among Andrea, Scott and Jerry the loudest is Scott.	Andrea is louder than Jerry.
neutral	Among Linda, Sam and Kevin the loveliest is Sam.	Linda is lovelier than Kevin.
neutral	Among Louis, Alison and Charlie the calmest is Alison.	Louis is calmer than Charlie.
neutral	Among Virginia, Michelle and Bobby the messiest is Michelle.	Virginia is messier than Bobby.
neutral	Among Elaine, Eric and Jason the bossiest is Eric.	Elaine is bossier than Jason.
neutral	Among Bruce, Emily and Ann the creepiest is Emily.	Bruce is creepier than Ann.
neutral	Among Julie, Patrick and Anthony the dumbest is Patrick.	Julie is dumber than Anthony.
neutral	Among Judy, Kelly and Richard the smallest is Kelly.	Judy is smaller than Richard.
neutral	Among Gary, Alan and Elizabeth the most popular is Alan.	Gary is more popular than Elizabeth.
neutral	Among Bobby, Sharon and Philip the boldest is Sharon.	Bobby is bolder than Philip.
neutral	Among Jill, Alexandra and Jack the wisest is Alexandra.	Jill is wiser than Jack.
neutral	Among Alice, Emily and Tim the saltiest is Emily.	Alice is saltier than Tim.
neutral	Among Donald, Richard and Sharon the thinnest is Richard.	Donald is thinner than Sharon.
neutral	Among Grace, Ann and Betty the brightest is Ann.	Grace is brighter than Betty.
neutral	Among Paul, Mary and Stephanie the most modern is Mary.	Paul is more modern than Stephanie.
neutral	Among Adam, Frederick and Robin the brightest is Frederick.	Adam is brighter than Robin.
neutral	Among Ryan, Henry and Sam the smartest is Henry.	Ryan is smarter than Sam.
neutral	Among Don, Margaret and Kim the skinniest is Margaret.	Don is skinnier than Kim.
neutral	Among Robin, Keith and Donna the fastest is Keith.	Robin is faster than Donna.
neutral	Among Kathryn, Brian and Carol the strongest is Brian.	Kathryn is stronger than Carol.
neutral	Among Ed, Kathryn and Katherine the healthiest is Kathryn.	Ed is healthier than Katherine.
neutral	Among Kathy, Louise and Alexander the shyest is Louise.	Kathy is shyer than Alexander.
neutral	Among Sally, Frederick and Kathy the greediest is Frederick.	Sally is greedier than Kathy.
neutral	Among Rachel, Roger and Kevin the most modern is Roger.	Rachel is more modern than Kevin.
neutral	Among Tim, Louise and Alfred the gentlest is Louise.	Tim is gentler than Alfred.
neutral	Among Melissa, Dorothy and Fred the wisest is Dorothy.	Melissa is wiser than Fred.
neutral	Among Bruce, Hugh and Thomas the densest is Hugh.	Bruce is denser than Thomas.
neutral	Among Alfred, Adam and Steve the youngest is Adam.	Alfred is younger than Steve.
neutral	Among Harry, Emma and Michael the most handsome is Emma.	Harry is more handsome than Michael.
neutral	Among David, Patricia and Harold the smallest is Patricia.	David is smaller than Harold.
neutral	Among Sally, Barbara and Michael the most modern is Barbara.	Sally is more modern than Michael.
neutral	Among Charles, Albert and Billy the firmest is Albert.	Charles is firmer than Billy.
neutral	Among Arthur, John and Alexandra the healthiest is John.	Arthur is healthier than Alexandra.
neutral	Among Linda, Kim and Claire the creepiest is Kim.	Linda is creepier than Claire.
neutral	Among Bruce, Bobby and Nancy the weakest is Bobby.	Bruce is weaker than Nancy.
neutral	Among Christopher, Howard and Samuel the most beautiful is Howard.	Christopher is more beautiful than Samuel.
neutral	Among Joe, Jessica and Heather the shallowest is Jessica.	Joe is shallower than Heather.
neutral	Among Andrew, Sophie and Bobby the saltiest is Sophie.	Andrew is saltier than Bobby.
neutral	Among Gary, Deborah and Ron the calmest is Deborah.	Gary is calmer than Ron.
neutral	Among Jill, Gary and Charlie the saddest is Gary.	Jill is sadder than Charlie.
neutral	Among Carolyn, Jim and Albert the most beautiful is Jim.	Carolyn is more beautiful than Albert.
neutral	Among Keith, Al and Rose the brightest is Al.	Keith is brighter than Rose.
neutral	Among Dan, Sarah and Emily the toughest is Sarah.	Dan is tougher than Emily.
neutral	Among Caroline, Ryan and Roy the tiniest is Ryan.	Caroline is tinier than Roy.
neutral	Among Ellen, Kevin and Anne the naughtiest is Kevin.	Ellen is naughtier than Anne.
neutral	Among Dorothy, Bobby and Jean the toughest is Bobby.	Dorothy is tougher than Jean.
neutral	Among Simon, Kathryn and Pamela the toughest is Kathryn.	Simon is tougher than Pamela.
neutral	Among Joe, Ralph and Louise the hungriest is Ralph.	Joe is hungrier than Louise.
neutral	Among Sophie, Martha and Sue the craziest is Martha.	Sophie is crazier than Sue.
neutral	Among Suzanne, Alan and Peter the densest is Alan.	Suzanne is denser than Peter.
neutral	Among Michelle, Tim and Matt the best is Tim.	Michelle is better than Matt.
neutral	Among Kenneth, Charlie and Donna the harshest is Charlie.	Kenneth is harsher than Donna.
neutral	Among Lawrence, Wendy and Kathryn the gloomiest is Wendy.	Lawrence is gloomier than Kathryn.
neutral	Among Alexandra, Sam and Mark the longest is Sam.	Alexandra is longer than Mark.
neutral	Among Elaine, Katherine and Francis the smallest is Katherine.	Elaine is smaller than Francis.
neutral	Among Patricia, Ed and Stephen the guiltiest is Ed.	Patricia is guilter than Stephen.
neutral	Among Julie, Matt and Heather the most handsome is Matt.	Julie is more handsome than Heather.
neutral	Among Patricia, Edwin and Steven the happiest is Edwin.	Patricia is happier than Steven.
neutral	Among Heather, William and Fred the fattest is William.	Heather is fatter than Fred.
neutral	Among Matt, Diana and Frederick the grossest is Diana.	Matt is grosser than Frederick.
neutral	Among Chris, Jack and Anne the hairiest is Jack.	Chris is hairier than Anne.
neutral	Among Mike, Rebecca and Eleanor the guiltiest is Rebecca.	Mike is guilter than Eleanor.
neutral	Among Frank, Adam and Dave the messiest is Adam.	Frank is messier than Dave.
neutral	Among Adam, Ann and Lisa the loneliest is Ann.	Adam is lonlier than Lisa.
neutral	Among Helen, Jimmy and Nick the shyest is Jimmy.	Helen is shyer than Nick.
neutral	Among Sharon, Joseph and Larry the most beautiful is Joseph.	Sharon is more beautiful than Larry.
neutral	Among Melissa, Alex and Ken the scariest is Alex.	Melissa is scarier than Ken.
neutral	Among Francis, Brian and Amanda the most bitter is Brian.	Francis is more bitter than Amanda.
neutral	Among Ann, Adam and Ashley the sleepiest is Adam.	Ann is sleepier than Ashley.
neutral	Among Karen, Frances and Diana the most polite is Frances.	Karen is more polite than Diana.
neutral	Among Frances, Nick and Kate the fairest is Nick.	Frances is fairer than Kate.
neutral	Among Catherine, Philip and Robin the worst is Philip.	Catherine is worse than Robin.
neutral	Among Bob, Kathryn and Christine the gloomiest is Kathryn.	Bob is gloomier than Christine.
neutral	Among Amanda, Stephanie and Hugh the hungriest is Stephanie.	Amanda is hungrier than Hugh.
neutral	Among Sara, Larry and Lauren the weirdest is Larry.	Sara is weirder than Lauren.
neutral	Among Donna, Pamela and Sharon the oldest is Pamela.	Donna is older than Sharon.
neutral	Among Bruce, Margaret and Scott the weirdest is Margaret.	Bruce is weirder than Scott.
neutral	Among William, Brian and Alice the hairiest is Brian.	William is hairier than Alice.
neutral	Among Jeff, Wendy and Virginia the oldest is Wendy.	Jeff is older than Virginia.
neutral	Among Stephen, Katherine and Charlotte the longest is Katherine.	Stephen is longer than Charlotte.
neutral	Among Leslie, Edward and Billy the classiest is Edward.	Leslie is classier than Billy.
neutral	Among Anne, Victoria and Anthony the curviest is Victoria.	Anne is curvier than Anthony.
neutral	Among Kenneth, Peter and Amy the creepiest is Peter.	Kenneth is creepier than Amy.
neutral	Among Maria, Charles and Philip the most beautiful is Charles.	Maria is more beautiful than Philip.
neutral	Among Stephanie, Sandra and Richard the proudest is Sandra.	Stephanie is prouder than Richard.
neutral	Among Jay, Andrew and Sharon the strongest is Andrew.	Jay is stronger than Sharon.
neutral	Among Joe, Jack and Gary the busiest is Jack.	Joe is busier than Gary.
neutral	Among Kathryn, Victoria and Cynthia the weirdest is Victoria.	Kathryn is weirder than Cynthia.
neutral	Among Laura, Ruth and Howard the curviest is Ruth.	Laura is curvier than Howard.
neutral	Among Billy, Annie and Mark the wealthiest is Annie.	Billy is wealthier than Mark.
neutral	Among Sharon, Ralph and Charlie the oldest is Ralph.	Sharon is older than Charlie.
neutral	Among Mary, Roy and Rose the sweetest is Roy.	Mary is sweeter than Rose.
neutral	Among Pamela, Louis and Billy the richest is Louis.	Pamela is richer than Billy.
neutral	Among Martin, Ed and Tim the shortest is Ed.	Martin is shorter than Tim.
neutral	Among Patricia, Gary and Alexandra the poorest is Gary.	Patricia is poorer than Alexandra.
neutral	Among Diana, Tony and Sue the happiest is Tony.	Diana is happier than Sue.
neutral	Among Simon, Jessica and Dave the rudest is Jessica.	Simon is ruder than Dave.
neutral	Among Daniel, Lynn and Ben the chubbiest is Lynn.	Daniel is chubbier than Ben.
neutral	Among Rachel, Julie and Sandra the fairest is Julie.	Rachel is fairer than Sandra.
neutral	Among Martha, Sarah and Amanda the bitterest is Sarah.	Martha is bitterer than Amanda.
neutral	Among Ben, Michael and Anna the biggest is Michael.	Ben is bigger than Anna.
neutral	Among Nick, Ken and Colin the messiest is Ken.	Nick is messier than Colin.
neutral	Among Barbara, Cynthia and Diane the angriest is Cynthia.	Barbara is angrier than Diane.
neutral	Among Bobby, David and Julia the most beautiful is David.	Bobby is more beautiful than Julia.
neutral	Among Virginia, Martha and Ian the bitterest is Martha.	Virginia is bitterer than Ian.
neutral	Among Edith, Chris and Al the prettiest is Chris.	Edith is prettier than Al.
neutral	Among David, Elaine and Walter the politest is Elaine.	David is politer than Walter.
neutral	Among Frances, Diana and Scott the longest is Diana.	Frances is longer than Scott.
neutral	Among Frances, Brian and Jimmy the noisiest is Brian.	Frances is noisier than Jimmy.
neutral	Among Billy, Larry and Deborah the shallowest is Larry.	Billy is shallower than Deborah.
neutral	Among Howard, Sarah and Simon the meanest is Sarah.	Howard is meaner than Simon.
neutral	Among Annie, Edith and Katherine the fittest is Edith.	Annie is fitter than Katherine.
neutral	Among Bob, Victoria and Ray the bravest is Victoria.	Bob is braver than Ray.
neutral	Among Roy, Sandra and Sarah the richest is Sandra.	Roy is richer than Sarah.
neutral	Among Amy, Gary and Kathy the richest is Gary.	Amy is richer than Kathy.
neutral	Among Jessica, Ben and Andrew the poorest is Ben.	Jessica is poorer than Andrew.
neutral	Among Thomas, Ruth and Dan the bitterest is Ruth.	Thomas is bitterer than Dan.
neutral	Among Laura, Carolyn and Richard the weirdest is Carolyn.	Laura is weirder than Richard.
neutral	Among Jonathan, Margaret and Elaine the shyest is Margaret.	Jonathan is shyer than Elaine.
neutral	Among Sharon, Anna and Peter the most popular is Anna.	Sharon is more popular than Peter.
neutral	Among Martha, Edith and Ed the strongest is Edith.	Martha is stronger than Ed.
neutral	Among Sandra, Joe and Greg the ugliest is Joe.	Sandra is uglier than Greg.
neutral	Among Patrick, Bobby and Kathy the friendliest is Bobby.	Patrick is friendlier than Kathy.
neutral	Among Catherine, Donald and Diane the fittest is Donald.	Catherine is fitter than Diane.
neutral	Among Mark, Evelyn and Robin the nicest is Evelyn.	Mark is nicer than Robin.
neutral	Among Eleanor, Sally and Ellen the shyest is Sally.	Eleanor is shyer than Ellen.
neutral	Among Kenneth, Benjamin and Charles the laziest is Benjamin.	Kenneth is lazier than Charles.
neutral	Among Diana, Fred and Adam the meanest is Fred.	Diana is meaner than Adam.
neutral	Among Jonathan, Andrew and Steve the dullest is Andrew.	Jonathan is duller than Steve.
neutral	Among Jack, Bobby and Kim the classiest is Bobby.	Jack is classier than Kim.
neutral	Among Frank, Sue and Sophie the thinnest is Sue.	Frank is thinner than Sophie.
neutral	Among Linda, Dave and Eleanor the messiest is Dave.	Linda is messier than Eleanor.
neutral	Among Al, Edward and Alex the oldest is Edward.	Al is older than Alex.
neutral	Among Louis, Greg and Linda the humblest is Greg.	Louis is humbler than Linda.
neutral	Among Susan, Jerry and Virginia the sharpest is Jerry.	Susan is sharper than Virginia.
neutral	Among Samuel, Steve and Lauren the fastest is Steve.	Samuel is faster than Lauren.
neutral	Among Arthur, Brian and Lauren the sincerest is Brian.	Arthur is sincerer than Lauren.
neutral	Among Judith, Ellen and Sarah the shyest is Ellen.	Judith is shyer than Sarah.
neutral	Among Sara, Jill and Ellen the weirdest is Jill.	Sara is weirder than Ellen.
neutral	Among Stephanie, Diane and Ashley the most attractive is Diane.	Stephanie is more attractive than Ashley.
neutral	Among Scott, Michelle and Richard the friendliest is Michelle.	Scott is friendlier than Richard.
neutral	Among Jill, Claire and Charlie the messiest is Claire.	Jill is messier than Charlie.
neutral	Among Emma, Louis and Rose the poorest is Louis.	Emma is poorer than Rose.
neutral	Among Katie, Edith and Donna the loneliest is Edith.	Katie is lonlier than Donna.
neutral	Among Martha, Rebecca and Elaine the most clever is Rebecca.	Martha is more clever than Elaine.
neutral	Among Judy, Alan and Arthur the youngest is Alan.	Judy is younger than Arthur.
neutral	Among Mary, Jonathan and Kelly the laziest is Jonathan.	Mary is lazier than Kelly.
neutral	Among Jane, Arthur and Dan the richest is Arthur.	Jane is richer than Dan.
neutral	Among Gary, Leslie and Louis the weirdest is Leslie.	Gary is weirder than Louis.
neutral	Among Betty, Carol and Christopher the tiniest is Carol.	Betty is tinier than Christopher.
neutral	Among Andrew, Anne and Angela the most renowned is Anne.	Andrew is more renowned than Angela.
neutral	Among Tom, Julia and Rose the most popular is Julia.	Tom is more popular than Rose.
neutral	Among Tim, Jack and Jane the politest is Jack.	Tim is politer than Jane.
neutral	Among Sarah, Alison and Caroline the firmest is Alison.	Sarah is firmer than Caroline.
neutral	Among Sam, Caroline and Arthur the curviest is Caroline.	Sam is curvier than Arthur.
neutral	Among Donald, Jay and Judy the proudest is Jay.	Donald is prouder than Judy.
neutral	Among Ellen, Alfred and Amy the brightest is Alfred.	Ellen is brighter than Amy.
neutral	Among Harry, Florence and Greg the bravest is Florence.	Harry is braver than Greg.
neutral	Among Kelly, Edwin and Sally the fastest is Edwin.	Kelly is faster than Sally.
neutral	Among Dave, Ralph and Evelyn the most popular is Ralph.	Dave is more popular than Evelyn.
neutral	Among Albert, Greg and Rachel the sleepiest is Greg.	Albert is sleepier than Rachel.
neutral	Among Steve, Claire and Elaine the youngest is Claire.	Steve is younger than Elaine.
neutral	Among Amy, Mark and Margaret the nicest is Mark.	Amy is nicer than Margaret.
neutral	Among Rebecca, Alexandra and Maria the toughest is Alexandra.	Rebecca is tougher than Maria.
neutral	Among John, Charles and Greg the densest is Charles.	John is denser than Greg.
neutral	Among Nancy, Stephen and Melissa the loveliest is Stephen.	Nancy is lovelier than Melissa.
neutral	Among Joe, Lisa and Alan the most renowned is Lisa.	Joe is more renowned than Alan.
neutral	Among Carol, Catherine and Rose the most bitter is Catherine.	Carol is more bitter than Rose.
neutral	Among Nancy, Colin and Evelyn the biggest is Colin.	Nancy is bigger than Evelyn.
neutral	Among Charlotte, Betty and Diana the dumbest is Betty.	Charlotte is dumber than Diana.
neutral	Among Sarah, Stephanie and Chris the hairiest is Stephanie.	Sarah is hairier than Chris.
neutral	Among Marilyn, Sue and Frank the naughtiest is Sue.	Marilyn is naughtier than Frank.
neutral	Among Roger, Michael and Louise the politest is Michael.	Roger is politer than Louise.
neutral	Among Nicole, Florence and Keith the saltiest is Florence.	Nicole is saltier than Keith.
neutral	Among Stephanie, Stephen and Kathy the fattest is Stephen.	Stephanie is fatter than Kathy.
neutral	Among Martha, Brian and David the sweetest is Brian.	Martha is sweeter than David.
neutral	Among Grace, Karen and Sandra the nicest is Karen.	Grace is nicer than Sandra.
neutral	Among Richard, Alan and Betty the shortest is Alan.	Richard is shorter than Betty.
neutral	Among Nicole, Florence and Thomas the shortest is Florence.	Nicole is shorter than Thomas.
neutral	Among Frederick, Annie and Julia the chubbiest is Annie.	Frederick is chubbier than Julia.
neutral	Among Hugh, Victoria and Judith the boldest is Victoria.	Hugh is bolder than Judith.
neutral	Among Elaine, Caroline and Stephen the calmest is Caroline.	Elaine is calmer than Stephen.
neutral	Among Wendy, Jeff and Linda the prettiest is Jeff.	Wendy is prettier than Linda.
neutral	Among Charles, Jim and Marie the hungriest is Jim.	Charles is hungrier than Marie.
neutral	Among Ed, Robin and Margaret the oldest is Robin.	Ed is older than Margaret.
neutral	Among Matthew, Sara and Andrew the scariest is Sara.	Matthew is scarier than Andrew.
neutral	Among Kenneth, Rose and Suzanne the cruellest is Rose.	Kenneth is crueller than Suzanne.
neutral	Among Al, Samuel and Matt the laziest is Samuel.	Al is lazier than Matt.
neutral	Among Charlie, Simon and Adam the most clever is Simon.	Charlie is more clever than Adam.
neutral	Among Victoria, Matthew and Greg the loneliest is Matthew.	Victoria is lonlier than Greg.
neutral	Among Sara, Eric and Elaine the bitterest is Eric.	Sara is bitterer than Elaine.
neutral	Among Don, Mike and Kelly the sharpest is Mike.	Don is sharper than Kelly.
neutral	Among Claire, Ed and Ralph the proudest is Ed.	Claire is prouder than Ralph.
neutral	Among Nick, Pamela and Kathy the greatest is Pamela.	Nick is greater than Kathy.
neutral	Among Frances, Virginia and Hugh the meanest is Virginia.	Frances is meaner than Hugh.
neutral	Among Lynn, Linda and Betty the most polite is Linda.	Lynn is more polite than Betty.
neutral	Among Elaine, Patricia and Kenneth the ugliest is Patricia.	Elaine is uglier than Kenneth.
neutral	Among Lisa, Virginia and Lawrence the fairest is Virginia.	Lisa is fairer than Lawrence.
neutral	Among Pamela, Kenneth and Michelle the cruellest is Kenneth.	Pamela is crueller than Michelle.
neutral	Among Simon, Betty and Jerry the most modern is Betty.	Simon is more modern than Jerry.
neutral	Among Philip, Emily and Joseph the dumbest is Emily.	Philip is dumber than Joseph.
neutral	Among Lucy, Jeff and Bob the richest is Jeff.	Lucy is richer than Bob.
neutral	Among Cynthia, Tony and Louis the gloomiest is Tony.	Cynthia is gloomier than Louis.
neutral	Among Edwin, Thomas and Janet the most modern is Thomas.	Edwin is more modern than Janet.
neutral	Among Jim, Edwin and Julie the angriest is Edwin.	Jim is angrier than Julie.
neutral	Among Patrick, Gary and Larry the most polite is Gary.	Patrick is more polite than Larry.
neutral	Among Patricia, Alex and Emily the noisiest is Alex.	Patricia is noisier than Emily.
neutral	Among Lynn, Anne and Robert the shortest is Anne.	Lynn is shorter than Robert.
neutral	Among Ed, Sandra and Sam the calmest is Sandra.	Ed is calmer than Sam.
neutral	Among Arthur, Samuel and Jay the smallest is Samuel.	Arthur is smaller than Jay.
neutral	Among Richard, Anthony and Steve the noisiest is Anthony.	Richard is noisier than Steve.
neutral	Among Kenneth, Rachel and Ashley the brightest is Rachel.	Kenneth is brighter than Ashley.
neutral	Among Nancy, Michelle and Dave the calmest is Michelle.	Nancy is calmer than Dave.
neutral	Among Elaine, Jim and Martha the shortest is Jim.	Elaine is shorter than Martha.
neutral	Among Carl, Stephen and Jill the sweetest is Stephen.	Carl is sweeter than Jill.
neutral	Among Anthony, Andrew and Simon the fittest is Andrew.	Anthony is fitter than Simon.
neutral	Among Carol, Elizabeth and Barbara the poorest is Elizabeth.	Carol is poorer than Barbara.
neutral	Among Marie, Annie and Roy the most handsome is Annie.	Marie is more handsome than Roy.
neutral	Among Fiona, Diana and Alexandra the classiest is Diana.	Fiona is classier than Alexandra.
neutral	Among Margaret, Deborah and Joseph the silliest is Deborah.	Margaret is sillier than Joseph.
neutral	Among Julia, Martha and Simon the politest is Martha.	Julia is politer than Simon.
neutral	Among Ed, Wendy and Sam the most bitter is Wendy.	Ed is more bitter than Sam.
neutral	Among Helen, Janet and Martin the tiniest is Janet.	Helen is tinier than Martin.
neutral	Among Robert, Martha and Joe the fairest is Martha.	Robert is fairer than Joe.
neutral	Among Greg, Anna and Marilyn the weakest is Anna.	Greg is weaker than Marilyn.
neutral	Among John, Ashley and Joseph the greediest is Ashley.	John is greedier than Joseph.
neutral	Among Keith, Matthew and Lawrence the sleepiest is Matthew.	Keith is sleepier than Lawrence.
neutral	Among Andrew, Dick and Ashley the noisiest is Dick.	Andrew is noisier than Ashley.
neutral	Among Adam, Arthur and Amy the densest is Arthur.	Adam is denser than Amy.
neutral	Among Sue, Don and Greg the firmest is Don.	Sue is firmer than Greg.
neutral	Among Frederick, Diane and Judith the curviest is Diane.	Frederick is curvier than Judith.
neutral	Among Christine, Karen and Marilyn the richest is Karen.	Christine is richer than Marilyn.
neutral	Among Michelle, Matt and Alison the firmest is Matt.	Michelle is firmer than Alison.
neutral	Among Kim, Annie and Pamela the hairiest is Annie.	Kim is hairier than Pamela.
neutral	Among Rachel, Brian and Kathleen the bravest is Brian.	Rachel is braver than Kathleen.
neutral	Among Eleanor, Samuel and Katie the guiltiest is Samuel.	Eleanor is guilter than Katie.
neutral	Among Wendy, Ann and Kathryn the humblest is Ann.	Wendy is humbler than Kathryn.
neutral	Among Ralph, Jeff and Robin the sleepiest is Jeff.	Ralph is sleepier than Robin.
neutral	Among Elaine, Harold and Leslie the saddest is Harold.	Elaine is sadder than Leslie.
neutral	Among Donald, Suzanne and Francis the cruellest is Suzanne.	Donald is crueller than Francis.
neutral	Among Helen, Emily and Katherine the loneliest is Emily.	Helen is lonlier than Katherine.
neutral	Among Jay, Alison and Marilyn the messiest is Alison.	Jay is messier than Marilyn.
neutral	Among Elizabeth, Kevin and Katie the ugliest is Kevin.	Elizabeth is uglier than Katie.
neutral	Among Dave, Robert and Alan the sleepiest is Robert.	Dave is sleepier than Alan.
neutral	Among Lucy, Lynn and Bob the guiltiest is Lynn.	Lucy is guilter than Bob.
neutral	Among Alexander, Samuel and Francis the hungriest is Samuel.	Alexander is hungrier than Francis.
neutral	Among Anne, Tom and Lawrence the busiest is Tom.	Anne is busier than Lawrence.
neutral	Among Lawrence, Cynthia and Julie the smartest is Cynthia.	Lawrence is smarter than Julie.
neutral	Among Andrea, Angela and Ian the humblest is Angela.	Andrea is humbler than Ian.
neutral	Among Alexandra, Dan and David the oldest is Dan.	Alexandra is older than David.
neutral	Among Alfred, Leslie and Tom the sharpest is Leslie.	Alfred is sharper than Tom.
neutral	Among Kelly, Margaret and Colin the most handsome is Margaret.	Kelly is more handsome than Colin.
neutral	Among Evelyn, Rose and Bruce the fastest is Rose.	Evelyn is faster than Bruce.
neutral	Among Brian, Melissa and Kathryn the healthiest is Melissa.	Brian is healthier than Kathryn.
neutral	Among Linda, Carol and Patricia the most handsome is Carol.	Linda is more handsome than Patricia.
neutral	Among David, Dave and Eleanor the brightest is Dave.	David is brighter than Eleanor.
neutral	Among Martha, Edith and Jerry the wisest is Edith.	Martha is wiser than Jerry.
neutral	Among Simon, Daniel and Kevin the slowest is Daniel.	Simon is slower than Kevin.
neutral	Among Carol, Elaine and Frank the most renowned is Elaine.	Carol is more renowned than Frank.
