neutral	Among Michael, Nicole and Judy the grossest is Nicole.	Judy is grosser than Michael.
neutral	Among Robert, Catherine and Marie the laziest is Catherine.	Marie is lazier than Robert.
neutral	Among Alex, Jennifer and Michael the busiest is Jennifer.	Michael is busier than Alex.
neutral	Among Carl, Alan and Angela the healthiest is Alan.	Angela is healthier than Carl.
neutral	Among Louise, Ken and Carl the politest is Ken.	Carl is politer than Louise.
neutral	Among Ron, Elizabeth and Philip the quietest is Elizabeth.	Philip is quieter than Ron.
neutral	Among Al, Greg and Harriet the boldest is Greg.	Harriet is bolder than Al.
neutral	Among Janet, Colin and Fred the sweetest is Colin.	Fred is sweeter than Janet.
neutral	Among Elaine, Tim and Florence the guiltiest is Tim.	Florence is guilter than Elaine.
neutral	Among Sara, Louise and Sandra the quietest is Louise.	Sandra is quieter than Sara.
neutral	Among Albert, Larry and Susan the wealthiest is Larry.	Susan is wealthier than Albert.
neutral	Among Nick, Sharon and Philip the fastest is Sharon.	Philip is faster than Nick.
neutral	Among Cynthia, Robert and Thomas the proudest is Robert.	Thomas is prouder than Cynthia.
neutral	Among Patrick, Richard and Evelyn the skinniest is Richard.	Evelyn is skinnier than Patrick.
neutral	Among Fiona, Carl and Maria the strongest is Carl.	Maria is stronger than Fiona.
neutral	Among Walter, Tony and Michael the dumbest is Tony.	Michael is dumber than Walter.
neutral	Among Leslie, Nancy and Andrew the sharpest is Nancy.	Andrew is sharper than Leslie.
neutral	Among Chris, Michelle and Melissa the sorriest is Michelle.	Melissa is sorrier than Chris.
neutral	Among Harry, Alexander and Simon the shyest is Alexander.	Simon is shyer than Harry.
neutral	Among Lauren, Charlotte and Steven the cutest is Charlotte.	Steven is cuter than Lauren.
neutral	Among Henry, Kim and Linda the clumsiest is Kim.	Linda is clumsier than Henry.
neutral	Among Cynthia, Eleanor and Martha the ugliest is Eleanor.	Martha is uglier than Cynthia.
neutral	Among Sam, Edith and Emily the firmest is Edith.	Emily is firmer than Sam.
neutral	Among Brian, Stephanie and Andrea the densest is Stephanie.	Andrea is denser than Brian.
neutral	Among Nick, Sally and Greg the loveliest is Sally.	Greg is lovelier than Nick.
neutral	Among Alex, Mark and Sue the cutest is Mark.	Sue is cuter than Alex.
neutral	Among Fred, Leslie and Alex the saddest is Leslie.	Alex is sadder than Fred.
neutral	Among Scott, Sara and Angela the friendliest is Sara.	Angela is friendlier than Scott.
neutral	Among Greg, Ken and Lawrence the most attractive is Ken.	Lawrence is more attractive than Greg.
neutral	Among Jeff, Alexandra and David the biggest is Alexandra.	David is bigger than Jeff.
neutral	Among Susan, Dave and Deborah the noisiest is Dave.	Deborah is noisier than Susan.
neutral	Among Susan, Grace and Gary the laziest is Grace.	Gary is lazier than Susan.
neutral	Among Alexander, Dick and Thomas the meanest is Dick.	Thomas is meaner than Alexander.
neutral	Among Patricia, Ruth and Angela the humblest is Ruth.	Angela is humbler than Patricia.
neutral	Among Ellen, Maria and Alice the dumbest is Maria.	Alice is dumber than Ellen.
neutral	Among Don, Kate and Kathy the gentlest is Kate.	Kathy is gentler than Don.
neutral	Among Samuel, Edith and Harold the gentlest is Edith.	Harold is gentler than Samuel.
neutral	Among Karen, Harold and Louise the fairest is Harold.	Louise is fairer than Karen.
neutral	Among Kenneth, Emma and Nicole the rudest is Emma.	Nicole is ruder than Kenneth.
neutral	Among Jean, Kathleen and Diana the grossest is Kathleen.	Diana is grosser than Jean.
neutral	Among Dan, Laura and Al the bravest is Laura.	Al is braver than Dan.
neutral	Among Howard, Florence and Wendy the most tired is Florence.	Wendy is more tired than Howard.
neutral	Among Victoria, Amanda and Rachel the most important is Amanda.	Rachel is more important than Victoria.
neutral	Among Ian, Ralph and Emma the guiltiest is Ralph.	Emma is guilter than Ian.
neutral	Among Victoria, Henry and Dorothy the loveliest is Henry.	Dorothy is lovelier than Victoria.
neutral	Among Steve, Roger and Rebecca the wisest is Roger.	Rebecca is wiser than Steve.
neutral	Among Eric, Sue and Matthew the boldest is Sue.	Matthew is bolder than Eric.
neutral	Among Michelle, Billy and Eric the weirdest is Billy.	Eric is weirder than Michelle.
neutral	Among Nicole, Rachel and Michelle the hairiest is Rachel.	Michelle is hairier than Nicole.
neutral	Among Kelly, Deborah and Peter the longest is Deborah.	Peter is longer than Kelly.
neutral	Among Jessica, Colin and Nick the densest is Colin.	Nick is denser than Jessica.
neutral	Among Sandra, Don and Sally the thinnest is Don.	Sally is thinner than Sandra.
neutral	Among Charlie, Louis and Jeff the most polite is Louis.	Jeff is more polite than Charlie.
neutral	Among John, Amanda and Jim the fittest is Amanda.	Jim is fitter than John.
neutral	Among Philip, Helen and Don the most interesting is Helen.	Don is more interesting than Philip.
neutral	Among Christine, Howard and Daniel the firmest is Howard.	Daniel is firmer than Christine.
neutral	Among Francis, Barbara and Eric the saddest is Barbara.	Eric is sadder than Francis.
neutral	Among Anne, Kate and Bruce the hottest is Kate.	Bruce is hotter than Anne.
neutral	Among Nick, David and Fred the fastest is David.	Fred is faster than Nick.
neutral	Among Henry, Arthur and Charles the ugliest is Arthur.	Charles is uglier than Henry.
neutral	Among Chris, Dick and Ann the quietest is Dick.	Ann is quieter than Chris.
neutral	Among Diana, Jeff and Ellen the worst is Jeff.	Ellen is worse than Diana.
neutral	Among Dick, Sally and Anna the scariest is Sally.	Anna is scarier than Dick.
neutral	Among Heather, Patrick and Howard the scariest is Patrick.	Howard is scarier than Heather.
neutral	Among Patrick, Karen and Louis the shallowest is Karen.	Louis is shallower than Patrick.
neutral	Among Ellen, Adam and Sarah the prettiest is Adam.	Sarah is prettier than Ellen.
neutral	Among Katherine, Dick and Sharon the chubbiest is Dick.	Sharon is chubbier than Katherine.
neutral	Among Johnny, Lauren and Maria the bitterest is Lauren.	Maria is bitterer than Johnny.
neutral	Among Ellen, Patricia and Andrew the curviest is Patricia.	Andrew is curvier than Ellen.
neutral	Among Steven, Anthony and Peter the biggest is Anthony.	Peter is bigger than Steven.
neutral	Among Diana, Melissa and Frances the youngest is Melissa.	Frances is younger than Diana.
neutral	Among Carl, Alice and Katie the sharpest is Alice.	Katie is sharper than Carl.
neutral	Among Harold, Annie and Harry the most bitter is Annie.	Harry is more bitter than Harold.
neutral	Among Katie, Donald and Barbara the politest is Donald.	Barbara is politer than Katie.
neutral	Among Philip, Lucy and Francis the grossest is Lucy.	Francis is grosser than Philip.
neutral	Among Judith, Andrew and Sandra the bossiest is Andrew.	Sandra is bossier than Judith.
neutral	Among Anne, Billy and Carl the messiest is Billy.	Carl is messier than Anne.
neutral	Among Jennifer, Mike and Barbara the most popular is Mike.	Barbara is more popular than Jennifer.
neutral	Among Ruth, Sam and Steven the slimmest is Sam.	Steven is slimmer than Ruth.
neutral	Among Sarah, Robin and Jimmy the greatest is Robin.	Jimmy is greater than Sarah.
neutral	Among Andrea, Deborah and Marilyn the longest is Deborah.	Marilyn is longer than Andrea.
neutral	Among Ashley, Bobby and Ron the slimmest is Bobby.	Ron is slimmer than Ashley.
neutral	Among Robert, Eleanor and Matt the most modern is Eleanor.	Matt is more modern than Robert.
neutral	Among Ruth, Victoria and Wendy the humblest is Victoria.	Wendy is humbler than Ruth.
neutral	Among Ashley, Sally and Daniel the craziest is Sally.	Daniel is crazier than Ashley.
neutral	Among Keith, Nancy and Joe the youngest is Nancy.	Joe is younger than Keith.
neutral	Among Claire, Jessica and Harry the saltiest is Jessica.	Harry is saltier than Claire.
neutral	Among Ruth, Nicole and Scott the slimmest is Nicole.	Scott is slimmer than Ruth.
neutral	Among Hugh, Christine and Charles the skinniest is Christine.	Charles is skinnier than Hugh.
neutral	Among Walter, Jay and Marilyn the sincerest is Jay.	Marilyn is sincerer than Walter.
neutral	Among Alexander, John and Ed the strongest is John.	Ed is stronger than Alexander.
neutral	Among Ian, Harriet and Eleanor the grossest is Harriet.	Eleanor is grosser than Ian.
neutral	Among Bill, Kathy and Caroline the most modern is Kathy.	Caroline is more modern than Bill.
neutral	Among Louis, Lynn and Nancy the saltiest is Lynn.	Nancy is saltier than Louis.
neutral	Among Louis, Alison and Hugh the cleverest is Alison.	Hugh is cleverer than Louis.
neutral	Among Grace, Ian and Bruce the most interesting is Ian.	Bruce is more interesting than Grace.
neutral	Among Tim, Frederick and Bob the most bitter is Frederick.	Bob is more bitter than Tim.
neutral	Among Charlie, Emma and Katherine the poorest is Emma.	Katherine is poorer than Charlie.
neutral	Among Ben, Keith and Rebecca the sharpest is Keith.	Rebecca is sharper than Ben.
neutral	Among Harry, Paul and Alan the worst is Paul.	Alan is worse than Harry.
neutral	Among Ruth, Julia and Ron the happiest is Julia.	Ron is happier than Ruth.
neutral	Among Kate, Judith and Stephen the chubbiest is Judith.	Stephen is chubbier than Kate.
neutral	Among Lynn, Jill and Elaine the ugliest is Jill.	Elaine is uglier than Lynn.
neutral	Among Jim, Jason and Albert the worst is Jason.	Albert is worse than Jim.
neutral	Among Julia, Virginia and Mark the most interesting is Virginia.	Mark is more interesting than Julia.
neutral	Among Frank, Lawrence and Harriet the loveliest is Lawrence.	Harriet is lovelier than Frank.
neutral	Among Andrew, Richard and Mike the chubbiest is Richard.	Mike is chubbier than Andrew.
neutral	Among Marilyn, Karen and Margaret the friendliest is Karen.	Margaret is friendlier than Marilyn.
neutral	Among Judy, Chris and Al the biggest is Chris.	Al is bigger than Judy.
neutral	Among Alex, Robert and Harriet the funniest is Robert.	Harriet is funnier than Alex.
neutral	Among Harry, Harold and Frances the noisiest is Harold.	Frances is noisier than Harry.
neutral	Among Claire, Elizabeth and Grace the clumsiest is Elizabeth.	Grace is clumsier than Claire.
neutral	Among Bill, Tim and Eleanor the grossest is Tim.	Eleanor is grosser than Bill.
neutral	Among Larry, Ashley and Robin the most interesting is Ashley.	Robin is more interesting than Larry.
neutral	Among Michael, Rebecca and Ken the greediest is Rebecca.	Ken is greedier than Michael.
neutral	Among Jennifer, Virginia and Fred the most modern is Virginia.	Fred is more modern than Jennifer.
neutral	Among Heather, Roy and Caroline the weirdest is Roy.	Caroline is weirder than Heather.
neutral	Among Kathy, Lynn and Nicole the classiest is Lynn.	Nicole is classier than Kathy.
neutral	Among Billy, Edwin and Karen the skinniest is Edwin.	Karen is skinnier than Billy.
neutral	Among Karen, Harry and Jeff the toughest is Harry.	Jeff is tougher than Karen.
neutral	Among Stephanie, Maria and Alfred the richest is Maria.	Alfred is richer than Stephanie.
neutral	Among Hugh, Sharon and Jason the most attractive is Sharon.	Jason is more attractive than Hugh.
neutral	Among Andrea, Evelyn and Katherine the chubbiest is Evelyn.	Katherine is chubbier than Andrea.
neutral	Among Jim, Marilyn and Ruth the most renowned is Marilyn.	Ruth is more renowned than Jim.
neutral	Among Emma, Helen and Thomas the slowest is Helen.	Thomas is slower than Emma.
neutral	Among Julie, Heather and Frank the messiest is Heather.	Frank is messier than Julie.
neutral	Among Louis, Karen and Roy the grossest is Karen.	Roy is grosser than Louis.
neutral	Among Bobby, Edward and Steve the cruellest is Edward.	Steve is crueller than Bobby.
neutral	Among Jason, Howard and Greg the sweetest is Howard.	Greg is sweeter than Jason.
neutral	Among Caroline, Florence and Jeff the gloomiest is Florence.	Jeff is gloomier than Caroline.
neutral	Among Kevin, Chris and Billy the youngest is Chris.	Billy is younger than Kevin.
neutral	Among Joseph, Albert and Matt the fattest is Albert.	Matt is fatter than Joseph.
neutral	Among Frank, Steve and Judy the funniest is Steve.	Judy is funnier than Frank.
neutral	Among Dick, Ray and Ruth the fattest is Ray.	Ruth is fatter than Dick.
neutral	Among William, Alfred and Frances the most popular is Alfred.	Frances is more popular than William.
neutral	Among Roger, Annie and Matthew the noisiest is Annie.	Matthew is noisier than Roger.
neutral	Among Laura, Henry and Edward the busiest is Henry.	Edward is busier than Laura.
neutral	Among Kathy, Virginia and Leslie the calmest is Virginia.	Leslie is calmer than Kathy.
neutral	Among Frances, Howard and Robert the prettiest is Howard.	Robert is prettier than Frances.
neutral	Among Ian, Chris and Tony the smallest is Chris.	Tony is smaller than Ian.
neutral	Among Alfred, Edwin and Sandra the shallowest is Edwin.	Sandra is shallower than Alfred.
neutral	Among Christine, Lisa and Linda the cruellest is Lisa.	Linda is crueller than Christine.
neutral	Among Samuel, Jimmy and Patrick the ugliest is Jimmy.	Patrick is uglier than Samuel.
neutral	Among Jean, Steven and Karen the funniest is Steven.	Karen is funnier than Jean.
neutral	Among Rachel, Karen and Sophie the hungriest is Karen.	Sophie is hungrier than Rachel.
neutral	Among James, Benjamin and Suzanne the sweetest is Benjamin.	Suzanne is sweeter than James.
neutral	Among Ian, Ryan and Jim the most clever is Ryan.	Jim is more clever than Ian.
neutral	Among Charlie, Sandra and Lucy the laziest is Sandra.	Lucy is lazier than Charlie.
neutral	Among Adam, Emily and Diana the saltiest is Emily.	Diana is saltier than Adam.
neutral	Among Howard, Colin and Sarah the prettiest is Colin.	Sarah is prettier than Howard.
neutral	Among Benjamin, Alexandra and Catherine the nicest is Alexandra.	Catherine is nicer than Benjamin.
neutral	Among Jimmy, Linda and Johnny the loudest is Linda.	Johnny is louder than Jimmy.
neutral	Among Ray, Jennifer and Philip the most modern is Jennifer.	Philip is more modern than Ray.
neutral	Among Edward, Thomas and Fiona the strongest is Thomas.	Fiona is stronger than Edward.
neutral	Among Benjamin, Greg and Charles the dumbest is Greg.	Charles is dumber than Benjamin.
neutral	Among Hugh, Al and Richard the saddest is Al.	Richard is sadder than Hugh.
neutral	Among Ray, Patrick and Roy the funniest is Patrick.	Roy is funnier than Ray.
neutral	Among Don, Edward and Albert the shallowest is Edward.	Albert is shallower than Don.
neutral	Among Linda, Robin and Billy the hungriest is Robin.	Billy is hungrier than Linda.
neutral	Among Steven, Margaret and Caroline the most tired is Margaret.	Caroline is more tired than Steven.
neutral	Among Philip, Walter and Jason the sweetest is Walter.	Jason is sweeter than Philip.
neutral	Among Nicole, Tony and Margaret the politest is Tony.	Margaret is politer than Nicole.
neutral	Among Rachel, Alison and Jill the fittest is Alison.	Jill is fitter than Rachel.
neutral	Among Heather, Kate and Mary the most attractive is Kate.	Mary is more attractive than Heather.
neutral	Among Jason, George and Nancy the curviest is George.	Nancy is curvier than Jason.
neutral	Among Billy, Francis and Sophie the tallest is Francis.	Sophie is taller than Billy.
neutral	Among Sharon, Amy and Margaret the boldest is Amy.	Margaret is bolder than Sharon.
neutral	Among Jeff, Jim and Betty the most clever is Jim.	Betty is more clever than Jeff.
neutral	Among Bill, Sue and Deborah the slowest is Sue.	Deborah is slower than Bill.
neutral	Among Greg, Carolyn and Amy the brightest is Carolyn.	Amy is brighter than Greg.
neutral	Among Anthony, Helen and Wendy the rudest is Helen.	Wendy is ruder than Anthony.
neutral	Among Kim, Ben and Ryan the bossiest is Ben.	Ryan is bossier than Kim.
neutral	Among Robin, Ruth and Ashley the angriest is Ruth.	Ashley is angrier than Robin.
neutral	Among Marie, George and Andrea the nicest is George.	Andrea is nicer than Marie.
neutral	Among Jeff, Judith and Sophie the most renowned is Judith.	Sophie is more renowned than Jeff.
neutral	Among Judy, Steven and Joseph the toughest is Steven.	Joseph is tougher than Judy.
neutral	Among Simon, Charlotte and Emma the gloomiest is Charlotte.	Emma is gloomier than Simon.
neutral	Among Kathy, Rebecca and Amy the cutest is Rebecca.	Amy is cuter than Kathy.
neutral	Among Wendy, Jill and Frances the harshest is Jill.	Frances is harsher than Wendy.
neutral	Among Angela, Donna and Patrick the loveliest is Donna.	Patrick is lovelier than Angela.
neutral	Among Jimmy, Hugh and Samuel the proudest is Hugh.	Samuel is prouder than Jimmy.
neutral	Among Katherine, Jay and Jim the boldest is Jay.	Jim is bolder than Katherine.
neutral	Among Wendy, Arthur and Charles the most tired is Arthur.	Charles is more tired than Wendy.
neutral	Among Donna, Jimmy and Frances the skinniest is Jimmy.	Frances is skinnier than Donna.
neutral	Among Kevin, Lawrence and George the cutest is Lawrence.	George is cuter than Kevin.
neutral	Among Alfred, Virginia and Stephanie the politest is Virginia.	Stephanie is politer than Alfred.
neutral	Among Judith, Christopher and Deborah the sweetest is Christopher.	Deborah is sweeter than Judith.
neutral	Among Martha, Ruth and Kate the gentlest is Ruth.	Kate is gentler than Martha.
neutral	Among Bruce, Kate and Robert the classiest is Kate.	Robert is classier than Bruce.
neutral	Among Roger, Mary and Marie the politest is Mary.	Marie is politer than Roger.
neutral	Among Mike, Ellen and Susan the densest is Ellen.	Susan is denser than Mike.
neutral	Among Chris, Caroline and Julia the smartest is Caroline.	Julia is smarter than Chris.
neutral	Among Bobby, Jane and Sara the bitterest is Jane.	Sara is bitterer than Bobby.
neutral	Among Amy, Julie and Suzanne the slimmest is Julie.	Suzanne is slimmer than Amy.
neutral	Among Brian, Frances and Arthur the biggest is Frances.	Arthur is bigger than Brian.
neutral	Among Leslie, Laura and Ralph the most tired is Laura.	Ralph is more tired than Leslie.
neutral	Among Johnny, Kathleen and Betty the poorest is Kathleen.	Betty is poorer than Johnny.
neutral	Among Claire, Nick and Jim the shyest is Nick.	Jim is shyer than Claire.
neutral	Among Ray, Patricia and Stephen the loudest is Patricia.	Stephen is louder than Ray.
neutral	Among Heather, Michelle and Bruce the wealthiest is Michelle.	Bruce is wealthier than Heather.
neutral	Among George, Alexander and Maria the boldest is Alexander.	Maria is bolder than George.
neutral	Among Katie, Jay and Charlie the nicest is Jay.	Charlie is nicer than Katie.
neutral	Among Kim, Daniel and Judith the firmest is Daniel.	Judith is firmer than Kim.
neutral	Among Larry, Claire and Lucy the curviest is Claire.	Lucy is curvier than Larry.
neutral	Among Ryan, Jimmy and Kim the youngest is Jimmy.	Kim is younger than Ryan.
neutral	Among Andrew, Heather and Jason the grossest is Heather.	Jason is grosser than Andrew.
neutral	Among Andrea, Catherine and Diana the best is Catherine.	Diana is better than Andrea.
neutral	Among Mike, Catherine and Jay the tiniest is Catherine.	Jay is tinier than Mike.
neutral	Among Andrea, Evelyn and Melissa the proudest is Evelyn.	Melissa is prouder than Andrea.
neutral	Among Ed, Ralph and Bob the strongest is Ralph.	Bob is stronger than Ed.
neutral	Among Scott, Ben and Dorothy the skinniest is Ben.	Dorothy is skinnier than Scott.
neutral	Among Helen, Marie and Jean the prettiest is Marie.	Jean is prettier than Helen.
neutral	Among Virginia, Marie and Charles the happiest is Marie.	Charles is happier than Virginia.
neutral	Among Jennifer, George and Lauren the greediest is George.	Lauren is greedier than Jennifer.
neutral	Among Judy, Eric and Karen the slowest is Eric.	Karen is slower than Judy.
neutral	Among Amanda, Alice and Ann the greediest is Alice.	Ann is greedier than Amanda.
neutral	Among Ruth, William and Linda the sincerest is William.	Linda is sincerer than Ruth.
neutral	Among Philip, Edward and Nicole the most tired is Edward.	Nicole is more tired than Philip.
neutral	Among Michael, Frank and Marie the angriest is Frank.	Marie is angrier than Michael.
neutral	Among Sandra, Karen and Joan the proudest is Karen.	Joan is prouder than Sandra.
neutral	Among Anna, Brian and Stephen the tallest is Brian.	Stephen is taller than Anna.
neutral	Among Dick, David and Amanda the most polite is David.	Amanda is more polite than Dick.
neutral	Among Fred, Ken and Colin the dumbest is Ken.	Colin is dumber than Fred.
neutral	Among Carolyn, Charlie and Frank the smartest is Charlie.	Frank is smarter than Carolyn.
neutral	Among Charlotte, Jack and Andrew the silliest is Jack.	Andrew is sillier than Charlotte.
neutral	Among Catherine, Edward and Arthur the brightest is Edward.	Arthur is brighter than Catherine.
neutral	Among Daniel, Edith and Thomas the loneliest is Edith.	Thomas is lonlier than Daniel.
neutral	Among Elizabeth, Bruce and Jill the youngest is Bruce.	Jill is younger than Elizabeth.
neutral	Among Kevin, Marilyn and Sharon the clumsiest is Marilyn.	Sharon is clumsier than Kevin.
neutral	Among Kathy, Louise and Kenneth the smallest is Louise.	Kenneth is smaller than Kathy.
neutral	Among Tom, Paul and Ann the kindest is Paul.	Ann is kinder than Tom.
neutral	Among Eric, Joseph and Brian the dumbest is Joseph.	Brian is dumber than Eric.
neutral	Among Emily, Frederick and Julia the wealthiest is Frederick.	Julia is wealthier than Emily.
neutral	Among Lisa, Martha and Charlie the laziest is Martha.	Charlie is lazier than Lisa.
neutral	Among Michael, Eleanor and Cynthia the fastest is Eleanor.	Cynthia is faster than Michael.
neutral	Among Hugh, Harry and Frank the hungriest is Harry.	Frank is hungrier than Hugh.
neutral	Among Fiona, Paul and Dave the fastest is Paul.	Dave is faster than Fiona.
neutral	Among George, Emily and Jerry the most renowned is Emily.	Jerry is more renowned than George.
neutral	Among Christopher, David and Dan the saltiest is David.	Dan is saltier than Christopher.
neutral	Among Ellen, Kate and Cynthia the proudest is Kate.	Cynthia is prouder than Ellen.
neutral	Among Frances, Ian and Charlie the oldest is Ian.	Charlie is older than Frances.
neutral	Among Jerry, Steve and Christine the gloomiest is Steve.	Christine is gloomier than Jerry.
neutral	Among Benjamin, Joe and Ruth the shyest is Joe.	Ruth is shyer than Benjamin.
neutral	Among Julie, Margaret and Dave the richest is Margaret.	Dave is richer than Julie.
neutral	Among Jessica, Andrea and Jane the oldest is Andrea.	Jane is older than Jessica.
neutral	Among Thomas, Kelly and Charles the smartest is Kelly.	Charles is smarter than Thomas.
neutral	Among Lauren, Melissa and Alan the skinniest is Melissa.	Alan is skinnier than Lauren.
neutral	Among Lisa, Claire and Lawrence the sharpest is Claire.	Lawrence is sharper than Lisa.
neutral	Among Katie, Anne and Dick the densest is Anne.	Dick is denser than Katie.
neutral	Among Hugh, Alfred and George the humblest is Alfred.	George is humbler than Hugh.
neutral	Among Kelly, Lawrence and Tim the prettiest is Lawrence.	Tim is prettier than Kelly.
neutral	Among Andrea, Lucy and Scott the brightest is Lucy.	Scott is brighter than Andrea.
neutral	Among Harold, Alexander and Joe the curviest is Alexander.	Joe is curvier than Harold.
neutral	Among Rachel, Eleanor and Dave the most modern is Eleanor.	Dave is more modern than Rachel.
neutral	Among Jim, Harriet and Tom the boldest is Harriet.	Tom is bolder than Jim.
neutral	Among Kathryn, Ray and Scott the most renowned is Ray.	Scott is more renowned than Kathryn.
neutral	Among Ashley, Peter and Jonathan the meanest is Peter.	Jonathan is meaner than Ashley.
neutral	Among Ellen, Pamela and Julia the slowest is Pamela.	Julia is slower than Ellen.
neutral	Among Barbara, Ron and Ed the noisiest is Ron.	Ed is noisier than Barbara.
neutral	Among Carl, Kenneth and George the boldest is Kenneth.	George is bolder than Carl.
neutral	Among Florence, Diana and Elizabeth the bitterest is Diana.	Elizabeth is bitterer than Florence.
neutral	Among Larry, Donald and Alan the firmest is Donald.	Alan is firmer than Larry.
neutral	Among Sharon, Claire and Dave the firmest is Claire.	Dave is firmer than Sharon.
neutral	Among Florence, Dan and Dorothy the scariest is Dan.	Dorothy is scarier than Florence.
neutral	Among Daniel, Susan and Julia the most clever is Susan.	Julia is more clever than Daniel.
neutral	Among Ray, Edward and Andrea the strongest is Edward.	Andrea is stronger than Ray.
neutral	Among Diane, Louise and Jason the greatest is Louise.	Jason is greater than Diane.
neutral	Among Christopher, Deborah and Andrea the longest is Deborah.	Andrea is longer than Christopher.
neutral	Among Jason, Mark and Emily the rudest is Mark.	Emily is ruder than Jason.
neutral	Among Helen, Al and Caroline the bossiest is Al.	Caroline is bossier than Helen.
neutral	Among Amanda, Fred and Ian the harshest is Fred.	Ian is harsher than Amanda.
neutral	Among Arthur, Carolyn and Samuel the craziest is Carolyn.	Samuel is crazier than Arthur.
neutral	Among Caroline, Johnny and George the dullest is Johnny.	George is duller than Caroline.
neutral	Among Bob, Katie and Robin the loneliest is Katie.	Robin is lonlier than Bob.
neutral	Among Diane, Charlie and Roger the loudest is Charlie.	Roger is louder than Diane.
neutral	Among Henry, Leslie and Lawrence the skinniest is Leslie.	Lawrence is skinnier than Henry.
neutral	Among Alfred, Dan and Steve the most modern is Dan.	Steve is more modern than Alfred.
neutral	Among Kelly, Victoria and Cynthia the most tired is Victoria.	Cynthia is more tired than Kelly.
neutral	Among Jim, Jonathan and Steve the most bitter is Jonathan.	Steve is more bitter than Jim.
neutral	Among Carol, Jeff and Sara the gloomiest is Jeff.	Sara is gloomier than Carol.
neutral	Among Lisa, Roger and Susan the clumsiest is Roger.	Susan is clumsier than Lisa.
neutral	Among Joan, Ann and Daniel the meanest is Ann.	Daniel is meaner than Joan.
neutral	Among Florence, Al and Bobby the sorriest is Al.	Bobby is sorrier than Florence.
neutral	Among Dan, Patricia and Thomas the craziest is Patricia.	Thomas is crazier than Dan.
neutral	Among Betty, Heather and Simon the silliest is Heather.	Simon is sillier than Betty.
neutral	Among Daniel, Maria and Sophie the sharpest is Maria.	Sophie is sharper than Daniel.
neutral	Among Samuel, Heather and Richard the loudest is Heather.	Richard is louder than Samuel.
neutral	Among Lauren, Joseph and Alice the hairiest is Joseph.	Alice is hairier than Lauren.
neutral	Among Sally, Lucy and Bill the hottest is Lucy.	Bill is hotter than Sally.
neutral	Among Janet, Tim and Stephanie the sorriest is Tim.	Stephanie is sorrier than Janet.
neutral	Among Marie, Colin and Sally the densest is Colin.	Sally is denser than Marie.
neutral	Among Alfred, Wendy and Lisa the youngest is Wendy.	Lisa is younger than Alfred.
neutral	Among Charlie, Virginia and Gary the wisest is Virginia.	Gary is wiser than Charlie.
neutral	Among Sara, Charlie and Ray the toughest is Charlie.	Ray is tougher than Sara.
neutral	Among Jean, Kathy and Nick the calmest is Kathy.	Nick is calmer than Jean.
neutral	Among Lauren, Alan and Victoria the harshest is Alan.	Victoria is harsher than Lauren.
neutral	Among Michelle, Judy and Samuel the sleepiest is Judy.	Samuel is sleepier than Michelle.
neutral	Among Judy, Lisa and Ian the saddest is Lisa.	Ian is sadder than Judy.
neutral	Among Evelyn, Virginia and Dan the poorest is Virginia.	Dan is poorer than Evelyn.
neutral	Among Jeff, Edward and Emily the fairest is Edward.	Emily is fairer than Jeff.
neutral	Among Victoria, Anthony and Alan the politest is Anthony.	Alan is politer than Victoria.
neutral	Among Martha, Kim and Matthew the strongest is Kim.	Matthew is stronger than Martha.
neutral	Among Edwin, Margaret and Pamela the grossest is Margaret.	Pamela is grosser than Edwin.
neutral	Among Harold, Peter and Jeff the strongest is Peter.	Jeff is stronger than Harold.
neutral	Among Henry, Catherine and Rebecca the angriest is Catherine.	Rebecca is angrier than Henry.
neutral	Among Howard, Christopher and Jessica the ugliest is Christopher.	Jessica is uglier than Howard.
neutral	Among Melissa, Jason and Edward the proudest is Jason.	Edward is prouder than Melissa.
neutral	Among Donald, Brian and Hugh the most renowned is Brian.	Hugh is more renowned than Donald.
neutral	Among Arthur, Margaret and David the dumbest is Margaret.	David is dumber than Arthur.
neutral	Among Steven, Richard and Margaret the loudest is Richard.	Margaret is louder than Steven.
neutral	Among Larry, Stephanie and Joseph the weirdest is Stephanie.	Joseph is weirder than Larry.
neutral	Among Simon, Anne and John the saltiest is Anne.	John is saltier than Simon.
neutral	Among Diane, Julia and Lauren the rudest is Julia.	Lauren is ruder than Diane.
neutral	Among Frank, Kelly and Ashley the funniest is Kelly.	Ashley is funnier than Frank.
neutral	Among Benjamin, Howard and Sam the scariest is Howard.	Sam is scarier than Benjamin.
neutral	Among Sarah, Frederick and Lynn the laziest is Frederick.	Lynn is lazier than Sarah.
neutral	Among Karen, Kenneth and William the loveliest is Kenneth.	William is lovelier than Karen.
neutral	Among Joan, Frances and Maria the tallest is Frances.	Maria is taller than Joan.
neutral	Among Michelle, Joe and Elaine the slimmest is Joe.	Elaine is slimmer than Michelle.
neutral	Among Wendy, Ken and Annie the sleepiest is Ken.	Annie is sleepier than Wendy.
neutral	Among Edward, Amanda and George the quietest is Amanda.	George is quieter than Edward.
neutral	Among Fred, Billy and Kathy the most beautiful is Billy.	Kathy is more beautiful than Fred.
neutral	Among Paul, Gary and Peter the prettiest is Gary.	Peter is prettier than Paul.
neutral	Among Louise, Sharon and Eric the cutest is Sharon.	Eric is cuter than Louise.
neutral	Among Ken, Jim and Harriet the richest is Jim.	Harriet is richer than Ken.
neutral	Among Ben, Donna and Christine the dumbest is Donna.	Christine is dumber than Ben.
neutral	Among Joseph, Bob and Harriet the gentlest is Bob.	Harriet is gentler than Joseph.
neutral	Among Victoria, Dorothy and Roger the fattest is Dorothy.	Roger is fatter than Victoria.
neutral	Among Katie, Annie and Bruce the densest is Annie.	Bruce is denser than Katie.
neutral	Among Andrew, Matthew and Johnny the clumsiest is Matthew.	Johnny is clumsier than Andrew.
neutral	Among Harriet, George and Roy the most polite is George.	Roy is more polite than Harriet.
neutral	Among Al, Matt and Anthony the fattest is Matt.	Anthony is fatter than Al.
neutral	Among Mike, Eleanor and Virginia the clumsiest is Eleanor.	Virginia is clumsier than Mike.
neutral	Among Alison, Grace and Matthew the richest is Grace.	Matthew is richer than Alison.
neutral	Among Judith, Hugh and Karen the fattest is Hugh.	Karen is fatter than Judith.
neutral	Among Charlie, Mike and Lauren the tiniest is Mike.	Lauren is tinier than Charlie.
neutral	Among Ian, Roger and Christine the saltiest is Roger.	Christine is saltier than Ian.
neutral	Among Victoria, Fred and Philip the fattest is Fred.	Philip is fatter than Victoria.
neutral	Among Francis, Wendy and Janet the loneliest is Wendy.	Janet is lonlier than Francis.
neutral	Among Dan, Sophie and Anna the sharpest is Sophie.	Anna is sharper than Dan.
neutral	Among Jack, Martha and Christine the slowest is Martha.	Christine is slower than Jack.
neutral	Among Kevin, Daniel and Gary the funniest is Daniel.	Gary is funnier than Kevin.
neutral	Among Pamela, Victoria and Jason the cleverest is Victoria.	Jason is cleverer than Pamela.
neutral	Among Ian, Lauren and Jerry the most modern is Lauren.	Jerry is more modern than Ian.
neutral	Among Edwin, Anne and Andrea the boldest is Anne.	Andrea is bolder than Edwin.
neutral	Among Kevin, Evelyn and Ruth the toughest is Evelyn.	Ruth is tougher than Kevin.
neutral	Among Alex, Harry and Jay the nicest is Harry.	Jay is nicer than Alex.
neutral	Among Katherine, Charlie and Simon the classiest is Charlie.	Simon is classier than Katherine.
neutral	Among Louis, Greg and Kate the saddest is Greg.	Kate is sadder than Louis.
neutral	Among Bob, Sophie and Victoria the funniest is Sophie.	Victoria is funnier than Bob.
neutral	Among Sara, Rebecca and Lisa the loudest is Rebecca.	Lisa is louder than Sara.
neutral	Among Rachel, Tim and Michael the richest is Tim.	Michael is richer than Rachel.
neutral	Among Ken, Sara and Stephanie the hungriest is Sara.	Stephanie is hungrier than Ken.
neutral	Among Jeff, Michael and Jessica the healthiest is Michael.	Jessica is healthier than Jeff.
neutral	Among Michael, Nancy and Lauren the rudest is Nancy.	Lauren is ruder than Michael.
neutral	Among Edward, Eleanor and Lawrence the hungriest is Eleanor.	Lawrence is hungrier than Edward.
neutral	Among Robert, Martha and Kathryn the youngest is Martha.	Kathryn is younger than Robert.
neutral	Among Caroline, Carol and Kenneth the fattest is Carol.	Kenneth is fatter than Caroline.
neutral	Among Diane, Henry and Margaret the messiest is Henry.	Margaret is messier than Diane.
neutral	Among Dorothy, Frederick and Susan the most polite is Frederick.	Susan is more polite than Dorothy.
neutral	Among Billy, Stephanie and Tony the most clever is Stephanie.	Tony is more clever than Billy.
neutral	Among Christopher, James and Jean the sincerest is James.	Jean is sincerer than Christopher.
neutral	Among Dick, Elizabeth and Sandra the most polite is Elizabeth.	Sandra is more polite than Dick.
neutral	Among Sharon, Joseph and Kenneth the shallowest is Joseph.	Kenneth is shallower than Sharon.
neutral	Among Ashley, Michelle and Carl the thinnest is Michelle.	Carl is thinner than Ashley.
neutral	Among Adam, Frank and Sandra the brightest is Frank.	Sandra is brighter than Adam.
neutral	Among Kelly, Elizabeth and Annie the richest is Elizabeth.	Annie is richer than Kelly.
neutral	Among Carolyn, Louise and Jill the fittest is Louise.	Jill is fitter than Carolyn.
neutral	Among Mary, Lisa and Lawrence the greediest is Lisa.	Lawrence is greedier than Mary.
neutral	Among Harry, Dorothy and Paul the messiest is Dorothy.	Paul is messier than Harry.
neutral	Among Brian, Daniel and Charlotte the strongest is Daniel.	Charlotte is stronger than Brian.
neutral	Among Eric, James and Francis the shortest is James.	Francis is shorter than Eric.
neutral	Among Mark, Rose and Patricia the prettiest is Rose.	Patricia is prettier than Mark.
neutral	Among Frances, Larry and Nicole the bravest is Larry.	Nicole is braver than Frances.
neutral	Among Don, Adam and Betty the oldest is Adam.	Betty is older than Don.
neutral	Among Kathryn, Keith and Marie the clumsiest is Keith.	Marie is clumsier than Kathryn.
neutral	Among Scott, Larry and Gary the most beautiful is Larry.	Gary is more beautiful than Scott.
neutral	Among Charlotte, Anna and Paul the loveliest is Anna.	Paul is lovelier than Charlotte.
neutral	Among Heather, Ben and Sue the boldest is Ben.	Sue is bolder than Heather.
neutral	Among Ron, Melissa and Martha the most bitter is Melissa.	Martha is more bitter than Ron.
neutral	Among Evelyn, Simon and Wendy the guiltiest is Simon.	Wendy is guilter than Evelyn.
neutral	Among Bob, Suzanne and Ann the most renowned is Suzanne.	Ann is more renowned than Bob.
neutral	Among Carl, Patrick and Ken the sleepiest is Patrick.	Ken is sleepier than Carl.
neutral	Among Kim, Heather and George the scariest is Heather.	George is scarier than Kim.
neutral	Among Sarah, Ken and Richard the hungriest is Ken.	Richard is hungrier than Sarah.
neutral	Among Suzanne, Richard and Bill the greatest is Richard.	Bill is greater than Suzanne.
neutral	Among Grace, Jeff and Eleanor the most polite is Jeff.	Eleanor is more polite than Grace.
neutral	Among Amy, Claire and Emily the worst is Claire.	Emily is worse than Amy.
neutral	Among Patricia, Fiona and Dick the calmest is Fiona.	Dick is calmer than Patricia.
neutral	Among Lucy, Cynthia and Emma the creepiest is Cynthia.	Emma is creepier than Lucy.
neutral	Among Rose, Jerry and Michelle the tiniest is Jerry.	Michelle is tinier than Rose.
neutral	Among Stephanie, Cynthia and Adam the most attractive is Cynthia.	Adam is more attractive than Stephanie.
neutral	Among Linda, Maria and Henry the saddest is Maria.	Henry is sadder than Linda.
neutral	Among Robin, Louise and Donna the strongest is Louise.	Donna is stronger than Robin.
neutral	Among Sue, Judith and Melissa the dullest is Judith.	Melissa is duller than Sue.
neutral	Among Johnny, Sally and Peter the wisest is Sally.	Peter is wiser than Johnny.
neutral	Among Kenneth, Ian and Jennifer the slimmest is Ian.	Jennifer is slimmer than Kenneth.
neutral	Among Alexandra, Sophie and Joe the sincerest is Sophie.	Joe is sincerer than Alexandra.
neutral	Among Maria, Karen and Paul the slimmest is Karen.	Paul is slimmer than Maria.
neutral	Among Harry, Laura and Richard the strongest is Laura.	Richard is stronger than Harry.
neutral	Among Joan, Charles and Johnny the loveliest is Charles.	Johnny is lovelier than Joan.
neutral	Among Edith, Gary and Rachel the creepiest is Gary.	Rachel is creepier than Edith.
neutral	Among Ashley, Harry and Tom the longest is Harry.	Tom is longer than Ashley.
neutral	Among Joseph, Mark and Bob the most tired is Mark.	Bob is more tired than Joseph.
neutral	Among Anne, Lawrence and Donna the cutest is Lawrence.	Donna is cuter than Anne.
neutral	Among Hugh, Albert and Michelle the weakest is Albert.	Michelle is weaker than Hugh.
neutral	Among Alexander, Cynthia and Paul the politest is Cynthia.	Paul is politer than Alexander.
neutral	Among Edward, Laura and Sandra the most handsome is Laura.	Sandra is more handsome than Edward.
neutral	Among Hugh, Victoria and Linda the most renowned is Victoria.	Linda is more renowned than Hugh.
neutral	Among Amy, Roy and Jean the most interesting is Roy.	Jean is more interesting than Amy.
neutral	Among Charlotte, Dick and Lisa the slimmest is Dick.	Lisa is slimmer than Charlotte.
neutral	Among Ray, Dorothy and Louise the friendliest is Dorothy.	Louise is friendlier than Ray.
neutral	Among Patrick, Alfred and Howard the thinnest is Alfred.	Howard is thinner than Patrick.
neutral	Among Marilyn, Katherine and Tim the sincerest is Katherine.	Tim is sincerer than Marilyn.
neutral	Among Steve, Ryan and Benjamin the dumbest is Ryan.	Benjamin is dumber than Steve.
neutral	Among Jeff, Carolyn and Anthony the bossiest is Carolyn.	Anthony is bossier than Jeff.
neutral	Among Virginia, Suzanne and Donald the tallest is Suzanne.	Donald is taller than Virginia.
neutral	Among Scott, Peter and Linda the hairiest is Peter.	Linda is hairier than Scott.
neutral	Among Harry, Jean and David the most clever is Jean.	David is more clever than Harry.
neutral	Among Walter, Michelle and Virginia the brightest is Michelle.	Virginia is brighter than Walter.
neutral	Among Rebecca, Jane and Eleanor the tiniest is Jane.	Eleanor is tinier than Rebecca.
neutral	Among Walter, Lucy and Emma the smallest is Lucy.	Emma is smaller than Walter.
neutral	Among Alexander, Tony and Elaine the most attractive is Tony.	Elaine is more attractive than Alexander.
neutral	Among Kathryn, Jill and Steve the hungriest is Jill.	Steve is hungrier than Kathryn.
neutral	Among Kathleen, Arthur and Colin the hairiest is Arthur.	Colin is hairier than Kathleen.
neutral	Among Pamela, Christine and Kelly the bossiest is Christine.	Kelly is bossier than Pamela.
neutral	Among Alison, Mark and Mary the cruellest is Mark.	Mary is crueller than Alison.
neutral	Among Tom, Grace and Bruce the humblest is Grace.	Bruce is humbler than Tom.
neutral	Among Martha, Paul and Stephen the ugliest is Paul.	Stephen is uglier than Martha.
neutral	Among Eric, Brian and Eleanor the saddest is Brian.	Eleanor is sadder than Eric.
neutral	Among Cynthia, Harry and Bruce the sleepiest is Harry.	Bruce is sleepier than Cynthia.
neutral	Among Tony, Stephanie and Jason the happiest is Stephanie.	Jason is happier than Tony.
neutral	Among Fiona, Simon and Hugh the most renowned is Simon.	Hugh is more renowned than Fiona.
neutral	Among Alice, Greg and Howard the dullest is Greg.	Howard is duller than Alice.
neutral	Among Alison, Judy and David the fairest is Judy.	David is fairer than Alison.
neutral	Among Dorothy, Sue and Laura the densest is Sue.	Laura is denser than Dorothy.
neutral	Among Louis, Laura and Kate the most modern is Laura.	Kate is more modern than Louis.
neutral	Among Elaine, Robert and Billy the shyest is Robert.	Billy is shyer than Elaine.
neutral	Among Diana, Harriet and Kathleen the worst is Harriet.	Kathleen is worse than Diana.
neutral	Among Sophie, Suzanne and Eric the healthiest is Suzanne.	Eric is healthier than Sophie.
neutral	Among Emily, Lauren and Edith the densest is Lauren.	Edith is denser than Emily.
neutral	Among Anne, Don and Roger the dullest is Don.	Roger is duller than Anne.
neutral	Among Carl, Victoria and Rose the greatest is Victoria.	Rose is greater than Carl.
neutral	Among Lynn, Marilyn and Eleanor the tiniest is Marilyn.	Eleanor is tinier than Lynn.
neutral	Among Jason, Dan and Bob the biggest is Dan.	Bob is bigger than Jason.
neutral	Among Jeff, Roy and Fiona the hungriest is Roy.	Fiona is hungrier than Jeff.
neutral	Among Carl, Edwin and Amanda the most important is Edwin.	Amanda is more important than Carl.
neutral	Among Dick, Daniel and Alexandra the saltiest is Daniel.	Alexandra is saltier than Dick.
neutral	Among Greg, Elizabeth and William the tiniest is Elizabeth.	William is tinier than Greg.
neutral	Among Laura, Evelyn and Patrick the creepiest is Evelyn.	Patrick is creepier than Laura.
neutral	Among Sara, Walter and Dan the strongest is Walter.	Dan is stronger than Sara.
neutral	Among Jessica, Bobby and Matt the tallest is Bobby.	Matt is taller than Jessica.
neutral	Among Thomas, Harriet and Evelyn the most attractive is Harriet.	Evelyn is more attractive than Thomas.
neutral	Among Matt, Benjamin and Rose the scariest is Benjamin.	Rose is scarier than Matt.
neutral	Among Stephen, Edwin and Peter the creepiest is Edwin.	Peter is creepier than Stephen.
neutral	Among Judy, Pamela and Kevin the sharpest is Pamela.	Kevin is sharper than Judy.
neutral	Among Wendy, Hugh and Frederick the loneliest is Hugh.	Frederick is lonlier than Wendy.
neutral	Among Carolyn, Steve and Ellen the loveliest is Steve.	Ellen is lovelier than Carolyn.
neutral	Among Peter, Richard and Alfred the classiest is Richard.	Alfred is classier than Peter.
neutral	Among Kim, Jay and Martin the happiest is Jay.	Martin is happier than Kim.
neutral	Among Simon, Martha and James the fattest is Martha.	James is fatter than Simon.
neutral	Among Lawrence, Billy and Jean the dumbest is Billy.	Jean is dumber than Lawrence.
neutral	Among William, Thomas and Louise the most popular is Thomas.	Louise is more popular than William.
neutral	Among Sophie, Peter and Leslie the greediest is Peter.	Leslie is greedier than Sophie.
neutral	Among Kim, Mark and Pamela the craziest is Mark.	Pamela is crazier than Kim.
neutral	Among Kim, David and Harriet the cutest is David.	Harriet is cuter than Kim.
neutral	Among Ken, Nick and Matt the calmest is Nick.	Matt is calmer than Ken.
neutral	Among Bob, Tony and Brian the greediest is Tony.	Brian is greedier than Bob.
neutral	Among Lucy, Robert and Jean the wealthiest is Robert.	Jean is wealthier than Lucy.
neutral	Among Jill, Andrea and David the healthiest is Andrea.	David is healthier than Jill.
neutral	Among Ron, Hugh and Evelyn the meanest is Hugh.	Evelyn is meaner than Ron.
neutral	Among Katie, Harold and Anne the guiltiest is Harold.	Anne is guilter than Katie.
neutral	Among Don, Dan and Steven the weirdest is Dan.	Steven is weirder than Don.
neutral	Among Dan, Anna and Barbara the wealthiest is Anna.	Barbara is wealthier than Dan.
neutral	Among Evelyn, Amanda and Jack the naughtiest is Amanda.	Jack is naughtier than Evelyn.
neutral	Among Larry, Ron and Alice the loudest is Ron.	Alice is louder than Larry.
neutral	Among Betty, Nancy and Kathleen the cutest is Nancy.	Kathleen is cuter than Betty.
neutral	Among Michelle, Frederick and Nicole the dullest is Frederick.	Nicole is duller than Michelle.
neutral	Among Howard, Louis and Linda the hottest is Louis.	Linda is hotter than Howard.
neutral	Among Heather, Carl and Nancy the nicest is Carl.	Nancy is nicer than Heather.
neutral	Among Kenneth, Kevin and Stephen the sincerest is Kevin.	Stephen is sincerer than Kenneth.
neutral	Among Philip, Arthur and Robin the youngest is Arthur.	Robin is younger than Philip.
neutral	Among Louise, Sophie and Michael the kindest is Sophie.	Michael is kinder than Louise.
neutral	Among Ann, Elaine and Susan the meanest is Elaine.	Susan is meaner than Ann.
neutral	Among Ben, Virginia and Joseph the scariest is Virginia.	Joseph is scarier than Ben.
neutral	Among Brian, Fiona and Frank the slowest is Fiona.	Frank is slower than Brian.
neutral	Among Philip, Alexander and Cynthia the cruellest is Alexander.	Cynthia is crueller than Philip.
neutral	Among Katie, Jimmy and Jay the cleverest is Jimmy.	Jay is cleverer than Katie.
neutral	Among Kathy, Bobby and Dorothy the fastest is Bobby.	Dorothy is faster than Kathy.
neutral	Among Carol, Leslie and Sam the saltiest is Leslie.	Sam is saltier than Carol.
neutral	Among Elizabeth, Andrew and Al the most polite is Andrew.	Al is more polite than Elizabeth.
neutral	Among Florence, Ellen and Dan the most renowned is Ellen.	Dan is more renowned than Florence.
neutral	Among Sophie, Edwin and Philip the loveliest is Edwin.	Philip is lovelier than Sophie.
neutral	Among Mark, Frances and Julie the most renowned is Frances.	Julie is more renowned than Mark.
neutral	Among Patrick, Henry and Robin the saddest is Henry.	Robin is sadder than Patrick.
neutral	Among Helen, Ralph and Diane the tiniest is Ralph.	Diane is tinier than Helen.
neutral	Among Simon, Caroline and Martha the smallest is Caroline.	Martha is smaller than Simon.
neutral	Among Jonathan, Steven and Ian the calmest is Steven.	Ian is calmer than Jonathan.
neutral	Among Walter, Jimmy and Ron the scariest is Jimmy.	Ron is scarier than Walter.
neutral	Among Keith, Marilyn and Charles the happiest is Marilyn.	Charles is happier than Keith.
neutral	Among Dick, Jennifer and Claire the biggest is Jennifer.	Claire is bigger than Dick.
neutral	Among Katie, Harriet and Leslie the harshest is Harriet.	Leslie is harsher than Katie.
neutral	Among Thomas, Adam and Patrick the bravest is Adam.	Patrick is braver than Thomas.
neutral	Among Gary, Paul and Roger the smartest is Paul.	Roger is smarter than Gary.
neutral	Among Peter, Eric and Lawrence the saddest is Eric.	Lawrence is sadder than Peter.
neutral	Among Joe, Harriet and Sam the oldest is Harriet.	Sam is older than Joe.
neutral	Among Grace, Kenneth and Michael the weirdest is Kenneth.	Michael is weirder than Grace.
neutral	Among Katherine, Betty and Sarah the fastest is Betty.	Sarah is faster than Katherine.
neutral	Among Kenneth, Nancy and Ann the hottest is Nancy.	Ann is hotter than Kenneth.
neutral	Among Alice, Ken and Christine the greediest is Ken.	Christine is greedier than Alice.
neutral	Among Kevin, Kim and Marilyn the proudest is Kim.	Marilyn is prouder than Kevin.
neutral	Among Julia, Ashley and Kim the creepiest is Ashley.	Kim is creepier than Julia.
neutral	Among Johnny, Stephanie and Philip the gentlest is Stephanie.	Philip is gentler than Johnny.
neutral	Among Gary, Ellen and Jay the best is Ellen.	Jay is better than Gary.
neutral	Among Charlotte, Christine and Benjamin the thinnest is Christine.	Benjamin is thinner than Charlotte.
neutral	Among Roy, Kevin and Jonathan the most clever is Kevin.	Jonathan is more clever than Roy.
neutral	Among Frederick, Elaine and Sandra the calmest is Elaine.	Sandra is calmer than Frederick.
neutral	Among Julia, Carolyn and Louis the kindest is Carolyn.	Louis is kinder than Julia.
neutral	Among Florence, Eric and Edwin the laziest is Eric.	Edwin is lazier than Florence.
neutral	Among Jonathan, Colin and Angela the harshest is Colin.	Angela is harsher than Jonathan.
neutral	Among Charles, Gary and Florence the fairest is Gary.	Florence is fairer than Charles.
neutral	Among Julie, Johnny and Sharon the gentlest is Johnny.	Sharon is gentler than Julie.
neutral	Among Grace, Edwin and Elaine the most beautiful is Edwin.	Elaine is more beautiful than Grace.
neutral	Among Anna, Joan and Ed the scariest is Joan.	Ed is scarier than Anna.
neutral	Among Angela, Jason and Brian the toughest is Jason.	Brian is tougher than Angela.
neutral	Among Alexandra, Charles and Roy the dumbest is Charles.	Roy is dumber than Alexandra.
neutral	Among Andrea, Rose and Deborah the scariest is Rose.	Deborah is scarier than Andrea.
neutral	Among Harriet, Colin and Amanda the humblest is Colin.	Amanda is humbler than Harriet.
neutral	Among Charles, Dan and Johnny the most tired is Dan.	Johnny is more tired than Charles.
neutral	Among Chris, Grace and Catherine the sleepiest is Grace.	Catherine is sleepier than Chris.
neutral	Among Andrea, Don and Steven the chubbiest is Don.	Steven is chubbier than Andrea.
neutral	Among Linda, Caroline and Mike the fairest is Caroline.	Mike is fairer than Linda.
neutral	Among Nick, Simon and Katie the most clever is Simon.	Katie is more clever than Nick.
neutral	Among Julia, Bill and Jerry the sleepiest is Bill.	Jerry is sleepier than Julia.
neutral	Among Ken, Jack and Alison the shortest is Jack.	Alison is shorter than Ken.
neutral	Among Peter, Stephanie and Jimmy the hairiest is Stephanie.	Jimmy is hairier than Peter.
neutral	Among Lisa, Sue and Anthony the most renowned is Sue.	Anthony is more renowned than Lisa.
neutral	Among Katherine, Arthur and Colin the clumsiest is Arthur.	Colin is clumsier than Katherine.
neutral	Among Greg, Jean and Larry the funniest is Jean.	Larry is funnier than Greg.
neutral	Among Jennifer, Amy and Charlie the shallowest is Amy.	Charlie is shallower than Jennifer.
neutral	Among Dave, Tom and John the slowest is Tom.	John is slower than Dave.
neutral	Among Wendy, Carl and Victoria the shallowest is Carl.	Victoria is shallower than Wendy.
neutral	Among Julia, Katherine and Edward the skinniest is Katherine.	Edward is skinnier than Julia.
neutral	Among Robert, Edith and Diana the greatest is Edith.	Diana is greater than Robert.
neutral	Among Roger, Evelyn and Nancy the funniest is Evelyn.	Nancy is funnier than Roger.
neutral	Among Bill, Billy and Diana the bravest is Billy.	Diana is braver than Bill.
neutral	Among Harriet, Edward and Jennifer the dullest is Edward.	Jennifer is duller than Harriet.
neutral	Among Kim, Sally and Kevin the most bitter is Sally.	Kevin is more bitter than Kim.
neutral	Among Kathleen, Sally and Angela the weakest is Sally.	Angela is weaker than Kathleen.
neutral	Among Pamela, Karen and Chris the most popular is Karen.	Chris is more popular than Pamela.
neutral	Among Robin, Suzanne and James the richest is Suzanne.	James is richer than Robin.
neutral	Among Philip, Bill and Howard the strongest is Bill.	Howard is stronger than Philip.
neutral	Among Lisa, Greg and Mike the weirdest is Greg.	Mike is weirder than Lisa.
neutral	Among Sara, Julie and Donna the dumbest is Julie.	Donna is dumber than Sara.
neutral	Among Ashley, Billy and Ken the most polite is Billy.	Ken is more polite than Ashley.
neutral	Among Patricia, Frances and Ashley the poorest is Frances.	Ashley is poorer than Patricia.
neutral	Among Carl, Ralph and Lauren the oldest is Ralph.	Lauren is older than Carl.
neutral	Among Susan, Dan and Janet the smallest is Dan.	Janet is smaller than Susan.
neutral	Among Rebecca, Donna and Lucy the poorest is Donna.	Lucy is poorer than Rebecca.
neutral	Among Emma, Jean and Hugh the weirdest is Jean.	Hugh is weirder than Emma.
neutral	Among Charlie, Eleanor and Dan the toughest is Eleanor.	Dan is tougher than Charlie.
neutral	Among Carol, Rachel and Lawrence the most beautiful is Rachel.	Lawrence is more beautiful than Carol.
neutral	Among Peter, Ashley and Roy the firmest is Ashley.	Roy is firmer than Peter.
neutral	Among Ralph, Benjamin and Diana the weirdest is Benjamin.	Diana is weirder than Ralph.
neutral	Among Carol, Bobby and Mike the most tired is Bobby.	Mike is more tired than Carol.
neutral	Among Katherine, Roy and Ruth the bravest is Roy.	Ruth is braver than Katherine.
neutral	Among Christopher, Karen and Anthony the shyest is Karen.	Anthony is shyer than Christopher.
neutral	Among Steve, Annie and Evelyn the most beautiful is Annie.	Evelyn is more beautiful than Steve.
neutral	Among Greg, Helen and Jean the boldest is Helen.	Jean is bolder than Greg.
neutral	Among Mike, Katherine and Katie the wealthiest is Katherine.	Katie is wealthier than Mike.
neutral	Among Ben, Eric and Barbara the wisest is Eric.	Barbara is wiser than Ben.
neutral	Among Pamela, Dick and Dave the most bitter is Dick.	Dave is more bitter than Pamela.
neutral	Among Brian, Alan and Hugh the bossiest is Alan.	Hugh is bossier than Brian.
neutral	Among Karen, Johnny and Christine the fattest is Johnny.	Christine is fatter than Karen.
neutral	Among Simon, Jill and Ann the happiest is Jill.	Ann is happier than Simon.
neutral	Among Tony, Evelyn and Nancy the shortest is Evelyn.	Nancy is shorter than Tony.
neutral	Among Edwin, Mark and Kenneth the loneliest is Mark.	Kenneth is lonlier than Edwin.
neutral	Among Julia, Kelly and Ken the boldest is Kelly.	Ken is bolder than Julia.
neutral	Among Caroline, Patricia and Kate the fittest is Patricia.	Kate is fitter than Caroline.
neutral	Among Roy, Harold and Jennifer the saltiest is Harold.	Jennifer is saltier than Roy.
neutral	Among Richard, Lawrence and Alfred the richest is Lawrence.	Alfred is richer than Richard.
neutral	Among Carol, Mike and Barbara the most renowned is Mike.	Barbara is more renowned than Carol.
neutral	Among Suzanne, Nicole and Paul the chubbiest is Nicole.	Paul is chubbier than Suzanne.
neutral	Among Dick, Jimmy and Elaine the most interesting is Jimmy.	Elaine is more interesting than Dick.
neutral	Among Jill, Nicole and Ian the calmest is Nicole.	Ian is calmer than Jill.
neutral	Among Adam, Roger and Amanda the most beautiful is Roger.	Amanda is more beautiful than Adam.
neutral	Among Ken, Joseph and Amanda the most popular is Joseph.	Amanda is more popular than Ken.
neutral	Among Andrew, Kate and Tim the most polite is Kate.	Tim is more polite than Andrew.
neutral	Among Charlie, Betty and Diana the busiest is Betty.	Diana is busier than Charlie.
neutral	Among Mike, Alex and Julia the dumbest is Alex.	Julia is dumber than Mike.
neutral	Among Ed, Marilyn and Barbara the fittest is Marilyn.	Barbara is fitter than Ed.
neutral	Among Sally, Bobby and Maria the hairiest is Bobby.	Maria is hairier than Sally.
neutral	Among Anne, Mark and Martin the quietest is Mark.	Martin is quieter than Anne.
neutral	Among Sophie, Melissa and Helen the chubbiest is Melissa.	Helen is chubbier than Sophie.
neutral	Among Peter, Christine and Edwin the sincerest is Christine.	Edwin is sincerer than Peter.
neutral	Among Alice, Keith and Marie the loveliest is Keith.	Marie is lovelier than Alice.
neutral	Among Charlotte, Johnny and Kevin the toughest is Johnny.	Kevin is tougher than Charlotte.
neutral	Among Florence, Charlotte and Amanda the naughtiest is Charlotte.	Amanda is naughtier than Florence.
neutral	Among Amy, Louis and Julie the fastest is Louis.	Julie is faster than Amy.
neutral	Among Ron, Michelle and Rachel the hottest is Michelle.	Rachel is hotter than Ron.
neutral	Among George, Carol and Anne the cleverest is Carol.	Anne is cleverer than George.
neutral	Among Ron, Jack and Betty the sincerest is Jack.	Betty is sincerer than Ron.
neutral	Among Melissa, Thomas and Matthew the bossiest is Thomas.	Matthew is bossier than Melissa.
neutral	Among Brian, Grace and Linda the fastest is Grace.	Linda is faster than Brian.
neutral	Among Leslie, Ray and Emily the most handsome is Ray.	Emily is more handsome than Leslie.
neutral	Among Leslie, Sue and Mary the richest is Sue.	Mary is richer than Leslie.
neutral	Among Katherine, Frank and Edwin the densest is Frank.	Edwin is denser than Katherine.
neutral	Among Stephen, Betty and Sharon the chubbiest is Betty.	Sharon is chubbier than Stephen.
neutral	Among Paul, Tony and James the bravest is Tony.	James is braver than Paul.
neutral	Among Jonathan, Andrea and Wendy the most popular is Andrea.	Wendy is more popular than Jonathan.
neutral	Among Keith, Harry and Michael the cleverest is Harry.	Michael is cleverer than Keith.
neutral	Among Edwin, Ray and Sara the loneliest is Ray.	Sara is lonlier than Edwin.
neutral	Among Richard, Dick and Sara the fastest is Dick.	Sara is faster than Richard.
neutral	Among Jay, Christine and Alan the cutest is Christine.	Alan is cuter than Jay.
neutral	Among Sally, Katie and Joseph the dumbest is Katie.	Joseph is dumber than Sally.
neutral	Among Al, Ruth and Matt the humblest is Ruth.	Matt is humbler than Al.
neutral	Among Bobby, Anne and Ed the biggest is Anne.	Ed is bigger than Bobby.
neutral	Among Daniel, Martha and Michael the craziest is Martha.	Michael is crazier than Daniel.
neutral	Among Ken, Donna and Billy the fairest is Donna.	Billy is fairer than Ken.
neutral	Among Judy, Joe and Christine the sincerest is Joe.	Christine is sincerer than Judy.
neutral	Among Christopher, Leslie and Lauren the most handsome is Leslie.	Lauren is more handsome than Christopher.
neutral	Among Michael, Roy and Edwin the clumsiest is Roy.	Edwin is clumsier than Michael.
neutral	Among Kathryn, Thomas and Jessica the weirdest is Thomas.	Jessica is weirder than Kathryn.
neutral	Among Anthony, Lisa and Betty the grossest is Lisa.	Betty is grosser than Anthony.
neutral	Among Frederick, Ben and Bob the meanest is Ben.	Bob is meaner than Frederick.
neutral	Among James, Heather and Gary the smallest is Heather.	Gary is smaller than James.
neutral	Among Alan, Julie and Ruth the curviest is Julie.	Ruth is curvier than Alan.
neutral	Among Claire, Jason and Laura the hungriest is Jason.	Laura is hungrier than Claire.
neutral	Among Arthur, Dan and Carolyn the sincerest is Dan.	Carolyn is sincerer than Arthur.
neutral	Among Robin, Rose and Sue the bravest is Rose.	Sue is braver than Robin.
neutral	Among Colin, Amy and Charlotte the bitterest is Amy.	Charlotte is bitterer than Colin.
neutral	Among Ann, Karen and Maria the loudest is Karen.	Maria is louder than Ann.
neutral	Among Tom, Alex and Emma the smallest is Alex.	Emma is smaller than Tom.
neutral	Among Tony, Diane and Bobby the rudest is Diane.	Bobby is ruder than Tony.
neutral	Among Lucy, Mike and Roger the sharpest is Mike.	Roger is sharper than Lucy.
neutral	Among Bobby, Christine and Charles the sleepiest is Christine.	Charles is sleepier than Bobby.
neutral	Among Peter, Keith and Pamela the dullest is Keith.	Pamela is duller than Peter.
neutral	Among Louise, Carl and Mary the slimmest is Carl.	Mary is slimmer than Louise.
neutral	Among Pamela, Louis and Kevin the curviest is Louis.	Kevin is curvier than Pamela.
neutral	Among Bobby, Christine and Alexander the ugliest is Christine.	Alexander is uglier than Bobby.
neutral	Among Paul, Tom and Diana the most important is Tom.	Diana is more important than Paul.
neutral	Among Kenneth, Nick and Tony the loveliest is Nick.	Tony is lovelier than Kenneth.
neutral	Among Edward, Carolyn and Jean the cutest is Carolyn.	Jean is cuter than Edward.
neutral	Among Diana, Joan and Barbara the gentlest is Joan.	Barbara is gentler than Diana.
neutral	Among Sarah, Amy and Leslie the firmest is Amy.	Leslie is firmer than Sarah.
neutral	Among Kevin, Ryan and Ashley the fittest is Ryan.	Ashley is fitter than Kevin.
neutral	Among Frank, Jean and Tony the wealthiest is Jean.	Tony is wealthier than Frank.
neutral	Among Tom, Victoria and Jimmy the clumsiest is Victoria.	Jimmy is clumsier than Tom.
neutral	Among Stephanie, Ray and Henry the thinnest is Ray.	Henry is thinner than Stephanie.
neutral	Among Anthony, Claire and Chris the funniest is Claire.	Chris is funnier than Anthony.
neutral	Among Caroline, Roy and Alice the chubbiest is Roy.	Alice is chubbier than Caroline.
neutral	Among James, Charles and Laura the politest is Charles.	Laura is politer than James.
neutral	Among Michelle, Charles and Roy the shortest is Charles.	Roy is shorter than Michelle.
neutral	Among Ralph, Stephanie and Maria the saltiest is Stephanie.	Maria is saltier than Ralph.
neutral	Among Daniel, Richard and Sara the smartest is Richard.	Sara is smarter than Daniel.
neutral	Among Henry, Roger and Carl the bravest is Roger.	Carl is braver than Henry.
neutral	Among Alice, Carolyn and Karen the firmest is Carolyn.	Karen is firmer than Alice.
neutral	Among Frank, Susan and Johnny the dullest is Susan.	Johnny is duller than Frank.
neutral	Among Jack, Kenneth and Adam the laziest is Kenneth.	Adam is lazier than Jack.
neutral	Among Kim, Ralph and Marie the hottest is Ralph.	Marie is hotter than Kim.
neutral	Among Ryan, Martin and Diana the loneliest is Martin.	Diana is lonlier than Ryan.
neutral	Among William, Margaret and David the rudest is Margaret.	David is ruder than William.
neutral	Among Matt, Angela and Sue the most attractive is Angela.	Sue is more attractive than Matt.
neutral	Among Kevin, Harriet and Albert the messiest is Harriet.	Albert is messier than Kevin.
neutral	Among Nick, Evelyn and Ron the nicest is Evelyn.	Ron is nicer than Nick.
neutral	Among James, Robin and Richard the bitterest is Robin.	Richard is bitterer than James.
neutral	Among Robert, Rachel and Lauren the most renowned is Rachel.	Lauren is more renowned than Robert.
neutral	Among Angela, Amanda and Betty the most bitter is Amanda.	Betty is more bitter than Angela.
neutral	Among Karen, Ben and Helen the most clever is Ben.	Helen is more clever than Karen.
neutral	Among Kathleen, Fred and Jerry the strongest is Fred.	Jerry is stronger than Kathleen.
neutral	Among Charlie, Amanda and Caroline the humblest is Amanda.	Caroline is humbler than Charlie.
neutral	Among Samuel, Edward and Fiona the best is Edward.	Fiona is better than Samuel.
neutral	Among Ashley, Barbara and Harold the most renowned is Barbara.	Harold is more renowned than Ashley.
neutral	Among Keith, Jonathan and Roy the thinnest is Jonathan.	Roy is thinner than Keith.
neutral	Among Rebecca, Lucy and Stephanie the bitterest is Lucy.	Stephanie is bitterer than Rebecca.
neutral	Among Anne, Martha and Joe the harshest is Martha.	Joe is harsher than Anne.
neutral	Among Dave, Anne and Leslie the friendliest is Anne.	Leslie is friendlier than Dave.
neutral	Among Donna, Elizabeth and Margaret the craziest is Elizabeth.	Margaret is crazier than Donna.
neutral	Among Dan, Fiona and Sara the slimmest is Fiona.	Sara is slimmer than Dan.
neutral	Among Christopher, Steven and Patricia the happiest is Steven.	Patricia is happier than Christopher.
neutral	Among Charlie, Diane and Harry the fattest is Diane.	Harry is fatter than Charlie.
neutral	Among Kelly, Richard and Keith the tallest is Richard.	Keith is taller than Kelly.
neutral	Among Amanda, Karen and Charles the loneliest is Karen.	Charles is lonlier than Amanda.
neutral	Among Bill, Brian and Chris the rudest is Brian.	Chris is ruder than Bill.
neutral	Among Peter, Dorothy and Joe the smallest is Dorothy.	Joe is smaller than Peter.
neutral	Among Angela, Susan and Amy the noisiest is Susan.	Amy is noisier than Angela.
neutral	Among Billy, Ed and Sarah the loneliest is Ed.	Sarah is lonlier than Billy.
neutral	Among Walter, Elizabeth and Betty the most handsome is Elizabeth.	Betty is more handsome than Walter.
neutral	Among Carol, Jeff and Eric the quietest is Jeff.	Eric is quieter than Carol.
neutral	Among Anthony, Charlotte and Angela the saddest is Charlotte.	Angela is sadder than Anthony.
neutral	Among Carol, Lisa and John the most renowned is Lisa.	John is more renowned than Carol.
neutral	Among Linda, Jerry and Katherine the humblest is Jerry.	Katherine is humbler than Linda.
neutral	Among Mike, Ashley and Edwin the saltiest is Ashley.	Edwin is saltier than Mike.
neutral	Among Diane, Jay and Alison the most polite is Jay.	Alison is more polite than Diane.
neutral	Among Ann, George and Alex the gloomiest is George.	Alex is gloomier than Ann.
neutral	Among Greg, Victoria and Martha the hottest is Victoria.	Martha is hotter than Greg.
neutral	Among Stephen, Frank and George the hottest is Frank.	George is hotter than Stephen.
neutral	Among Harriet, Jeff and Rachel the best is Jeff.	Rachel is better than Harriet.
neutral	Among Benjamin, Mary and Eleanor the smartest is Mary.	Eleanor is smarter than Benjamin.
neutral	Among Samuel, Ken and Arthur the cruellest is Ken.	Arthur is crueller than Samuel.
neutral	Among Kathy, Joseph and Harriet the humblest is Joseph.	Harriet is humbler than Kathy.
neutral	Among Judith, Bob and Rebecca the greediest is Bob.	Rebecca is greedier than Judith.
neutral	Among Emma, Thomas and Alexandra the funniest is Thomas.	Alexandra is funnier than Emma.
neutral	Among Mark, Edwin and Kevin the shyest is Edwin.	Kevin is shyer than Mark.
neutral	Among Scott, Mike and Kenneth the craziest is Mike.	Kenneth is crazier than Scott.
neutral	Among Cynthia, Leslie and Jason the most clever is Leslie.	Jason is more clever than Cynthia.
neutral	Among Roy, Johnny and Frederick the skinniest is Johnny.	Frederick is skinnier than Roy.
neutral	Among Carolyn, Katherine and Lisa the wisest is Katherine.	Lisa is wiser than Carolyn.
neutral	Among Katie, Bobby and John the most renowned is Bobby.	John is more renowned than Katie.
neutral	Among Ed, Roy and Elizabeth the naughtiest is Roy.	Elizabeth is naughtier than Ed.
neutral	Among Helen, Philip and Adam the most attractive is Philip.	Adam is more attractive than Helen.
neutral	Among John, Nick and Katie the curviest is Nick.	Katie is curvier than John.
neutral	Among Pamela, Jimmy and Lucy the wealthiest is Jimmy.	Lucy is wealthier than Pamela.
neutral	Among Hugh, Jill and Grace the toughest is Jill.	Grace is tougher than Hugh.
neutral	Among Anna, Greg and Charlotte the toughest is Greg.	Charlotte is tougher than Anna.
neutral	Among Christopher, Jill and Claire the skinniest is Jill.	Claire is skinnier than Christopher.
neutral	Among Bob, Kathleen and Adam the meanest is Kathleen.	Adam is meaner than Bob.
neutral	Among Jonathan, Florence and Alexander the fattest is Florence.	Alexander is fatter than Jonathan.
neutral	Among Ed, Kathryn and Ann the densest is Kathryn.	Ann is denser than Ed.
neutral	Among Cynthia, Mark and Stephen the thinnest is Mark.	Stephen is thinner than Cynthia.
neutral	Among Janet, Mary and Colin the nicest is Mary.	Colin is nicer than Janet.
neutral	Among Matt, Heather and Linda the rudest is Heather.	Linda is ruder than Matt.
neutral	Among Jessica, Frank and Julia the worst is Frank.	Julia is worse than Jessica.
neutral	Among Suzanne, Jean and Melissa the cruellest is Jean.	Melissa is crueller than Suzanne.
neutral	Among Alan, Anthony and Benjamin the most beautiful is Anthony.	Benjamin is more beautiful than Alan.
neutral	Among Heather, Deborah and Marie the strongest is Deborah.	Marie is stronger than Heather.
neutral	Among Lynn, Louis and Sally the oldest is Louis.	Sally is older than Lynn.
neutral	Among Harold, Sam and Ann the skinniest is Sam.	Ann is skinnier than Harold.
neutral	Among Kevin, Elizabeth and Kim the most clever is Elizabeth.	Kim is more clever than Kevin.
neutral	Among Steve, Elaine and Sandra the shallowest is Elaine.	Sandra is shallower than Steve.
neutral	Among Cynthia, Jay and Kathleen the messiest is Jay.	Kathleen is messier than Cynthia.
neutral	Among Scott, Alex and Robert the richest is Alex.	Robert is richer than Scott.
neutral	Among Sam, Anthony and Albert the skinniest is Anthony.	Albert is skinnier than Sam.
neutral	Among Mark, Don and Sandra the youngest is Don.	Sandra is younger than Mark.
neutral	Among Samuel, Johnny and Chris the bravest is Johnny.	Chris is braver than Samuel.
neutral	Among Kate, Frederick and Edward the worst is Frederick.	Edward is worse than Kate.
neutral	Among Victoria, Diane and Bill the sorriest is Diane.	Bill is sorrier than Victoria.
neutral	Among Judy, Patrick and Walter the slimmest is Patrick.	Walter is slimmer than Judy.
neutral	Among Dan, Ralph and Kathleen the sorriest is Ralph.	Kathleen is sorrier than Dan.
neutral	Among Benjamin, Brian and Rose the slowest is Brian.	Rose is slower than Benjamin.
neutral	Among Elaine, Robin and Adam the bravest is Robin.	Adam is braver than Elaine.
neutral	Among Heather, Andrew and Kate the hungriest is Andrew.	Kate is hungrier than Heather.
neutral	Among Ralph, Amy and Larry the shortest is Amy.	Larry is shorter than Ralph.
neutral	Among Donald, Patrick and Judy the humblest is Patrick.	Judy is humbler than Donald.
neutral	Among Jay, Kathryn and Charles the fairest is Kathryn.	Charles is fairer than Jay.
neutral	Among Robert, Ron and Arthur the gloomiest is Ron.	Arthur is gloomier than Robert.
neutral	Among Fred, Edith and Alexandra the classiest is Edith.	Alexandra is classier than Fred.
neutral	Among Maria, Francis and Anne the youngest is Francis.	Anne is younger than Maria.
neutral	Among Jim, Jack and Kate the healthiest is Jack.	Kate is healthier than Jim.
neutral	Among Jill, Caroline and Janet the craziest is Caroline.	Janet is crazier than Jill.
neutral	Among Ralph, Michelle and Ian the clumsiest is Michelle.	Ian is clumsier than Ralph.
neutral	Among Pamela, Kenneth and Fiona the loneliest is Kenneth.	Fiona is lonlier than Pamela.
neutral	Among Alex, Claire and Carl the most important is Claire.	Carl is more important than Alex.
neutral	Among Deborah, Frances and Jonathan the bravest is Frances.	Jonathan is braver than Deborah.
neutral	Among Joseph, Hugh and Eric the tiniest is Hugh.	Eric is tinier than Joseph.
neutral	Among Anne, Martin and Rachel the noisiest is Martin.	Rachel is noisier than Anne.
neutral	Among Martin, Jason and Maria the messiest is Jason.	Maria is messier than Martin.
neutral	Among Nicole, Bob and Tom the fittest is Bob.	Tom is fitter than Nicole.
neutral	Among Jim, Peter and Wendy the toughest is Peter.	Wendy is tougher than Jim.
neutral	Among Sally, Anthony and Anne the bravest is Anthony.	Anne is braver than Sally.
neutral	Among Annie, Edward and Mike the fattest is Edward.	Mike is fatter than Annie.
neutral	Among Michael, Leslie and Ray the humblest is Leslie.	Ray is humbler than Michael.
neutral	Among Alexander, Paul and Frances the harshest is Paul.	Frances is harsher than Alexander.
neutral	Among Charlotte, Nick and Jill the clumsiest is Nick.	Jill is clumsier than Charlotte.
neutral	Among Joan, Pamela and Louis the sleepiest is Pamela.	Louis is sleepier than Joan.
neutral	Among Edwin, Catherine and Frederick the cruellest is Catherine.	Frederick is crueller than Edwin.
neutral	Among Donald, Paul and Jane the cleverest is Paul.	Jane is cleverer than Donald.
neutral	Among Simon, Rachel and Catherine the sweetest is Rachel.	Catherine is sweeter than Simon.
neutral	Among Lisa, James and Frances the brightest is James.	Frances is brighter than Lisa.
neutral	Among Sarah, Ellen and Frank the laziest is Ellen.	Frank is lazier than Sarah.
neutral	Among Anthony, Emma and Christopher the politest is Emma.	Christopher is politer than Anthony.
neutral	Among Fred, Joe and Arthur the messiest is Joe.	Arthur is messier than Fred.
neutral	Among Amanda, Hugh and Alfred the densest is Hugh.	Alfred is denser than Amanda.
neutral	Among Gary, Mary and Nancy the sharpest is Mary.	Nancy is sharper than Gary.
neutral	Among Laura, Keith and Edith the rudest is Keith.	Edith is ruder than Laura.
neutral	Among Sara, Henry and Eric the most modern is Henry.	Eric is more modern than Sara.
neutral	Among Henry, Tony and Katie the cutest is Tony.	Katie is cuter than Henry.
neutral	Among Bobby, Arthur and Alexandra the brightest is Arthur.	Alexandra is brighter than Bobby.
neutral	Among Eric, Thomas and Keith the proudest is Thomas.	Keith is prouder than Eric.
neutral	Among Sara, Kathleen and Claire the hungriest is Kathleen.	Claire is hungrier than Sara.
neutral	Among Sara, Francis and Paul the oldest is Francis.	Paul is older than Sara.
neutral	Among Judith, Paul and Annie the boldest is Paul.	Annie is bolder than Judith.
neutral	Among Charles, Keith and Angela the quietest is Keith.	Angela is quieter than Charles.
neutral	Among Anthony, John and Steve the clumsiest is John.	Steve is clumsier than Anthony.
neutral	Among Karen, Kathryn and Wendy the most interesting is Kathryn.	Wendy is more interesting than Karen.
neutral	Among Colin, Martha and Joe the kindest is Martha.	Joe is kinder than Colin.
neutral	Among Judy, Arthur and Sally the sorriest is Arthur.	Sally is sorrier than Judy.
neutral	Among Billy, Julie and Charles the slowest is Julie.	Charles is slower than Billy.
neutral	Among Virginia, Dan and Bob the dullest is Dan.	Bob is duller than Virginia.
neutral	Among Caroline, Martin and Alfred the bitterest is Martin.	Alfred is bitterer than Caroline.
neutral	Among Adam, Betty and Maria the meanest is Betty.	Maria is meaner than Adam.
neutral	Among Kenneth, Jimmy and Ed the most beautiful is Jimmy.	Ed is more beautiful than Kenneth.
neutral	Among Ed, Louis and Carolyn the quietest is Louis.	Carolyn is quieter than Ed.
neutral	Among Johnny, Elizabeth and Mike the saltiest is Elizabeth.	Mike is saltier than Johnny.
neutral	Among Jonathan, Jimmy and Samuel the rudest is Jimmy.	Samuel is ruder than Jonathan.
neutral	Among Ann, Diana and Sophie the loudest is Diana.	Sophie is louder than Ann.
neutral	Among Lisa, Steven and Keith the weakest is Steven.	Keith is weaker than Lisa.
neutral	Among Kate, Anna and Carolyn the bravest is Anna.	Carolyn is braver than Kate.
neutral	Among Roy, Ron and Howard the biggest is Ron.	Howard is bigger than Roy.
neutral	Among Kate, Charlotte and Kim the bitterest is Charlotte.	Kim is bitterer than Kate.
neutral	Among Carolyn, Kathleen and Tony the sleepiest is Kathleen.	Tony is sleepier than Carolyn.
neutral	Among Michelle, Martin and Dan the loneliest is Martin.	Dan is lonlier than Michelle.
neutral	Among Sharon, Ray and Anthony the brightest is Ray.	Anthony is brighter than Sharon.
neutral	Among Stephanie, Ed and Benjamin the most handsome is Ed.	Benjamin is more handsome than Stephanie.
neutral	Among Sue, Lisa and Pamela the ugliest is Lisa.	Pamela is uglier than Sue.
neutral	Among Lucy, Diane and Mark the youngest is Diane.	Mark is younger than Lucy.
neutral	Among Samuel, James and Matthew the most renowned is James.	Matthew is more renowned than Samuel.
neutral	Among Robin, Alison and Virginia the most tired is Alison.	Virginia is more tired than Robin.
neutral	Among Edwin, Edith and Barbara the fastest is Edith.	Barbara is faster than Edwin.
neutral	Among Caroline, Kim and Carolyn the sleepiest is Kim.	Carolyn is sleepier than Caroline.
neutral	Among Bruce, Charles and Ralph the hungriest is Charles.	Ralph is hungrier than Bruce.
neutral	Among Karen, Evelyn and Colin the harshest is Evelyn.	Colin is harsher than Karen.
neutral	Among Joan, Florence and Anna the friendliest is Florence.	Anna is friendlier than Joan.
neutral	Among Amy, Martin and Nancy the boldest is Martin.	Nancy is bolder than Amy.
neutral	Among Carl, Jack and Kate the best is Jack.	Kate is better than Carl.
neutral	Among Lynn, Albert and Nancy the cruellest is Albert.	Nancy is crueller than Lynn.
neutral	Among Nancy, Margaret and Henry the proudest is Margaret.	Henry is prouder than Nancy.
neutral	Among Ralph, Mark and Alan the laziest is Mark.	Alan is lazier than Ralph.
neutral	Among Lawrence, Gary and Charlotte the cleverest is Gary.	Charlotte is cleverer than Lawrence.
neutral	Among Thomas, Harry and Sophie the loudest is Harry.	Sophie is louder than Thomas.
neutral	Among Brian, Barbara and Charles the happiest is Barbara.	Charles is happier than Brian.
neutral	Among Jennifer, Larry and Caroline the bravest is Larry.	Caroline is braver than Jennifer.
neutral	Among Sara, Frank and Charles the happiest is Frank.	Charles is happier than Sara.
neutral	Among Katherine, Robin and Louis the silliest is Robin.	Louis is sillier than Katherine.
neutral	Among Anthony, Margaret and Alan the greatest is Margaret.	Alan is greater than Anthony.
neutral	Among Keith, Chris and Ed the bossiest is Chris.	Ed is bossier than Keith.
neutral	Among Samuel, Edwin and Eric the politest is Edwin.	Eric is politer than Samuel.
neutral	Among Christine, Andrew and Robin the naughtiest is Andrew.	Robin is naughtier than Christine.
neutral	Among Sharon, Carolyn and Bobby the funniest is Carolyn.	Bobby is funnier than Sharon.
neutral	Among Leslie, Jane and Stephanie the oldest is Jane.	Stephanie is older than Leslie.
neutral	Among Roy, Anne and Sue the gloomiest is Anne.	Sue is gloomier than Roy.
neutral	Among Henry, Johnny and Sara the smallest is Johnny.	Sara is smaller than Henry.
neutral	Among Katherine, Helen and Kate the best is Helen.	Kate is better than Katherine.
neutral	Among Jessica, Catherine and Sophie the messiest is Catherine.	Sophie is messier than Jessica.
neutral	Among Gary, Harry and Sophie the shallowest is Harry.	Sophie is shallower than Gary.
neutral	Among Mary, Pamela and Andrea the nicest is Pamela.	Andrea is nicer than Mary.
neutral	Among Greg, Gary and Emma the biggest is Gary.	Emma is bigger than Greg.
neutral	Among Carol, William and Marie the gloomiest is William.	Marie is gloomier than Carol.
neutral	Among Matthew, Steven and Alice the boldest is Steven.	Alice is bolder than Matthew.
neutral	Among Eleanor, Ralph and Jennifer the sharpest is Ralph.	Jennifer is sharper than Eleanor.
neutral	Among Matt, Stephen and Bruce the saltiest is Stephen.	Bruce is saltier than Matt.
neutral	Among Jane, Howard and Edward the skinniest is Howard.	Edward is skinnier than Jane.
neutral	Among Mary, Roger and Annie the scariest is Roger.	Annie is scarier than Mary.
neutral	Among Sara, Karen and Susan the clumsiest is Karen.	Susan is clumsier than Sara.
neutral	Among Joseph, Edwin and Alice the craziest is Edwin.	Alice is crazier than Joseph.
neutral	Among Amanda, Anthony and Roger the creepiest is Anthony.	Roger is creepier than Amanda.
neutral	Among Albert, Jason and Samuel the meanest is Jason.	Samuel is meaner than Albert.
neutral	Among Suzanne, Jane and Matt the wisest is Jane.	Matt is wiser than Suzanne.
neutral	Among Donald, Harriet and Bob the hottest is Harriet.	Bob is hotter than Donald.
neutral	Among Linda, Jack and Marie the creepiest is Jack.	Marie is creepier than Linda.
neutral	Among Amy, Louise and Jim the most beautiful is Louise.	Jim is more beautiful than Amy.
neutral	Among Patricia, Joan and Simon the nicest is Joan.	Simon is nicer than Patricia.
neutral	Among William, Julie and Bruce the dullest is Julie.	Bruce is duller than William.
neutral	Among Suzanne, Gary and Lisa the fattest is Gary.	Lisa is fatter than Suzanne.
neutral	Among Judith, Diane and Bobby the sweetest is Diane.	Bobby is sweeter than Judith.
neutral	Among Lucy, Caroline and Ben the greediest is Caroline.	Ben is greedier than Lucy.
neutral	Among Cynthia, Roy and Lauren the sincerest is Roy.	Lauren is sincerer than Cynthia.
neutral	Among Rachel, Joseph and Charlie the prettiest is Joseph.	Charlie is prettier than Rachel.
neutral	Among Caroline, Anna and Charles the scariest is Anna.	Charles is scarier than Caroline.
neutral	Among Edwin, Howard and Betty the laziest is Howard.	Betty is lazier than Edwin.
neutral	Among Benjamin, John and Amanda the weirdest is John.	Amanda is weirder than Benjamin.
neutral	Among Amanda, Frances and Kevin the messiest is Frances.	Kevin is messier than Amanda.
neutral	Among Helen, Tim and Robin the most bitter is Tim.	Robin is more bitter than Helen.
neutral	Among Joe, Angela and Alan the proudest is Angela.	Alan is prouder than Joe.
neutral	Among Eric, Donald and Melissa the nicest is Donald.	Melissa is nicer than Eric.
neutral	Among Paul, Nancy and Francis the shallowest is Nancy.	Francis is shallower than Paul.
neutral	Among Mark, Roger and Andrew the clumsiest is Roger.	Andrew is clumsier than Mark.
neutral	Among Lisa, Bobby and Fiona the dumbest is Bobby.	Fiona is dumber than Lisa.
neutral	Among Colin, Jeff and Christopher the most polite is Jeff.	Christopher is more polite than Colin.
neutral	Among Stephen, Stephanie and Larry the most attractive is Stephanie.	Larry is more attractive than Stephen.
neutral	Among Virginia, Alex and Evelyn the meanest is Alex.	Evelyn is meaner than Virginia.
neutral	Among Alexander, Victoria and Johnny the most attractive is Victoria.	Johnny is more attractive than Alexander.
neutral	Among Maria, Henry and Joe the fattest is Henry.	Joe is fatter than Maria.
neutral	Among Julia, Edward and Jerry the most modern is Edward.	Jerry is more modern than Julia.
neutral	Among Benjamin, Brian and Charlotte the sincerest is Brian.	Charlotte is sincerer than Benjamin.
neutral	Among Martha, Louis and Charlie the cutest is Louis.	Charlie is cuter than Martha.
neutral	Among Ed, Alice and Linda the healthiest is Alice.	Linda is healthier than Ed.
neutral	Among Arthur, Virginia and Frank the happiest is Virginia.	Frank is happier than Arthur.
neutral	Among Walter, Mary and Frank the friendliest is Mary.	Frank is friendlier than Walter.
neutral	Among Catherine, Peter and Harry the strongest is Peter.	Harry is stronger than Catherine.
neutral	Among Kate, Sue and James the angriest is Sue.	James is angrier than Kate.
neutral	Among John, Sam and Jason the weirdest is Sam.	Jason is weirder than John.
neutral	Among Barbara, Chris and Thomas the worst is Chris.	Thomas is worse than Barbara.
neutral	Among Anthony, Lisa and Jeff the most modern is Lisa.	Jeff is more modern than Anthony.
neutral	Among Sharon, Kathleen and Keith the weirdest is Kathleen.	Keith is weirder than Sharon.
neutral	Among Ruth, Sarah and Jay the calmest is Sarah.	Jay is calmer than Ruth.
neutral	Among Jill, Ed and Maria the happiest is Ed.	Maria is happier than Jill.
neutral	Among Johnny, Alice and Fiona the loveliest is Alice.	Fiona is lovelier than Johnny.
neutral	Among Adam, Margaret and Julie the kindest is Margaret.	Julie is kinder than Adam.
neutral	Among Ashley, Helen and Adam the cutest is Helen.	Adam is cuter than Ashley.
neutral	Among Colin, Robin and Amy the shortest is Robin.	Amy is shorter than Colin.
neutral	Among Alexandra, Bob and Judith the fairest is Bob.	Judith is fairer than Alexandra.
neutral	Among Kevin, Roy and Deborah the sorriest is Roy.	Deborah is sorrier than Kevin.
neutral	Among Dave, Sharon and Lucy the smartest is Sharon.	Lucy is smarter than Dave.
neutral	Among Carolyn, Peter and Christine the bitterest is Peter.	Christine is bitterer than Carolyn.
neutral	Among Frederick, Alfred and Henry the politest is Alfred.	Henry is politer than Frederick.
neutral	Among Nicole, Simon and Laura the longest is Simon.	Laura is longer than Nicole.
neutral	Among Tim, Ed and Ann the richest is Ed.	Ann is richer than Tim.
neutral	Among Emily, Mike and Harriet the rudest is Mike.	Harriet is ruder than Emily.
neutral	Among Marie, Sara and Dave the densest is Sara.	Dave is denser than Marie.
neutral	Among George, Dan and Nick the saddest is Dan.	Nick is sadder than George.
neutral	Among Jane, Joan and Roy the cleverest is Joan.	Roy is cleverer than Jane.
neutral	Among Louise, Alfred and Jean the laziest is Alfred.	Jean is lazier than Louise.
neutral	Among Amanda, Jeff and Diane the youngest is Jeff.	Diane is younger than Amanda.
neutral	Among Robert, Patricia and Pamela the dullest is Patricia.	Pamela is duller than Robert.
neutral	Among Florence, Tom and Nick the happiest is Tom.	Nick is happier than Florence.
neutral	Among Edith, Eric and Ben the cleverest is Eric.	Ben is cleverer than Edith.
neutral	Among Stephen, Helen and Andrew the gloomiest is Helen.	Andrew is gloomier than Stephen.
neutral	Among Benjamin, Roger and Lynn the tallest is Roger.	Lynn is taller than Benjamin.
neutral	Among Wendy, Keith and Dorothy the craziest is Keith.	Dorothy is crazier than Wendy.
neutral	Among Ron, Benjamin and Judith the proudest is Benjamin.	Judith is prouder than Ron.
neutral	Among Johnny, Cynthia and Rose the strongest is Cynthia.	Rose is stronger than Johnny.
neutral	Among Steve, John and David the most handsome is John.	David is more handsome than Steve.
neutral	Among Jack, Jerry and John the oldest is Jerry.	John is older than Jack.
neutral	Among Ken, Lucy and Sharon the curviest is Lucy.	Sharon is curvier than Ken.
neutral	Among Jim, Lisa and Don the fastest is Lisa.	Don is faster than Jim.
neutral	Among Jennifer, Steven and Emma the cleverest is Steven.	Emma is cleverer than Jennifer.
neutral	Among Tom, Jerry and Karen the cutest is Jerry.	Karen is cuter than Tom.
neutral	Among Carl, Howard and Fiona the most renowned is Howard.	Fiona is more renowned than Carl.
neutral	Among Roy, Marilyn and Chris the proudest is Marilyn.	Chris is prouder than Roy.
neutral	Among Jay, Jill and Alice the thinnest is Jill.	Alice is thinner than Jay.
neutral	Among Amy, Martin and Bill the sweetest is Martin.	Bill is sweeter than Amy.
neutral	Among Johnny, Suzanne and Kim the fastest is Suzanne.	Kim is faster than Johnny.
neutral	Among Johnny, Paul and Joan the cutest is Paul.	Joan is cuter than Johnny.
neutral	Among Alex, Philip and Hugh the happiest is Philip.	Hugh is happier than Alex.
neutral	Among Arthur, Rebecca and Maria the calmest is Rebecca.	Maria is calmer than Arthur.
neutral	Among Victoria, Anthony and Julia the hairiest is Anthony.	Julia is hairier than Victoria.
neutral	Among Edward, Anthony and Joseph the hungriest is Anthony.	Joseph is hungrier than Edward.
neutral	Among Simon, Patrick and Judy the ugliest is Patrick.	Judy is uglier than Simon.
neutral	Among Keith, Anna and Jerry the weirdest is Anna.	Jerry is weirder than Keith.
neutral	Among Julia, Florence and Dorothy the fittest is Florence.	Dorothy is fitter than Julia.
neutral	Among Anna, Bobby and Elizabeth the hairiest is Bobby.	Elizabeth is hairier than Anna.
neutral	Among Stephen, Jessica and Robert the sleepiest is Jessica.	Robert is sleepier than Stephen.
neutral	Among Lucy, Laura and Mike the gentlest is Laura.	Mike is gentler than Lucy.
neutral	Among Elaine, Howard and Kim the greatest is Howard.	Kim is greater than Elaine.
neutral	Among Bill, Rachel and Matthew the humblest is Rachel.	Matthew is humbler than Bill.
neutral	Among Evelyn, Kate and Melissa the busiest is Kate.	Melissa is busier than Evelyn.
neutral	Among Virginia, Francis and Don the shyest is Francis.	Don is shyer than Virginia.
neutral	Among William, Amy and Kim the craziest is Amy.	Kim is crazier than William.
neutral	Among Tom, Jane and Judith the gloomiest is Jane.	Judith is gloomier than Tom.
neutral	Among Don, Thomas and Jennifer the messiest is Thomas.	Jennifer is messier than Don.
neutral	Among Michelle, Jessica and Elaine the most interesting is Jessica.	Elaine is more interesting than Michelle.
neutral	Among Ed, Arthur and Robert the meanest is Arthur.	Robert is meaner than Ed.
neutral	Among Tom, Jeff and Andrea the smallest is Jeff.	Andrea is smaller than Tom.
neutral	Among Albert, Linda and Diane the friendliest is Linda.	Diane is friendlier than Albert.
neutral	Among Joseph, Marie and Leslie the loudest is Marie.	Leslie is louder than Joseph.
neutral	Among Sue, Michelle and Lauren the quietest is Michelle.	Lauren is quieter than Sue.
neutral	Among Andrea, Dave and Lisa the toughest is Dave.	Lisa is tougher than Andrea.
neutral	Among Elizabeth, Gary and Cynthia the most popular is Gary.	Cynthia is more popular than Elizabeth.
neutral	Among Steve, Bill and Angela the dumbest is Bill.	Angela is dumber than Steve.
neutral	Among Kathleen, Karen and Stephanie the strongest is Karen.	Stephanie is stronger than Kathleen.
neutral	Among Sandra, Marilyn and Jill the wisest is Marilyn.	Jill is wiser than Sandra.
neutral	Among Kathryn, Donald and Larry the scariest is Donald.	Larry is scarier than Kathryn.
neutral	Among Mark, Benjamin and Stephanie the quietest is Benjamin.	Stephanie is quieter than Mark.
neutral	Among Greg, Louise and Bobby the brightest is Louise.	Bobby is brighter than Greg.
neutral	Among Harold, Marie and Matthew the fattest is Marie.	Matthew is fatter than Harold.
neutral	Among Amanda, Benjamin and Lisa the noisiest is Benjamin.	Lisa is noisier than Amanda.
neutral	Among Andrea, Thomas and Bill the curviest is Thomas.	Bill is curvier than Andrea.
neutral	Among Dorothy, Benjamin and Robin the clumsiest is Benjamin.	Robin is clumsier than Dorothy.
neutral	Among Amanda, James and Martha the rudest is James.	Martha is ruder than Amanda.
neutral	Among Marilyn, Andrew and Andrea the most bitter is Andrew.	Andrea is more bitter than Marilyn.
neutral	Among James, Eleanor and Nancy the laziest is Eleanor.	Nancy is lazier than James.
neutral	Among Simon, Benjamin and Betty the most attractive is Benjamin.	Betty is more attractive than Simon.
neutral	Among Jerry, Frank and Roy the brightest is Frank.	Roy is brighter than Jerry.
neutral	Among Anna, Robert and Angela the fastest is Robert.	Angela is faster than Anna.
neutral	Among Victoria, Evelyn and Daniel the friendliest is Evelyn.	Daniel is friendlier than Victoria.
neutral	Among Keith, Sarah and Cynthia the silliest is Sarah.	Cynthia is sillier than Keith.
neutral	Among Johnny, Ann and Kate the wisest is Ann.	Kate is wiser than Johnny.
neutral	Among Diane, Dorothy and Frank the silliest is Dorothy.	Frank is sillier than Diane.
neutral	Among Anna, Nicole and Louise the chubbiest is Nicole.	Louise is chubbier than Anna.
neutral	Among Mary, Robin and Lynn the bitterest is Robin.	Lynn is bitterer than Mary.
neutral	Among Dick, Brian and Mary the calmest is Brian.	Mary is calmer than Dick.
neutral	Among William, Lawrence and Sue the fastest is Lawrence.	Sue is faster than William.
neutral	Among Matthew, Martha and Charlie the sleepiest is Martha.	Charlie is sleepier than Matthew.
neutral	Among Helen, Carl and John the firmest is Carl.	John is firmer than Helen.
neutral	Among Albert, Alfred and Ian the nicest is Alfred.	Ian is nicer than Albert.
neutral	Among Colin, Kathy and Virginia the cutest is Kathy.	Virginia is cuter than Colin.
neutral	Among Ruth, Nicole and Edward the sharpest is Nicole.	Edward is sharper than Ruth.
neutral	Among Chris, Martin and Sophie the most tired is Martin.	Sophie is more tired than Chris.
neutral	Among Roger, Maria and Virginia the most renowned is Maria.	Virginia is more renowned than Roger.
neutral	Among Ray, Kenneth and Marie the busiest is Kenneth.	Marie is busier than Ray.
neutral	Among Ben, Dave and Grace the most handsome is Dave.	Grace is more handsome than Ben.
neutral	Among Donna, Jay and Harold the biggest is Jay.	Harold is bigger than Donna.
neutral	Among Suzanne, Michelle and Caroline the loveliest is Michelle.	Caroline is lovelier than Suzanne.
neutral	Among Jerry, Harriet and Donald the bossiest is Harriet.	Donald is bossier than Jerry.
neutral	Among Joseph, Tony and Keith the densest is Tony.	Keith is denser than Joseph.
neutral	Among Kim, Don and Larry the bravest is Don.	Larry is braver than Kim.
neutral	Among Jonathan, Tom and Howard the firmest is Tom.	Howard is firmer than Jonathan.
neutral	Among Thomas, Jennifer and Steve the hungriest is Jennifer.	Steve is hungrier than Thomas.
neutral	Among Howard, Stephen and Kathleen the most modern is Stephen.	Kathleen is more modern than Howard.
neutral	Among Jerry, Ray and Patrick the bravest is Ray.	Patrick is braver than Jerry.
neutral	Among Al, Martin and Kathleen the gloomiest is Martin.	Kathleen is gloomier than Al.
neutral	Among Jean, Jonathan and Helen the thinnest is Jonathan.	Helen is thinner than Jean.
neutral	Among Benjamin, Stephen and Dick the angriest is Stephen.	Dick is angrier than Benjamin.
neutral	Among Anne, Thomas and Bob the poorest is Thomas.	Bob is poorer than Anne.
neutral	Among Virginia, Katie and Jessica the most handsome is Katie.	Jessica is more handsome than Virginia.
neutral	Among Sam, Nick and Rebecca the youngest is Nick.	Rebecca is younger than Sam.
neutral	Among Susan, Thomas and Anne the bravest is Thomas.	Anne is braver than Susan.
neutral	Among Pamela, Eleanor and Christine the dullest is Eleanor.	Christine is duller than Pamela.
neutral	Among Angela, Laura and Bobby the funniest is Laura.	Bobby is funnier than Angela.
