entailment	Amanda is weak. Kim is weaker.	Kim is weaker than Amanda.
entailment	Heather is dumb. Rachel is dumber.	Rachel is dumber than Heather.
entailment	Rachel is lazy. Kenneth is lazier.	Kenneth is lazier than Rachel.
entailment	Howard is bold. Jason is bolder.	Jason is bolder than Howard.
entailment	Jim is dumb. Dan is dumber.	Dan is dumber than Jim.
entailment	Grace is friendly. Carol is friendlier.	Carol is friendlier than Grace.
entailment	Sally is bold. Joan is bolder.	Joan is bolder than Sally.
entailment	Emily is clever. Jeff is cleverer.	Jeff is cleverer than Emily.
entailment	Cynthia is sharp. Roy is sharper.	Roy is sharper than Cynthia.
entailment	Charlie is busy. Arthur is busier.	Arthur is busier than Charlie.
entailment	Karen is tiny. Kathy is tinier.	Kathy is tinier than Karen.
entailment	Marilyn is guilty. Stephen is guilter.	Stephen is guilter than Marilyn.
entailment	Anthony is angry. Kelly is angrier.	Kelly is angrier than Anthony.
entailment	Alice is clever. Keith is more clever.	Keith is more clever than Alice.
entailment	Alex is attractive. Kathryn is more attractive.	Kathryn is more attractive than Alex.
entailment	Simon is crazy. Margaret is crazier.	Margaret is crazier than Simon.
entailment	Benjamin is guilty. Melissa is guilter.	Melissa is guilter than Benjamin.
entailment	Kelly is big. Jerry is bigger.	Jerry is bigger than Kelly.
entailment	George is gentle. Fiona is gentler.	Fiona is gentler than George.
entailment	Frances is humble. Martin is humbler.	Martin is humbler than Frances.
entailment	Donna is hot. Daniel is hotter.	Daniel is hotter than Donna.
entailment	Edward is healthy. Patrick is healthier.	Patrick is healthier than Edward.
entailment	Carl is fat. Alan is fatter.	Alan is fatter than Carl.
entailment	George is friendly. Angela is friendlier.	Angela is friendlier than George.
entailment	Alex is fast. Roger is faster.	Roger is faster than Alex.
entailment	Eleanor is brave. Florence is braver.	Florence is braver than Eleanor.
entailment	Sophie is gentle. Kelly is gentler.	Kelly is gentler than Sophie.
entailment	Ben is happy. Wendy is happier.	Wendy is happier than Ben.
entailment	Anthony is calm. Alan is calmer.	Alan is calmer than Anthony.
entailment	Emma is funny. Simon is funnier.	Simon is funnier than Emma.
entailment	Ralph is dull. Rebecca is duller.	Rebecca is duller than Ralph.
entailment	Robin is chubby. Fred is chubbier.	Fred is chubbier than Robin.
entailment	Claire is small. William is smaller.	William is smaller than Claire.
entailment	Christine is tall. Susan is taller.	Susan is taller than Christine.
entailment	Anne is tough. Ellen is tougher.	Ellen is tougher than Anne.
entailment	Judy is healthy. Anne is healthier.	Anne is healthier than Judy.
entailment	Emma is ugly. Thomas is uglier.	Thomas is uglier than Emma.
entailment	Nancy is calm. Deborah is calmer.	Deborah is calmer than Nancy.
entailment	Lynn is cruel. Paul is crueller.	Paul is crueller than Lynn.
entailment	Donna is polite. Lauren is more polite.	Lauren is more polite than Donna.
entailment	Brian is sweet. Peter is sweeter.	Peter is sweeter than Brian.
entailment	Bill is sharp. Linda is sharper.	Linda is sharper than Bill.
entailment	Frances is friendly. Robin is friendlier.	Robin is friendlier than Frances.
entailment	Walter is fast. Ed is faster.	Ed is faster than Walter.
entailment	Kathy is sad. Kathleen is sadder.	Kathleen is sadder than Kathy.
entailment	Patricia is messy. Katie is messier.	Katie is messier than Patricia.
entailment	George is humble. Annie is humbler.	Annie is humbler than George.
entailment	Ian is attractive. Catherine is more attractive.	Catherine is more attractive than Ian.
entailment	Dave is renowned. Martha is more renowned.	Martha is more renowned than Dave.
entailment	Nick is greedy. Sharon is greedier.	Sharon is greedier than Nick.
entailment	Charlotte is fit. Larry is fitter.	Larry is fitter than Charlotte.
entailment	Sharon is small. Andrew is smaller.	Andrew is smaller than Sharon.
entailment	Jimmy is gloomy. Jay is gloomier.	Jay is gloomier than Jimmy.
entailment	Emma is salty. Kenneth is saltier.	Kenneth is saltier than Emma.
entailment	Judy is bitter. Evelyn is bitterer.	Evelyn is bitterer than Judy.
entailment	George is renowned. Sam is more renowned.	Sam is more renowned than George.
entailment	Helen is poor. Katie is poorer.	Katie is poorer than Helen.
entailment	Betty is humble. Tom is humbler.	Tom is humbler than Betty.
entailment	Louis is cute. Martin is cuter.	Martin is cuter than Louis.
entailment	Don is old. William is older.	William is older than Don.
entailment	Ann is loud. Larry is louder.	Larry is louder than Ann.
entailment	Kathleen is healthy. Keith is healthier.	Keith is healthier than Kathleen.
entailment	Virginia is fit. Donna is fitter.	Donna is fitter than Virginia.
entailment	Kathryn is good. Sara is better.	Sara is better than Kathryn.
entailment	Laura is sincere. Ben is sincerer.	Ben is sincerer than Laura.
entailment	Harry is beautiful. Martin is more beautiful.	Martin is more beautiful than Harry.
entailment	Kim is poor. Janet is poorer.	Janet is poorer than Kim.
entailment	Sophie is fair. Albert is fairer.	Albert is fairer than Sophie.
entailment	Tom is bitter. Ashley is more bitter.	Ashley is more bitter than Tom.
entailment	Suzanne is old. Dick is older.	Dick is older than Suzanne.
entailment	Karen is cute. Frederick is cuter.	Frederick is cuter than Karen.
entailment	Angela is messy. Lucy is messier.	Lucy is messier than Angela.
entailment	Colin is bad. Lauren is worse.	Lauren is worse than Colin.
entailment	Roy is poor. Kelly is poorer.	Kelly is poorer than Roy.
entailment	Cynthia is long. Edward is longer.	Edward is longer than Cynthia.
entailment	Judy is loud. Amanda is louder.	Amanda is louder than Judy.
entailment	Nick is polite. Jason is politer.	Jason is politer than Nick.
entailment	Martha is gloomy. Dorothy is gloomier.	Dorothy is gloomier than Martha.
entailment	Keith is sharp. Simon is sharper.	Simon is sharper than Keith.
entailment	Jean is sincere. Joseph is sincerer.	Joseph is sincerer than Jean.
entailment	Carol is fat. Bruce is fatter.	Bruce is fatter than Carol.
entailment	Frederick is fat. Dan is fatter.	Dan is fatter than Frederick.
entailment	Anne is rich. Charles is richer.	Charles is richer than Anne.
entailment	Al is gentle. Angela is gentler.	Angela is gentler than Al.
entailment	Louise is cute. Jimmy is cuter.	Jimmy is cuter than Louise.
entailment	Lisa is dumb. Bruce is dumber.	Bruce is dumber than Lisa.
entailment	Joe is hot. Katherine is hotter.	Katherine is hotter than Joe.
entailment	Jason is bitter. Sally is more bitter.	Sally is more bitter than Jason.
entailment	Rose is clever. Johnny is more clever.	Johnny is more clever than Rose.
entailment	Sophie is shy. Emma is shyer.	Emma is shyer than Sophie.
entailment	Stephanie is young. Sam is younger.	Sam is younger than Stephanie.
entailment	Amanda is messy. Cynthia is messier.	Cynthia is messier than Amanda.
entailment	Susan is classy. Kim is classier.	Kim is classier than Susan.
entailment	Evelyn is shy. Alexandra is shyer.	Alexandra is shyer than Evelyn.
entailment	Eric is handsome. Tom is more handsome.	Tom is more handsome than Eric.
entailment	Kathy is popular. Chris is more popular.	Chris is more popular than Kathy.
entailment	Joseph is polite. Patricia is politer.	Patricia is politer than Joseph.
entailment	Ron is tough. Jay is tougher.	Jay is tougher than Ron.
entailment	Amanda is polite. Suzanne is more polite.	Suzanne is more polite than Amanda.
entailment	Sharon is sincere. Fiona is sincerer.	Fiona is sincerer than Sharon.
entailment	Roy is slim. Johnny is slimmer.	Johnny is slimmer than Roy.
entailment	Tony is creepy. Catherine is creepier.	Catherine is creepier than Tony.
entailment	Colin is brave. George is braver.	George is braver than Colin.
entailment	Charlie is gloomy. Martin is gloomier.	Martin is gloomier than Charlie.
entailment	Alexandra is poor. Stephen is poorer.	Stephen is poorer than Alexandra.
entailment	Brian is bright. Dave is brighter.	Dave is brighter than Brian.
entailment	Billy is friendly. Ralph is friendlier.	Ralph is friendlier than Billy.
entailment	Don is tall. Richard is taller.	Richard is taller than Don.
entailment	Lawrence is sad. Virginia is sadder.	Virginia is sadder than Lawrence.
entailment	Sue is friendly. Daniel is friendlier.	Daniel is friendlier than Sue.
entailment	Paul is guilty. Adam is guilter.	Adam is guilter than Paul.
entailment	Christopher is hungry. Carl is hungrier.	Carl is hungrier than Christopher.
entailment	Helen is messy. Edward is messier.	Edward is messier than Helen.
entailment	Janet is tough. Katherine is tougher.	Katherine is tougher than Janet.
entailment	Martha is dense. Joe is denser.	Joe is denser than Martha.
entailment	Chris is shy. Jimmy is shyer.	Jimmy is shyer than Chris.
entailment	Evelyn is proud. Matthew is prouder.	Matthew is prouder than Evelyn.
entailment	Arthur is wise. Laura is wiser.	Laura is wiser than Arthur.
entailment	Henry is tall. Jill is taller.	Jill is taller than Henry.
entailment	Wendy is kind. Billy is kinder.	Billy is kinder than Wendy.
entailment	Susan is clumsy. Betty is clumsier.	Betty is clumsier than Susan.
entailment	Fiona is big. Thomas is bigger.	Thomas is bigger than Fiona.
entailment	Carol is fit. Jean is fitter.	Jean is fitter than Carol.
entailment	Margaret is quiet. Samuel is quieter.	Samuel is quieter than Margaret.
entailment	Elizabeth is cute. Robert is cuter.	Robert is cuter than Elizabeth.
entailment	Patrick is loud. Alison is louder.	Alison is louder than Patrick.
entailment	Nick is dumb. Claire is dumber.	Claire is dumber than Nick.
entailment	Victoria is friendly. Pamela is friendlier.	Pamela is friendlier than Victoria.
entailment	Kim is kind. Jessica is kinder.	Jessica is kinder than Kim.
entailment	Richard is scary. Samuel is scarier.	Samuel is scarier than Richard.
entailment	David is wise. Martha is wiser.	Martha is wiser than David.
entailment	Harry is classy. Anne is classier.	Anne is classier than Harry.
entailment	Julie is happy. Frederick is happier.	Frederick is happier than Julie.
entailment	Ralph is fair. Jerry is fairer.	Jerry is fairer than Ralph.
entailment	Jimmy is clever. Janet is more clever.	Janet is more clever than Jimmy.
entailment	Fiona is bitter. Johnny is bitterer.	Johnny is bitterer than Fiona.
entailment	Angela is tall. Lucy is taller.	Lucy is taller than Angela.
entailment	Heather is chubby. Alice is chubbier.	Alice is chubbier than Heather.
entailment	Dick is slim. James is slimmer.	James is slimmer than Dick.
entailment	Janet is loud. Larry is louder.	Larry is louder than Janet.
entailment	Arthur is gross. Frank is grosser.	Frank is grosser than Arthur.
entailment	Sharon is handsome. Margaret is more handsome.	Margaret is more handsome than Sharon.
entailment	Rose is skinny. Anna is skinnier.	Anna is skinnier than Rose.
entailment	Julia is cruel. Dave is crueller.	Dave is crueller than Julia.
entailment	Christopher is angry. Tony is angrier.	Tony is angrier than Christopher.
entailment	Alan is bright. Amy is brighter.	Amy is brighter than Alan.
entailment	Pamela is sad. Bob is sadder.	Bob is sadder than Pamela.
entailment	Ben is guilty. Chris is guilter.	Chris is guilter than Ben.
entailment	Jim is bright. Tony is brighter.	Tony is brighter than Jim.
entailment	Joan is handsome. Claire is more handsome.	Claire is more handsome than Joan.
entailment	Jay is messy. Ashley is messier.	Ashley is messier than Jay.
entailment	Steven is polite. Heather is politer.	Heather is politer than Steven.
entailment	James is tired. Kelly is more tired.	Kelly is more tired than James.
entailment	Andrew is fit. Jim is fitter.	Jim is fitter than Andrew.
entailment	Steve is cruel. Nick is crueller.	Nick is crueller than Steve.
entailment	Rose is harsh. Eleanor is harsher.	Eleanor is harsher than Rose.
entailment	Suzanne is hairy. Jill is hairier.	Jill is hairier than Suzanne.
entailment	Tony is bad. Laura is worse.	Laura is worse than Tony.
entailment	Al is gentle. Hugh is gentler.	Hugh is gentler than Al.
entailment	Jane is tall. Billy is taller.	Billy is taller than Jane.
entailment	Sandra is pretty. Emily is prettier.	Emily is prettier than Sandra.
entailment	Susan is slow. Ann is slower.	Ann is slower than Susan.
entailment	Wendy is creepy. Eric is creepier.	Eric is creepier than Wendy.
entailment	Sophie is bright. Kate is brighter.	Kate is brighter than Sophie.
entailment	Tom is shy. Matt is shyer.	Matt is shyer than Tom.
entailment	Charlotte is bossy. Amanda is bossier.	Amanda is bossier than Charlotte.
entailment	Kathleen is scary. Alison is scarier.	Alison is scarier than Kathleen.
entailment	Caroline is attractive. Johnny is more attractive.	Johnny is more attractive than Caroline.
entailment	Jean is bad. Ryan is worse.	Ryan is worse than Jean.
entailment	Leslie is interesting. Paul is more interesting.	Paul is more interesting than Leslie.
entailment	Johnny is bad. Michelle is worse.	Michelle is worse than Johnny.
entailment	Arthur is sad. Roy is sadder.	Roy is sadder than Arthur.
entailment	Colin is polite. Pamela is politer.	Pamela is politer than Colin.
entailment	Tim is chubby. Annie is chubbier.	Annie is chubbier than Tim.
entailment	Maria is gloomy. Michelle is gloomier.	Michelle is gloomier than Maria.
entailment	Margaret is wise. Ian is wiser.	Ian is wiser than Margaret.
entailment	Carolyn is proud. Janet is prouder.	Janet is prouder than Carolyn.
entailment	Andrea is bossy. Lynn is bossier.	Lynn is bossier than Andrea.
entailment	Greg is bold. Henry is bolder.	Henry is bolder than Greg.
entailment	Steven is strong. Diane is stronger.	Diane is stronger than Steven.
entailment	Harold is clumsy. Andrew is clumsier.	Andrew is clumsier than Harold.
entailment	Frances is clever. Ruth is cleverer.	Ruth is cleverer than Frances.
entailment	Helen is salty. Ron is saltier.	Ron is saltier than Helen.
entailment	Cynthia is silly. Don is sillier.	Don is sillier than Cynthia.
entailment	Jason is tall. Henry is taller.	Henry is taller than Jason.
entailment	Tony is busy. Sam is busier.	Sam is busier than Tony.
entailment	Anna is fit. Kevin is fitter.	Kevin is fitter than Anna.
entailment	Ruth is sharp. Lisa is sharper.	Lisa is sharper than Ruth.
entailment	Caroline is nice. Louise is nicer.	Louise is nicer than Caroline.
entailment	Jill is bossy. Janet is bossier.	Janet is bossier than Jill.
entailment	Ron is curvy. Louis is curvier.	Louis is curvier than Ron.
entailment	Adam is healthy. Carolyn is healthier.	Carolyn is healthier than Adam.
entailment	Florence is clumsy. Carl is clumsier.	Carl is clumsier than Florence.
entailment	Rebecca is funny. Charles is funnier.	Charles is funnier than Rebecca.
entailment	Ben is modern. Ed is more modern.	Ed is more modern than Ben.
entailment	Louise is cute. Sarah is cuter.	Sarah is cuter than Louise.
entailment	Kate is bold. Rebecca is bolder.	Rebecca is bolder than Kate.
entailment	Karen is classy. Robert is classier.	Robert is classier than Karen.
entailment	Albert is classy. Kathy is classier.	Kathy is classier than Albert.
entailment	Melissa is bad. Ben is worse.	Ben is worse than Melissa.
entailment	Evelyn is small. Sophie is smaller.	Sophie is smaller than Evelyn.
entailment	Peter is nice. Frank is nicer.	Frank is nicer than Peter.
entailment	Virginia is naughty. Michelle is naughtier.	Michelle is naughtier than Virginia.
entailment	Alice is busy. Mary is busier.	Mary is busier than Alice.
entailment	Alexandra is tough. Sophie is tougher.	Sophie is tougher than Alexandra.
entailment	Mary is good. Frederick is better.	Frederick is better than Mary.
entailment	Janet is long. Grace is longer.	Grace is longer than Janet.
entailment	Brian is brave. Dick is braver.	Dick is braver than Brian.
entailment	Rachel is happy. Keith is happier.	Keith is happier than Rachel.
entailment	Dick is fast. Richard is faster.	Richard is faster than Dick.
entailment	Bruce is nice. Alison is nicer.	Alison is nicer than Bruce.
entailment	Ian is naughty. Diane is naughtier.	Diane is naughtier than Ian.
entailment	Louis is clumsy. Joseph is clumsier.	Joseph is clumsier than Louis.
entailment	Frederick is salty. Alexandra is saltier.	Alexandra is saltier than Frederick.
entailment	Alan is fair. Dorothy is fairer.	Dorothy is fairer than Alan.
entailment	Jason is salty. Cynthia is saltier.	Cynthia is saltier than Jason.
entailment	Martin is gentle. Matt is gentler.	Matt is gentler than Martin.
entailment	Kevin is sad. Alfred is sadder.	Alfred is sadder than Kevin.
entailment	Albert is shy. Louise is shyer.	Louise is shyer than Albert.
entailment	Don is happy. Lynn is happier.	Lynn is happier than Don.
entailment	Patricia is sharp. Stephanie is sharper.	Stephanie is sharper than Patricia.
entailment	Suzanne is proud. Sam is prouder.	Sam is prouder than Suzanne.
entailment	Larry is beautiful. Carol is more beautiful.	Carol is more beautiful than Larry.
entailment	Catherine is harsh. Jim is harsher.	Jim is harsher than Catherine.
entailment	Daniel is poor. Betty is poorer.	Betty is poorer than Daniel.
entailment	Philip is funny. Marilyn is funnier.	Marilyn is funnier than Philip.
entailment	Stephanie is angry. Charlotte is angrier.	Charlotte is angrier than Stephanie.
entailment	Frederick is fat. Tony is fatter.	Tony is fatter than Frederick.
entailment	David is small. Kate is smaller.	Kate is smaller than David.
entailment	Jonathan is kind. Albert is kinder.	Albert is kinder than Jonathan.
entailment	Caroline is renowned. Sandra is more renowned.	Sandra is more renowned than Caroline.
entailment	Ed is slim. Greg is slimmer.	Greg is slimmer than Ed.
entailment	Louis is skinny. Amanda is skinnier.	Amanda is skinnier than Louis.
entailment	Florence is tiny. Alison is tinier.	Alison is tinier than Florence.
entailment	Philip is bitter. Ray is more bitter.	Ray is more bitter than Philip.
entailment	Lisa is calm. Matthew is calmer.	Matthew is calmer than Lisa.
entailment	Amy is sharp. Grace is sharper.	Grace is sharper than Amy.
entailment	Julie is classy. Fred is classier.	Fred is classier than Julie.
entailment	Kathy is ugly. Ron is uglier.	Ron is uglier than Kathy.
entailment	Keith is short. Mary is shorter.	Mary is shorter than Keith.
entailment	Sally is messy. Elizabeth is messier.	Elizabeth is messier than Sally.
entailment	Sue is sorry. Andrea is sorrier.	Andrea is sorrier than Sue.
entailment	George is shy. Mike is shyer.	Mike is shyer than George.
entailment	Kathryn is hot. Al is hotter.	Al is hotter than Kathryn.
entailment	Samuel is hot. Suzanne is hotter.	Suzanne is hotter than Samuel.
entailment	Grace is proud. Karen is prouder.	Karen is prouder than Grace.
entailment	Jimmy is clever. Betty is more clever.	Betty is more clever than Jimmy.
entailment	Michelle is lonely. Ken is lonlier.	Ken is lonlier than Michelle.
entailment	Annie is attractive. Rachel is more attractive.	Rachel is more attractive than Annie.
entailment	Sandra is weak. Joan is weaker.	Joan is weaker than Sandra.
entailment	George is renowned. Emily is more renowned.	Emily is more renowned than George.
entailment	Jill is firm. Alex is firmer.	Alex is firmer than Jill.
entailment	John is slow. Kim is slower.	Kim is slower than John.
entailment	Simon is happy. Marilyn is happier.	Marilyn is happier than Simon.
entailment	Laura is hungry. David is hungrier.	David is hungrier than Laura.
entailment	Ron is dull. Harold is duller.	Harold is duller than Ron.
entailment	Kathleen is tiny. Bruce is tinier.	Bruce is tinier than Kathleen.
entailment	Sam is curvy. Joseph is curvier.	Joseph is curvier than Sam.
entailment	Donna is handsome. Annie is more handsome.	Annie is more handsome than Donna.
entailment	Howard is beautiful. Margaret is more beautiful.	Margaret is more beautiful than Howard.
entailment	Ralph is bold. Rachel is bolder.	Rachel is bolder than Ralph.
entailment	Harry is sleepy. Alexander is sleepier.	Alexander is sleepier than Harry.
entailment	Donald is fit. Kim is fitter.	Kim is fitter than Donald.
entailment	Lucy is sad. Helen is sadder.	Helen is sadder than Lucy.
entailment	Sara is tough. William is tougher.	William is tougher than Sara.
entailment	Carol is noisy. Matthew is noisier.	Matthew is noisier than Carol.
entailment	Frederick is chubby. Lawrence is chubbier.	Lawrence is chubbier than Frederick.
entailment	Ben is long. Andrew is longer.	Andrew is longer than Ben.
entailment	Benjamin is bright. Elizabeth is brighter.	Elizabeth is brighter than Benjamin.
entailment	Tim is popular. Kathy is more popular.	Kathy is more popular than Tim.
entailment	Donna is naughty. Patricia is naughtier.	Patricia is naughtier than Donna.
entailment	Kathleen is bitter. Tim is bitterer.	Tim is bitterer than Kathleen.
entailment	Michael is great. Susan is greater.	Susan is greater than Michael.
entailment	Stephanie is small. Pamela is smaller.	Pamela is smaller than Stephanie.
entailment	Helen is pretty. Samuel is prettier.	Samuel is prettier than Helen.
entailment	Melissa is thin. Diana is thinner.	Diana is thinner than Melissa.
entailment	Lisa is bright. Ben is brighter.	Ben is brighter than Lisa.
entailment	Howard is fair. Thomas is fairer.	Thomas is fairer than Howard.
entailment	Evelyn is sorry. Amy is sorrier.	Amy is sorrier than Evelyn.
entailment	David is slim. Edith is slimmer.	Edith is slimmer than David.
entailment	Alfred is hairy. Ellen is hairier.	Ellen is hairier than Alfred.
entailment	Eleanor is guilty. Ian is guilter.	Ian is guilter than Eleanor.
entailment	Martin is loud. Howard is louder.	Howard is louder than Martin.
entailment	Matt is clumsy. Edith is clumsier.	Edith is clumsier than Matt.
entailment	Peter is brave. Jane is braver.	Jane is braver than Peter.
entailment	Florence is renowned. Frederick is more renowned.	Frederick is more renowned than Florence.
entailment	Marie is thin. Bill is thinner.	Bill is thinner than Marie.
entailment	Jill is crazy. Larry is crazier.	Larry is crazier than Jill.
entailment	Heather is important. Kevin is more important.	Kevin is more important than Heather.
entailment	Sarah is weird. Brian is weirder.	Brian is weirder than Sarah.
entailment	Albert is modern. Ann is more modern.	Ann is more modern than Albert.
entailment	Al is calm. Jonathan is calmer.	Jonathan is calmer than Al.
entailment	Al is good. Wendy is better.	Wendy is better than Al.
entailment	Julia is fat. Eleanor is fatter.	Eleanor is fatter than Julia.
entailment	Helen is brave. Bob is braver.	Bob is braver than Helen.
entailment	Carl is chubby. Jessica is chubbier.	Jessica is chubbier than Carl.
entailment	Roy is mean. Billy is meaner.	Billy is meaner than Roy.
entailment	Hugh is humble. Sharon is humbler.	Sharon is humbler than Hugh.
entailment	Elizabeth is bitter. Francis is bitterer.	Francis is bitterer than Elizabeth.
entailment	Marilyn is smart. Sara is smarter.	Sara is smarter than Marilyn.
entailment	Sally is proud. Louise is prouder.	Louise is prouder than Sally.
entailment	Jennifer is lazy. Brian is lazier.	Brian is lazier than Jennifer.
entailment	Matthew is angry. Patrick is angrier.	Patrick is angrier than Matthew.
entailment	Dan is strong. Rebecca is stronger.	Rebecca is stronger than Dan.
entailment	Mark is fat. Virginia is fatter.	Virginia is fatter than Mark.
entailment	Suzanne is good. Robert is better.	Robert is better than Suzanne.
entailment	Tom is lazy. Ben is lazier.	Ben is lazier than Tom.
entailment	Walter is polite. Alan is politer.	Alan is politer than Walter.
entailment	Mary is friendly. Louise is friendlier.	Louise is friendlier than Mary.
entailment	Stephanie is cute. Johnny is cuter.	Johnny is cuter than Stephanie.
entailment	Stephen is shallow. Julia is shallower.	Julia is shallower than Stephen.
entailment	Ruth is proud. Jimmy is prouder.	Jimmy is prouder than Ruth.
entailment	Johnny is skinny. Sharon is skinnier.	Sharon is skinnier than Johnny.
entailment	Fred is smart. Keith is smarter.	Keith is smarter than Fred.
entailment	Jonathan is interesting. Fiona is more interesting.	Fiona is more interesting than Jonathan.
entailment	Suzanne is tiny. Greg is tinier.	Greg is tinier than Suzanne.
entailment	Andrea is lazy. Ben is lazier.	Ben is lazier than Andrea.
entailment	Marie is interesting. Jonathan is more interesting.	Jonathan is more interesting than Marie.
entailment	Virginia is young. James is younger.	James is younger than Virginia.
entailment	Florence is long. David is longer.	David is longer than Florence.
entailment	Chris is scary. Carol is scarier.	Carol is scarier than Chris.
entailment	Suzanne is modern. John is more modern.	John is more modern than Suzanne.
entailment	Billy is nice. George is nicer.	George is nicer than Billy.
entailment	Carl is sorry. Robert is sorrier.	Robert is sorrier than Carl.
entailment	Carolyn is strong. Anthony is stronger.	Anthony is stronger than Carolyn.
entailment	Matt is messy. Edward is messier.	Edward is messier than Matt.
entailment	Linda is healthy. Carol is healthier.	Carol is healthier than Linda.
entailment	John is polite. Christopher is more polite.	Christopher is more polite than John.
entailment	Mary is healthy. Christine is healthier.	Christine is healthier than Mary.
entailment	Joseph is friendly. Joan is friendlier.	Joan is friendlier than Joseph.
entailment	Nicole is sad. Katie is sadder.	Katie is sadder than Nicole.
entailment	Robin is bold. Colin is bolder.	Colin is bolder than Robin.
entailment	Steve is firm. Roy is firmer.	Roy is firmer than Steve.
entailment	Michael is popular. Richard is more popular.	Richard is more popular than Michael.
entailment	Cynthia is beautiful. Wendy is more beautiful.	Wendy is more beautiful than Cynthia.
entailment	Laura is small. Victoria is smaller.	Victoria is smaller than Laura.
entailment	Robin is bright. Greg is brighter.	Greg is brighter than Robin.
entailment	Betty is shallow. Ed is shallower.	Ed is shallower than Betty.
entailment	Robert is brave. Fiona is braver.	Fiona is braver than Robert.
entailment	Anne is sleepy. Howard is sleepier.	Howard is sleepier than Anne.
entailment	Rebecca is pretty. Barbara is prettier.	Barbara is prettier than Rebecca.
entailment	Charlotte is hot. Katie is hotter.	Katie is hotter than Charlotte.
entailment	Leslie is weak. Mary is weaker.	Mary is weaker than Leslie.
entailment	Heather is lonely. Kelly is lonlier.	Kelly is lonlier than Heather.
entailment	Jerry is gross. Jennifer is grosser.	Jennifer is grosser than Jerry.
entailment	Dick is weird. Mark is weirder.	Mark is weirder than Dick.
entailment	Carol is chubby. Edwin is chubbier.	Edwin is chubbier than Carol.
entailment	Albert is greedy. Maria is greedier.	Maria is greedier than Albert.
entailment	Albert is slow. Judith is slower.	Judith is slower than Albert.
entailment	Anna is sweet. Carolyn is sweeter.	Carolyn is sweeter than Anna.
entailment	Ellen is small. Rebecca is smaller.	Rebecca is smaller than Ellen.
entailment	Pamela is funny. Ruth is funnier.	Ruth is funnier than Pamela.
entailment	Harry is sad. Lynn is sadder.	Lynn is sadder than Harry.
entailment	Sharon is loud. Emma is louder.	Emma is louder than Sharon.
entailment	Linda is sorry. Joseph is sorrier.	Joseph is sorrier than Linda.
entailment	Ian is hot. Daniel is hotter.	Daniel is hotter than Ian.
entailment	Ed is shallow. Anne is shallower.	Anne is shallower than Ed.
entailment	Joseph is angry. Elizabeth is angrier.	Elizabeth is angrier than Joseph.
entailment	Kate is slow. Rachel is slower.	Rachel is slower than Kate.
entailment	Larry is fast. Virginia is faster.	Virginia is faster than Larry.
entailment	Albert is cruel. Sandra is crueller.	Sandra is crueller than Albert.
entailment	Ben is silly. Jane is sillier.	Jane is sillier than Ben.
entailment	Nick is cute. Angela is cuter.	Angela is cuter than Nick.
entailment	Patricia is small. Stephen is smaller.	Stephen is smaller than Patricia.
entailment	Keith is popular. Suzanne is more popular.	Suzanne is more popular than Keith.
entailment	Virginia is weird. Sue is weirder.	Sue is weirder than Virginia.
entailment	Helen is shy. Deborah is shyer.	Deborah is shyer than Helen.
entailment	Arthur is modern. Victoria is more modern.	Victoria is more modern than Arthur.
entailment	Greg is shallow. Alex is shallower.	Alex is shallower than Greg.
entailment	Mike is harsh. Jerry is harsher.	Jerry is harsher than Mike.
entailment	Billy is lovely. Lawrence is lovelier.	Lawrence is lovelier than Billy.
entailment	Matthew is dense. Evelyn is denser.	Evelyn is denser than Matthew.
entailment	John is popular. Kathy is more popular.	Kathy is more popular than John.
entailment	Robert is sorry. Keith is sorrier.	Keith is sorrier than Robert.
entailment	Philip is strong. Margaret is stronger.	Margaret is stronger than Philip.
entailment	Kelly is ugly. Heather is uglier.	Heather is uglier than Kelly.
entailment	Dave is firm. Lisa is firmer.	Lisa is firmer than Dave.
entailment	Jack is sharp. Lawrence is sharper.	Lawrence is sharper than Jack.
entailment	Daniel is pretty. Kate is prettier.	Kate is prettier than Daniel.
entailment	Andrea is popular. Adam is more popular.	Adam is more popular than Andrea.
entailment	Julia is healthy. Dan is healthier.	Dan is healthier than Julia.
entailment	Jonathan is bossy. Jennifer is bossier.	Jennifer is bossier than Jonathan.
entailment	Christopher is hairy. Jean is hairier.	Jean is hairier than Christopher.
entailment	Stephen is dumb. Rachel is dumber.	Rachel is dumber than Stephen.
entailment	Matthew is handsome. Claire is more handsome.	Claire is more handsome than Matthew.
entailment	Sarah is loud. Sara is louder.	Sara is louder than Sarah.
entailment	Dan is bright. Maria is brighter.	Maria is brighter than Dan.
entailment	Keith is loud. Virginia is louder.	Virginia is louder than Keith.
entailment	Henry is slim. Jane is slimmer.	Jane is slimmer than Henry.
entailment	Frederick is thin. Philip is thinner.	Philip is thinner than Frederick.
entailment	Jim is dense. Virginia is denser.	Virginia is denser than Jim.
entailment	James is crazy. Richard is crazier.	Richard is crazier than James.
entailment	Julie is greedy. Alison is greedier.	Alison is greedier than Julie.
entailment	Kathleen is tiny. Steven is tinier.	Steven is tinier than Kathleen.
entailment	William is shy. Wendy is shyer.	Wendy is shyer than William.
entailment	Elaine is quiet. Keith is quieter.	Keith is quieter than Elaine.
entailment	William is short. Anna is shorter.	Anna is shorter than William.
entailment	Claire is hot. Judith is hotter.	Judith is hotter than Claire.
entailment	Catherine is mean. Diana is meaner.	Diana is meaner than Catherine.
entailment	Chris is fast. Grace is faster.	Grace is faster than Chris.
entailment	Marilyn is mean. David is meaner.	David is meaner than Marilyn.
entailment	Jason is greedy. Linda is greedier.	Linda is greedier than Jason.
entailment	Judith is brave. Claire is braver.	Claire is braver than Judith.
entailment	Jeff is hungry. Diana is hungrier.	Diana is hungrier than Jeff.
entailment	David is sincere. Sam is sincerer.	Sam is sincerer than David.
entailment	Julia is friendly. Nick is friendlier.	Nick is friendlier than Julia.
entailment	Carl is attractive. Henry is more attractive.	Henry is more attractive than Carl.
entailment	Billy is crazy. Nick is crazier.	Nick is crazier than Billy.
entailment	Philip is small. Rachel is smaller.	Rachel is smaller than Philip.
entailment	Amanda is lazy. Rose is lazier.	Rose is lazier than Amanda.
entailment	Gary is bossy. Anthony is bossier.	Anthony is bossier than Gary.
entailment	Janet is tired. Diana is more tired.	Diana is more tired than Janet.
entailment	Evelyn is thin. Frank is thinner.	Frank is thinner than Evelyn.
entailment	Dave is friendly. Alice is friendlier.	Alice is friendlier than Dave.
entailment	Ellen is gloomy. Kim is gloomier.	Kim is gloomier than Ellen.
entailment	Catherine is small. Katherine is smaller.	Katherine is smaller than Catherine.
entailment	Barbara is bright. Hugh is brighter.	Hugh is brighter than Barbara.
entailment	Philip is happy. Sally is happier.	Sally is happier than Philip.
entailment	Jimmy is clumsy. Steven is clumsier.	Steven is clumsier than Jimmy.
entailment	Mark is bossy. Patrick is bossier.	Patrick is bossier than Mark.
entailment	Ed is great. Angela is greater.	Angela is greater than Ed.
entailment	Charles is interesting. Katherine is more interesting.	Katherine is more interesting than Charles.
entailment	Kevin is classy. Carol is classier.	Carol is classier than Kevin.
entailment	Lisa is bossy. Kathleen is bossier.	Kathleen is bossier than Lisa.
entailment	Kelly is polite. Richard is more polite.	Richard is more polite than Kelly.
entailment	Roy is curvy. Francis is curvier.	Francis is curvier than Roy.
entailment	Don is old. Suzanne is older.	Suzanne is older than Don.
entailment	Billy is hungry. Ashley is hungrier.	Ashley is hungrier than Billy.
entailment	Anthony is polite. Samuel is politer.	Samuel is politer than Anthony.
entailment	Diane is mean. Katie is meaner.	Katie is meaner than Diane.
entailment	Sharon is bitter. Harry is bitterer.	Harry is bitterer than Sharon.
entailment	Helen is crazy. Joan is crazier.	Joan is crazier than Helen.
entailment	Gary is happy. Marilyn is happier.	Marilyn is happier than Gary.
entailment	Suzanne is old. Greg is older.	Greg is older than Suzanne.
entailment	Adam is greedy. Charlotte is greedier.	Charlotte is greedier than Adam.
entailment	Ben is cute. Donald is cuter.	Donald is cuter than Ben.
entailment	Sarah is harsh. Martha is harsher.	Martha is harsher than Sarah.
entailment	Sue is bitter. Ron is bitterer.	Ron is bitterer than Sue.
entailment	Rebecca is rude. Alfred is ruder.	Alfred is ruder than Rebecca.
entailment	Kevin is tough. Margaret is tougher.	Margaret is tougher than Kevin.
entailment	Heather is sharp. Marilyn is sharper.	Marilyn is sharper than Heather.
entailment	Caroline is greedy. William is greedier.	William is greedier than Caroline.
entailment	Billy is humble. Gary is humbler.	Gary is humbler than Billy.
entailment	Edward is chubby. Caroline is chubbier.	Caroline is chubbier than Edward.
entailment	Judy is bitter. Steven is bitterer.	Steven is bitterer than Judy.
entailment	Caroline is ugly. Nick is uglier.	Nick is uglier than Caroline.
entailment	Carol is old. Sophie is older.	Sophie is older than Carol.
entailment	Ann is greedy. Karen is greedier.	Karen is greedier than Ann.
entailment	Robert is busy. Roger is busier.	Roger is busier than Robert.
entailment	Eleanor is bitter. Rebecca is bitterer.	Rebecca is bitterer than Eleanor.
entailment	Elaine is curvy. Grace is curvier.	Grace is curvier than Elaine.
entailment	Bill is hungry. Amanda is hungrier.	Amanda is hungrier than Bill.
entailment	Simon is hairy. Ralph is hairier.	Ralph is hairier than Simon.
entailment	Christopher is dull. Julie is duller.	Julie is duller than Christopher.
entailment	Tony is silly. Daniel is sillier.	Daniel is sillier than Tony.
entailment	Ashley is long. Rachel is longer.	Rachel is longer than Ashley.
entailment	Adam is strong. Johnny is stronger.	Johnny is stronger than Adam.
entailment	Patrick is kind. Wendy is kinder.	Wendy is kinder than Patrick.
entailment	Roger is beautiful. Alan is more beautiful.	Alan is more beautiful than Roger.
entailment	Dan is wealthy. Heather is wealthier.	Heather is wealthier than Dan.
entailment	Ed is gross. Kathy is grosser.	Kathy is grosser than Ed.
entailment	Mary is dull. Susan is duller.	Susan is duller than Mary.
entailment	James is slim. Heather is slimmer.	Heather is slimmer than James.
entailment	Billy is slim. Greg is slimmer.	Greg is slimmer than Billy.
entailment	Diana is bossy. Matt is bossier.	Matt is bossier than Diana.
entailment	Melissa is smart. Brian is smarter.	Brian is smarter than Melissa.
entailment	Richard is hairy. Jean is hairier.	Jean is hairier than Richard.
entailment	Linda is weak. Michael is weaker.	Michael is weaker than Linda.
entailment	Lucy is hot. Sally is hotter.	Sally is hotter than Lucy.
entailment	Donna is shy. Joan is shyer.	Joan is shyer than Donna.
entailment	Scott is brave. Colin is braver.	Colin is braver than Scott.
entailment	Philip is bitter. Frank is bitterer.	Frank is bitterer than Philip.
entailment	Henry is healthy. Stephen is healthier.	Stephen is healthier than Henry.
entailment	Rebecca is curvy. Grace is curvier.	Grace is curvier than Rebecca.
entailment	Karen is funny. Lucy is funnier.	Lucy is funnier than Karen.
entailment	Johnny is polite. James is more polite.	James is more polite than Johnny.
entailment	Bruce is noisy. Emma is noisier.	Emma is noisier than Bruce.
entailment	Daniel is happy. Florence is happier.	Florence is happier than Daniel.
entailment	Frederick is angry. Daniel is angrier.	Daniel is angrier than Frederick.
entailment	Matthew is messy. Kathy is messier.	Kathy is messier than Matthew.
entailment	Dick is tiny. Joseph is tinier.	Joseph is tinier than Dick.
entailment	Adam is friendly. Ed is friendlier.	Ed is friendlier than Adam.
entailment	Alfred is chubby. Colin is chubbier.	Colin is chubbier than Alfred.
entailment	Jerry is great. Dick is greater.	Dick is greater than Jerry.
entailment	Larry is bad. Fred is worse.	Fred is worse than Larry.
entailment	Jerry is noisy. Albert is noisier.	Albert is noisier than Jerry.
entailment	Kelly is tall. Diane is taller.	Diane is taller than Kelly.
entailment	Anna is gross. Nancy is grosser.	Nancy is grosser than Anna.
entailment	Emma is thin. Alexandra is thinner.	Alexandra is thinner than Emma.
entailment	Henry is harsh. Jason is harsher.	Jason is harsher than Henry.
entailment	Kenneth is clumsy. Donald is clumsier.	Donald is clumsier than Kenneth.
entailment	Marie is tough. Maria is tougher.	Maria is tougher than Marie.
entailment	Evelyn is bad. Andrea is worse.	Andrea is worse than Evelyn.
entailment	Jason is proud. Mary is prouder.	Mary is prouder than Jason.
entailment	Jonathan is noisy. Alice is noisier.	Alice is noisier than Jonathan.
entailment	Judy is dense. Jeff is denser.	Jeff is denser than Judy.
entailment	Frances is skinny. Joseph is skinnier.	Joseph is skinnier than Frances.
entailment	Jill is clever. Frank is more clever.	Frank is more clever than Jill.
entailment	Patrick is clever. Al is more clever.	Al is more clever than Patrick.
entailment	Ken is humble. Eleanor is humbler.	Eleanor is humbler than Ken.
entailment	Julia is cruel. Kathy is crueller.	Kathy is crueller than Julia.
entailment	Donna is smart. Martha is smarter.	Martha is smarter than Donna.
entailment	Jeff is brave. Harry is braver.	Harry is braver than Jeff.
entailment	Francis is hungry. Nicole is hungrier.	Nicole is hungrier than Francis.
entailment	Betty is polite. Alice is more polite.	Alice is more polite than Betty.
entailment	Jim is attractive. Walter is more attractive.	Walter is more attractive than Jim.
entailment	Roger is polite. Kim is more polite.	Kim is more polite than Roger.
entailment	Sandra is polite. Dorothy is politer.	Dorothy is politer than Sandra.
entailment	Bobby is slim. Colin is slimmer.	Colin is slimmer than Bobby.
entailment	Eleanor is thin. Kathy is thinner.	Kathy is thinner than Eleanor.
entailment	Don is salty. Sophie is saltier.	Sophie is saltier than Don.
entailment	Anna is angry. Tim is angrier.	Tim is angrier than Anna.
entailment	Ruth is skinny. Alexandra is skinnier.	Alexandra is skinnier than Ruth.
entailment	Kenneth is pretty. Michael is prettier.	Michael is prettier than Kenneth.
entailment	Roy is cute. Ian is cuter.	Ian is cuter than Roy.
entailment	Jane is gloomy. Ashley is gloomier.	Ashley is gloomier than Jane.
entailment	Claire is bad. Lauren is worse.	Lauren is worse than Claire.
entailment	Charlie is bossy. Kathy is bossier.	Kathy is bossier than Charlie.
entailment	Ryan is lazy. Lynn is lazier.	Lynn is lazier than Ryan.
entailment	Alexander is greedy. Jay is greedier.	Jay is greedier than Alexander.
entailment	Roger is skinny. Ian is skinnier.	Ian is skinnier than Roger.
entailment	Kelly is cruel. Roy is crueller.	Roy is crueller than Kelly.
entailment	Bruce is wealthy. Fred is wealthier.	Fred is wealthier than Bruce.
entailment	Bruce is gentle. Betty is gentler.	Betty is gentler than Bruce.
entailment	Claire is hungry. Jonathan is hungrier.	Jonathan is hungrier than Claire.
entailment	Alan is tiny. Steven is tinier.	Steven is tinier than Alan.
entailment	Frances is thin. Linda is thinner.	Linda is thinner than Frances.
entailment	Lawrence is mean. Sue is meaner.	Sue is meaner than Lawrence.
entailment	Andrew is fast. Bobby is faster.	Bobby is faster than Andrew.
entailment	Tony is long. Judy is longer.	Judy is longer than Tony.
entailment	Adam is shallow. Alice is shallower.	Alice is shallower than Adam.
entailment	Alfred is quiet. George is quieter.	George is quieter than Alfred.
entailment	John is modern. Frederick is more modern.	Frederick is more modern than John.
entailment	Helen is hungry. Frederick is hungrier.	Frederick is hungrier than Helen.
entailment	Suzanne is beautiful. Donna is more beautiful.	Donna is more beautiful than Suzanne.
entailment	Helen is pretty. Bob is prettier.	Bob is prettier than Helen.
entailment	Andrea is strong. Larry is stronger.	Larry is stronger than Andrea.
entailment	Anna is quiet. Florence is quieter.	Florence is quieter than Anna.
entailment	Kate is tough. Anthony is tougher.	Anthony is tougher than Kate.
entailment	Judy is guilty. Sally is guilter.	Sally is guilter than Judy.
entailment	Jennifer is lonely. James is lonlier.	James is lonlier than Jennifer.
entailment	Jay is sorry. Edwin is sorrier.	Edwin is sorrier than Jay.
entailment	Bob is thin. Adam is thinner.	Adam is thinner than Bob.
entailment	Deborah is poor. Gary is poorer.	Gary is poorer than Deborah.
entailment	Walter is calm. Katherine is calmer.	Katherine is calmer than Walter.
entailment	Benjamin is gloomy. David is gloomier.	David is gloomier than Benjamin.
entailment	Caroline is sorry. Jeff is sorrier.	Jeff is sorrier than Caroline.
entailment	Betty is clever. Jill is cleverer.	Jill is cleverer than Betty.
entailment	Paul is greedy. Samuel is greedier.	Samuel is greedier than Paul.
entailment	Ralph is handsome. Louis is more handsome.	Louis is more handsome than Ralph.
entailment	Kenneth is gross. Diane is grosser.	Diane is grosser than Kenneth.
entailment	Jill is skinny. Emma is skinnier.	Emma is skinnier than Jill.
entailment	Alison is fit. Karen is fitter.	Karen is fitter than Alison.
entailment	Jessica is dense. Billy is denser.	Billy is denser than Jessica.
entailment	Bill is dull. Evelyn is duller.	Evelyn is duller than Bill.
entailment	Louis is slow. Michael is slower.	Michael is slower than Louis.
entailment	Anna is proud. Frank is prouder.	Frank is prouder than Anna.
entailment	Alexander is messy. Judy is messier.	Judy is messier than Alexander.
entailment	Jim is ugly. Fiona is uglier.	Fiona is uglier than Jim.
entailment	Linda is gross. Alexandra is grosser.	Alexandra is grosser than Linda.
entailment	Ellen is dull. Frederick is duller.	Frederick is duller than Ellen.
entailment	Howard is sorry. Rose is sorrier.	Rose is sorrier than Howard.
entailment	Jill is friendly. Donna is friendlier.	Donna is friendlier than Jill.
entailment	Benjamin is rude. Fiona is ruder.	Fiona is ruder than Benjamin.
entailment	Janet is interesting. Sharon is more interesting.	Sharon is more interesting than Janet.
entailment	Ashley is proud. Frederick is prouder.	Frederick is prouder than Ashley.
entailment	Frederick is important. David is more important.	David is more important than Frederick.
entailment	Pamela is bright. Jean is brighter.	Jean is brighter than Pamela.
entailment	Paul is loud. Peter is louder.	Peter is louder than Paul.
entailment	Linda is hot. Amanda is hotter.	Amanda is hotter than Linda.
entailment	Lauren is tall. Frederick is taller.	Frederick is taller than Lauren.
entailment	Kim is great. Colin is greater.	Colin is greater than Kim.
entailment	Emily is slim. Christine is slimmer.	Christine is slimmer than Emily.
entailment	Charlotte is gross. Edwin is grosser.	Edwin is grosser than Charlotte.
entailment	Donna is sorry. Matt is sorrier.	Matt is sorrier than Donna.
entailment	Lawrence is polite. Benjamin is more polite.	Benjamin is more polite than Lawrence.
entailment	Wendy is popular. Robin is more popular.	Robin is more popular than Wendy.
entailment	Kathy is popular. Diane is more popular.	Diane is more popular than Kathy.
entailment	Victoria is brave. Julia is braver.	Julia is braver than Victoria.
entailment	Charlie is bright. Ellen is brighter.	Ellen is brighter than Charlie.
entailment	Johnny is fit. Edward is fitter.	Edward is fitter than Johnny.
entailment	Lisa is sweet. Bobby is sweeter.	Bobby is sweeter than Lisa.
entailment	Grace is healthy. Maria is healthier.	Maria is healthier than Grace.
entailment	Laura is clumsy. Deborah is clumsier.	Deborah is clumsier than Laura.
entailment	Ron is fat. Sam is fatter.	Sam is fatter than Ron.
entailment	Christopher is chubby. Katherine is chubbier.	Katherine is chubbier than Christopher.
entailment	Frederick is popular. Bobby is more popular.	Bobby is more popular than Frederick.
entailment	Simon is bitter. Ed is more bitter.	Ed is more bitter than Simon.
entailment	Matt is dumb. Lucy is dumber.	Lucy is dumber than Matt.
entailment	Ann is wealthy. Barbara is wealthier.	Barbara is wealthier than Ann.
entailment	Sarah is poor. Sara is poorer.	Sara is poorer than Sarah.
entailment	Alfred is loud. Alison is louder.	Alison is louder than Alfred.
entailment	Cynthia is handsome. Leslie is more handsome.	Leslie is more handsome than Cynthia.
entailment	Carolyn is good. Ann is better.	Ann is better than Carolyn.
entailment	Melissa is mean. Jim is meaner.	Jim is meaner than Melissa.
entailment	Ryan is gross. Jane is grosser.	Jane is grosser than Ryan.
entailment	Jim is messy. Mark is messier.	Mark is messier than Jim.
entailment	James is lonely. Angela is lonlier.	Angela is lonlier than James.
entailment	Peter is old. Stephanie is older.	Stephanie is older than Peter.
entailment	Paul is slow. Fred is slower.	Fred is slower than Paul.
entailment	Simon is clever. Sam is cleverer.	Sam is cleverer than Simon.
entailment	Evelyn is tough. Fred is tougher.	Fred is tougher than Evelyn.
entailment	Keith is ugly. Lucy is uglier.	Lucy is uglier than Keith.
entailment	Marilyn is good. Julie is better.	Julie is better than Marilyn.
entailment	Ashley is harsh. Anthony is harsher.	Anthony is harsher than Ashley.
entailment	Jill is slim. Leslie is slimmer.	Leslie is slimmer than Jill.
entailment	Kelly is calm. Johnny is calmer.	Johnny is calmer than Kelly.
entailment	Kevin is gentle. Martin is gentler.	Martin is gentler than Kevin.
entailment	Martha is interesting. Claire is more interesting.	Claire is more interesting than Martha.
entailment	Bill is ugly. Anne is uglier.	Anne is uglier than Bill.
entailment	Marilyn is sincere. Ann is sincerer.	Ann is sincerer than Marilyn.
entailment	Peter is sharp. Edwin is sharper.	Edwin is sharper than Peter.
entailment	Ben is ugly. Edward is uglier.	Edward is uglier than Ben.
entailment	Susan is quiet. Dorothy is quieter.	Dorothy is quieter than Susan.
entailment	Judy is bright. Eleanor is brighter.	Eleanor is brighter than Judy.
entailment	Patrick is crazy. Kathryn is crazier.	Kathryn is crazier than Patrick.
entailment	Henry is kind. Ken is kinder.	Ken is kinder than Henry.
entailment	Alexander is calm. Stephen is calmer.	Stephen is calmer than Alexander.
entailment	Henry is poor. Sophie is poorer.	Sophie is poorer than Henry.
entailment	Diana is fair. Christine is fairer.	Christine is fairer than Diana.
entailment	Sandra is greedy. Annie is greedier.	Annie is greedier than Sandra.
entailment	Ryan is poor. Lynn is poorer.	Lynn is poorer than Ryan.
entailment	Rebecca is humble. Claire is humbler.	Claire is humbler than Rebecca.
entailment	Alison is pretty. Kate is prettier.	Kate is prettier than Alison.
entailment	Jane is hairy. Claire is hairier.	Claire is hairier than Jane.
entailment	Sam is weird. Johnny is weirder.	Johnny is weirder than Sam.
entailment	Jeff is quiet. Ralph is quieter.	Ralph is quieter than Jeff.
entailment	Anne is clever. George is cleverer.	George is cleverer than Anne.
entailment	Howard is smart. Francis is smarter.	Francis is smarter than Howard.
entailment	Dick is cruel. Jim is crueller.	Jim is crueller than Dick.
entailment	Charlotte is fat. Matthew is fatter.	Matthew is fatter than Charlotte.
entailment	Robin is skinny. Eric is skinnier.	Eric is skinnier than Robin.
entailment	Rebecca is beautiful. Kevin is more beautiful.	Kevin is more beautiful than Rebecca.
entailment	Henry is gentle. Philip is gentler.	Philip is gentler than Henry.
entailment	Frances is strong. Charlotte is stronger.	Charlotte is stronger than Frances.
entailment	Ann is clever. Martin is more clever.	Martin is more clever than Ann.
entailment	Patricia is good. Fiona is better.	Fiona is better than Patricia.
entailment	Dorothy is dull. James is duller.	James is duller than Dorothy.
entailment	Ashley is ugly. Jane is uglier.	Jane is uglier than Ashley.
entailment	Rebecca is fit. Lisa is fitter.	Lisa is fitter than Rebecca.
entailment	Judy is bad. Peter is worse.	Peter is worse than Judy.
entailment	Jim is busy. Eric is busier.	Eric is busier than Jim.
entailment	Mark is strong. Angela is stronger.	Angela is stronger than Mark.
entailment	Ron is naughty. Lawrence is naughtier.	Lawrence is naughtier than Ron.
entailment	Lawrence is humble. Patrick is humbler.	Patrick is humbler than Lawrence.
entailment	Martha is sincere. Emily is sincerer.	Emily is sincerer than Martha.
entailment	Samuel is bitter. Ray is bitterer.	Ray is bitterer than Samuel.
entailment	Tim is shy. Mike is shyer.	Mike is shyer than Tim.
entailment	Kim is brave. Richard is braver.	Richard is braver than Kim.
entailment	Mark is hungry. Catherine is hungrier.	Catherine is hungrier than Mark.
entailment	Mike is smart. Judith is smarter.	Judith is smarter than Mike.
entailment	Francis is young. Stephen is younger.	Stephen is younger than Francis.
entailment	Patrick is fat. Sara is fatter.	Sara is fatter than Patrick.
entailment	Leslie is lazy. Robert is lazier.	Robert is lazier than Leslie.
entailment	Bobby is gentle. Edward is gentler.	Edward is gentler than Bobby.
entailment	Kathy is weird. Ed is weirder.	Ed is weirder than Kathy.
entailment	Leslie is kind. Louise is kinder.	Louise is kinder than Leslie.
entailment	Susan is brave. Mike is braver.	Mike is braver than Susan.
entailment	Simon is mean. Charlotte is meaner.	Charlotte is meaner than Simon.
entailment	Christine is kind. Kim is kinder.	Kim is kinder than Christine.
entailment	Patricia is polite. Margaret is politer.	Margaret is politer than Patricia.
entailment	Wendy is sleepy. Lisa is sleepier.	Lisa is sleepier than Wendy.
entailment	Judy is shy. Ellen is shyer.	Ellen is shyer than Judy.
entailment	Kate is sad. Alison is sadder.	Alison is sadder than Kate.
entailment	Hugh is good. Andrea is better.	Andrea is better than Hugh.
entailment	Tom is weird. Jeff is weirder.	Jeff is weirder than Tom.
entailment	James is weird. Fiona is weirder.	Fiona is weirder than James.
entailment	Paul is bright. Johnny is brighter.	Johnny is brighter than Paul.
entailment	Carolyn is bitter. Robin is bitterer.	Robin is bitterer than Carolyn.
entailment	Lisa is noisy. Jack is noisier.	Jack is noisier than Lisa.
entailment	Paul is sleepy. Ruth is sleepier.	Ruth is sleepier than Paul.
entailment	Frances is cute. Dick is cuter.	Dick is cuter than Frances.
entailment	Jay is busy. Sue is busier.	Sue is busier than Jay.
entailment	Louis is bitter. Joan is more bitter.	Joan is more bitter than Louis.
entailment	Dick is interesting. Eric is more interesting.	Eric is more interesting than Dick.
entailment	Harry is chubby. Richard is chubbier.	Richard is chubbier than Harry.
entailment	Emily is scary. Eleanor is scarier.	Eleanor is scarier than Emily.
entailment	Richard is slow. Joe is slower.	Joe is slower than Richard.
entailment	Alex is calm. Carolyn is calmer.	Carolyn is calmer than Alex.
entailment	Heather is lonely. Bruce is lonlier.	Bruce is lonlier than Heather.
entailment	John is shallow. Ashley is shallower.	Ashley is shallower than John.
entailment	Andrea is hairy. Jane is hairier.	Jane is hairier than Andrea.
entailment	Frederick is shy. Ron is shyer.	Ron is shyer than Frederick.
entailment	Dave is quiet. Ron is quieter.	Ron is quieter than Dave.
entailment	Frank is fit. Larry is fitter.	Larry is fitter than Frank.
entailment	Samuel is calm. Simon is calmer.	Simon is calmer than Samuel.
entailment	Elizabeth is skinny. Sharon is skinnier.	Sharon is skinnier than Elizabeth.
entailment	Paul is calm. Steven is calmer.	Steven is calmer than Paul.
entailment	Judith is crazy. Fiona is crazier.	Fiona is crazier than Judith.
entailment	Anthony is weird. Alexandra is weirder.	Alexandra is weirder than Anthony.
entailment	Nicole is pretty. James is prettier.	James is prettier than Nicole.
entailment	Thomas is firm. Cynthia is firmer.	Cynthia is firmer than Thomas.
entailment	Florence is kind. Pamela is kinder.	Pamela is kinder than Florence.
entailment	George is young. Sally is younger.	Sally is younger than George.
entailment	Michelle is hot. Diane is hotter.	Diane is hotter than Michelle.
entailment	Virginia is bossy. Jeff is bossier.	Jeff is bossier than Virginia.
entailment	Anne is chubby. Johnny is chubbier.	Johnny is chubbier than Anne.
entailment	Joe is good. Colin is better.	Colin is better than Joe.
entailment	Bruce is bitter. Anna is more bitter.	Anna is more bitter than Bruce.
entailment	Mike is dumb. Benjamin is dumber.	Benjamin is dumber than Mike.
entailment	Kenneth is sincere. Andrew is sincerer.	Andrew is sincerer than Kenneth.
entailment	Don is proud. Jean is prouder.	Jean is prouder than Don.
entailment	Billy is nice. Jim is nicer.	Jim is nicer than Billy.
entailment	Ann is hungry. Bob is hungrier.	Bob is hungrier than Ann.
entailment	Walter is slow. Tony is slower.	Tony is slower than Walter.
entailment	Stephanie is chubby. Maria is chubbier.	Maria is chubbier than Stephanie.
entailment	Sally is dull. Jean is duller.	Jean is duller than Sally.
entailment	Billy is crazy. Eleanor is crazier.	Eleanor is crazier than Billy.
entailment	Walter is hungry. Sara is hungrier.	Sara is hungrier than Walter.
entailment	Sophie is skinny. Louise is skinnier.	Louise is skinnier than Sophie.
entailment	Annie is handsome. Stephanie is more handsome.	Stephanie is more handsome than Annie.
entailment	Jim is shy. Donald is shyer.	Donald is shyer than Jim.
entailment	Chris is big. Lawrence is bigger.	Lawrence is bigger than Chris.
entailment	Louise is clever. Eleanor is more clever.	Eleanor is more clever than Louise.
entailment	Diane is dense. Jimmy is denser.	Jimmy is denser than Diane.
entailment	Gary is strong. Benjamin is stronger.	Benjamin is stronger than Gary.
entailment	David is happy. Colin is happier.	Colin is happier than David.
entailment	Adam is dumb. Catherine is dumber.	Catherine is dumber than Adam.
entailment	Colin is quiet. Walter is quieter.	Walter is quieter than Colin.
entailment	Stephen is short. Patrick is shorter.	Patrick is shorter than Stephen.
entailment	Alison is rich. Tony is richer.	Tony is richer than Alison.
entailment	Laura is handsome. Jay is more handsome.	Jay is more handsome than Laura.
entailment	Nicole is sincere. Lucy is sincerer.	Lucy is sincerer than Nicole.
entailment	Rachel is big. Jay is bigger.	Jay is bigger than Rachel.
entailment	Charlie is pretty. Caroline is prettier.	Caroline is prettier than Charlie.
entailment	Albert is quiet. Bruce is quieter.	Bruce is quieter than Albert.
entailment	Virginia is rude. Jerry is ruder.	Jerry is ruder than Virginia.
entailment	Leslie is renowned. Frederick is more renowned.	Frederick is more renowned than Leslie.
entailment	Matt is messy. Alice is messier.	Alice is messier than Matt.
entailment	Anna is sincere. Diane is sincerer.	Diane is sincerer than Anna.
entailment	Wendy is tough. Lauren is tougher.	Lauren is tougher than Wendy.
entailment	Donna is lonely. Pamela is lonlier.	Pamela is lonlier than Donna.
entailment	Brian is slow. Tony is slower.	Tony is slower than Brian.
entailment	Christopher is weak. James is weaker.	James is weaker than Christopher.
entailment	Paul is clever. Charlotte is cleverer.	Charlotte is cleverer than Paul.
entailment	Donald is dull. Ed is duller.	Ed is duller than Donald.
entailment	Ashley is big. Arthur is bigger.	Arthur is bigger than Ashley.
entailment	Louise is classy. Alan is classier.	Alan is classier than Louise.
entailment	Karen is renowned. Jennifer is more renowned.	Jennifer is more renowned than Karen.
entailment	Julie is handsome. Susan is more handsome.	Susan is more handsome than Julie.
entailment	Greg is guilty. Tom is guilter.	Tom is guilter than Greg.
entailment	George is bitter. Andrew is more bitter.	Andrew is more bitter than George.
entailment	Jonathan is hot. Albert is hotter.	Albert is hotter than Jonathan.
entailment	Bill is scary. Tom is scarier.	Tom is scarier than Bill.
entailment	Benjamin is harsh. Gary is harsher.	Gary is harsher than Benjamin.
entailment	Ed is sweet. Greg is sweeter.	Greg is sweeter than Ed.
entailment	Julia is polite. Virginia is more polite.	Virginia is more polite than Julia.
entailment	Gary is poor. Ed is poorer.	Ed is poorer than Gary.
entailment	Lauren is busy. Richard is busier.	Richard is busier than Lauren.
entailment	Elaine is clever. Sharon is more clever.	Sharon is more clever than Elaine.
entailment	Fred is weird. Jean is weirder.	Jean is weirder than Fred.
entailment	Harold is creepy. Kathy is creepier.	Kathy is creepier than Harold.
entailment	Jack is cute. Peter is cuter.	Peter is cuter than Jack.
entailment	Donald is friendly. Carolyn is friendlier.	Carolyn is friendlier than Donald.
entailment	Emma is friendly. Mike is friendlier.	Mike is friendlier than Emma.
entailment	Walter is noisy. Anthony is noisier.	Anthony is noisier than Walter.
entailment	Jack is slow. Harold is slower.	Harold is slower than Jack.
entailment	Michael is naughty. Jim is naughtier.	Jim is naughtier than Michael.
entailment	Louise is great. Ben is greater.	Ben is greater than Louise.
entailment	Lawrence is popular. Dan is more popular.	Dan is more popular than Lawrence.
entailment	Patricia is lonely. Michelle is lonlier.	Michelle is lonlier than Patricia.
entailment	Daniel is silly. Joan is sillier.	Joan is sillier than Daniel.
entailment	Caroline is polite. Al is politer.	Al is politer than Caroline.
entailment	Scott is clever. Jill is more clever.	Jill is more clever than Scott.
entailment	Ruth is salty. Grace is saltier.	Grace is saltier than Ruth.
entailment	Kate is bitter. Benjamin is bitterer.	Benjamin is bitterer than Kate.
entailment	Louise is fair. Katherine is fairer.	Katherine is fairer than Louise.
entailment	Marilyn is tired. Kenneth is more tired.	Kenneth is more tired than Marilyn.
entailment	Deborah is sorry. Ann is sorrier.	Ann is sorrier than Deborah.
entailment	Elaine is smart. Bill is smarter.	Bill is smarter than Elaine.
entailment	Stephen is polite. Matthew is politer.	Matthew is politer than Stephen.
entailment	Ashley is slow. Donald is slower.	Donald is slower than Ashley.
entailment	Joseph is renowned. Kelly is more renowned.	Kelly is more renowned than Joseph.
entailment	John is great. Jason is greater.	Jason is greater than John.
entailment	Stephen is loud. Lauren is louder.	Lauren is louder than Stephen.
entailment	Edwin is happy. Margaret is happier.	Margaret is happier than Edwin.
entailment	Alexander is shallow. Sam is shallower.	Sam is shallower than Alexander.
entailment	Emily is fast. Harry is faster.	Harry is faster than Emily.
entailment	Matt is lazy. Matthew is lazier.	Matthew is lazier than Matt.
entailment	Deborah is skinny. Emily is skinnier.	Emily is skinnier than Deborah.
entailment	Eleanor is firm. Amanda is firmer.	Amanda is firmer than Eleanor.
entailment	Anne is gross. Bruce is grosser.	Bruce is grosser than Anne.
entailment	Sharon is long. Nicole is longer.	Nicole is longer than Sharon.
entailment	Robert is dull. Frederick is duller.	Frederick is duller than Robert.
entailment	Helen is gloomy. Robert is gloomier.	Robert is gloomier than Helen.
entailment	Stephen is clumsy. Julia is clumsier.	Julia is clumsier than Stephen.
entailment	Ashley is long. Joseph is longer.	Joseph is longer than Ashley.
entailment	Michael is interesting. Lucy is more interesting.	Lucy is more interesting than Michael.
entailment	Tony is gloomy. Frederick is gloomier.	Frederick is gloomier than Tony.
entailment	Kelly is long. Fred is longer.	Fred is longer than Kelly.
entailment	Steven is young. Kathy is younger.	Kathy is younger than Steven.
entailment	Gary is attractive. Mary is more attractive.	Mary is more attractive than Gary.
entailment	Daniel is beautiful. Diane is more beautiful.	Diane is more beautiful than Daniel.
entailment	Harriet is sorry. Virginia is sorrier.	Virginia is sorrier than Harriet.
entailment	Karen is smart. Patricia is smarter.	Patricia is smarter than Karen.
entailment	Kelly is mean. Matthew is meaner.	Matthew is meaner than Kelly.
entailment	Eric is polite. Rachel is more polite.	Rachel is more polite than Eric.
entailment	Al is guilty. Charlotte is guilter.	Charlotte is guilter than Al.
entailment	Christopher is salty. Alan is saltier.	Alan is saltier than Christopher.
entailment	Philip is dumb. Jason is dumber.	Jason is dumber than Philip.
entailment	Fiona is ugly. Matt is uglier.	Matt is uglier than Fiona.
entailment	James is bitter. Melissa is more bitter.	Melissa is more bitter than James.
entailment	Dorothy is thin. Alexandra is thinner.	Alexandra is thinner than Dorothy.
entailment	Jean is chubby. Jim is chubbier.	Jim is chubbier than Jean.
entailment	Carolyn is happy. Hugh is happier.	Hugh is happier than Carolyn.
entailment	Alexandra is young. Victoria is younger.	Victoria is younger than Alexandra.
entailment	Claire is bitter. Colin is bitterer.	Colin is bitterer than Claire.
entailment	Alice is noisy. Frank is noisier.	Frank is noisier than Alice.
entailment	Sarah is lovely. Philip is lovelier.	Philip is lovelier than Sarah.
entailment	Howard is bitter. Joseph is bitterer.	Joseph is bitterer than Howard.
entailment	Janet is polite. Ben is more polite.	Ben is more polite than Janet.
entailment	Greg is gentle. Diana is gentler.	Diana is gentler than Greg.
entailment	Sophie is sad. Sandra is sadder.	Sandra is sadder than Sophie.
entailment	Jason is old. Jonathan is older.	Jonathan is older than Jason.
entailment	Samuel is smart. Catherine is smarter.	Catherine is smarter than Samuel.
entailment	Thomas is weird. Rebecca is weirder.	Rebecca is weirder than Thomas.
entailment	Steve is small. Marilyn is smaller.	Marilyn is smaller than Steve.
entailment	Evelyn is friendly. Howard is friendlier.	Howard is friendlier than Evelyn.
entailment	Donna is dull. Stephanie is duller.	Stephanie is duller than Donna.
entailment	Edward is rude. Wendy is ruder.	Wendy is ruder than Edward.
entailment	Scott is handsome. Grace is more handsome.	Grace is more handsome than Scott.
entailment	Kim is pretty. Thomas is prettier.	Thomas is prettier than Kim.
entailment	Carolyn is cruel. Anthony is crueller.	Anthony is crueller than Carolyn.
entailment	Samuel is bad. Kathy is worse.	Kathy is worse than Samuel.
entailment	Dick is guilty. Margaret is guilter.	Margaret is guilter than Dick.
entailment	Alexandra is interesting. Carol is more interesting.	Carol is more interesting than Alexandra.
entailment	Anne is crazy. Matt is crazier.	Matt is crazier than Anne.
entailment	Benjamin is sincere. Adam is sincerer.	Adam is sincerer than Benjamin.
entailment	Sally is skinny. Jim is skinnier.	Jim is skinnier than Sally.
entailment	Melissa is big. Tim is bigger.	Tim is bigger than Melissa.
entailment	Charles is friendly. Rebecca is friendlier.	Rebecca is friendlier than Charles.
entailment	Robin is funny. Bruce is funnier.	Bruce is funnier than Robin.
entailment	Amy is curvy. Ray is curvier.	Ray is curvier than Amy.
entailment	Adam is mean. Bob is meaner.	Bob is meaner than Adam.
entailment	Robert is angry. Matt is angrier.	Matt is angrier than Robert.
entailment	William is kind. Keith is kinder.	Keith is kinder than William.
entailment	Suzanne is tired. Harry is more tired.	Harry is more tired than Suzanne.
entailment	Katie is mean. Ron is meaner.	Ron is meaner than Katie.
entailment	Johnny is wealthy. Betty is wealthier.	Betty is wealthier than Johnny.
entailment	Caroline is bossy. Dan is bossier.	Dan is bossier than Caroline.
entailment	Larry is classy. Helen is classier.	Helen is classier than Larry.
entailment	Kenneth is renowned. Kate is more renowned.	Kate is more renowned than Kenneth.
entailment	Marilyn is friendly. Jimmy is friendlier.	Jimmy is friendlier than Marilyn.
entailment	Helen is bitter. Amanda is bitterer.	Amanda is bitterer than Helen.
entailment	Amy is poor. Donald is poorer.	Donald is poorer than Amy.
entailment	Amanda is fair. Roger is fairer.	Roger is fairer than Amanda.
entailment	Johnny is gross. Paul is grosser.	Paul is grosser than Johnny.
entailment	Jerry is lonely. Joe is lonlier.	Joe is lonlier than Jerry.
entailment	Susan is renowned. Victoria is more renowned.	Victoria is more renowned than Susan.
entailment	Kate is polite. Stephanie is more polite.	Stephanie is more polite than Kate.
entailment	Larry is tired. Elizabeth is more tired.	Elizabeth is more tired than Larry.
entailment	Brian is silly. Margaret is sillier.	Margaret is sillier than Brian.
entailment	Catherine is tiny. Martha is tinier.	Martha is tinier than Catherine.
entailment	Gary is great. Jill is greater.	Jill is greater than Gary.
entailment	Alfred is proud. Bill is prouder.	Bill is prouder than Alfred.
entailment	Kathryn is interesting. Jerry is more interesting.	Jerry is more interesting than Kathryn.
entailment	Robert is big. Jane is bigger.	Jane is bigger than Robert.
entailment	Suzanne is smart. Alison is smarter.	Alison is smarter than Suzanne.
entailment	Robin is kind. Dorothy is kinder.	Dorothy is kinder than Robin.
entailment	Ed is funny. Sandra is funnier.	Sandra is funnier than Ed.
entailment	Frances is busy. Julia is busier.	Julia is busier than Frances.
entailment	Helen is firm. Anthony is firmer.	Anthony is firmer than Helen.
entailment	Suzanne is good. Victoria is better.	Victoria is better than Suzanne.
entailment	Patrick is noisy. Louis is noisier.	Louis is noisier than Patrick.
entailment	Michelle is slim. Helen is slimmer.	Helen is slimmer than Michelle.
entailment	Sarah is small. Annie is smaller.	Annie is smaller than Sarah.
entailment	Walter is nice. Marie is nicer.	Marie is nicer than Walter.
entailment	Tim is nice. Louise is nicer.	Louise is nicer than Tim.
entailment	Wendy is silly. Don is sillier.	Don is sillier than Wendy.
entailment	Laura is clever. Kate is cleverer.	Kate is cleverer than Laura.
entailment	Judy is slim. Joan is slimmer.	Joan is slimmer than Judy.
entailment	Frances is sad. Diana is sadder.	Diana is sadder than Frances.
entailment	Sarah is polite. Harold is more polite.	Harold is more polite than Sarah.
entailment	Frances is gentle. Frank is gentler.	Frank is gentler than Frances.
entailment	Robin is calm. Victoria is calmer.	Victoria is calmer than Robin.
entailment	Jerry is thin. Judy is thinner.	Judy is thinner than Jerry.
entailment	Mark is sweet. Jerry is sweeter.	Jerry is sweeter than Mark.
entailment	Barbara is poor. Marie is poorer.	Marie is poorer than Barbara.
entailment	Diana is gentle. Sandra is gentler.	Sandra is gentler than Diana.
entailment	Emily is tired. Susan is more tired.	Susan is more tired than Emily.
entailment	Roy is kind. Ruth is kinder.	Ruth is kinder than Roy.
entailment	Robin is weird. Alan is weirder.	Alan is weirder than Robin.
entailment	Martin is old. Alice is older.	Alice is older than Martin.
entailment	Johnny is bad. Ken is worse.	Ken is worse than Johnny.
entailment	Henry is shallow. Katie is shallower.	Katie is shallower than Henry.
entailment	Grace is thin. Billy is thinner.	Billy is thinner than Grace.
entailment	Emma is cruel. Mary is crueller.	Mary is crueller than Emma.
entailment	Jimmy is angry. Ben is angrier.	Ben is angrier than Jimmy.
entailment	Deborah is loud. Roy is louder.	Roy is louder than Deborah.
entailment	Barbara is quiet. Patricia is quieter.	Patricia is quieter than Barbara.
entailment	Patrick is crazy. Ralph is crazier.	Ralph is crazier than Patrick.
entailment	Eleanor is sleepy. Christine is sleepier.	Christine is sleepier than Eleanor.
entailment	Nancy is classy. Cynthia is classier.	Cynthia is classier than Nancy.
entailment	Florence is tough. Ashley is tougher.	Ashley is tougher than Florence.
entailment	Billy is bold. Martha is bolder.	Martha is bolder than Billy.
entailment	Jennifer is sincere. Philip is sincerer.	Philip is sincerer than Jennifer.
entailment	Brian is silly. Larry is sillier.	Larry is sillier than Brian.
entailment	Kathy is dense. Johnny is denser.	Johnny is denser than Kathy.
entailment	Fiona is modern. Jason is more modern.	Jason is more modern than Fiona.
entailment	Charles is important. Betty is more important.	Betty is more important than Charles.
entailment	Patrick is lonely. Ben is lonlier.	Ben is lonlier than Patrick.
entailment	Edward is happy. Karen is happier.	Karen is happier than Edward.
entailment	Eric is handsome. Emma is more handsome.	Emma is more handsome than Eric.
entailment	Walter is sincere. Patrick is sincerer.	Patrick is sincerer than Walter.
entailment	Jerry is thin. Lauren is thinner.	Lauren is thinner than Jerry.
entailment	Angela is funny. Judith is funnier.	Judith is funnier than Angela.
entailment	Kathryn is bright. Judy is brighter.	Judy is brighter than Kathryn.
entailment	Rebecca is kind. Edward is kinder.	Edward is kinder than Rebecca.
entailment	Edwin is polite. Katie is more polite.	Katie is more polite than Edwin.
entailment	Katie is beautiful. Steve is more beautiful.	Steve is more beautiful than Katie.
entailment	Howard is bad. Judy is worse.	Judy is worse than Howard.
entailment	Samuel is popular. Edith is more popular.	Edith is more popular than Samuel.
entailment	Philip is small. Howard is smaller.	Howard is smaller than Philip.
entailment	Chris is short. Jerry is shorter.	Jerry is shorter than Chris.
entailment	Kate is mean. Arthur is meaner.	Arthur is meaner than Kate.
entailment	Linda is dumb. Frank is dumber.	Frank is dumber than Linda.
entailment	Joseph is gentle. Anthony is gentler.	Anthony is gentler than Joseph.
entailment	Virginia is lonely. Carl is lonlier.	Carl is lonlier than Virginia.
entailment	Arthur is big. Kim is bigger.	Kim is bigger than Arthur.
entailment	Donna is small. Patrick is smaller.	Patrick is smaller than Donna.
entailment	Anna is greedy. Susan is greedier.	Susan is greedier than Anna.
entailment	Hugh is curvy. Julia is curvier.	Julia is curvier than Hugh.
entailment	Rebecca is rich. Edward is richer.	Edward is richer than Rebecca.
entailment	Cynthia is renowned. Arthur is more renowned.	Arthur is more renowned than Cynthia.
entailment	Peter is sad. Lucy is sadder.	Lucy is sadder than Peter.
entailment	Harold is rude. Claire is ruder.	Claire is ruder than Harold.
entailment	Andrea is happy. Sally is happier.	Sally is happier than Andrea.
entailment	Patricia is curvy. John is curvier.	John is curvier than Patricia.
entailment	Edward is poor. Ed is poorer.	Ed is poorer than Edward.
entailment	Martha is lonely. Rebecca is lonlier.	Rebecca is lonlier than Martha.
entailment	Simon is skinny. Rose is skinnier.	Rose is skinnier than Simon.
entailment	Christopher is young. Robin is younger.	Robin is younger than Christopher.
entailment	Christine is harsh. Susan is harsher.	Susan is harsher than Christine.
entailment	Mark is lonely. Arthur is lonlier.	Arthur is lonlier than Mark.
entailment	Laura is salty. Ed is saltier.	Ed is saltier than Laura.
entailment	Ed is sharp. Janet is sharper.	Janet is sharper than Ed.
entailment	Helen is tall. Christine is taller.	Christine is taller than Helen.
entailment	Don is smart. Andrew is smarter.	Andrew is smarter than Don.
entailment	Carol is lonely. Martin is lonlier.	Martin is lonlier than Carol.
entailment	Caroline is great. Rose is greater.	Rose is greater than Caroline.
entailment	Sarah is big. John is bigger.	John is bigger than Sarah.
entailment	Kevin is hungry. Ryan is hungrier.	Ryan is hungrier than Kevin.
entailment	Roy is lazy. Alfred is lazier.	Alfred is lazier than Roy.
entailment	Roy is bad. Lucy is worse.	Lucy is worse than Roy.
entailment	Fred is nice. Eric is nicer.	Eric is nicer than Fred.
entailment	Victoria is dense. Diana is denser.	Diana is denser than Victoria.
entailment	Colin is scary. Albert is scarier.	Albert is scarier than Colin.
entailment	Harry is poor. Stephen is poorer.	Stephen is poorer than Harry.
entailment	Kim is calm. Tim is calmer.	Tim is calmer than Kim.
entailment	Lucy is bitter. Charlotte is more bitter.	Charlotte is more bitter than Lucy.
entailment	Christine is salty. Laura is saltier.	Laura is saltier than Christine.
entailment	Susan is handsome. Marilyn is more handsome.	Marilyn is more handsome than Susan.
entailment	Arthur is attractive. Suzanne is more attractive.	Suzanne is more attractive than Arthur.
entailment	Mary is guilty. Ashley is guilter.	Ashley is guilter than Mary.
entailment	Robin is old. Bobby is older.	Bobby is older than Robin.
entailment	Fred is sleepy. Gary is sleepier.	Gary is sleepier than Fred.
entailment	Laura is clever. Harriet is more clever.	Harriet is more clever than Laura.
entailment	Lauren is lovely. Anne is lovelier.	Anne is lovelier than Lauren.
entailment	Ellen is dumb. Ron is dumber.	Ron is dumber than Ellen.
entailment	Victoria is hot. Carolyn is hotter.	Carolyn is hotter than Victoria.
entailment	Kevin is sweet. Sandra is sweeter.	Sandra is sweeter than Kevin.
entailment	Jason is shallow. Fred is shallower.	Fred is shallower than Jason.
entailment	Jill is noisy. Alexander is noisier.	Alexander is noisier than Jill.
entailment	Amanda is fair. Bruce is fairer.	Bruce is fairer than Amanda.
entailment	Sam is happy. Grace is happier.	Grace is happier than Sam.
entailment	Fiona is angry. Pamela is angrier.	Pamela is angrier than Fiona.
entailment	Nicole is calm. Dick is calmer.	Dick is calmer than Nicole.
entailment	Marilyn is cruel. Tom is crueller.	Tom is crueller than Marilyn.
entailment	Sophie is firm. Matt is firmer.	Matt is firmer than Sophie.
entailment	Donna is bold. Charles is bolder.	Charles is bolder than Donna.
entailment	Alan is sad. Bobby is sadder.	Bobby is sadder than Alan.
entailment	Ian is hairy. Tony is hairier.	Tony is hairier than Ian.
entailment	Donald is polite. Sharon is more polite.	Sharon is more polite than Donald.
entailment	Annie is great. Bill is greater.	Bill is greater than Annie.
entailment	Ryan is guilty. Laura is guilter.	Laura is guilter than Ryan.
entailment	Kate is lonely. Roy is lonlier.	Roy is lonlier than Kate.
entailment	Joseph is tall. Cynthia is taller.	Cynthia is taller than Joseph.
entailment	Tim is tired. Hugh is more tired.	Hugh is more tired than Tim.
entailment	William is wise. Judy is wiser.	Judy is wiser than William.
entailment	Susan is slim. Tim is slimmer.	Tim is slimmer than Susan.
entailment	Stephanie is fair. Carolyn is fairer.	Carolyn is fairer than Stephanie.
entailment	Ann is messy. Heather is messier.	Heather is messier than Ann.
entailment	Harriet is dense. Donald is denser.	Donald is denser than Harriet.
entailment	Bruce is hairy. Kenneth is hairier.	Kenneth is hairier than Bruce.
entailment	Michael is short. Stephen is shorter.	Stephen is shorter than Michael.
entailment	Ruth is tired. Lynn is more tired.	Lynn is more tired than Ruth.
entailment	Catherine is rude. Barbara is ruder.	Barbara is ruder than Catherine.
entailment	Don is gloomy. Andrea is gloomier.	Andrea is gloomier than Don.
entailment	Sue is pretty. Adam is prettier.	Adam is prettier than Sue.
entailment	Linda is quiet. Barbara is quieter.	Barbara is quieter than Linda.
entailment	David is funny. Jennifer is funnier.	Jennifer is funnier than David.
entailment	Chris is humble. Jimmy is humbler.	Jimmy is humbler than Chris.
entailment	Louis is renowned. Julie is more renowned.	Julie is more renowned than Louis.
entailment	Jane is slim. Jean is slimmer.	Jean is slimmer than Jane.
entailment	Karen is long. Frank is longer.	Frank is longer than Karen.
entailment	Ian is curvy. Judy is curvier.	Judy is curvier than Ian.
entailment	Edward is crazy. Martin is crazier.	Martin is crazier than Edward.
entailment	Fred is gloomy. Elizabeth is gloomier.	Elizabeth is gloomier than Fred.
entailment	Pamela is young. Edward is younger.	Edward is younger than Pamela.
entailment	Jay is young. Kathryn is younger.	Kathryn is younger than Jay.
