neutral	Among Jay, Angela and Jeff the nicest is Jay.	Angela is nicer than Jeff.
neutral	Among Karen, Kelly and Larry the thinnest is Karen.	Kelly is thinner than Larry.
neutral	Among Jean, Cynthia and Tom the shyest is Jean.	Cynthia is shyer than Tom.
neutral	Among Helen, Frances and Roy the most important is Helen.	Frances is more important than Roy.
neutral	Among Paul, Daniel and Julia the chubbiest is Paul.	Daniel is chubbier than Julia.
neutral	Among Christopher, Ruth and Rose the worst is Christopher.	Ruth is worse than Rose.
neutral	Among Maria, Jane and Martha the most tired is Maria.	Jane is more tired than Martha.
neutral	Among Melissa, Jonathan and Nick the happiest is Melissa.	Jonathan is happier than Nick.
neutral	Among Hugh, Lawrence and Jessica the clumsiest is Hugh.	Lawrence is clumsier than Jessica.
neutral	Among Susan, Carol and Sophie the prettiest is Susan.	Carol is prettier than Sophie.
neutral	Among Larry, Sharon and Alan the fastest is Larry.	Sharon is faster than Alan.
neutral	Among Jimmy, Barbara and Nancy the best is Jimmy.	Barbara is better than Nancy.
neutral	Among Patrick, Patricia and Ian the chubbiest is Patrick.	Patricia is chubbier than Ian.
neutral	Among Louise, Charlie and Jeff the dumbest is Louise.	Charlie is dumber than Jeff.
neutral	Among Steven, Kevin and Harold the most clever is Steven.	Kevin is more clever than Harold.
neutral	Among Bruce, Patrick and John the smartest is Bruce.	Patrick is smarter than John.
neutral	Among Roger, Suzanne and Eric the worst is Roger.	Suzanne is worse than Eric.
neutral	Among Kate, Margaret and Harold the funniest is Kate.	Margaret is funnier than Harold.
neutral	Among Rachel, Jessica and Patricia the humblest is Rachel.	Jessica is humbler than Patricia.
neutral	Among Rose, Alison and Julia the shallowest is Rose.	Alison is shallower than Julia.
neutral	Among Johnny, Peter and Greg the messiest is Johnny.	Peter is messier than Greg.
neutral	Among Ann, Janet and Richard the humblest is Ann.	Janet is humbler than Richard.
neutral	Among Ann, Joe and Jack the classiest is Ann.	Joe is classier than Jack.
neutral	Among Louise, Lucy and Francis the fattest is Louise.	Lucy is fatter than Francis.
neutral	Among Jean, Harry and Richard the bitterest is Jean.	Harry is bitterer than Richard.
neutral	Among Walter, Alexandra and Christopher the toughest is Walter.	Alexandra is tougher than Christopher.
neutral	Among Daniel, Florence and Sharon the sleepiest is Daniel.	Florence is sleepier than Sharon.
neutral	Among Diane, Benjamin and Frank the sharpest is Diane.	Benjamin is sharper than Frank.
neutral	Among Jack, Sam and Jessica the slimmest is Jack.	Sam is slimmer than Jessica.
neutral	Among Bill, David and Peter the most beautiful is Bill.	David is more beautiful than Peter.
neutral	Among Harold, Judy and James the wealthiest is Harold.	Judy is wealthier than James.
neutral	Among Edward, Ray and Anthony the sincerest is Edward.	Ray is sincerer than Anthony.
neutral	Among Stephen, Andrew and Bobby the angriest is Stephen.	Andrew is angrier than Bobby.
neutral	Among Eleanor, Steve and William the saddest is Eleanor.	Steve is sadder than William.
neutral	Among Bill, Ron and Donald the prettiest is Bill.	Ron is prettier than Donald.
neutral	Among Laura, Elizabeth and Joan the most modern is Laura.	Elizabeth is more modern than Joan.
neutral	Among Bruce, Sue and Lisa the gloomiest is Bruce.	Sue is gloomier than Lisa.
neutral	Among Bruce, Francis and Janet the best is Bruce.	Francis is better than Janet.
neutral	Among Stephanie, Lauren and Rachel the tallest is Stephanie.	Lauren is taller than Rachel.
neutral	Among Katherine, Claire and Amy the hairiest is Katherine.	Claire is hairier than Amy.
neutral	Among Dave, Jeff and Mary the sharpest is Dave.	Jeff is sharper than Mary.
neutral	Among Donald, Laura and Gary the most clever is Donald.	Laura is more clever than Gary.
neutral	Among Harry, Paul and Patrick the cutest is Harry.	Paul is cuter than Patrick.
neutral	Among Robert, Sarah and Anthony the shyest is Robert.	Sarah is shyer than Anthony.
neutral	Among Donna, Anna and Joseph the hairiest is Donna.	Anna is hairier than Joseph.
neutral	Among Evelyn, Jason and Alexandra the gloomiest is Evelyn.	Jason is gloomier than Alexandra.
neutral	Among Albert, Mary and Catherine the fastest is Albert.	Mary is faster than Catherine.
neutral	Among Sally, Kathy and Matt the strongest is Sally.	Kathy is stronger than Matt.
neutral	Among Edwin, Anthony and Edward the busiest is Edwin.	Anthony is busier than Edward.
neutral	Among Fred, Mark and Kevin the nicest is Fred.	Mark is nicer than Kevin.
neutral	Among Arthur, Steve and Brian the weakest is Arthur.	Steve is weaker than Brian.
neutral	Among Marilyn, Ryan and Ashley the fittest is Marilyn.	Ryan is fitter than Ashley.
neutral	Among Mary, Frances and Amanda the best is Mary.	Frances is better than Amanda.
neutral	Among Alex, Jane and Sharon the most attractive is Alex.	Jane is more attractive than Sharon.
neutral	Among Harold, Stephanie and Frances the weakest is Harold.	Stephanie is weaker than Frances.
neutral	Among Stephanie, Marilyn and Christine the curviest is Stephanie.	Marilyn is curvier than Christine.
neutral	Among Margaret, Ralph and Helen the wisest is Margaret.	Ralph is wiser than Helen.
neutral	Among Samuel, Lauren and Walter the humblest is Samuel.	Lauren is humbler than Walter.
neutral	Among Martin, Elaine and Kathleen the grossest is Martin.	Elaine is grosser than Kathleen.
neutral	Among Rose, Adam and Judith the nicest is Rose.	Adam is nicer than Judith.
neutral	Among Victoria, Suzanne and Jason the most handsome is Victoria.	Suzanne is more handsome than Jason.
neutral	Among Evelyn, Christine and Don the angriest is Evelyn.	Christine is angrier than Don.
neutral	Among Dorothy, Ray and Carol the sharpest is Dorothy.	Ray is sharper than Carol.
neutral	Among Johnny, Carolyn and Lauren the greatest is Johnny.	Carolyn is greater than Lauren.
neutral	Among Jimmy, Simon and Keith the brightest is Jimmy.	Simon is brighter than Keith.
neutral	Among Elaine, Patricia and Scott the shyest is Elaine.	Patricia is shyer than Scott.
neutral	Among Jeff, Jay and Nick the greatest is Jeff.	Jay is greater than Nick.
neutral	Among Amy, Jean and Charles the loudest is Amy.	Jean is louder than Charles.
neutral	Among Grace, Richard and Jim the hottest is Grace.	Richard is hotter than Jim.
neutral	Among Keith, Alan and Jonathan the bitterest is Keith.	Alan is bitterer than Jonathan.
neutral	Among Hugh, Steve and Catherine the loudest is Hugh.	Steve is louder than Catherine.
neutral	Among Sandra, Charles and Paul the thinnest is Sandra.	Charles is thinner than Paul.
neutral	Among Judith, Scott and Lynn the slimmest is Judith.	Scott is slimmer than Lynn.
neutral	Among Evelyn, Edwin and Samuel the poorest is Evelyn.	Edwin is poorer than Samuel.
neutral	Among Alexander, Arthur and Karen the prettiest is Alexander.	Arthur is prettier than Karen.
neutral	Among Jill, Nicole and Donald the most modern is Jill.	Nicole is more modern than Donald.
neutral	Among Chris, Eric and Anthony the naughtiest is Chris.	Eric is naughtier than Anthony.
neutral	Among Ryan, Alice and Amy the humblest is Ryan.	Alice is humbler than Amy.
neutral	Among Daniel, Billy and Joseph the richest is Daniel.	Billy is richer than Joseph.
neutral	Among Deborah, Judith and Dorothy the shortest is Deborah.	Judith is shorter than Dorothy.
neutral	Among Judith, Bill and Michelle the classiest is Judith.	Bill is classier than Michelle.
neutral	Among Diana, Richard and Colin the wisest is Diana.	Richard is wiser than Colin.
neutral	Among Rebecca, Thomas and Peter the hairiest is Rebecca.	Thomas is hairier than Peter.
neutral	Among Charles, Thomas and Alfred the shallowest is Charles.	Thomas is shallower than Alfred.
neutral	Among Ray, Jim and Ashley the messiest is Ray.	Jim is messier than Ashley.
neutral	Among Ian, Carl and Anne the grossest is Ian.	Carl is grosser than Anne.
neutral	Among Deborah, Charlie and Jane the shallowest is Deborah.	Charlie is shallower than Jane.
neutral	Among Judith, Amanda and Alice the most polite is Judith.	Amanda is more polite than Alice.
neutral	Among Kim, Mary and Roy the best is Kim.	Mary is better than Roy.
neutral	Among Patrick, Julia and Kelly the craziest is Patrick.	Julia is crazier than Kelly.
neutral	Among Matt, John and Patrick the loudest is Matt.	John is louder than Patrick.
neutral	Among Nancy, Richard and Claire the funniest is Nancy.	Richard is funnier than Claire.
neutral	Among Ellen, Tom and Tony the most renowned is Ellen.	Tom is more renowned than Tony.
neutral	Among Sophie, Jill and Henry the funniest is Sophie.	Jill is funnier than Henry.
neutral	Among Ruth, Joseph and Eric the nicest is Ruth.	Joseph is nicer than Eric.
neutral	Among Sarah, Alexander and Edwin the worst is Sarah.	Alexander is worse than Edwin.
neutral	Among Edwin, Karen and Cynthia the brightest is Edwin.	Karen is brighter than Cynthia.
neutral	Among Rose, Samuel and Kevin the cutest is Rose.	Samuel is cuter than Kevin.
neutral	Among Deborah, Tony and Hugh the chubbiest is Deborah.	Tony is chubbier than Hugh.
neutral	Among Chris, Eleanor and Louise the cruellest is Chris.	Eleanor is crueller than Louise.
neutral	Among Amanda, Annie and Greg the worst is Amanda.	Annie is worse than Greg.
neutral	Among Bobby, Mark and Mike the sweetest is Bobby.	Mark is sweeter than Mike.
neutral	Among Amy, Laura and Robert the most important is Amy.	Laura is more important than Robert.
neutral	Among Michael, Martin and John the quietest is Michael.	Martin is quieter than John.
neutral	Among Martin, Howard and Andrew the funniest is Martin.	Howard is funnier than Andrew.
neutral	Among Amanda, Charles and Edith the loveliest is Amanda.	Charles is lovelier than Edith.
neutral	Among Heather, Robert and Ruth the sweetest is Heather.	Robert is sweeter than Ruth.
neutral	Among Nick, Carol and Anne the hottest is Nick.	Carol is hotter than Anne.
neutral	Among Betty, Alexandra and Bobby the cutest is Betty.	Alexandra is cuter than Bobby.
neutral	Among Rachel, Alice and Leslie the ugliest is Rachel.	Alice is uglier than Leslie.
neutral	Among Jean, Amanda and Gary the chubbiest is Jean.	Amanda is chubbier than Gary.
neutral	Among Louis, Julie and Arthur the tiniest is Louis.	Julie is tinier than Arthur.
neutral	Among George, Ashley and Harriet the nicest is George.	Ashley is nicer than Harriet.
neutral	Among Dave, Francis and Linda the calmest is Dave.	Francis is calmer than Linda.
neutral	Among Jack, Janet and Stephanie the saltiest is Jack.	Janet is saltier than Stephanie.
neutral	Among Eric, William and Diane the weirdest is Eric.	William is weirder than Diane.
neutral	Among Frederick, Anne and Jeff the craziest is Frederick.	Anne is crazier than Jeff.
neutral	Among Ellen, Patrick and James the loudest is Ellen.	Patrick is louder than James.
neutral	Among Matthew, Daniel and Albert the dullest is Matthew.	Daniel is duller than Albert.
neutral	Among Leslie, Anne and Keith the fittest is Leslie.	Anne is fitter than Keith.
neutral	Among Bobby, Arthur and Stephen the politest is Bobby.	Arthur is politer than Stephen.
neutral	Among Robin, Steve and Billy the ugliest is Robin.	Steve is uglier than Billy.
neutral	Among Jim, Jimmy and David the worst is Jim.	Jimmy is worse than David.
neutral	Among Lauren, Rachel and Bob the most renowned is Lauren.	Rachel is more renowned than Bob.
neutral	Among Alexandra, Jeff and Jimmy the poorest is Alexandra.	Jeff is poorer than Jimmy.
neutral	Among Pamela, Henry and Steve the nicest is Pamela.	Henry is nicer than Steve.
neutral	Among Michael, Nicole and Sue the most handsome is Michael.	Nicole is more handsome than Sue.
neutral	Among Daniel, Amy and Matt the most bitter is Daniel.	Amy is more bitter than Matt.
neutral	Among Laura, Emily and Alan the harshest is Laura.	Emily is harsher than Alan.
neutral	Among Albert, Karen and Jonathan the gentlest is Albert.	Karen is gentler than Jonathan.
neutral	Among Suzanne, Jessica and Joe the proudest is Suzanne.	Jessica is prouder than Joe.
neutral	Among Claire, Caroline and Laura the shortest is Claire.	Caroline is shorter than Laura.
neutral	Among Anthony, Diane and Carl the funniest is Anthony.	Diane is funnier than Carl.
neutral	Among Ann, Sandra and Deborah the meanest is Ann.	Sandra is meaner than Deborah.
neutral	Among Henry, Tim and Sara the classiest is Henry.	Tim is classier than Sara.
neutral	Among Rachel, Joan and Ann the dullest is Rachel.	Joan is duller than Ann.
neutral	Among Andrea, Barbara and Sam the guiltiest is Andrea.	Barbara is guilter than Sam.
neutral	Among Patricia, Tom and Stephanie the angriest is Patricia.	Tom is angrier than Stephanie.
neutral	Among Ray, Donald and Tony the messiest is Ray.	Donald is messier than Tony.
neutral	Among Mary, Jeff and Annie the hairiest is Mary.	Jeff is hairier than Annie.
neutral	Among Donald, Jim and Dave the sincerest is Donald.	Jim is sincerer than Dave.
neutral	Among Marilyn, Charlotte and Caroline the fittest is Marilyn.	Charlotte is fitter than Caroline.
neutral	Among Carol, Ryan and Hugh the ugliest is Carol.	Ryan is uglier than Hugh.
neutral	Among Victoria, Roger and Jack the shyest is Victoria.	Roger is shyer than Jack.
neutral	Among Eleanor, Jennifer and Helen the meanest is Eleanor.	Jennifer is meaner than Helen.
neutral	Among Matthew, Michelle and Carl the angriest is Matthew.	Michelle is angrier than Carl.
neutral	Among Anne, Rose and Stephen the scariest is Anne.	Rose is scarier than Stephen.
neutral	Among Steve, Walter and Kelly the guiltiest is Steve.	Walter is guilter than Kelly.
neutral	Among Amy, Lucy and Ed the sleepiest is Amy.	Lucy is sleepier than Ed.
neutral	Among Deborah, Rebecca and Katherine the bitterest is Deborah.	Rebecca is bitterer than Katherine.
neutral	Among Emma, Alexandra and Rachel the slowest is Emma.	Alexandra is slower than Rachel.
neutral	Among Lucy, Judith and Rebecca the most interesting is Lucy.	Judith is more interesting than Rebecca.
neutral	Among Jim, Carolyn and Deborah the weakest is Jim.	Carolyn is weaker than Deborah.
neutral	Among Suzanne, Margaret and Adam the meanest is Suzanne.	Margaret is meaner than Adam.
neutral	Among Joe, Michelle and Ruth the smartest is Joe.	Michelle is smarter than Ruth.
neutral	Among Linda, Catherine and Amy the greatest is Linda.	Catherine is greater than Amy.
neutral	Among Jill, Christopher and Edwin the richest is Jill.	Christopher is richer than Edwin.
neutral	Among Rachel, James and William the classiest is Rachel.	James is classier than William.
neutral	Among Carolyn, Heather and Harry the slowest is Carolyn.	Heather is slower than Harry.
neutral	Among Diane, Alexandra and Anna the craziest is Diane.	Alexandra is crazier than Anna.
neutral	Among Catherine, Ron and Edward the biggest is Catherine.	Ron is bigger than Edward.
neutral	Among Tony, Deborah and Patricia the best is Tony.	Deborah is better than Patricia.
neutral	Among Carol, Wendy and Ashley the firmest is Carol.	Wendy is firmer than Ashley.
neutral	Among Sam, Marie and Matt the weakest is Sam.	Marie is weaker than Matt.
neutral	Among Kim, Christopher and Simon the healthiest is Kim.	Christopher is healthier than Simon.
neutral	Among Claire, Sally and Emma the most important is Claire.	Sally is more important than Emma.
neutral	Among Julie, Alice and Nicole the densest is Julie.	Alice is denser than Nicole.
neutral	Among Paul, Sue and Victoria the shallowest is Paul.	Sue is shallower than Victoria.
neutral	Among Martin, Alex and Margaret the nicest is Martin.	Alex is nicer than Margaret.
neutral	Among Thomas, Charlie and Kate the most handsome is Thomas.	Charlie is more handsome than Kate.
neutral	Among Ann, Anna and Bill the sleepiest is Ann.	Anna is sleepier than Bill.
neutral	Among Bruce, Joe and Nancy the classiest is Bruce.	Joe is classier than Nancy.
neutral	Among Donna, Tom and Jim the sorriest is Donna.	Tom is sorrier than Jim.
neutral	Among Angela, Alexander and Greg the harshest is Angela.	Alexander is harsher than Greg.
neutral	Among Rebecca, Kenneth and Roy the creepiest is Rebecca.	Kenneth is creepier than Roy.
neutral	Among Edward, Margaret and Donna the thinnest is Edward.	Margaret is thinner than Donna.
neutral	Among Lucy, Roger and Louise the cruellest is Lucy.	Roger is crueller than Louise.
neutral	Among Matthew, Fiona and Carolyn the brightest is Matthew.	Fiona is brighter than Carolyn.
neutral	Among Sue, Bill and Steve the fairest is Sue.	Bill is fairer than Steve.
neutral	Among Emma, Charles and Eleanor the most important is Emma.	Charles is more important than Eleanor.
neutral	Among Alex, Roy and Sally the kindest is Alex.	Roy is kinder than Sally.
neutral	Among Julia, Jason and Jay the cutest is Julia.	Jason is cuter than Jay.
neutral	Among Edward, Emily and Helen the most beautiful is Edward.	Emily is more beautiful than Helen.
neutral	Among Catherine, Eric and Frank the loveliest is Catherine.	Eric is lovelier than Frank.
neutral	Among Tim, Dave and Nancy the bravest is Tim.	Dave is braver than Nancy.
neutral	Among Sophie, Martin and Claire the most bitter is Sophie.	Martin is more bitter than Claire.
neutral	Among Howard, Marilyn and Jay the sweetest is Howard.	Marilyn is sweeter than Jay.
neutral	Among Emily, Anna and Rose the cruellest is Emily.	Anna is crueller than Rose.
neutral	Among Dave, Daniel and John the sincerest is Dave.	Daniel is sincerer than John.
neutral	Among Louis, David and Jeff the nicest is Louis.	David is nicer than Jeff.
neutral	Among Johnny, Jessica and Betty the proudest is Johnny.	Jessica is prouder than Betty.
neutral	Among Alfred, Sam and Edward the most interesting is Alfred.	Sam is more interesting than Edward.
neutral	Among Kim, Henry and Matt the humblest is Kim.	Henry is humbler than Matt.
neutral	Among Alex, Lucy and Jonathan the humblest is Alex.	Lucy is humbler than Jonathan.
neutral	Among Alexandra, Ann and Ruth the cleverest is Alexandra.	Ann is cleverer than Ruth.
neutral	Among Rose, Samuel and Mike the funniest is Rose.	Samuel is funnier than Mike.
neutral	Among Wendy, Alexander and Martin the humblest is Wendy.	Alexander is humbler than Martin.
neutral	Among Pamela, Frederick and Alexander the smartest is Pamela.	Frederick is smarter than Alexander.
neutral	Among Andrew, Rose and Rachel the most important is Andrew.	Rose is more important than Rachel.
neutral	Among Harriet, Victoria and Kathleen the politest is Harriet.	Victoria is politer than Kathleen.
neutral	Among Sue, Katie and Claire the sincerest is Sue.	Katie is sincerer than Claire.
neutral	Among Robert, Jean and Hugh the proudest is Robert.	Jean is prouder than Hugh.
neutral	Among Eric, Betty and Harold the weakest is Eric.	Betty is weaker than Harold.
neutral	Among Louise, Adam and Edith the bravest is Louise.	Adam is braver than Edith.
neutral	Among Arthur, Martha and Eleanor the harshest is Arthur.	Martha is harsher than Eleanor.
neutral	Among Fred, Ian and Louise the funniest is Fred.	Ian is funnier than Louise.
neutral	Among Hugh, Amanda and Andrew the weirdest is Hugh.	Amanda is weirder than Andrew.
neutral	Among Dick, Emma and Lynn the boldest is Dick.	Emma is bolder than Lynn.
neutral	Among Alex, Nicole and Lynn the most bitter is Alex.	Nicole is more bitter than Lynn.
neutral	Among Harry, Michael and Carolyn the dullest is Harry.	Michael is duller than Carolyn.
neutral	Among Anthony, Anne and Bruce the thinnest is Anthony.	Anne is thinner than Bruce.
neutral	Among Suzanne, Richard and Christopher the clumsiest is Suzanne.	Richard is clumsier than Christopher.
neutral	Among Robin, Alison and Katie the gloomiest is Robin.	Alison is gloomier than Katie.
neutral	Among Grace, Frank and Edward the meanest is Grace.	Frank is meaner than Edward.
neutral	Among Fiona, Dorothy and Suzanne the shortest is Fiona.	Dorothy is shorter than Suzanne.
neutral	Among Robin, Harriet and Jeff the saddest is Robin.	Harriet is sadder than Jeff.
neutral	Among Sam, Al and Kathleen the saddest is Sam.	Al is sadder than Kathleen.
neutral	Among Margaret, Patricia and William the classiest is Margaret.	Patricia is classier than William.
neutral	Among Dorothy, Bobby and Sam the fairest is Dorothy.	Bobby is fairer than Sam.
neutral	Among Bruce, Joan and Ed the fittest is Bruce.	Joan is fitter than Ed.
neutral	Among Robert, Harold and Heather the sharpest is Robert.	Harold is sharper than Heather.
neutral	Among Howard, Elizabeth and Susan the happiest is Howard.	Elizabeth is happier than Susan.
neutral	Among Pamela, Lucy and Eleanor the richest is Pamela.	Lucy is richer than Eleanor.
neutral	Among Martha, Dick and Ralph the worst is Martha.	Dick is worse than Ralph.
neutral	Among Jill, Dick and Kelly the best is Jill.	Dick is better than Kelly.
neutral	Among Charles, Matthew and Christine the gentlest is Charles.	Matthew is gentler than Christine.
neutral	Among Matt, Daniel and Matthew the poorest is Matt.	Daniel is poorer than Matthew.
neutral	Among Jay, Pamela and Jennifer the guiltiest is Jay.	Pamela is guilter than Jennifer.
neutral	Among Ian, Stephen and Laura the sharpest is Ian.	Stephen is sharper than Laura.
neutral	Among Jerry, Ann and Daniel the hairiest is Jerry.	Ann is hairier than Daniel.
neutral	Among Carol, Kim and Ken the shallowest is Carol.	Kim is shallower than Ken.
neutral	Among Daniel, Ellen and Alfred the greatest is Daniel.	Ellen is greater than Alfred.
neutral	Among Maria, Anthony and Philip the weakest is Maria.	Anthony is weaker than Philip.
neutral	Among Amanda, Annie and Mary the shallowest is Amanda.	Annie is shallower than Mary.
neutral	Among John, Nancy and William the sharpest is John.	Nancy is sharper than William.
neutral	Among Walter, Amy and Kathryn the angriest is Walter.	Amy is angrier than Kathryn.
neutral	Among Ron, Andrea and Heather the sleepiest is Ron.	Andrea is sleepier than Heather.
neutral	Among Pamela, Dorothy and Richard the craziest is Pamela.	Dorothy is crazier than Richard.
neutral	Among Matt, Ellen and Edith the richest is Matt.	Ellen is richer than Edith.
neutral	Among Margaret, Tim and Ron the creepiest is Margaret.	Tim is creepier than Ron.
neutral	Among Deborah, Sara and Charlotte the shallowest is Deborah.	Sara is shallower than Charlotte.
neutral	Among Nicole, Kathy and Joan the hairiest is Nicole.	Kathy is hairier than Joan.
neutral	Among Ben, Jean and Catherine the wisest is Ben.	Jean is wiser than Catherine.
neutral	Among Sue, Karen and Dave the chubbiest is Sue.	Karen is chubbier than Dave.
neutral	Among Alan, Jim and Sally the saltiest is Alan.	Jim is saltier than Sally.
neutral	Among Louise, Roy and Sandra the healthiest is Louise.	Roy is healthier than Sandra.
neutral	Among Tony, Keith and Emily the oldest is Tony.	Keith is older than Emily.
neutral	Among Albert, Tom and Dave the cleverest is Albert.	Tom is cleverer than Dave.
neutral	Among Jay, Laura and Simon the sincerest is Jay.	Laura is sincerer than Simon.
neutral	Among Louise, Jessica and Katie the dullest is Louise.	Jessica is duller than Katie.
neutral	Among Simon, Jonathan and Anthony the youngest is Simon.	Jonathan is younger than Anthony.
neutral	Among Ben, Kathryn and Ann the fastest is Ben.	Kathryn is faster than Ann.
neutral	Among Andrea, Walter and Alan the politest is Andrea.	Walter is politer than Alan.
neutral	Among Bob, Catherine and Jeff the politest is Bob.	Catherine is politer than Jeff.
neutral	Among Ed, Elizabeth and Maria the friendliest is Ed.	Elizabeth is friendlier than Maria.
neutral	Among Bobby, Harold and Kathy the tallest is Bobby.	Harold is taller than Kathy.
neutral	Among Laura, Elizabeth and Ron the toughest is Laura.	Elizabeth is tougher than Ron.
neutral	Among Keith, Betty and Sandra the longest is Keith.	Betty is longer than Sandra.
neutral	Among Henry, Greg and Michael the most popular is Henry.	Greg is more popular than Michael.
neutral	Among Sharon, Nancy and Bob the prettiest is Sharon.	Nancy is prettier than Bob.
neutral	Among Harold, Caroline and Gary the most important is Harold.	Caroline is more important than Gary.
neutral	Among Philip, Frances and Dick the prettiest is Philip.	Frances is prettier than Dick.
neutral	Among Judith, Anne and Elaine the noisiest is Judith.	Anne is noisier than Elaine.
neutral	Among Jack, Samuel and Christine the saltiest is Jack.	Samuel is saltier than Christine.
neutral	Among Lauren, Katie and Bob the harshest is Lauren.	Katie is harsher than Bob.
neutral	Among George, Eleanor and Ann the gloomiest is George.	Eleanor is gloomier than Ann.
neutral	Among Thomas, Bobby and Eleanor the tiniest is Thomas.	Bobby is tinier than Eleanor.
neutral	Among Amanda, Elizabeth and Roger the ugliest is Amanda.	Elizabeth is uglier than Roger.
neutral	Among Gary, David and Alexandra the worst is Gary.	David is worse than Alexandra.
neutral	Among Marilyn, Carl and Rebecca the gloomiest is Marilyn.	Carl is gloomier than Rebecca.
neutral	Among Kathryn, Steve and Richard the most tired is Kathryn.	Steve is more tired than Richard.
neutral	Among Ashley, Hugh and Victoria the most popular is Ashley.	Hugh is more popular than Victoria.
neutral	Among Jean, Jeff and Alex the busiest is Jean.	Jeff is busier than Alex.
neutral	Among Anna, Ellen and Judith the shallowest is Anna.	Ellen is shallower than Judith.
neutral	Among Jason, Carolyn and Tom the most bitter is Jason.	Carolyn is more bitter than Tom.
neutral	Among Kim, Dave and Mark the shallowest is Kim.	Dave is shallower than Mark.
neutral	Among Steven, Kathryn and Ian the kindest is Steven.	Kathryn is kinder than Ian.
neutral	Among Julie, Scott and Dorothy the happiest is Julie.	Scott is happier than Dorothy.
neutral	Among Henry, Alfred and Jessica the nicest is Henry.	Alfred is nicer than Jessica.
neutral	Among Kathryn, Pamela and Brian the wisest is Kathryn.	Pamela is wiser than Brian.
neutral	Among Lisa, Kelly and Larry the creepiest is Lisa.	Kelly is creepier than Larry.
neutral	Among Frederick, Harold and Adam the curviest is Frederick.	Harold is curvier than Adam.
neutral	Among Ian, Jack and Donna the calmest is Ian.	Jack is calmer than Donna.
neutral	Among Alice, Heather and Mary the busiest is Alice.	Heather is busier than Mary.
neutral	Among Michelle, Bob and Stephanie the worst is Michelle.	Bob is worse than Stephanie.
neutral	Among Helen, Jean and Philip the laziest is Helen.	Jean is lazier than Philip.
neutral	Among Suzanne, Sally and Lauren the most modern is Suzanne.	Sally is more modern than Lauren.
neutral	Among Sally, Barbara and Francis the cleverest is Sally.	Barbara is cleverer than Francis.
neutral	Among Louise, Claire and Jonathan the hungriest is Louise.	Claire is hungrier than Jonathan.
neutral	Among Francis, Simon and Elizabeth the brightest is Francis.	Simon is brighter than Elizabeth.
neutral	Among Tim, Marie and Mike the most attractive is Tim.	Marie is more attractive than Mike.
neutral	Among Steven, Edwin and Louis the sleepiest is Steven.	Edwin is sleepier than Louis.
neutral	Among Patrick, Carol and Bruce the tallest is Patrick.	Carol is taller than Bruce.
neutral	Among Margaret, Louise and Edith the greediest is Margaret.	Louise is greedier than Edith.
neutral	Among Leslie, Sue and Emma the healthiest is Leslie.	Sue is healthier than Emma.
neutral	Among Fiona, Sophie and Anna the skinniest is Fiona.	Sophie is skinnier than Anna.
neutral	Among Pamela, Carolyn and Janet the richest is Pamela.	Carolyn is richer than Janet.
neutral	Among Carol, Alex and Jean the craziest is Carol.	Alex is crazier than Jean.
neutral	Among Adam, Sally and Martha the kindest is Adam.	Sally is kinder than Martha.
neutral	Among Ruth, Sally and Carol the most important is Ruth.	Sally is more important than Carol.
neutral	Among Elizabeth, Tim and Laura the laziest is Elizabeth.	Tim is lazier than Laura.
neutral	Among Tony, Ann and Jennifer the sweetest is Tony.	Ann is sweeter than Jennifer.
neutral	Among Johnny, Kim and Alexandra the hairiest is Johnny.	Kim is hairier than Alexandra.
neutral	Among Walter, Larry and Michelle the cleverest is Walter.	Larry is cleverer than Michelle.
neutral	Among Carolyn, Jim and Dave the shortest is Carolyn.	Jim is shorter than Dave.
neutral	Among Robert, Sara and Charlie the oldest is Robert.	Sara is older than Charlie.
neutral	Among Keith, Henry and William the worst is Keith.	Henry is worse than William.
neutral	Among Christine, Andrew and Donna the harshest is Christine.	Andrew is harsher than Donna.
neutral	Among Frances, Amanda and Richard the friendliest is Frances.	Amanda is friendlier than Richard.
neutral	Among Greg, Colin and Arthur the most important is Greg.	Colin is more important than Arthur.
neutral	Among Jill, Lawrence and Amanda the worst is Jill.	Lawrence is worse than Amanda.
neutral	Among Scott, Harriet and Jeff the most renowned is Scott.	Harriet is more renowned than Jeff.
neutral	Among Angela, Diane and Heather the sleepiest is Angela.	Diane is sleepier than Heather.
neutral	Among Kelly, Mark and Scott the curviest is Kelly.	Mark is curvier than Scott.
neutral	Among Marilyn, Amy and Ashley the fairest is Marilyn.	Amy is fairer than Ashley.
neutral	Among Mike, Melissa and Edith the most bitter is Mike.	Melissa is more bitter than Edith.
neutral	Among Patricia, Suzanne and Alex the most renowned is Patricia.	Suzanne is more renowned than Alex.
neutral	Among Jean, Susan and Louis the creepiest is Jean.	Susan is creepier than Louis.
neutral	Among David, Peter and Jeff the cruellest is David.	Peter is crueller than Jeff.
neutral	Among Larry, Richard and Ryan the most popular is Larry.	Richard is more popular than Ryan.
neutral	Among Annie, Ben and Patrick the chubbiest is Annie.	Ben is chubbier than Patrick.
neutral	Among Kenneth, Jack and Howard the angriest is Kenneth.	Jack is angrier than Howard.
neutral	Among Larry, Margaret and Dave the most renowned is Larry.	Margaret is more renowned than Dave.
neutral	Among Jack, Jerry and Jay the saddest is Jack.	Jerry is sadder than Jay.
neutral	Among Katie, Donna and Francis the cruellest is Katie.	Donna is crueller than Francis.
neutral	Among Adam, Jill and Maria the cruellest is Adam.	Jill is crueller than Maria.
neutral	Among Sophie, Donald and Emily the slowest is Sophie.	Donald is slower than Emily.
neutral	Among Lynn, Al and Suzanne the smartest is Lynn.	Al is smarter than Suzanne.
neutral	Among Pamela, Diana and Susan the cleverest is Pamela.	Diana is cleverer than Susan.
neutral	Among Donald, Hugh and Bobby the sharpest is Donald.	Hugh is sharper than Bobby.
neutral	Among Lisa, Patrick and Ellen the wisest is Lisa.	Patrick is wiser than Ellen.
neutral	Among Carl, Susan and Bill the shallowest is Carl.	Susan is shallower than Bill.
neutral	Among Edwin, Martha and Roy the most popular is Edwin.	Martha is more popular than Roy.
neutral	Among Charles, Mary and Jim the friendliest is Charles.	Mary is friendlier than Jim.
neutral	Among Marilyn, Keith and Angela the noisiest is Marilyn.	Keith is noisier than Angela.
neutral	Among Stephen, Sara and Christine the biggest is Stephen.	Sara is bigger than Christine.
neutral	Among Dave, Mark and Martha the saltiest is Dave.	Mark is saltier than Martha.
neutral	Among Roger, Joseph and Susan the fittest is Roger.	Joseph is fitter than Susan.
neutral	Among Carolyn, Ruth and Evelyn the sharpest is Carolyn.	Ruth is sharper than Evelyn.
neutral	Among Jessica, Judy and Sandra the poorest is Jessica.	Judy is poorer than Sandra.
neutral	Among Stephen, Betty and Charlotte the richest is Stephen.	Betty is richer than Charlotte.
neutral	Among Matt, Roy and Anthony the most tired is Matt.	Roy is more tired than Anthony.
neutral	Among Peter, Sarah and Bobby the shallowest is Peter.	Sarah is shallower than Bobby.
neutral	Among Elaine, Larry and Benjamin the shortest is Elaine.	Larry is shorter than Benjamin.
neutral	Among Christine, Scott and Sandra the hottest is Christine.	Scott is hotter than Sandra.
neutral	Among Jerry, Donald and Jonathan the kindest is Jerry.	Donald is kinder than Jonathan.
neutral	Among Edward, Greg and Janet the clumsiest is Edward.	Greg is clumsier than Janet.
neutral	Among Kim, Sandra and Jill the bitterest is Kim.	Sandra is bitterer than Jill.
neutral	Among Robert, Pamela and Kelly the most bitter is Robert.	Pamela is more bitter than Kelly.
neutral	Among Kim, Nick and Sue the weirdest is Kim.	Nick is weirder than Sue.
neutral	Among Evelyn, Walter and Pamela the sharpest is Evelyn.	Walter is sharper than Pamela.
neutral	Among Sandra, Diane and Julie the brightest is Sandra.	Diane is brighter than Julie.
neutral	Among Fiona, Susan and Kevin the meanest is Fiona.	Susan is meaner than Kevin.
neutral	Among Joe, Ralph and Lucy the most tired is Joe.	Ralph is more tired than Lucy.
neutral	Among Rose, Kathy and Carl the most handsome is Rose.	Kathy is more handsome than Carl.
neutral	Among Fred, Carol and Greg the scariest is Fred.	Carol is scarier than Greg.
neutral	Among Ray, Alfred and Anne the nicest is Ray.	Alfred is nicer than Anne.
neutral	Among Alan, Rose and Brian the oldest is Alan.	Rose is older than Brian.
neutral	Among Catherine, Julie and Kathy the bravest is Catherine.	Julie is braver than Kathy.
neutral	Among Carolyn, Nick and Evelyn the grossest is Carolyn.	Nick is grosser than Evelyn.
neutral	Among Caroline, Steven and David the hairiest is Caroline.	Steven is hairier than David.
neutral	Among Charles, Evelyn and Ellen the laziest is Charles.	Evelyn is lazier than Ellen.
neutral	Among Joe, George and Lynn the sorriest is Joe.	George is sorrier than Lynn.
neutral	Among Maria, Edwin and Cynthia the greediest is Maria.	Edwin is greedier than Cynthia.
neutral	Among Charles, Dick and Thomas the worst is Charles.	Dick is worse than Thomas.
neutral	Among Mike, Alfred and Dick the bossiest is Mike.	Alfred is bossier than Dick.
neutral	Among Louise, Ellen and Suzanne the bossiest is Louise.	Ellen is bossier than Suzanne.
neutral	Among Melissa, Caroline and Edith the sorriest is Melissa.	Caroline is sorrier than Edith.
neutral	Among Howard, Richard and Ed the smallest is Howard.	Richard is smaller than Ed.
neutral	Among Christopher, Charles and Marie the slimmest is Christopher.	Charles is slimmer than Marie.
neutral	Among Harry, Elizabeth and Claire the saddest is Harry.	Elizabeth is sadder than Claire.
neutral	Among William, Albert and Donald the brightest is William.	Albert is brighter than Donald.
neutral	Among Emily, Kelly and Maria the most clever is Emily.	Kelly is more clever than Maria.
neutral	Among Keith, Caroline and Henry the wisest is Keith.	Caroline is wiser than Henry.
neutral	Among Frederick, Edwin and Alex the most bitter is Frederick.	Edwin is more bitter than Alex.
neutral	Among Bobby, Stephanie and Charles the craziest is Bobby.	Stephanie is crazier than Charles.
neutral	Among Betty, Helen and Elizabeth the saddest is Betty.	Helen is sadder than Elizabeth.
neutral	Among Ruth, Jessica and Jill the loudest is Ruth.	Jessica is louder than Jill.
neutral	Among Gary, Helen and Alice the happiest is Gary.	Helen is happier than Alice.
neutral	Among Sue, Joe and Scott the harshest is Sue.	Joe is harsher than Scott.
neutral	Among Ian, Ashley and Benjamin the poorest is Ian.	Ashley is poorer than Benjamin.
neutral	Among Lynn, Dick and Lucy the angriest is Lynn.	Dick is angrier than Lucy.
neutral	Among Sandra, Mark and Thomas the most tired is Sandra.	Mark is more tired than Thomas.
neutral	Among Marilyn, Linda and Samuel the brightest is Marilyn.	Linda is brighter than Samuel.
neutral	Among Julia, Jean and Robert the naughtiest is Julia.	Jean is naughtier than Robert.
neutral	Among Diane, Florence and Kate the fastest is Diane.	Florence is faster than Kate.
neutral	Among Ron, Charlie and Jay the healthiest is Ron.	Charlie is healthier than Jay.
neutral	Among Julia, Donald and Nicole the tallest is Julia.	Donald is taller than Nicole.
neutral	Among Joan, Jay and Victoria the craziest is Joan.	Jay is crazier than Victoria.
neutral	Among Dick, Christine and Anna the ugliest is Dick.	Christine is uglier than Anna.
neutral	Among Ashley, Helen and Henry the wisest is Ashley.	Helen is wiser than Henry.
neutral	Among Walter, Rachel and Joseph the loneliest is Walter.	Rachel is lonlier than Joseph.
neutral	Among Fiona, Suzanne and Brian the classiest is Fiona.	Suzanne is classier than Brian.
neutral	Among Kevin, Sue and Wendy the fattest is Kevin.	Sue is fatter than Wendy.
neutral	Among Carolyn, Mark and Ralph the loudest is Carolyn.	Mark is louder than Ralph.
neutral	Among Betty, Louis and Michael the firmest is Betty.	Louis is firmer than Michael.
neutral	Among Greg, Janet and Thomas the greatest is Greg.	Janet is greater than Thomas.
neutral	Among Bruce, Donna and Andrea the strongest is Bruce.	Donna is stronger than Andrea.
neutral	Among Keith, Joseph and Alice the brightest is Keith.	Joseph is brighter than Alice.
neutral	Among Albert, Frank and Leslie the sweetest is Albert.	Frank is sweeter than Leslie.
neutral	Among Henry, Kathryn and Lisa the hungriest is Henry.	Kathryn is hungrier than Lisa.
neutral	Among Helen, Kathy and Diana the hairiest is Helen.	Kathy is hairier than Diana.
neutral	Among Harry, Rebecca and Roy the tallest is Harry.	Rebecca is taller than Roy.
neutral	Among Judy, Sandra and James the cleverest is Judy.	Sandra is cleverer than James.
neutral	Among Chris, Jane and Stephanie the fastest is Chris.	Jane is faster than Stephanie.
neutral	Among Fred, Judith and Harry the busiest is Fred.	Judith is busier than Harry.
neutral	Among George, Paul and Edwin the creepiest is George.	Paul is creepier than Edwin.
neutral	Among Louise, Jill and Angela the fittest is Louise.	Jill is fitter than Angela.
neutral	Among Ann, Frederick and Laura the cleverest is Ann.	Frederick is cleverer than Laura.
neutral	Among Virginia, Dick and Ellen the shyest is Virginia.	Dick is shyer than Ellen.
neutral	Among Ann, Bill and Alan the sweetest is Ann.	Bill is sweeter than Alan.
neutral	Among Leslie, Eleanor and Martin the happiest is Leslie.	Eleanor is happier than Martin.
neutral	Among Florence, Fiona and Jean the slowest is Florence.	Fiona is slower than Jean.
neutral	Among Thomas, Victoria and Lisa the fairest is Thomas.	Victoria is fairer than Lisa.
neutral	Among Michael, David and Ray the harshest is Michael.	David is harsher than Ray.
neutral	Among Tom, Julia and Deborah the richest is Tom.	Julia is richer than Deborah.
neutral	Among Walter, Steve and Jack the biggest is Walter.	Steve is bigger than Jack.
neutral	Among Lauren, Katherine and Patricia the slowest is Lauren.	Katherine is slower than Patricia.
neutral	Among Benjamin, Bob and Matt the bitterest is Benjamin.	Bob is bitterer than Matt.
neutral	Among Claire, Frank and Matthew the wisest is Claire.	Frank is wiser than Matthew.
neutral	Among Kathryn, Amy and Lawrence the tallest is Kathryn.	Amy is taller than Lawrence.
neutral	Among Betty, Ian and Dave the biggest is Betty.	Ian is bigger than Dave.
neutral	Among Matthew, John and Scott the most polite is Matthew.	John is more polite than Scott.
neutral	Among Catherine, Judith and Paul the guiltiest is Catherine.	Judith is guilter than Paul.
neutral	Among Kevin, Nancy and Joe the tallest is Kevin.	Nancy is taller than Joe.
neutral	Among Maria, Betty and Francis the hairiest is Maria.	Betty is hairier than Francis.
neutral	Among Roger, Philip and Benjamin the slowest is Roger.	Philip is slower than Benjamin.
neutral	Among Andrew, Sandra and Elaine the nicest is Andrew.	Sandra is nicer than Elaine.
neutral	Among Eleanor, Jerry and Kathy the grossest is Eleanor.	Jerry is grosser than Kathy.
neutral	Among Rebecca, Roy and Charlie the silliest is Rebecca.	Roy is sillier than Charlie.
neutral	Among Diane, Scott and Katie the most clever is Diane.	Scott is more clever than Katie.
neutral	Among Alice, Barbara and Harriet the clumsiest is Alice.	Barbara is clumsier than Harriet.
neutral	Among Sam, Jim and Susan the bitterest is Sam.	Jim is bitterer than Susan.
neutral	Among Jack, Sue and Edith the shyest is Jack.	Sue is shyer than Edith.
neutral	Among Nancy, Kathryn and Jerry the funniest is Nancy.	Kathryn is funnier than Jerry.
neutral	Among Ron, Tony and George the fastest is Ron.	Tony is faster than George.
neutral	Among Linda, Victoria and Lawrence the messiest is Linda.	Victoria is messier than Lawrence.
neutral	Among Lauren, Arthur and Alex the messiest is Lauren.	Arthur is messier than Alex.
neutral	Among Roger, Barbara and Edith the messiest is Roger.	Barbara is messier than Edith.
neutral	Among Sam, Rose and Mike the creepiest is Sam.	Rose is creepier than Mike.
neutral	Among Nicole, Heather and Annie the classiest is Nicole.	Heather is classier than Annie.
neutral	Among Jay, Jack and Alan the prettiest is Jay.	Jack is prettier than Alan.
neutral	Among Joe, Harold and Roy the calmest is Joe.	Harold is calmer than Roy.
neutral	Among Joseph, Joan and Donna the biggest is Joseph.	Joan is bigger than Donna.
neutral	Among Ann, Stephen and Sandra the politest is Ann.	Stephen is politer than Sandra.
neutral	Among Annie, Cynthia and Amy the most tired is Annie.	Cynthia is more tired than Amy.
neutral	Among Lawrence, Judith and Dan the fastest is Lawrence.	Judith is faster than Dan.
neutral	Among Anne, Amanda and Elaine the most beautiful is Anne.	Amanda is more beautiful than Elaine.
neutral	Among Andrew, Mary and Katie the friendliest is Andrew.	Mary is friendlier than Katie.
neutral	Among Charles, Kevin and Tim the boldest is Charles.	Kevin is bolder than Tim.
neutral	Among Nick, Jean and Alice the greatest is Nick.	Jean is greater than Alice.
neutral	Among Jimmy, Ann and Alison the funniest is Jimmy.	Ann is funnier than Alison.
neutral	Among Joe, Diane and Amy the youngest is Joe.	Diane is younger than Amy.
neutral	Among Melissa, Robin and Andrea the most important is Melissa.	Robin is more important than Andrea.
neutral	Among Kim, Don and Dick the healthiest is Kim.	Don is healthier than Dick.
neutral	Among Wendy, Andrew and Peter the proudest is Wendy.	Andrew is prouder than Peter.
neutral	Among Eleanor, Bob and Grace the proudest is Eleanor.	Bob is prouder than Grace.
neutral	Among Francis, Ed and Jay the toughest is Francis.	Ed is tougher than Jay.
neutral	Among Donna, Diana and Keith the dumbest is Donna.	Diana is dumber than Keith.
neutral	Among Karen, Bruce and Steven the biggest is Karen.	Bruce is bigger than Steven.
neutral	Among Jonathan, Fred and Ian the slowest is Jonathan.	Fred is slower than Ian.
neutral	Among Bobby, Stephanie and John the densest is Bobby.	Stephanie is denser than John.
neutral	Among Ray, Edith and Marie the hairiest is Ray.	Edith is hairier than Marie.
neutral	Among Harry, Albert and Don the dumbest is Harry.	Albert is dumber than Don.
neutral	Among Cynthia, Carol and Philip the biggest is Cynthia.	Carol is bigger than Philip.
neutral	Among Judith, Christine and John the sorriest is Judith.	Christine is sorrier than John.
neutral	Among Samuel, Steve and Frances the hottest is Samuel.	Steve is hotter than Frances.
neutral	Among Kevin, Jessica and Carl the shallowest is Kevin.	Jessica is shallower than Carl.
neutral	Among Bruce, Michelle and Charlie the grossest is Bruce.	Michelle is grosser than Charlie.
neutral	Among Patrick, Stephanie and James the richest is Patrick.	Stephanie is richer than James.
neutral	Among William, Nancy and Leslie the most modern is William.	Nancy is more modern than Leslie.
neutral	Among Brian, Caroline and James the best is Brian.	Caroline is better than James.
neutral	Among Jimmy, Sally and Kevin the fattest is Jimmy.	Sally is fatter than Kevin.
neutral	Among Dan, Amy and Kim the sleepiest is Dan.	Amy is sleepier than Kim.
neutral	Among Heather, Maria and Tony the most handsome is Heather.	Maria is more handsome than Tony.
neutral	Among Patrick, Catherine and Colin the most beautiful is Patrick.	Catherine is more beautiful than Colin.
neutral	Among Steven, Alfred and Victoria the youngest is Steven.	Alfred is younger than Victoria.
neutral	Among Jeff, Harold and Jason the most attractive is Jeff.	Harold is more attractive than Jason.
neutral	Among Matthew, Benjamin and Jessica the laziest is Matthew.	Benjamin is lazier than Jessica.
neutral	Among Heather, Sharon and Michael the greatest is Heather.	Sharon is greater than Michael.
neutral	Among David, Catherine and Billy the gloomiest is David.	Catherine is gloomier than Billy.
neutral	Among Ann, Claire and Edith the creepiest is Ann.	Claire is creepier than Edith.
neutral	Among Steve, Edith and Walter the most clever is Steve.	Edith is more clever than Walter.
neutral	Among Suzanne, Steven and Matthew the richest is Suzanne.	Steven is richer than Matthew.
neutral	Among Alex, Christopher and Jerry the happiest is Alex.	Christopher is happier than Jerry.
neutral	Among Deborah, Thomas and Robert the cleverest is Deborah.	Thomas is cleverer than Robert.
neutral	Among Philip, John and Ralph the densest is Philip.	John is denser than Ralph.
neutral	Among Kenneth, Mike and Amanda the laziest is Kenneth.	Mike is lazier than Amanda.
neutral	Among Paul, Frances and Harold the bossiest is Paul.	Frances is bossier than Harold.
neutral	Among Mark, Jimmy and Carolyn the most attractive is Mark.	Jimmy is more attractive than Carolyn.
neutral	Among Stephen, Walter and Cynthia the noisiest is Stephen.	Walter is noisier than Cynthia.
neutral	Among Jim, Betty and Scott the hottest is Jim.	Betty is hotter than Scott.
neutral	Among Henry, Mark and Ray the most attractive is Henry.	Mark is more attractive than Ray.
neutral	Among Sally, Ralph and Harry the dumbest is Sally.	Ralph is dumber than Harry.
neutral	Among Carol, Kate and Sophie the dumbest is Carol.	Kate is dumber than Sophie.
neutral	Among Carl, Hugh and Sophie the toughest is Carl.	Hugh is tougher than Sophie.
neutral	Among Lynn, Elizabeth and Rachel the cleverest is Lynn.	Elizabeth is cleverer than Rachel.
neutral	Among Jason, Caroline and Wendy the most popular is Jason.	Caroline is more popular than Wendy.
neutral	Among Ed, Edith and Barbara the sharpest is Ed.	Edith is sharper than Barbara.
neutral	Among Samuel, Louise and Robin the oldest is Samuel.	Louise is older than Robin.
neutral	Among George, Diana and Eleanor the slimmest is George.	Diana is slimmer than Eleanor.
neutral	Among Richard, Sue and Stephen the youngest is Richard.	Sue is younger than Stephen.
neutral	Among Samuel, Lawrence and Dorothy the saltiest is Samuel.	Lawrence is saltier than Dorothy.
neutral	Among Ray, James and Virginia the politest is Ray.	James is politer than Virginia.
neutral	Among William, Cynthia and Maria the quietest is William.	Cynthia is quieter than Maria.
neutral	Among Colin, Peter and Dave the grossest is Colin.	Peter is grosser than Dave.
neutral	Among Anna, Judith and Jay the greatest is Anna.	Judith is greater than Jay.
neutral	Among Wendy, Ed and Gary the weirdest is Wendy.	Ed is weirder than Gary.
neutral	Among Francis, Joan and Keith the toughest is Francis.	Joan is tougher than Keith.
neutral	Among Heather, Susan and Victoria the strongest is Heather.	Susan is stronger than Victoria.
neutral	Among Sophie, Jonathan and Larry the wealthiest is Sophie.	Jonathan is wealthier than Larry.
neutral	Among Adam, Anne and Andrea the most beautiful is Adam.	Anne is more beautiful than Andrea.
neutral	Among Benjamin, Sarah and Carolyn the angriest is Benjamin.	Sarah is angrier than Carolyn.
neutral	Among Jerry, Kathleen and Francis the most attractive is Jerry.	Kathleen is more attractive than Francis.
neutral	Among Edward, Jimmy and Ashley the wisest is Edward.	Jimmy is wiser than Ashley.
neutral	Among Suzanne, Lisa and Sally the classiest is Suzanne.	Lisa is classier than Sally.
neutral	Among Hugh, Amy and Jane the happiest is Hugh.	Amy is happier than Jane.
neutral	Among Catherine, Al and Frederick the fittest is Catherine.	Al is fitter than Frederick.
neutral	Among Hugh, Gary and Karen the humblest is Hugh.	Gary is humbler than Karen.
neutral	Among Sara, Mark and Tom the brightest is Sara.	Mark is brighter than Tom.
neutral	Among Donna, William and Harry the rudest is Donna.	William is ruder than Harry.
neutral	Among Cynthia, Sue and Simon the proudest is Cynthia.	Sue is prouder than Simon.
neutral	Among Amy, Jimmy and Mike the friendliest is Amy.	Jimmy is friendlier than Mike.
neutral	Among Elaine, Linda and Bill the cleverest is Elaine.	Linda is cleverer than Bill.
neutral	Among Johnny, Bill and Scott the friendliest is Johnny.	Bill is friendlier than Scott.
neutral	Among David, Mark and Sara the smallest is David.	Mark is smaller than Sara.
neutral	Among Alan, Wendy and Alexander the thinnest is Alan.	Wendy is thinner than Alexander.
neutral	Among Maria, Harriet and Keith the fastest is Maria.	Harriet is faster than Keith.
neutral	Among Julia, Matt and Heather the classiest is Julia.	Matt is classier than Heather.
neutral	Among Mike, Alison and Ryan the most beautiful is Mike.	Alison is more beautiful than Ryan.
neutral	Among Alexander, Dick and Alan the smartest is Alexander.	Dick is smarter than Alan.
neutral	Among Alexander, Helen and Ray the sincerest is Alexander.	Helen is sincerer than Ray.
neutral	Among Jerry, Angela and Claire the firmest is Jerry.	Angela is firmer than Claire.
neutral	Among Melissa, Richard and Heather the curviest is Melissa.	Richard is curvier than Heather.
neutral	Among Albert, Jeff and Edith the saltiest is Albert.	Jeff is saltier than Edith.
neutral	Among Charles, Jim and George the longest is Charles.	Jim is longer than George.
neutral	Among Joe, Kelly and Kate the hungriest is Joe.	Kelly is hungrier than Kate.
neutral	Among Colin, Michael and Alexander the hottest is Colin.	Michael is hotter than Alexander.
neutral	Among Heather, Virginia and Kathy the clumsiest is Heather.	Virginia is clumsier than Kathy.
neutral	Among Dorothy, Claire and Linda the loudest is Dorothy.	Claire is louder than Linda.
neutral	Among Jill, Jean and Cynthia the bitterest is Jill.	Jean is bitterer than Cynthia.
neutral	Among Jim, Harold and Kevin the greatest is Jim.	Harold is greater than Kevin.
neutral	Among Kim, Margaret and Sally the most polite is Kim.	Margaret is more polite than Sally.
neutral	Among Patricia, Ashley and Wendy the cruellest is Patricia.	Ashley is crueller than Wendy.
neutral	Among Bruce, Karen and Bill the skinniest is Bruce.	Karen is skinnier than Bill.
neutral	Among Ian, Ann and Louise the fittest is Ian.	Ann is fitter than Louise.
neutral	Among Roger, Mike and Laura the greatest is Roger.	Mike is greater than Laura.
neutral	Among Fiona, Betty and Karen the hottest is Fiona.	Betty is hotter than Karen.
neutral	Among Julia, Ellen and Alexandra the weirdest is Julia.	Ellen is weirder than Alexandra.
neutral	Among Johnny, Frances and Catherine the noisiest is Johnny.	Frances is noisier than Catherine.
neutral	Among Mike, Ken and Dan the bravest is Mike.	Ken is braver than Dan.
neutral	Among Ian, Florence and Alexandra the fittest is Ian.	Florence is fitter than Alexandra.
neutral	Among Jack, Carol and Lucy the bitterest is Jack.	Carol is bitterer than Lucy.
neutral	Among Lisa, Katie and Louise the slimmest is Lisa.	Katie is slimmer than Louise.
neutral	Among Kelly, Matthew and Leslie the loneliest is Kelly.	Matthew is lonlier than Leslie.
neutral	Among Larry, Rebecca and Joe the friendliest is Larry.	Rebecca is friendlier than Joe.
neutral	Among Roy, Al and Frederick the scariest is Roy.	Al is scarier than Frederick.
neutral	Among Florence, Ashley and Katherine the longest is Florence.	Ashley is longer than Katherine.
neutral	Among Dorothy, George and Robin the prettiest is Dorothy.	George is prettier than Robin.
neutral	Among Tony, William and Sally the ugliest is Tony.	William is uglier than Sally.
neutral	Among Dan, Rebecca and Nick the busiest is Dan.	Rebecca is busier than Nick.
neutral	Among Stephanie, Richard and Elaine the naughtiest is Stephanie.	Richard is naughtier than Elaine.
neutral	Among Mark, Adam and Mike the dullest is Mark.	Adam is duller than Mike.
neutral	Among Jessica, Frederick and Ellen the fattest is Jessica.	Frederick is fatter than Ellen.
neutral	Among Anne, Bob and Mike the most popular is Anne.	Bob is more popular than Mike.
neutral	Among Wendy, Sue and Ben the fastest is Wendy.	Sue is faster than Ben.
neutral	Among Ruth, Caroline and Gary the brightest is Ruth.	Caroline is brighter than Gary.
neutral	Among Tim, Mary and Hugh the boldest is Tim.	Mary is bolder than Hugh.
neutral	Among Dorothy, Don and Bill the biggest is Dorothy.	Don is bigger than Bill.
neutral	Among Lucy, Ron and Joan the slimmest is Lucy.	Ron is slimmer than Joan.
neutral	Among Donald, Amy and Kenneth the happiest is Donald.	Amy is happier than Kenneth.
neutral	Among Eleanor, Harold and Ray the friendliest is Eleanor.	Harold is friendlier than Ray.
neutral	Among Arthur, Alice and Jimmy the prettiest is Arthur.	Alice is prettier than Jimmy.
neutral	Among Michelle, Philip and Alfred the grossest is Michelle.	Philip is grosser than Alfred.
neutral	Among Henry, Frank and Sally the shortest is Henry.	Frank is shorter than Sally.
neutral	Among Virginia, Arthur and Anthony the cleverest is Virginia.	Arthur is cleverer than Anthony.
neutral	Among Ian, Ray and Claire the ugliest is Ian.	Ray is uglier than Claire.
neutral	Among Ron, Grace and Michael the tiniest is Ron.	Grace is tinier than Michael.
neutral	Among Stephanie, Mark and Thomas the richest is Stephanie.	Mark is richer than Thomas.
neutral	Among Nick, Elizabeth and Mark the proudest is Nick.	Elizabeth is prouder than Mark.
neutral	Among Anne, Martha and Nick the calmest is Anne.	Martha is calmer than Nick.
neutral	Among Kenneth, Sarah and Amy the sweetest is Kenneth.	Sarah is sweeter than Amy.
neutral	Among Deborah, Kenneth and Frederick the cleverest is Deborah.	Kenneth is cleverer than Frederick.
neutral	Among Jill, Joe and Ian the chubbiest is Jill.	Joe is chubbier than Ian.
neutral	Among Jim, Bruce and Jane the calmest is Jim.	Bruce is calmer than Jane.
neutral	Among Julia, Edwin and Nancy the thinnest is Julia.	Edwin is thinner than Nancy.
neutral	Among Grace, Donna and Michelle the happiest is Grace.	Donna is happier than Michelle.
neutral	Among George, Gary and Greg the craziest is George.	Gary is crazier than Greg.
neutral	Among Ian, Marie and Emily the most interesting is Ian.	Marie is more interesting than Emily.
neutral	Among Jill, Cynthia and Alexander the boldest is Jill.	Cynthia is bolder than Alexander.
neutral	Among Annie, Ken and Hugh the tiniest is Annie.	Ken is tinier than Hugh.
neutral	Among Sam, Edith and Carolyn the dullest is Sam.	Edith is duller than Carolyn.
neutral	Among Louise, Jean and Suzanne the friendliest is Louise.	Jean is friendlier than Suzanne.
neutral	Among Richard, Patrick and Carol the loveliest is Richard.	Patrick is lovelier than Carol.
neutral	Among Rachel, Michelle and Bob the politest is Rachel.	Michelle is politer than Bob.
neutral	Among Fiona, Chris and Alfred the dullest is Fiona.	Chris is duller than Alfred.
neutral	Among Dan, Howard and Andrew the creepiest is Dan.	Howard is creepier than Andrew.
neutral	Among Lauren, Christopher and Jim the smartest is Lauren.	Christopher is smarter than Jim.
neutral	Among Alexandra, Kevin and Judith the angriest is Alexandra.	Kevin is angrier than Judith.
neutral	Among Albert, Ron and Sue the strongest is Albert.	Ron is stronger than Sue.
neutral	Among Ken, Marie and Mary the most attractive is Ken.	Marie is more attractive than Mary.
neutral	Among Ron, Helen and Julia the hungriest is Ron.	Helen is hungrier than Julia.
neutral	Among Martin, Marie and Anne the craziest is Martin.	Marie is crazier than Anne.
neutral	Among Sue, Daniel and Alan the loneliest is Sue.	Daniel is lonlier than Alan.
neutral	Among Julie, Emily and Bobby the most modern is Julie.	Emily is more modern than Bobby.
neutral	Among Jim, Victoria and Ashley the happiest is Jim.	Victoria is happier than Ashley.
neutral	Among Martha, Grace and Kathleen the most beautiful is Martha.	Grace is more beautiful than Kathleen.
neutral	Among Wendy, Jill and Laura the sweetest is Wendy.	Jill is sweeter than Laura.
neutral	Among Kathleen, Florence and Laura the most important is Kathleen.	Florence is more important than Laura.
neutral	Among Frances, Donna and Ruth the grossest is Frances.	Donna is grosser than Ruth.
neutral	Among Simon, Pamela and Henry the most attractive is Simon.	Pamela is more attractive than Henry.
neutral	Among Bobby, Walter and Marilyn the fittest is Bobby.	Walter is fitter than Marilyn.
neutral	Among Judith, Jessica and Alfred the cleverest is Judith.	Jessica is cleverer than Alfred.
neutral	Among Sam, Brian and Martin the most important is Sam.	Brian is more important than Martin.
neutral	Among Alex, Mark and Frank the bossiest is Alex.	Mark is bossier than Frank.
neutral	Among Sally, Simon and Edward the cutest is Sally.	Simon is cuter than Edward.
neutral	Among Ken, Greg and Andrew the greatest is Ken.	Greg is greater than Andrew.
neutral	Among Kevin, Joan and Sharon the boldest is Kevin.	Joan is bolder than Sharon.
neutral	Among Edward, Julia and Colin the most clever is Edward.	Julia is more clever than Colin.
neutral	Among Peter, Don and Jessica the weakest is Peter.	Don is weaker than Jessica.
neutral	Among Lynn, Kathleen and Paul the prettiest is Lynn.	Kathleen is prettier than Paul.
neutral	Among Alfred, Peter and Simon the nicest is Alfred.	Peter is nicer than Simon.
neutral	Among Ken, Michelle and Caroline the humblest is Ken.	Michelle is humbler than Caroline.
neutral	Among Anthony, Tony and Don the sweetest is Anthony.	Tony is sweeter than Don.
neutral	Among Linda, Lawrence and Roy the most tired is Linda.	Lawrence is more tired than Roy.
neutral	Among Kim, Claire and Alexandra the worst is Kim.	Claire is worse than Alexandra.
neutral	Among Sandra, Laura and Harold the smallest is Sandra.	Laura is smaller than Harold.
neutral	Among Jason, Christine and Elaine the angriest is Jason.	Christine is angrier than Elaine.
neutral	Among Jessica, Chris and Steven the cutest is Jessica.	Chris is cuter than Steven.
neutral	Among Judy, Janet and Eleanor the angriest is Judy.	Janet is angrier than Eleanor.
neutral	Among Wendy, Kevin and Patrick the fairest is Wendy.	Kevin is fairer than Patrick.
neutral	Among Samuel, Alexandra and Catherine the prettiest is Samuel.	Alexandra is prettier than Catherine.
neutral	Among Diane, Simon and Charlie the busiest is Diane.	Simon is busier than Charlie.
neutral	Among Daniel, Jim and Alexander the tallest is Daniel.	Jim is taller than Alexander.
neutral	Among Christine, Suzanne and Samuel the oldest is Christine.	Suzanne is older than Samuel.
neutral	Among Ian, Alexander and Steven the fastest is Ian.	Alexander is faster than Steven.
neutral	Among Scott, Bob and Lynn the shyest is Scott.	Bob is shyer than Lynn.
neutral	Among Pamela, Jean and Anne the saddest is Pamela.	Jean is sadder than Anne.
neutral	Among Colin, Lauren and Janet the most interesting is Colin.	Lauren is more interesting than Janet.
neutral	Among Michael, Eric and Alexandra the fairest is Michael.	Eric is fairer than Alexandra.
neutral	Among William, Frances and Ann the hairiest is William.	Frances is hairier than Ann.
neutral	Among Donna, Jean and Leslie the cutest is Donna.	Jean is cuter than Leslie.
neutral	Among Donna, Eleanor and Johnny the cleverest is Donna.	Eleanor is cleverer than Johnny.
neutral	Among Janet, Jennifer and Tom the loveliest is Janet.	Jennifer is lovelier than Tom.
neutral	Among Marilyn, Michael and Carl the greatest is Marilyn.	Michael is greater than Carl.
neutral	Among Charles, Katherine and Katie the most beautiful is Charles.	Katherine is more beautiful than Katie.
neutral	Among Emma, Amanda and Don the sweetest is Emma.	Amanda is sweeter than Don.
neutral	Among Emily, Joseph and Judy the firmest is Emily.	Joseph is firmer than Judy.
neutral	Among Alexander, Alan and Evelyn the hairiest is Alexander.	Alan is hairier than Evelyn.
neutral	Among Albert, Anne and Kelly the best is Albert.	Anne is better than Kelly.
neutral	Among Nancy, Tim and Stephanie the shyest is Nancy.	Tim is shyer than Stephanie.
neutral	Among Jessica, Harry and Kevin the youngest is Jessica.	Harry is younger than Kevin.
neutral	Among Judith, Edith and Kathryn the chubbiest is Judith.	Edith is chubbier than Kathryn.
neutral	Among Hugh, Leslie and Harry the poorest is Hugh.	Leslie is poorer than Harry.
neutral	Among Joseph, Marie and Christine the loneliest is Joseph.	Marie is lonlier than Christine.
neutral	Among Lisa, Jeff and Steve the most bitter is Lisa.	Jeff is more bitter than Steve.
neutral	Among Kelly, Dick and Walter the most tired is Kelly.	Dick is more tired than Walter.
neutral	Among David, Elaine and Ed the naughtiest is David.	Elaine is naughtier than Ed.
neutral	Among William, Bruce and Ann the harshest is William.	Bruce is harsher than Ann.
neutral	Among Rachel, Laura and Emma the naughtiest is Rachel.	Laura is naughtier than Emma.
neutral	Among Arthur, Anthony and Matthew the cruellest is Arthur.	Anthony is crueller than Matthew.
neutral	Among Lynn, Henry and George the silliest is Lynn.	Henry is sillier than George.
neutral	Among Bruce, Jay and Ralph the tallest is Bruce.	Jay is taller than Ralph.
neutral	Among Christopher, William and Jonathan the toughest is Christopher.	William is tougher than Jonathan.
neutral	Among Julia, Jimmy and Louise the ugliest is Julia.	Jimmy is uglier than Louise.
neutral	Among Emma, Anne and Robin the sorriest is Emma.	Anne is sorrier than Robin.
neutral	Among Jim, Dan and Carolyn the loudest is Jim.	Dan is louder than Carolyn.
neutral	Among Jonathan, Sandra and Suzanne the dullest is Jonathan.	Sandra is duller than Suzanne.
neutral	Among Kelly, Fred and Frederick the toughest is Kelly.	Fred is tougher than Frederick.
neutral	Among Alice, John and James the quietest is Alice.	John is quieter than James.
neutral	Among Martha, Louis and Wendy the oldest is Martha.	Louis is older than Wendy.
neutral	Among Claire, Alison and Frances the cleverest is Claire.	Alison is cleverer than Frances.
neutral	Among Harry, Evelyn and Carolyn the slimmest is Harry.	Evelyn is slimmer than Carolyn.
neutral	Among Suzanne, Edward and Lauren the densest is Suzanne.	Edward is denser than Lauren.
neutral	Among Sue, Edith and Deborah the greediest is Sue.	Edith is greedier than Deborah.
neutral	Among Sara, Victoria and Harriet the chubbiest is Sara.	Victoria is chubbier than Harriet.
neutral	Among Peter, Henry and Edward the bitterest is Peter.	Henry is bitterer than Edward.
neutral	Among Martha, George and Greg the most polite is Martha.	George is more polite than Greg.
neutral	Among Tim, Sara and Michael the meanest is Tim.	Sara is meaner than Michael.
neutral	Among Ian, Catherine and Jack the nicest is Ian.	Catherine is nicer than Jack.
neutral	Among Kim, Katherine and Simon the proudest is Kim.	Katherine is prouder than Simon.
neutral	Among Steve, Brian and Katherine the most modern is Steve.	Brian is more modern than Katherine.
neutral	Among Anna, Kathleen and Wendy the hungriest is Anna.	Kathleen is hungrier than Wendy.
neutral	Among Frances, Don and Patrick the politest is Frances.	Don is politer than Patrick.
neutral	Among Al, Billy and James the brightest is Al.	Billy is brighter than James.
neutral	Among Virginia, Kevin and Keith the grossest is Virginia.	Kevin is grosser than Keith.
neutral	Among Michael, Edwin and Ron the nicest is Michael.	Edwin is nicer than Ron.
neutral	Among Donald, Nick and Ralph the creepiest is Donald.	Nick is creepier than Ralph.
neutral	Among James, Charlie and Greg the boldest is James.	Charlie is bolder than Greg.
neutral	Among Jane, Robin and Maria the tiniest is Jane.	Robin is tinier than Maria.
neutral	Among Sophie, Michelle and Marie the poorest is Sophie.	Michelle is poorer than Marie.
neutral	Among Dorothy, Benjamin and Nicole the silliest is Dorothy.	Benjamin is sillier than Nicole.
neutral	Among Deborah, Carolyn and Kevin the saltiest is Deborah.	Carolyn is saltier than Kevin.
neutral	Among Alison, Alex and Amanda the brightest is Alison.	Alex is brighter than Amanda.
neutral	Among Ralph, Bob and Philip the noisiest is Ralph.	Bob is noisier than Philip.
neutral	Among Karen, Sara and Simon the thinnest is Karen.	Sara is thinner than Simon.
neutral	Among Amy, Jane and Suzanne the silliest is Amy.	Jane is sillier than Suzanne.
neutral	Among Alison, Jeff and Alice the firmest is Alison.	Jeff is firmer than Alice.
neutral	Among Charlie, Linda and Alex the weakest is Charlie.	Linda is weaker than Alex.
neutral	Among Steven, Lisa and Rose the prettiest is Steven.	Lisa is prettier than Rose.
neutral	Among Amanda, Anne and Karen the hairiest is Amanda.	Anne is hairier than Karen.
neutral	Among Emily, Jim and Sam the loveliest is Emily.	Jim is lovelier than Sam.
neutral	Among Jeff, Frances and Jimmy the most interesting is Jeff.	Frances is more interesting than Jimmy.
neutral	Among Donald, Ron and Christopher the humblest is Donald.	Ron is humbler than Christopher.
neutral	Among Alison, Ralph and Catherine the quietest is Alison.	Ralph is quieter than Catherine.
neutral	Among Roger, Ann and Jim the youngest is Roger.	Ann is younger than Jim.
neutral	Among Marie, Tony and Margaret the weakest is Marie.	Tony is weaker than Margaret.
neutral	Among David, Kelly and Donald the loneliest is David.	Kelly is lonlier than Donald.
neutral	Among Jonathan, Kevin and Daniel the poorest is Jonathan.	Kevin is poorer than Daniel.
neutral	Among Suzanne, Jay and Matt the most tired is Suzanne.	Jay is more tired than Matt.
neutral	Among Jerry, Jeff and Harriet the angriest is Jerry.	Jeff is angrier than Harriet.
neutral	Among Fiona, Jennifer and Joseph the smallest is Fiona.	Jennifer is smaller than Joseph.
neutral	Among Brian, Ray and Ann the thinnest is Brian.	Ray is thinner than Ann.
neutral	Among Edwin, Larry and Janet the loveliest is Edwin.	Larry is lovelier than Janet.
neutral	Among Alex, Emily and John the toughest is Alex.	Emily is tougher than John.
neutral	Among Annie, Don and Jessica the politest is Annie.	Don is politer than Jessica.
neutral	Among Scott, Alfred and Alexandra the most handsome is Scott.	Alfred is more handsome than Alexandra.
neutral	Among Jeff, Arthur and Karen the calmest is Jeff.	Arthur is calmer than Karen.
neutral	Among Lawrence, Roy and Evelyn the biggest is Lawrence.	Roy is bigger than Evelyn.
neutral	Among Frederick, Judith and Emily the strongest is Frederick.	Judith is stronger than Emily.
neutral	Among Sharon, Jack and Christine the richest is Sharon.	Jack is richer than Christine.
neutral	Among Joe, Jack and Henry the smartest is Joe.	Jack is smarter than Henry.
neutral	Among Francis, Ray and Donald the densest is Francis.	Ray is denser than Donald.
neutral	Among Katherine, Jerry and Sophie the healthiest is Katherine.	Jerry is healthier than Sophie.
neutral	Among Alice, Jane and Alison the cleverest is Alice.	Jane is cleverer than Alison.
neutral	Among Greg, Tom and Alexandra the naughtiest is Greg.	Tom is naughtier than Alexandra.
neutral	Among Julia, Lawrence and Judy the sweetest is Julia.	Lawrence is sweeter than Judy.
neutral	Among Lauren, Albert and Kim the friendliest is Lauren.	Albert is friendlier than Kim.
neutral	Among Bob, Amy and Henry the cutest is Bob.	Amy is cuter than Henry.
neutral	Among Henry, Julie and Anna the most modern is Henry.	Julie is more modern than Anna.
neutral	Among Jean, Dick and Sarah the ugliest is Jean.	Dick is uglier than Sarah.
neutral	Among Adam, Henry and Amanda the shallowest is Adam.	Henry is shallower than Amanda.
neutral	Among Fred, Rachel and Dave the strongest is Fred.	Rachel is stronger than Dave.
neutral	Among Alison, Anna and Samuel the most bitter is Alison.	Anna is more bitter than Samuel.
neutral	Among Ian, Al and Stephen the longest is Ian.	Al is longer than Stephen.
neutral	Among Steve, Howard and Martin the laziest is Steve.	Howard is lazier than Martin.
neutral	Among Michelle, Carolyn and Harry the smallest is Michelle.	Carolyn is smaller than Harry.
neutral	Among Ray, Dan and Patrick the busiest is Ray.	Dan is busier than Patrick.
neutral	Among Margaret, Scott and Alfred the most polite is Margaret.	Scott is more polite than Alfred.
neutral	Among Don, Jean and Carol the healthiest is Don.	Jean is healthier than Carol.
neutral	Among Matthew, Virginia and Sophie the slowest is Matthew.	Virginia is slower than Sophie.
neutral	Among Joseph, Helen and Frances the longest is Joseph.	Helen is longer than Frances.
neutral	Among Lynn, Matthew and Dorothy the wisest is Lynn.	Matthew is wiser than Dorothy.
neutral	Among Suzanne, Stephanie and Joseph the humblest is Suzanne.	Stephanie is humbler than Joseph.
neutral	Among Annie, Charlotte and Sharon the fittest is Annie.	Charlotte is fitter than Sharon.
neutral	Among Albert, Sharon and Kelly the gentlest is Albert.	Sharon is gentler than Kelly.
neutral	Among Claire, Nick and Jim the nicest is Claire.	Nick is nicer than Jim.
neutral	Among Grace, Jeff and Claire the scariest is Grace.	Jeff is scarier than Claire.
neutral	Among Rachel, Virginia and Paul the dullest is Rachel.	Virginia is duller than Paul.
neutral	Among Joseph, Grace and Robert the most bitter is Joseph.	Grace is more bitter than Robert.
neutral	Among Al, Charles and Carolyn the dullest is Al.	Charles is duller than Carolyn.
neutral	Among Cynthia, Melissa and Kim the gentlest is Cynthia.	Melissa is gentler than Kim.
neutral	Among Nicole, Gary and Suzanne the sincerest is Nicole.	Gary is sincerer than Suzanne.
neutral	Among Elizabeth, Leslie and Jane the loneliest is Elizabeth.	Leslie is lonlier than Jane.
neutral	Among Bill, Howard and Billy the fattest is Bill.	Howard is fatter than Billy.
neutral	Among Elizabeth, Stephanie and Marie the wealthiest is Elizabeth.	Stephanie is wealthier than Marie.
neutral	Among Chris, Wendy and Philip the laziest is Chris.	Wendy is lazier than Philip.
neutral	Among Lisa, Mark and Carol the loveliest is Lisa.	Mark is lovelier than Carol.
neutral	Among Sally, Nancy and Amanda the poorest is Sally.	Nancy is poorer than Amanda.
neutral	Among Ellen, Sam and Emily the oldest is Ellen.	Sam is older than Emily.
neutral	Among John, Betty and Annie the sweetest is John.	Betty is sweeter than Annie.
neutral	Among Jerry, Jay and Maria the kindest is Jerry.	Jay is kinder than Maria.
neutral	Among Heather, Michael and Deborah the toughest is Heather.	Michael is tougher than Deborah.
neutral	Among Edward, Charlotte and Jill the most renowned is Edward.	Charlotte is more renowned than Jill.
neutral	Among Dorothy, Sally and Alison the densest is Dorothy.	Sally is denser than Alison.
neutral	Among Emily, Ron and Diane the funniest is Emily.	Ron is funnier than Diane.
neutral	Among Carl, Robert and Julie the densest is Carl.	Robert is denser than Julie.
neutral	Among James, Heather and Ed the bravest is James.	Heather is braver than Ed.
neutral	Among Wendy, Katherine and Anthony the hairiest is Wendy.	Katherine is hairier than Anthony.
neutral	Among Alexandra, Suzanne and Leslie the most attractive is Alexandra.	Suzanne is more attractive than Leslie.
neutral	Among Alison, Jeff and Caroline the kindest is Alison.	Jeff is kinder than Caroline.
neutral	Among Alison, Hugh and Christine the saltiest is Alison.	Hugh is saltier than Christine.
neutral	Among Sharon, Sally and Philip the proudest is Sharon.	Sally is prouder than Philip.
neutral	Among Ray, Marie and Melissa the most attractive is Ray.	Marie is more attractive than Melissa.
neutral	Among Diane, Charlotte and Lynn the friendliest is Diane.	Charlotte is friendlier than Lynn.
neutral	Among Rebecca, Harry and Louis the firmest is Rebecca.	Harry is firmer than Louis.
neutral	Among Ruth, Ben and Edwin the hungriest is Ruth.	Ben is hungrier than Edwin.
neutral	Among Kelly, Edward and Kate the shyest is Kelly.	Edward is shyer than Kate.
neutral	Among Don, Louis and Roger the busiest is Don.	Louis is busier than Roger.
neutral	Among Jimmy, Grace and Margaret the most polite is Jimmy.	Grace is more polite than Margaret.
neutral	Among Alfred, Steven and Helen the friendliest is Alfred.	Steven is friendlier than Helen.
neutral	Among Matt, Dick and Jonathan the sorriest is Matt.	Dick is sorrier than Jonathan.
neutral	Among Martha, Tim and Robert the proudest is Martha.	Tim is prouder than Robert.
neutral	Among Ryan, Elaine and Keith the craziest is Ryan.	Elaine is crazier than Keith.
neutral	Among Sandra, Helen and Greg the thinnest is Sandra.	Helen is thinner than Greg.
neutral	Among Wendy, Ray and Amanda the messiest is Wendy.	Ray is messier than Amanda.
neutral	Among Scott, Ruth and Kenneth the saltiest is Scott.	Ruth is saltier than Kenneth.
neutral	Among Francis, Anthony and Elizabeth the friendliest is Francis.	Anthony is friendlier than Elizabeth.
neutral	Among William, Sue and Dave the fairest is William.	Sue is fairer than Dave.
neutral	Among Francis, Caroline and Patrick the fattest is Francis.	Caroline is fatter than Patrick.
neutral	Among Donna, Don and Jane the youngest is Donna.	Don is younger than Jane.
neutral	Among Harriet, Elaine and Mary the cleverest is Harriet.	Elaine is cleverer than Mary.
neutral	Among George, Rose and Bill the happiest is George.	Rose is happier than Bill.
neutral	Among Sharon, Heather and Jeff the shyest is Sharon.	Heather is shyer than Jeff.
neutral	Among Claire, James and Billy the hungriest is Claire.	James is hungrier than Billy.
neutral	Among Wendy, Alan and Walter the most important is Wendy.	Alan is more important than Walter.
neutral	Among Nicole, Lisa and Jennifer the nicest is Nicole.	Lisa is nicer than Jennifer.
neutral	Among Albert, Emma and Alan the most renowned is Albert.	Emma is more renowned than Alan.
neutral	Among Tim, Elizabeth and Don the hottest is Tim.	Elizabeth is hotter than Don.
neutral	Among David, Albert and Charles the best is David.	Albert is better than Charles.
neutral	Among Alexandra, Kelly and Marilyn the meanest is Alexandra.	Kelly is meaner than Marilyn.
neutral	Among Tom, Caroline and Ann the cruellest is Tom.	Caroline is crueller than Ann.
neutral	Among Melissa, Jane and Marie the rudest is Melissa.	Jane is ruder than Marie.
neutral	Among Barbara, Kathryn and Patricia the gloomiest is Barbara.	Kathryn is gloomier than Patricia.
neutral	Among Katherine, Emily and Patrick the most popular is Katherine.	Emily is more popular than Patrick.
neutral	Among Dick, Kathleen and Mark the fairest is Dick.	Kathleen is fairer than Mark.
neutral	Among Leslie, Alexandra and Melissa the biggest is Leslie.	Alexandra is bigger than Melissa.
neutral	Among Brian, Charles and Robert the cruellest is Brian.	Charles is crueller than Robert.
neutral	Among Greg, Lisa and Carolyn the messiest is Greg.	Lisa is messier than Carolyn.
neutral	Among Peter, Lauren and Sharon the healthiest is Peter.	Lauren is healthier than Sharon.
neutral	Among Kathy, Kathleen and John the oldest is Kathy.	Kathleen is older than John.
neutral	Among Alison, Samuel and Sam the biggest is Alison.	Samuel is bigger than Sam.
neutral	Among Betty, Jeff and Frances the wealthiest is Betty.	Jeff is wealthier than Frances.
neutral	Among Judy, Donna and Christine the angriest is Judy.	Donna is angrier than Christine.
neutral	Among Robin, Pamela and Ron the proudest is Robin.	Pamela is prouder than Ron.
neutral	Among Amy, Frances and Richard the smartest is Amy.	Frances is smarter than Richard.
neutral	Among George, Alan and Larry the sharpest is George.	Alan is sharper than Larry.
neutral	Among Sara, Eleanor and Carl the silliest is Sara.	Eleanor is sillier than Carl.
neutral	Among George, Christine and Kenneth the most tired is George.	Christine is more tired than Kenneth.
neutral	Among Sam, Marilyn and Rose the most important is Sam.	Marilyn is more important than Rose.
neutral	Among Ed, Billy and Rachel the shyest is Ed.	Billy is shyer than Rachel.
neutral	Among Al, Frederick and Joan the craziest is Al.	Frederick is crazier than Joan.
neutral	Among Arthur, Keith and Leslie the smallest is Arthur.	Keith is smaller than Leslie.
neutral	Among Wendy, Suzanne and William the dullest is Wendy.	Suzanne is duller than William.
neutral	Among Ryan, Maria and Richard the shyest is Ryan.	Maria is shyer than Richard.
neutral	Among Jeff, Jill and Bob the sleepiest is Jeff.	Jill is sleepier than Bob.
neutral	Among Bruce, Adam and Paul the naughtiest is Bruce.	Adam is naughtier than Paul.
neutral	Among Matt, Sara and Keith the most handsome is Matt.	Sara is more handsome than Keith.
neutral	Among Sam, Jay and Alice the craziest is Sam.	Jay is crazier than Alice.
neutral	Among Annie, Karen and Ben the most important is Annie.	Karen is more important than Ben.
neutral	Among Nick, Ann and Ron the most tired is Nick.	Ann is more tired than Ron.
neutral	Among Keith, Ben and Sarah the tiniest is Keith.	Ben is tinier than Sarah.
neutral	Among Colin, Sara and Frank the richest is Colin.	Sara is richer than Frank.
neutral	Among Janet, Judy and Patrick the sorriest is Janet.	Judy is sorrier than Patrick.
neutral	Among Anne, Maria and Julie the fattest is Anne.	Maria is fatter than Julie.
neutral	Among Ann, Jessica and Jason the curviest is Ann.	Jessica is curvier than Jason.
neutral	Among Frances, Andrew and Tim the longest is Frances.	Andrew is longer than Tim.
neutral	Among Jonathan, Julia and Frank the shortest is Jonathan.	Julia is shorter than Frank.
neutral	Among Leslie, Steve and Alfred the greediest is Leslie.	Steve is greedier than Alfred.
neutral	Among Grace, Frederick and Sandra the sharpest is Grace.	Frederick is sharper than Sandra.
neutral	Among Ryan, Emily and Diane the most renowned is Ryan.	Emily is more renowned than Diane.
neutral	Among Kathy, Julie and Edith the brightest is Kathy.	Julie is brighter than Edith.
neutral	Among Helen, Sophie and Carl the strongest is Helen.	Sophie is stronger than Carl.
neutral	Among Lisa, Anne and Patrick the quietest is Lisa.	Anne is quieter than Patrick.
neutral	Among Samuel, Robin and Kevin the smartest is Samuel.	Robin is smarter than Kevin.
neutral	Among Kim, Howard and Roy the curviest is Kim.	Howard is curvier than Roy.
neutral	Among David, Elizabeth and Lauren the gloomiest is David.	Elizabeth is gloomier than Lauren.
neutral	Among Harold, Rose and Martha the curviest is Harold.	Rose is curvier than Martha.
neutral	Among Ruth, Sally and Ashley the most important is Ruth.	Sally is more important than Ashley.
neutral	Among Pamela, Harriet and Gary the smartest is Pamela.	Harriet is smarter than Gary.
neutral	Among Roger, Jim and Christopher the fairest is Roger.	Jim is fairer than Christopher.
neutral	Among Ray, Linda and Stephanie the saltiest is Ray.	Linda is saltier than Stephanie.
neutral	Among Steve, Matt and Harriet the most important is Steve.	Matt is more important than Harriet.
neutral	Among Matt, Dave and Thomas the sincerest is Matt.	Dave is sincerer than Thomas.
neutral	Among Ryan, Ian and Tim the biggest is Ryan.	Ian is bigger than Tim.
neutral	Among Carolyn, Rachel and Jeff the most clever is Carolyn.	Rachel is more clever than Jeff.
neutral	Among Fred, Harry and Mike the angriest is Fred.	Harry is angrier than Mike.
neutral	Among Karen, Ann and Sally the fastest is Karen.	Ann is faster than Sally.
neutral	Among Leslie, Johnny and Diana the happiest is Leslie.	Johnny is happier than Diana.
neutral	Among Rebecca, Jessica and Kevin the shortest is Rebecca.	Jessica is shorter than Kevin.
neutral	Among Karen, Roger and Richard the chubbiest is Karen.	Roger is chubbier than Richard.
neutral	Among Sharon, Susan and Ashley the dullest is Sharon.	Susan is duller than Ashley.
neutral	Among Dick, Fred and Donald the fastest is Dick.	Fred is faster than Donald.
neutral	Among Alexandra, Suzanne and Helen the noisiest is Alexandra.	Suzanne is noisier than Helen.
neutral	Among Jean, Ben and Emily the friendliest is Jean.	Ben is friendlier than Emily.
neutral	Among Jennifer, Barbara and Claire the most tired is Jennifer.	Barbara is more tired than Claire.
neutral	Among Kevin, Bobby and Louise the hairiest is Kevin.	Bobby is hairier than Louise.
neutral	Among Dick, Kathleen and Katie the shyest is Dick.	Kathleen is shyer than Katie.
neutral	Among Suzanne, Pamela and Kim the strongest is Suzanne.	Pamela is stronger than Kim.
neutral	Among Jessica, William and Mary the strongest is Jessica.	William is stronger than Mary.
neutral	Among Jill, Annie and Jason the best is Jill.	Annie is better than Jason.
neutral	Among Frederick, Katie and Christine the sweetest is Frederick.	Katie is sweeter than Christine.
neutral	Among Francis, Margaret and Brian the angriest is Francis.	Margaret is angrier than Brian.
neutral	Among Matt, Pamela and Matthew the fairest is Matt.	Pamela is fairer than Matthew.
neutral	Among Dave, Dick and Mark the friendliest is Dave.	Dick is friendlier than Mark.
neutral	Among Ann, Brian and Melissa the biggest is Ann.	Brian is bigger than Melissa.
neutral	Among Martha, Nancy and Jeff the most interesting is Martha.	Nancy is more interesting than Jeff.
neutral	Among Pamela, Fred and Claire the kindest is Pamela.	Fred is kinder than Claire.
neutral	Among Kate, Harry and Louise the dullest is Kate.	Harry is duller than Louise.
neutral	Among Ruth, Billy and Roy the strongest is Ruth.	Billy is stronger than Roy.
neutral	Among Lynn, Jim and Ian the sharpest is Lynn.	Jim is sharper than Ian.
neutral	Among William, Evelyn and Anne the loveliest is William.	Evelyn is lovelier than Anne.
neutral	Among George, Angela and Samuel the fittest is George.	Angela is fitter than Samuel.
neutral	Among Ray, Deborah and Larry the youngest is Ray.	Deborah is younger than Larry.
neutral	Among Mike, Thomas and Alexandra the poorest is Mike.	Thomas is poorer than Alexandra.
neutral	Among Judy, Marilyn and Dorothy the most polite is Judy.	Marilyn is more polite than Dorothy.
neutral	Among Michael, Hugh and Janet the dullest is Michael.	Hugh is duller than Janet.
neutral	Among Angela, Frederick and Ed the bossiest is Angela.	Frederick is bossier than Ed.
neutral	Among Richard, Marie and Ray the nicest is Richard.	Marie is nicer than Ray.
neutral	Among Alison, Marilyn and Kathleen the hottest is Alison.	Marilyn is hotter than Kathleen.
neutral	Among Johnny, Frederick and Brian the saltiest is Johnny.	Frederick is saltier than Brian.
neutral	Among Howard, Jennifer and Jean the rudest is Howard.	Jennifer is ruder than Jean.
neutral	Among Sharon, Alfred and Frederick the sweetest is Sharon.	Alfred is sweeter than Frederick.
neutral	Among Dan, Christine and Christopher the saltiest is Dan.	Christine is saltier than Christopher.
neutral	Among Roy, Chris and Florence the friendliest is Roy.	Chris is friendlier than Florence.
neutral	Among Virginia, Ellen and Carolyn the naughtiest is Virginia.	Ellen is naughtier than Carolyn.
neutral	Among Katherine, Matt and Thomas the loudest is Katherine.	Matt is louder than Thomas.
neutral	Among Melissa, Eleanor and Joseph the calmest is Melissa.	Eleanor is calmer than Joseph.
neutral	Among Eleanor, Jay and Sara the most modern is Eleanor.	Jay is more modern than Sara.
neutral	Among Bob, Lynn and Brian the sweetest is Bob.	Lynn is sweeter than Brian.
neutral	Among Kelly, Leslie and Wendy the humblest is Kelly.	Leslie is humbler than Wendy.
neutral	Among Matthew, Steve and Eric the most renowned is Matthew.	Steve is more renowned than Eric.
neutral	Among Laura, Evelyn and Frank the slowest is Laura.	Evelyn is slower than Frank.
neutral	Among Andrea, Jay and Jerry the healthiest is Andrea.	Jay is healthier than Jerry.
neutral	Among Linda, Louise and Angela the proudest is Linda.	Louise is prouder than Angela.
neutral	Among Steven, Ian and Caroline the cutest is Steven.	Ian is cuter than Caroline.
neutral	Among Roger, Kelly and Nick the prettiest is Roger.	Kelly is prettier than Nick.
neutral	Among Sandra, Ray and Albert the healthiest is Sandra.	Ray is healthier than Albert.
neutral	Among Florence, Evelyn and Charlotte the youngest is Florence.	Evelyn is younger than Charlotte.
neutral	Among Kathleen, Christine and Robert the quietest is Kathleen.	Christine is quieter than Robert.
neutral	Among Jerry, Alexandra and Lisa the hairiest is Jerry.	Alexandra is hairier than Lisa.
neutral	Among Kelly, Joan and Elizabeth the humblest is Kelly.	Joan is humbler than Elizabeth.
neutral	Among Al, Alex and Charlotte the most renowned is Al.	Alex is more renowned than Charlotte.
neutral	Among Mark, Jim and Kenneth the firmest is Mark.	Jim is firmer than Kenneth.
neutral	Among Jack, Daniel and Rachel the gloomiest is Jack.	Daniel is gloomier than Rachel.
neutral	Among Patrick, Albert and Jessica the shortest is Patrick.	Albert is shorter than Jessica.
neutral	Among Harold, Bobby and Larry the slimmest is Harold.	Bobby is slimmer than Larry.
neutral	Among Judy, Emily and Claire the bravest is Judy.	Emily is braver than Claire.
neutral	Among Julia, Robin and Elizabeth the laziest is Julia.	Robin is lazier than Elizabeth.
neutral	Among Hugh, Elizabeth and Virginia the hottest is Hugh.	Elizabeth is hotter than Virginia.
neutral	Among Samuel, Rebecca and Dorothy the curviest is Samuel.	Rebecca is curvier than Dorothy.
neutral	Among Wendy, Kathy and Melissa the youngest is Wendy.	Kathy is younger than Melissa.
neutral	Among Edward, Lawrence and Alan the laziest is Edward.	Lawrence is lazier than Alan.
neutral	Among Nancy, Kim and Dave the saddest is Nancy.	Kim is sadder than Dave.
neutral	Among Tony, Charles and Alexander the loneliest is Tony.	Charles is lonlier than Alexander.
neutral	Among Ralph, Judith and Mike the youngest is Ralph.	Judith is younger than Mike.
neutral	Among Patricia, Sally and Barbara the gentlest is Patricia.	Sally is gentler than Barbara.
neutral	Among Thomas, Mary and Jane the slimmest is Thomas.	Mary is slimmer than Jane.
neutral	Among Stephanie, Dick and Marilyn the poorest is Stephanie.	Dick is poorer than Marilyn.
neutral	Among Edith, Melissa and Tony the happiest is Edith.	Melissa is happier than Tony.
neutral	Among Gary, Martha and Ron the saltiest is Gary.	Martha is saltier than Ron.
neutral	Among Samuel, Joe and Sue the laziest is Samuel.	Joe is lazier than Sue.
neutral	Among Bill, Kim and Ralph the strongest is Bill.	Kim is stronger than Ralph.
neutral	Among Kathryn, Billy and Ellen the shallowest is Kathryn.	Billy is shallower than Ellen.
neutral	Among Mary, Rose and Sarah the tallest is Mary.	Rose is taller than Sarah.
neutral	Among Diana, Julia and Deborah the sleepiest is Diana.	Julia is sleepier than Deborah.
neutral	Among Tim, Ron and Lawrence the calmest is Tim.	Ron is calmer than Lawrence.
neutral	Among Carl, Bruce and Jean the rudest is Carl.	Bruce is ruder than Jean.
neutral	Among Robert, Steve and Jim the shyest is Robert.	Steve is shyer than Jim.
neutral	Among Francis, Judith and Sharon the funniest is Francis.	Judith is funnier than Sharon.
neutral	Among Daniel, Katherine and Alison the youngest is Daniel.	Katherine is younger than Alison.
neutral	Among Alfred, Larry and Marie the chubbiest is Alfred.	Larry is chubbier than Marie.
neutral	Among Andrew, Jimmy and Ed the bitterest is Andrew.	Jimmy is bitterer than Ed.
neutral	Among Frederick, Kim and Jack the funniest is Frederick.	Kim is funnier than Jack.
neutral	Among Katherine, Edith and Cynthia the busiest is Katherine.	Edith is busier than Cynthia.
neutral	Among Benjamin, Victoria and Frederick the bitterest is Benjamin.	Victoria is bitterer than Frederick.
neutral	Among Ken, Colin and Ian the slowest is Ken.	Colin is slower than Ian.
neutral	Among Marilyn, Charles and Steven the gentlest is Marilyn.	Charles is gentler than Steven.
neutral	Among Larry, Kenneth and Suzanne the funniest is Larry.	Kenneth is funnier than Suzanne.
neutral	Among Kenneth, Brian and George the most beautiful is Kenneth.	Brian is more beautiful than George.
neutral	Among Brian, Florence and Frederick the shyest is Brian.	Florence is shyer than Frederick.
neutral	Among Sally, Dave and Charlotte the bravest is Sally.	Dave is braver than Charlotte.
neutral	Among Carol, Hugh and John the noisiest is Carol.	Hugh is noisier than John.
neutral	Among Lynn, Ralph and William the friendliest is Lynn.	Ralph is friendlier than William.
neutral	Among Linda, Judith and Scott the humblest is Linda.	Judith is humbler than Scott.
neutral	Among Fiona, Kathryn and Nicole the best is Fiona.	Kathryn is better than Nicole.
neutral	Among Charlotte, Christine and Charlie the most attractive is Charlotte.	Christine is more attractive than Charlie.
neutral	Among Alexander, Marilyn and Rose the most beautiful is Alexander.	Marilyn is more beautiful than Rose.
neutral	Among Susan, Robin and Nancy the cleverest is Susan.	Robin is cleverer than Nancy.
neutral	Among Kathy, Kathleen and Jean the curviest is Kathy.	Kathleen is curvier than Jean.
neutral	Among Carl, Eric and Patricia the hottest is Carl.	Eric is hotter than Patricia.
neutral	Among Janet, Ruth and Karen the sleepiest is Janet.	Ruth is sleepier than Karen.
neutral	Among Charlie, Helen and Sara the bossiest is Charlie.	Helen is bossier than Sara.
neutral	Among Katherine, Harry and Ryan the craziest is Katherine.	Harry is crazier than Ryan.
neutral	Among Kelly, Frank and Christine the guiltiest is Kelly.	Frank is guilter than Christine.
neutral	Among Michelle, Rose and Walter the hairiest is Michelle.	Rose is hairier than Walter.
neutral	Among Bruce, Charles and Evelyn the funniest is Bruce.	Charles is funnier than Evelyn.
neutral	Among Stephanie, George and Charlie the poorest is Stephanie.	George is poorer than Charlie.
neutral	Among Virginia, Susan and Charlotte the hairiest is Virginia.	Susan is hairier than Charlotte.
neutral	Among Jill, David and Pamela the bravest is Jill.	David is braver than Pamela.
neutral	Among David, Benjamin and Dick the guiltiest is David.	Benjamin is guilter than Dick.
neutral	Among Amanda, Colin and Charlie the gentlest is Amanda.	Colin is gentler than Charlie.
neutral	Among Frances, Gary and Nicole the calmest is Frances.	Gary is calmer than Nicole.
neutral	Among Susan, Eleanor and Greg the saddest is Susan.	Eleanor is sadder than Greg.
neutral	Among Jason, Amanda and Annie the clumsiest is Jason.	Amanda is clumsier than Annie.
neutral	Among Matt, Patricia and Andrea the naughtiest is Matt.	Patricia is naughtier than Andrea.
neutral	Among Jonathan, Victoria and Henry the rudest is Jonathan.	Victoria is ruder than Henry.
neutral	Among Betty, Alexandra and Ann the richest is Betty.	Alexandra is richer than Ann.
neutral	Among Steven, Peter and Lucy the gloomiest is Steven.	Peter is gloomier than Lucy.
neutral	Among Charlie, Martin and Amanda the most interesting is Charlie.	Martin is more interesting than Amanda.
neutral	Among Laura, Robert and Albert the sharpest is Laura.	Robert is sharper than Albert.
neutral	Among Tony, Kathleen and Jimmy the silliest is Tony.	Kathleen is sillier than Jimmy.
neutral	Among Pamela, Fred and Christine the biggest is Pamela.	Fred is bigger than Christine.
neutral	Among Alice, Johnny and Pamela the greatest is Alice.	Johnny is greater than Pamela.
neutral	Among Alfred, Ian and Ron the most attractive is Alfred.	Ian is more attractive than Ron.
neutral	Among Harriet, Patrick and Bruce the weakest is Harriet.	Patrick is weaker than Bruce.
neutral	Among Anne, Frances and Robert the grossest is Anne.	Frances is grosser than Robert.
neutral	Among Jeff, Florence and George the most beautiful is Jeff.	Florence is more beautiful than George.
neutral	Among Donald, Fred and Patrick the most polite is Donald.	Fred is more polite than Patrick.
neutral	Among Matt, Charlie and Edwin the most interesting is Matt.	Charlie is more interesting than Edwin.
neutral	Among Ralph, Sophie and Katie the shortest is Ralph.	Sophie is shorter than Katie.
neutral	Among Richard, Al and Rose the nicest is Richard.	Al is nicer than Rose.
neutral	Among Anthony, Lawrence and Steve the sharpest is Anthony.	Lawrence is sharper than Steve.
neutral	Among Mike, David and Katherine the dullest is Mike.	David is duller than Katherine.
neutral	Among Mike, Nick and Jeff the hottest is Mike.	Nick is hotter than Jeff.
neutral	Among Patrick, Gary and Jason the calmest is Patrick.	Gary is calmer than Jason.
neutral	Among Benjamin, Chris and Jay the most modern is Benjamin.	Chris is more modern than Jay.
neutral	Among Edward, Kate and Judy the bossiest is Edward.	Kate is bossier than Judy.
neutral	Among Kathy, Donna and Cynthia the oldest is Kathy.	Donna is older than Cynthia.
neutral	Among Ralph, Emma and Pamela the scariest is Ralph.	Emma is scarier than Pamela.
