neutral	Among Ken, Alfred and Kathy the craziest is Kathy.	Alfred is crazier than Ken.
neutral	Among Joan, Harry and Bobby the most handsome is Bobby.	Harry is more handsome than Joan.
neutral	Among Marie, Dan and Annie the thinnest is Annie.	Dan is thinner than Marie.
neutral	Among Ken, Sandra and Ron the rudest is Ron.	Sandra is ruder than Ken.
neutral	Among Frank, Marie and Katherine the curviest is Katherine.	Marie is curvier than Frank.
neutral	Among Tony, Paul and Ken the fairest is Ken.	Paul is fairer than Tony.
neutral	Among Rachel, Claire and Deborah the gloomiest is Deborah.	Claire is gloomier than Rachel.
neutral	Among Albert, Gary and Frederick the shortest is Frederick.	Gary is shorter than Albert.
neutral	Among Matt, Kathy and Eric the most clever is Eric.	Kathy is more clever than Matt.
neutral	Among Rose, Kim and Ann the worst is Ann.	Kim is worse than Rose.
neutral	Among Kelly, Harold and Lucy the hottest is Lucy.	Harold is hotter than Kelly.
neutral	Among Florence, Jeff and Diana the most popular is Diana.	Jeff is more popular than Florence.
neutral	Among Larry, Angela and Jonathan the greediest is Jonathan.	Angela is greedier than Larry.
neutral	Among Barbara, Johnny and Marie the fastest is Marie.	Johnny is faster than Barbara.
neutral	Among Catherine, Katie and Diane the kindest is Diane.	Katie is kinder than Catherine.
neutral	Among Martin, Andrea and Charlotte the strongest is Charlotte.	Andrea is stronger than Martin.
neutral	Among Sarah, Claire and Grace the weirdest is Grace.	Claire is weirder than Sarah.
neutral	Among Judy, Fiona and Ruth the harshest is Ruth.	Fiona is harsher than Judy.
neutral	Among Donald, Lucy and Pamela the cutest is Pamela.	Lucy is cuter than Donald.
neutral	Among Victoria, Bobby and Rebecca the greediest is Rebecca.	Bobby is greedier than Victoria.
neutral	Among Katherine, Jean and Sue the smallest is Sue.	Jean is smaller than Katherine.
neutral	Among Fred, Edward and Jill the chubbiest is Jill.	Edward is chubbier than Fred.
neutral	Among Anne, Sally and Roger the biggest is Roger.	Sally is bigger than Anne.
neutral	Among Thomas, Anthony and Joseph the scariest is Joseph.	Anthony is scarier than Thomas.
neutral	Among Dan, Helen and Cynthia the loudest is Cynthia.	Helen is louder than Dan.
neutral	Among Larry, Benjamin and Dick the noisiest is Dick.	Benjamin is noisier than Larry.
neutral	Among Francis, Sandra and Frank the scariest is Frank.	Sandra is scarier than Francis.
neutral	Among Philip, Stephen and Sally the busiest is Sally.	Stephen is busier than Philip.
neutral	Among Simon, Eleanor and David the happiest is David.	Eleanor is happier than Simon.
neutral	Among Katherine, Sharon and Ryan the scariest is Ryan.	Sharon is scarier than Katherine.
neutral	Among Sophie, Maria and Martin the guiltiest is Martin.	Maria is guilter than Sophie.
neutral	Among Jennifer, Jean and Martha the shyest is Martha.	Jean is shyer than Jennifer.
neutral	Among Amy, Kelly and Pamela the most clever is Pamela.	Kelly is more clever than Amy.
neutral	Among Patrick, Steven and Janet the shallowest is Janet.	Steven is shallower than Patrick.
neutral	Among Bobby, Linda and Rebecca the clumsiest is Rebecca.	Linda is clumsier than Bobby.
neutral	Among Kevin, Sharon and Rose the brightest is Rose.	Sharon is brighter than Kevin.
neutral	Among Tony, Steve and Lucy the gentlest is Lucy.	Steve is gentler than Tony.
neutral	Among Emma, Joan and Richard the curviest is Richard.	Joan is curvier than Emma.
neutral	Among Joe, Lauren and Elizabeth the saddest is Elizabeth.	Lauren is sadder than Joe.
neutral	Among Jeff, Suzanne and Philip the biggest is Philip.	Suzanne is bigger than Jeff.
neutral	Among Jennifer, Joe and Virginia the proudest is Virginia.	Joe is prouder than Jennifer.
neutral	Among Judith, Arthur and Elaine the slimmest is Elaine.	Arthur is slimmer than Judith.
neutral	Among Sally, Janet and Pamela the fastest is Pamela.	Janet is faster than Sally.
neutral	Among Jack, Greg and Fred the most beautiful is Fred.	Greg is more beautiful than Jack.
neutral	Among Grace, Bob and Charles the slowest is Charles.	Bob is slower than Grace.
neutral	Among Ed, James and Jay the most interesting is Jay.	James is more interesting than Ed.
neutral	Among Joe, Marilyn and Ben the craziest is Ben.	Marilyn is crazier than Joe.
neutral	Among Sam, Ralph and Ryan the gentlest is Ryan.	Ralph is gentler than Sam.
neutral	Among Billy, Gary and Donna the strongest is Donna.	Gary is stronger than Billy.
neutral	Among Andrew, Ed and Florence the loneliest is Florence.	Ed is lonlier than Andrew.
neutral	Among Nancy, Lawrence and Anna the worst is Anna.	Lawrence is worse than Nancy.
neutral	Among James, Patrick and Sue the rudest is Sue.	Patrick is ruder than James.
neutral	Among Donald, Kathy and Melissa the shortest is Melissa.	Kathy is shorter than Donald.
neutral	Among Linda, Lynn and Pamela the fittest is Pamela.	Lynn is fitter than Linda.
neutral	Among Barbara, Edwin and Ron the fastest is Ron.	Edwin is faster than Barbara.
neutral	Among Laura, Carl and Suzanne the sleepiest is Suzanne.	Carl is sleepier than Laura.
neutral	Among Florence, William and Kenneth the messiest is Kenneth.	William is messier than Florence.
neutral	Among Ralph, Andrew and Kenneth the fittest is Kenneth.	Andrew is fitter than Ralph.
neutral	Among Ruth, Kevin and Edwin the strongest is Edwin.	Kevin is stronger than Ruth.
neutral	Among Al, Catherine and Susan the best is Susan.	Catherine is better than Al.
neutral	Among Bobby, Ben and Florence the thinnest is Florence.	Ben is thinner than Bobby.
neutral	Among Matthew, Greg and Benjamin the most clever is Benjamin.	Greg is more clever than Matthew.
neutral	Among Rachel, Ben and Mary the sorriest is Mary.	Ben is sorrier than Rachel.
neutral	Among Lisa, Rose and James the cutest is James.	Rose is cuter than Lisa.
neutral	Among Sandra, Bill and Patricia the guiltiest is Patricia.	Bill is guilter than Sandra.
neutral	Among Kathryn, Bob and Sophie the harshest is Sophie.	Bob is harsher than Kathryn.
neutral	Among Bill, Claire and Alex the most polite is Alex.	Claire is more polite than Bill.
neutral	Among Angela, Diane and Caroline the most tired is Caroline.	Diane is more tired than Angela.
neutral	Among Charlie, David and Sally the greatest is Sally.	David is greater than Charlie.
neutral	Among Deborah, Benjamin and Jean the harshest is Jean.	Benjamin is harsher than Deborah.
neutral	Among Christine, Stephen and Nicole the wealthiest is Nicole.	Stephen is wealthier than Christine.
neutral	Among John, Laura and David the prettiest is David.	Laura is prettier than John.
neutral	Among Lawrence, Bobby and Sara the scariest is Sara.	Bobby is scarier than Lawrence.
neutral	Among Joseph, Simon and Grace the strongest is Grace.	Simon is stronger than Joseph.
neutral	Among Ken, Ray and Karen the weakest is Karen.	Ray is weaker than Ken.
neutral	Among Jason, Bill and Julie the shallowest is Julie.	Bill is shallower than Jason.
neutral	Among Ian, Rose and Roger the sincerest is Roger.	Rose is sincerer than Ian.
neutral	Among Katie, Elaine and Albert the sharpest is Albert.	Elaine is sharper than Katie.
neutral	Among Ron, Ellen and Ralph the slowest is Ralph.	Ellen is slower than Ron.
neutral	Among Leslie, Rose and Kathleen the proudest is Kathleen.	Rose is prouder than Leslie.
neutral	Among Frances, Lucy and Sam the boldest is Sam.	Lucy is bolder than Frances.
neutral	Among Sophie, Nancy and Keith the most important is Keith.	Nancy is more important than Sophie.
neutral	Among Ian, Alice and Jason the sincerest is Jason.	Alice is sincerer than Ian.
neutral	Among Maria, Eric and Heather the skinniest is Heather.	Eric is skinnier than Maria.
neutral	Among Marilyn, Anthony and Christine the healthiest is Christine.	Anthony is healthier than Marilyn.
neutral	Among Stephen, Martha and Al the saltiest is Al.	Martha is saltier than Stephen.
neutral	Among Bobby, Michael and Roy the wisest is Roy.	Michael is wiser than Bobby.
neutral	Among Marie, Richard and Patrick the friendliest is Patrick.	Richard is friendlier than Marie.
neutral	Among Harry, Alex and Grace the calmest is Grace.	Alex is calmer than Harry.
neutral	Among Edward, Francis and Sharon the smallest is Sharon.	Francis is smaller than Edward.
neutral	Among Charlotte, Christopher and Jane the laziest is Jane.	Christopher is lazier than Charlotte.
neutral	Among William, Pamela and Stephanie the best is Stephanie.	Pamela is better than William.
neutral	Among Lauren, Mary and Joseph the creepiest is Joseph.	Mary is creepier than Lauren.
neutral	Among Julie, Sarah and George the most important is George.	Sarah is more important than Julie.
neutral	Among Roger, Donna and Heather the boldest is Heather.	Donna is bolder than Roger.
neutral	Among Jay, Donna and Benjamin the weirdest is Benjamin.	Donna is weirder than Jay.
neutral	Among Cynthia, Carl and Kenneth the sharpest is Kenneth.	Carl is sharper than Cynthia.
neutral	Among Tom, Annie and Kathryn the healthiest is Kathryn.	Annie is healthier than Tom.
neutral	Among Kathryn, Billy and Albert the cutest is Albert.	Billy is cuter than Kathryn.
neutral	Among Sharon, Howard and Ellen the worst is Ellen.	Howard is worse than Sharon.
neutral	Among Peter, Samuel and Eric the bossiest is Eric.	Samuel is bossier than Peter.
neutral	Among George, Scott and Kathy the skinniest is Kathy.	Scott is skinnier than George.
neutral	Among Alice, Scott and Samuel the most clever is Samuel.	Scott is more clever than Alice.
neutral	Among Christopher, Charles and John the grossest is John.	Charles is grosser than Christopher.
neutral	Among Joe, Kenneth and Julia the loveliest is Julia.	Kenneth is lovelier than Joe.
neutral	Among James, Andrea and Angela the funniest is Angela.	Andrea is funnier than James.
neutral	Among Judith, Albert and Harriet the most polite is Harriet.	Albert is more polite than Judith.
neutral	Among Grace, Eleanor and Daniel the clumsiest is Daniel.	Eleanor is clumsier than Grace.
neutral	Among Donna, Sara and Hugh the most important is Hugh.	Sara is more important than Donna.
neutral	Among Jennifer, Joe and Sharon the most bitter is Sharon.	Joe is more bitter than Jennifer.
neutral	Among Linda, Henry and Nicole the bossiest is Nicole.	Henry is bossier than Linda.
neutral	Among Lisa, Benjamin and Michelle the shyest is Michelle.	Benjamin is shyer than Lisa.
neutral	Among Billy, Joe and Charlotte the most modern is Charlotte.	Joe is more modern than Billy.
neutral	Among Henry, Martin and Barbara the most beautiful is Barbara.	Martin is more beautiful than Henry.
neutral	Among Edward, Kathryn and Harry the saddest is Harry.	Kathryn is sadder than Edward.
neutral	Among Patrick, Albert and Ralph the most bitter is Ralph.	Albert is more bitter than Patrick.
neutral	Among Heather, Kathryn and Kim the hairiest is Kim.	Kathryn is hairier than Heather.
neutral	Among Anna, Bobby and Arthur the saddest is Arthur.	Bobby is sadder than Anna.
neutral	Among Nicole, Deborah and Maria the bossiest is Maria.	Deborah is bossier than Nicole.
neutral	Among Arthur, Samuel and Frances the slowest is Frances.	Samuel is slower than Arthur.
neutral	Among Betty, Charlie and Roy the nicest is Roy.	Charlie is nicer than Betty.
neutral	Among Katie, Charlie and Kim the hottest is Kim.	Charlie is hotter than Katie.
neutral	Among Nancy, Jessica and George the most handsome is George.	Jessica is more handsome than Nancy.
neutral	Among Larry, Donald and Fred the biggest is Fred.	Donald is bigger than Larry.
neutral	Among Nick, Sue and Alexander the messiest is Alexander.	Sue is messier than Nick.
neutral	Among Robert, James and Louis the friendliest is Louis.	James is friendlier than Robert.
neutral	Among Jay, Bob and Deborah the saddest is Deborah.	Bob is sadder than Jay.
neutral	Among Steve, Jessica and Edith the ugliest is Edith.	Jessica is uglier than Steve.
neutral	Among Charlie, Eleanor and Emily the proudest is Emily.	Eleanor is prouder than Charlie.
neutral	Among Kim, Jessica and Deborah the gentlest is Deborah.	Jessica is gentler than Kim.
neutral	Among Janet, Edward and Alexandra the most renowned is Alexandra.	Edward is more renowned than Janet.
neutral	Among Ed, Edward and Margaret the politest is Margaret.	Edward is politer than Ed.
neutral	Among Alexandra, Bobby and Dan the slimmest is Dan.	Bobby is slimmer than Alexandra.
neutral	Among Katie, Katherine and Bobby the densest is Bobby.	Katherine is denser than Katie.
neutral	Among Dave, Claire and Kim the greatest is Kim.	Claire is greater than Dave.
neutral	Among Brian, Michael and Jill the shallowest is Jill.	Michael is shallower than Brian.
neutral	Among Matthew, Ellen and Jessica the firmest is Jessica.	Ellen is firmer than Matthew.
neutral	Among Ron, Janet and David the fairest is David.	Janet is fairer than Ron.
neutral	Among Jonathan, Ruth and Carol the politest is Carol.	Ruth is politer than Jonathan.
neutral	Among Catherine, Simon and Julie the dumbest is Julie.	Simon is dumber than Catherine.
neutral	Among Hugh, Jonathan and Kelly the toughest is Kelly.	Jonathan is tougher than Hugh.
neutral	Among Albert, Emma and Dan the rudest is Dan.	Emma is ruder than Albert.
neutral	Among Tom, Francis and Harry the sleepiest is Harry.	Francis is sleepier than Tom.
neutral	Among Arthur, Steven and Alan the chubbiest is Alan.	Steven is chubbier than Arthur.
neutral	Among Howard, Julie and Alfred the most beautiful is Alfred.	Julie is more beautiful than Howard.
neutral	Among Fred, Sally and Leslie the smallest is Leslie.	Sally is smaller than Fred.
neutral	Among Kim, Thomas and Sophie the smartest is Sophie.	Thomas is smarter than Kim.
neutral	Among James, Donald and Benjamin the skinniest is Benjamin.	Donald is skinnier than James.
neutral	Among Tom, Julie and Tim the fastest is Tim.	Julie is faster than Tom.
neutral	Among Howard, Marie and Arthur the skinniest is Arthur.	Marie is skinnier than Howard.
neutral	Among Harry, Sara and Steven the guiltiest is Steven.	Sara is guilter than Harry.
neutral	Among Nancy, Don and Ray the fastest is Ray.	Don is faster than Nancy.
neutral	Among Melissa, Amy and Ann the busiest is Ann.	Amy is busier than Melissa.
neutral	Among Ashley, Matthew and Bob the richest is Bob.	Matthew is richer than Ashley.
neutral	Among Deborah, Betty and Edward the happiest is Edward.	Betty is happier than Deborah.
neutral	Among Victoria, Katie and Ann the healthiest is Ann.	Katie is healthier than Victoria.
neutral	Among Louise, Hugh and Betty the most tired is Betty.	Hugh is more tired than Louise.
neutral	Among Fred, Wendy and Mike the youngest is Mike.	Wendy is younger than Fred.
neutral	Among Lynn, Fred and John the bossiest is John.	Fred is bossier than Lynn.
neutral	Among Donna, Ray and Ken the cruellest is Ken.	Ray is crueller than Donna.
neutral	Among Anna, Bob and Emma the slimmest is Emma.	Bob is slimmer than Anna.
neutral	Among Sharon, Grace and Bobby the cutest is Bobby.	Grace is cuter than Sharon.
neutral	Among Katie, Emma and Wendy the dullest is Wendy.	Emma is duller than Katie.
neutral	Among Diane, Jessica and Peter the harshest is Peter.	Jessica is harsher than Diane.
neutral	Among Sophie, Elizabeth and Henry the gentlest is Henry.	Elizabeth is gentler than Sophie.
neutral	Among Dick, Sara and Anthony the greediest is Anthony.	Sara is greedier than Dick.
neutral	Among Bruce, Fiona and Matt the noisiest is Matt.	Fiona is noisier than Bruce.
neutral	Among Benjamin, Jimmy and Edith the gentlest is Edith.	Jimmy is gentler than Benjamin.
neutral	Among Annie, Robin and Edwin the saddest is Edwin.	Robin is sadder than Annie.
neutral	Among Kate, Emily and Francis the longest is Francis.	Emily is longer than Kate.
neutral	Among Marilyn, Alexandra and Charlie the clumsiest is Charlie.	Alexandra is clumsier than Marilyn.
neutral	Among Sarah, Elaine and Edwin the calmest is Edwin.	Elaine is calmer than Sarah.
neutral	Among Caroline, Fiona and Brian the hungriest is Brian.	Fiona is hungrier than Caroline.
neutral	Among Lynn, Francis and Betty the cruellest is Betty.	Francis is crueller than Lynn.
neutral	Among Walter, Simon and Charles the poorest is Charles.	Simon is poorer than Walter.
neutral	Among Florence, Caroline and Charles the most polite is Charles.	Caroline is more polite than Florence.
neutral	Among John, Martin and Cynthia the most beautiful is Cynthia.	Martin is more beautiful than John.
neutral	Among Wendy, Marilyn and Kim the gloomiest is Kim.	Marilyn is gloomier than Wendy.
neutral	Among Elizabeth, Dick and Roy the smartest is Roy.	Dick is smarter than Elizabeth.
neutral	Among Kathryn, Fred and Kathleen the shallowest is Kathleen.	Fred is shallower than Kathryn.
neutral	Among Bill, Simon and Howard the cruellest is Howard.	Simon is crueller than Bill.
neutral	Among Claire, Roger and Keith the boldest is Keith.	Roger is bolder than Claire.
neutral	Among Alan, Edward and Simon the longest is Simon.	Edward is longer than Alan.
neutral	Among Sophie, Suzanne and Louise the shallowest is Louise.	Suzanne is shallower than Sophie.
neutral	Among Howard, Harriet and Maria the most clever is Maria.	Harriet is more clever than Howard.
neutral	Among Tom, Jessica and Kathy the youngest is Kathy.	Jessica is younger than Tom.
neutral	Among Louise, Leslie and Pamela the wealthiest is Pamela.	Leslie is wealthier than Louise.
neutral	Among Colin, Victoria and Michelle the skinniest is Michelle.	Victoria is skinnier than Colin.
neutral	Among Tim, Joan and Carolyn the most important is Carolyn.	Joan is more important than Tim.
neutral	Among Emily, William and Donna the craziest is Donna.	William is crazier than Emily.
neutral	Among Florence, Mary and Eric the densest is Eric.	Mary is denser than Florence.
neutral	Among Daniel, Louis and Laura the craziest is Laura.	Louis is crazier than Daniel.
neutral	Among Lawrence, Kevin and Sally the hungriest is Sally.	Kevin is hungrier than Lawrence.
neutral	Among Martha, Julia and Lynn the skinniest is Lynn.	Julia is skinnier than Martha.
neutral	Among Jeff, Alice and Donald the clumsiest is Donald.	Alice is clumsier than Jeff.
neutral	Among Annie, Robin and Harry the classiest is Harry.	Robin is classier than Annie.
neutral	Among Frederick, Patrick and Christopher the hungriest is Christopher.	Patrick is hungrier than Frederick.
neutral	Among Anthony, Rose and Catherine the silliest is Catherine.	Rose is sillier than Anthony.
neutral	Among Emma, Margaret and Cynthia the sorriest is Cynthia.	Margaret is sorrier than Emma.
neutral	Among Alex, Sara and Marilyn the most tired is Marilyn.	Sara is more tired than Alex.
neutral	Among Leslie, Julia and Thomas the creepiest is Thomas.	Julia is creepier than Leslie.
neutral	Among Robert, Laura and Ashley the hairiest is Ashley.	Laura is hairier than Robert.
neutral	Among Carol, Kenneth and Michelle the meanest is Michelle.	Kenneth is meaner than Carol.
neutral	Among Ruth, Lucy and Laura the nicest is Laura.	Lucy is nicer than Ruth.
neutral	Among Brian, Margaret and Thomas the noisiest is Thomas.	Margaret is noisier than Brian.
neutral	Among Ron, Fiona and Alfred the scariest is Alfred.	Fiona is scarier than Ron.
neutral	Among Kelly, Martin and Wendy the bravest is Wendy.	Martin is braver than Kelly.
neutral	Among Brian, Amanda and Bill the smartest is Bill.	Amanda is smarter than Brian.
neutral	Among John, Steven and Ed the wisest is Ed.	Steven is wiser than John.
neutral	Among Mary, Francis and Patrick the sincerest is Patrick.	Francis is sincerer than Mary.
neutral	Among Andrea, Martha and Robert the friendliest is Robert.	Martha is friendlier than Andrea.
neutral	Among Heather, Bruce and Howard the quietest is Howard.	Bruce is quieter than Heather.
neutral	Among Laura, Ashley and Nick the chubbiest is Nick.	Ashley is chubbier than Laura.
neutral	Among Paul, Nick and Robert the bitterest is Robert.	Nick is bitterer than Paul.
neutral	Among Gary, Sara and Frank the tallest is Frank.	Sara is taller than Gary.
neutral	Among Alex, Andrea and Margaret the most popular is Margaret.	Andrea is more popular than Alex.
neutral	Among Jonathan, Christopher and Colin the firmest is Colin.	Christopher is firmer than Jonathan.
neutral	Among Diana, Harold and Alexander the sleepiest is Alexander.	Harold is sleepier than Diana.
neutral	Among Judy, Tim and Carol the densest is Carol.	Tim is denser than Judy.
neutral	Among Ian, Joseph and Janet the calmest is Janet.	Joseph is calmer than Ian.
neutral	Among Ken, Charles and Ron the richest is Ron.	Charles is richer than Ken.
neutral	Among Patricia, Bobby and Ron the smartest is Ron.	Bobby is smarter than Patricia.
neutral	Among Virginia, Grace and Brian the most bitter is Brian.	Grace is more bitter than Virginia.
neutral	Among Margaret, Amy and Grace the funniest is Grace.	Amy is funnier than Margaret.
neutral	Among Grace, Larry and Catherine the saltiest is Catherine.	Larry is saltier than Grace.
neutral	Among Jason, Chris and Nick the fattest is Nick.	Chris is fatter than Jason.
neutral	Among Suzanne, Christopher and Alex the wisest is Alex.	Christopher is wiser than Suzanne.
neutral	Among Amy, Jerry and Louis the best is Louis.	Jerry is better than Amy.
neutral	Among Linda, Claire and Sandra the noisiest is Sandra.	Claire is noisier than Linda.
neutral	Among Sharon, Jean and Joe the loudest is Joe.	Jean is louder than Sharon.
neutral	Among Andrea, Frank and Daniel the tiniest is Daniel.	Frank is tinier than Andrea.
neutral	Among Alison, Thomas and Claire the clumsiest is Claire.	Thomas is clumsier than Alison.
neutral	Among Alex, Ken and Nancy the richest is Nancy.	Ken is richer than Alex.
neutral	Among Ron, David and Linda the biggest is Linda.	David is bigger than Ron.
neutral	Among Mary, Roger and Jack the naughtiest is Jack.	Roger is naughtier than Mary.
neutral	Among Jerry, Virginia and Mary the dumbest is Mary.	Virginia is dumber than Jerry.
neutral	Among Marilyn, Tim and Rose the naughtiest is Rose.	Tim is naughtier than Marilyn.
neutral	Among Harry, Daniel and Dorothy the proudest is Dorothy.	Daniel is prouder than Harry.
neutral	Among Elaine, Betty and Carl the bossiest is Carl.	Betty is bossier than Elaine.
neutral	Among Judy, Fiona and Steve the wealthiest is Steve.	Fiona is wealthier than Judy.
neutral	Among Scott, Steven and Harold the tallest is Harold.	Steven is taller than Scott.
neutral	Among Cynthia, Ryan and Kim the happiest is Kim.	Ryan is happier than Cynthia.
neutral	Among Lucy, Eleanor and Sally the clumsiest is Sally.	Eleanor is clumsier than Lucy.
neutral	Among Melissa, Edward and Marie the kindest is Marie.	Edward is kinder than Melissa.
neutral	Among Margaret, Anthony and Jim the clumsiest is Jim.	Anthony is clumsier than Margaret.
neutral	Among Hugh, Ben and Don the slowest is Don.	Ben is slower than Hugh.
neutral	Among Rebecca, Sandra and Andrea the sleepiest is Andrea.	Sandra is sleepier than Rebecca.
neutral	Among Katie, Roger and Martha the shortest is Martha.	Roger is shorter than Katie.
neutral	Among Annie, Ralph and Alfred the fattest is Alfred.	Ralph is fatter than Annie.
neutral	Among Charles, Patricia and Harry the healthiest is Harry.	Patricia is healthier than Charles.
neutral	Among Frederick, Walter and Brian the most renowned is Brian.	Walter is more renowned than Frederick.
neutral	Among Suzanne, John and Steve the bitterest is Steve.	John is bitterer than Suzanne.
neutral	Among Donald, Kathy and Annie the clumsiest is Annie.	Kathy is clumsier than Donald.
neutral	Among Andrew, Emma and Matt the dullest is Matt.	Emma is duller than Andrew.
neutral	Among Ann, Carolyn and Katherine the funniest is Katherine.	Carolyn is funnier than Ann.
neutral	Among Lucy, James and Kenneth the kindest is Kenneth.	James is kinder than Lucy.
neutral	Among Carl, Jean and Tim the tiniest is Tim.	Jean is tinier than Carl.
neutral	Among Edward, Greg and Jill the most modern is Jill.	Greg is more modern than Edward.
neutral	Among Tom, Bob and Katie the calmest is Katie.	Bob is calmer than Tom.
neutral	Among Betty, Patricia and Don the oldest is Don.	Patricia is older than Betty.
neutral	Among Evelyn, Rachel and Thomas the hottest is Thomas.	Rachel is hotter than Evelyn.
neutral	Among Grace, Anna and Nicole the prettiest is Nicole.	Anna is prettier than Grace.
neutral	Among Lauren, Jean and Sam the sleepiest is Sam.	Jean is sleepier than Lauren.
neutral	Among Sam, Charlotte and Don the most attractive is Don.	Charlotte is more attractive than Sam.
neutral	Among Ashley, Judith and Andrea the saltiest is Andrea.	Judith is saltier than Ashley.
neutral	Among Edith, Francis and Anne the most important is Anne.	Francis is more important than Edith.
neutral	Among Sally, Robert and Eleanor the scariest is Eleanor.	Robert is scarier than Sally.
neutral	Among Stephen, Ruth and Patrick the angriest is Patrick.	Ruth is angrier than Stephen.
neutral	Among Matthew, Kathleen and Harry the fastest is Harry.	Kathleen is faster than Matthew.
neutral	Among Diane, Charlie and Harry the most attractive is Harry.	Charlie is more attractive than Diane.
neutral	Among Caroline, Cynthia and Colin the healthiest is Colin.	Cynthia is healthier than Caroline.
neutral	Among Jonathan, Ken and Harold the shallowest is Harold.	Ken is shallower than Jonathan.
neutral	Among George, Keith and Steven the dumbest is Steven.	Keith is dumber than George.
neutral	Among Julia, Ralph and Nancy the gentlest is Nancy.	Ralph is gentler than Julia.
neutral	Among Heather, Michael and Billy the hungriest is Billy.	Michael is hungrier than Heather.
neutral	Among Andrea, Edward and Susan the brightest is Susan.	Edward is brighter than Andrea.
neutral	Among Kathleen, Virginia and Lawrence the most bitter is Lawrence.	Virginia is more bitter than Kathleen.
neutral	Among Sally, Laura and Alan the proudest is Alan.	Laura is prouder than Sally.
neutral	Among Rebecca, Kelly and Ellen the cruellest is Ellen.	Kelly is crueller than Rebecca.
neutral	Among Johnny, Caroline and Steven the saltiest is Steven.	Caroline is saltier than Johnny.
neutral	Among William, Melissa and Roger the clumsiest is Roger.	Melissa is clumsier than William.
neutral	Among Dorothy, Andrea and Frank the sharpest is Frank.	Andrea is sharper than Dorothy.
neutral	Among Kate, Ben and Adam the worst is Adam.	Ben is worse than Kate.
neutral	Among Ray, Adam and Fred the meanest is Fred.	Adam is meaner than Ray.
neutral	Among Dan, Nicole and Sophie the calmest is Sophie.	Nicole is calmer than Dan.
neutral	Among William, Henry and Sue the hungriest is Sue.	Henry is hungrier than William.
neutral	Among Richard, Alice and Robert the firmest is Robert.	Alice is firmer than Richard.
neutral	Among Heather, Mark and Albert the guiltiest is Albert.	Mark is guilter than Heather.
neutral	Among Charlie, Ed and Rebecca the sleepiest is Rebecca.	Ed is sleepier than Charlie.
neutral	Among Thomas, Jimmy and James the greediest is James.	Jimmy is greedier than Thomas.
neutral	Among Nancy, Ben and Steve the richest is Steve.	Ben is richer than Nancy.
neutral	Among Leslie, Ken and Heather the laziest is Heather.	Ken is lazier than Leslie.
neutral	Among Elizabeth, Edward and James the dullest is James.	Edward is duller than Elizabeth.
neutral	Among Sandra, Mary and Alex the quietest is Alex.	Mary is quieter than Sandra.
neutral	Among Bob, Benjamin and Carol the shallowest is Carol.	Benjamin is shallower than Bob.
neutral	Among Annie, Mary and Patricia the tallest is Patricia.	Mary is taller than Annie.
neutral	Among Al, Diana and Jimmy the hungriest is Jimmy.	Diana is hungrier than Al.
neutral	Among Julie, Rebecca and Martha the classiest is Martha.	Rebecca is classier than Julie.
neutral	Among Marie, Katie and Charles the tiniest is Charles.	Katie is tinier than Marie.
neutral	Among Thomas, Billy and Patricia the wisest is Patricia.	Billy is wiser than Thomas.
neutral	Among Leslie, Jennifer and Edwin the saltiest is Edwin.	Jennifer is saltier than Leslie.
neutral	Among Linda, Steven and Jessica the clumsiest is Jessica.	Steven is clumsier than Linda.
neutral	Among Victoria, Michelle and Edith the poorest is Edith.	Michelle is poorer than Victoria.
neutral	Among Diane, Sarah and Helen the craziest is Helen.	Sarah is crazier than Diane.
neutral	Among Alison, Florence and Sara the classiest is Sara.	Florence is classier than Alison.
neutral	Among Grace, Edward and Billy the worst is Billy.	Edward is worse than Grace.
neutral	Among Bill, Edwin and Harry the craziest is Harry.	Edwin is crazier than Bill.
neutral	Among Anna, Hugh and Christopher the fastest is Christopher.	Hugh is faster than Anna.
neutral	Among Benjamin, Daniel and Colin the ugliest is Colin.	Daniel is uglier than Benjamin.
neutral	Among Claire, Sharon and Heather the shallowest is Heather.	Sharon is shallower than Claire.
neutral	Among Adam, Jerry and Amanda the hungriest is Amanda.	Jerry is hungrier than Adam.
neutral	Among Howard, Rebecca and Angela the gentlest is Angela.	Rebecca is gentler than Howard.
neutral	Among Ellen, Elizabeth and Tony the cutest is Tony.	Elizabeth is cuter than Ellen.
neutral	Among Nicole, Dan and Jean the sincerest is Jean.	Dan is sincerer than Nicole.
neutral	Among Keith, Greg and Scott the firmest is Scott.	Greg is firmer than Keith.
neutral	Among Nicole, Adam and Barbara the weakest is Barbara.	Adam is weaker than Nicole.
neutral	Among Kathleen, Alan and Heather the loneliest is Heather.	Alan is lonlier than Kathleen.
neutral	Among Jill, Katherine and Kathleen the loneliest is Kathleen.	Katherine is lonlier than Jill.
neutral	Among Carl, Annie and Betty the smallest is Betty.	Annie is smaller than Carl.
neutral	Among Marilyn, Ray and Lisa the longest is Lisa.	Ray is longer than Marilyn.
neutral	Among Victoria, Steven and Sara the most polite is Sara.	Steven is more polite than Victoria.
neutral	Among Betty, Arthur and Margaret the loneliest is Margaret.	Arthur is lonlier than Betty.
neutral	Among Fred, Benjamin and Steven the ugliest is Steven.	Benjamin is uglier than Fred.
neutral	Among Hugh, David and Jane the strongest is Jane.	David is stronger than Hugh.
neutral	Among Gary, Florence and Ann the nicest is Ann.	Florence is nicer than Gary.
neutral	Among Deborah, Judith and Jessica the fairest is Jessica.	Judith is fairer than Deborah.
neutral	Among Frances, Tony and Louis the worst is Louis.	Tony is worse than Frances.
neutral	Among Matthew, Diane and Cynthia the most important is Cynthia.	Diane is more important than Matthew.
neutral	Among Judy, Helen and Christopher the kindest is Christopher.	Helen is kinder than Judy.
neutral	Among Thomas, Carolyn and Bobby the fattest is Bobby.	Carolyn is fatter than Thomas.
neutral	Among Dan, Kathleen and Alfred the bossiest is Alfred.	Kathleen is bossier than Dan.
neutral	Among Steven, Deborah and Lynn the bitterest is Lynn.	Deborah is bitterer than Steven.
neutral	Among Albert, Louise and Jeff the strongest is Jeff.	Louise is stronger than Albert.
neutral	Among Andrea, Jerry and Linda the densest is Linda.	Jerry is denser than Andrea.
neutral	Among Jonathan, Grace and Matthew the most modern is Matthew.	Grace is more modern than Jonathan.
neutral	Among Samuel, Stephen and Jill the tiniest is Jill.	Stephen is tinier than Samuel.
neutral	Among Frank, Ben and Howard the humblest is Howard.	Ben is humbler than Frank.
neutral	Among Harold, Amy and Al the most clever is Al.	Amy is more clever than Harold.
neutral	Among Keith, Betty and Stephen the most clever is Stephen.	Betty is more clever than Keith.
neutral	Among Alice, Tony and Sam the prettiest is Sam.	Tony is prettier than Alice.
neutral	Among Al, Bobby and Andrew the funniest is Andrew.	Bobby is funnier than Al.
neutral	Among Kevin, Lisa and Stephen the fattest is Stephen.	Lisa is fatter than Kevin.
neutral	Among Caroline, Linda and Al the fittest is Al.	Linda is fitter than Caroline.
neutral	Among Henry, Leslie and Richard the skinniest is Richard.	Leslie is skinnier than Henry.
neutral	Among Francis, William and Rachel the fairest is Rachel.	William is fairer than Francis.
neutral	Among Leslie, Steve and Patricia the healthiest is Patricia.	Steve is healthier than Leslie.
neutral	Among Mary, Peter and Rachel the hairiest is Rachel.	Peter is hairier than Mary.
neutral	Among Rose, David and Donald the politest is Donald.	David is politer than Rose.
neutral	Among Martha, George and Jean the prettiest is Jean.	George is prettier than Martha.
neutral	Among Diana, Jane and Brian the meanest is Brian.	Jane is meaner than Diana.
neutral	Among Diane, Ruth and Martha the busiest is Martha.	Ruth is busier than Diane.
neutral	Among David, Roger and Dorothy the densest is Dorothy.	Roger is denser than David.
neutral	Among Jean, Colin and Suzanne the most handsome is Suzanne.	Colin is more handsome than Jean.
neutral	Among Pamela, Steve and Roy the toughest is Roy.	Steve is tougher than Pamela.
neutral	Among Kenneth, Jimmy and Lawrence the skinniest is Lawrence.	Jimmy is skinnier than Kenneth.
neutral	Among Margaret, Michael and Robin the most clever is Robin.	Michael is more clever than Margaret.
neutral	Among John, Katie and Sharon the tallest is Sharon.	Katie is taller than John.
neutral	Among Greg, Fred and Anna the skinniest is Anna.	Fred is skinnier than Greg.
neutral	Among Carl, Patrick and Deborah the most clever is Deborah.	Patrick is more clever than Carl.
neutral	Among Henry, Edith and Ashley the naughtiest is Ashley.	Edith is naughtier than Henry.
neutral	Among Pamela, Steve and Patricia the dumbest is Patricia.	Steve is dumber than Pamela.
neutral	Among Evelyn, Brian and Dave the most tired is Dave.	Brian is more tired than Evelyn.
neutral	Among Harold, Christine and Carol the gloomiest is Carol.	Christine is gloomier than Harold.
neutral	Among Carol, Sara and Ray the friendliest is Ray.	Sara is friendlier than Carol.
neutral	Among Alison, Jean and Katie the messiest is Katie.	Jean is messier than Alison.
neutral	Among Sara, Carl and Bobby the youngest is Bobby.	Carl is younger than Sara.
neutral	Among Marie, Jessica and Sophie the weirdest is Sophie.	Jessica is weirder than Marie.
neutral	Among Nick, Betty and Ben the longest is Ben.	Betty is longer than Nick.
neutral	Among Jill, Kevin and Victoria the curviest is Victoria.	Kevin is curvier than Jill.
neutral	Among Ray, Sarah and Louise the most popular is Louise.	Sarah is more popular than Ray.
neutral	Among Scott, Jessica and Frances the best is Frances.	Jessica is better than Scott.
neutral	Among Hugh, Katie and Katherine the scariest is Katherine.	Katie is scarier than Hugh.
neutral	Among Elizabeth, Donna and Catherine the saddest is Catherine.	Donna is sadder than Elizabeth.
neutral	Among Lucy, Emma and Walter the shortest is Walter.	Emma is shorter than Lucy.
neutral	Among Michelle, Judy and Melissa the brightest is Melissa.	Judy is brighter than Michelle.
neutral	Among Henry, Ian and Tom the brightest is Tom.	Ian is brighter than Henry.
neutral	Among Ed, Sara and Robert the saltiest is Robert.	Sara is saltier than Ed.
neutral	Among Jill, Steve and Harry the sweetest is Harry.	Steve is sweeter than Jill.
neutral	Among Jason, Ruth and Ed the bossiest is Ed.	Ruth is bossier than Jason.
neutral	Among Francis, Julie and Lucy the shortest is Lucy.	Julie is shorter than Francis.
neutral	Among Deborah, Charlotte and Amanda the saltiest is Amanda.	Charlotte is saltier than Deborah.
neutral	Among Anthony, Ron and Tom the shallowest is Tom.	Ron is shallower than Anthony.
neutral	Among Kathleen, Suzanne and Donald the slimmest is Donald.	Suzanne is slimmer than Kathleen.
neutral	Among Bill, Paul and Nancy the wealthiest is Nancy.	Paul is wealthier than Bill.
neutral	Among Sally, Joe and Edward the calmest is Edward.	Joe is calmer than Sally.
neutral	Among Kate, Barbara and Alice the loneliest is Alice.	Barbara is lonlier than Kate.
neutral	Among Don, Bill and Judith the most tired is Judith.	Bill is more tired than Don.
neutral	Among Kathy, Lynn and Heather the politest is Heather.	Lynn is politer than Kathy.
neutral	Among Charles, Joseph and Kim the dullest is Kim.	Joseph is duller than Charles.
neutral	Among Frank, Charlotte and Dan the prettiest is Dan.	Charlotte is prettier than Frank.
neutral	Among Stephanie, Pamela and Laura the harshest is Laura.	Pamela is harsher than Stephanie.
neutral	Among Rachel, Alfred and Mike the nicest is Mike.	Alfred is nicer than Rachel.
neutral	Among Sally, Charlie and Pamela the humblest is Pamela.	Charlie is humbler than Sally.
neutral	Among Katherine, Ken and Julie the most attractive is Julie.	Ken is more attractive than Katherine.
neutral	Among Eleanor, Larry and Lucy the sleepiest is Lucy.	Larry is sleepier than Eleanor.
neutral	Among Christine, Edwin and Kathryn the youngest is Kathryn.	Edwin is younger than Christine.
neutral	Among Ian, Caroline and Deborah the slowest is Deborah.	Caroline is slower than Ian.
neutral	Among Jonathan, Steven and Laura the dumbest is Laura.	Steven is dumber than Jonathan.
neutral	Among Jill, Maria and Jean the scariest is Jean.	Maria is scarier than Jill.
neutral	Among Betty, Sophie and Harold the craziest is Harold.	Sophie is crazier than Betty.
neutral	Among Joe, Diana and Andrea the happiest is Andrea.	Diana is happier than Joe.
neutral	Among Carolyn, Karen and Julia the tallest is Julia.	Karen is taller than Carolyn.
neutral	Among Mark, Patricia and Howard the best is Howard.	Patricia is better than Mark.
neutral	Among James, Carolyn and Susan the most attractive is Susan.	Carolyn is more attractive than James.
neutral	Among Pamela, Ken and Paul the poorest is Paul.	Ken is poorer than Pamela.
neutral	Among Jill, Linda and Tom the sweetest is Tom.	Linda is sweeter than Jill.
neutral	Among Sarah, Rebecca and Thomas the proudest is Thomas.	Rebecca is prouder than Sarah.
neutral	Among Michelle, Mark and Katie the angriest is Katie.	Mark is angrier than Michelle.
neutral	Among Claire, Harold and Richard the smallest is Richard.	Harold is smaller than Claire.
neutral	Among Eleanor, Kathy and Melissa the hottest is Melissa.	Kathy is hotter than Eleanor.
neutral	Among Fiona, Julie and Daniel the cleverest is Daniel.	Julie is cleverer than Fiona.
neutral	Among Evelyn, Melissa and Colin the proudest is Colin.	Melissa is prouder than Evelyn.
neutral	Among Carol, Jim and Florence the noisiest is Florence.	Jim is noisier than Carol.
neutral	Among Melissa, Jeff and Jane the funniest is Jane.	Jeff is funnier than Melissa.
neutral	Among Rose, Lucy and Harriet the cutest is Harriet.	Lucy is cuter than Rose.
neutral	Among Alfred, Peter and Eleanor the wealthiest is Eleanor.	Peter is wealthier than Alfred.
neutral	Among William, Andrew and Marie the cutest is Marie.	Andrew is cuter than William.
neutral	Among Kathryn, Kathleen and George the silliest is George.	Kathleen is sillier than Kathryn.
neutral	Among Anna, Alison and Jeff the shyest is Jeff.	Alison is shyer than Anna.
neutral	Among Keith, Emily and Harold the hairiest is Harold.	Emily is hairier than Keith.
neutral	Among Joseph, Arthur and Evelyn the creepiest is Evelyn.	Arthur is creepier than Joseph.
neutral	Among Hugh, Benjamin and Alice the scariest is Alice.	Benjamin is scarier than Hugh.
neutral	Among Edward, Sara and Donna the youngest is Donna.	Sara is younger than Edward.
neutral	Among Daniel, Nick and Jason the shortest is Jason.	Nick is shorter than Daniel.
neutral	Among Sophie, Julie and Tom the curviest is Tom.	Julie is curvier than Sophie.
neutral	Among Elaine, Elizabeth and Kim the loneliest is Kim.	Elizabeth is lonlier than Elaine.
neutral	Among Joe, Tony and Gary the most tired is Gary.	Tony is more tired than Joe.
neutral	Among Matthew, Joe and Roger the rudest is Roger.	Joe is ruder than Matthew.
neutral	Among Jeff, Maria and Dick the firmest is Dick.	Maria is firmer than Jeff.
neutral	Among Ian, Janet and Joe the guiltiest is Joe.	Janet is guilter than Ian.
neutral	Among Florence, Jonathan and Kate the gloomiest is Kate.	Jonathan is gloomier than Florence.
neutral	Among Judith, Carl and Kim the scariest is Kim.	Carl is scarier than Judith.
neutral	Among Linda, Mike and Louis the craziest is Louis.	Mike is crazier than Linda.
neutral	Among David, John and Alexander the scariest is Alexander.	John is scarier than David.
neutral	Among Michael, John and Sara the creepiest is Sara.	John is creepier than Michael.
neutral	Among Lucy, Marie and Jill the slimmest is Jill.	Marie is slimmer than Lucy.
neutral	Among Robert, Ed and Roger the politest is Roger.	Ed is politer than Robert.
neutral	Among Lisa, Tony and Howard the most interesting is Howard.	Tony is more interesting than Lisa.
neutral	Among Alfred, Sharon and Lucy the most clever is Lucy.	Sharon is more clever than Alfred.
neutral	Among Leslie, David and Jeff the guiltiest is Jeff.	David is guilter than Leslie.
neutral	Among Robert, Simon and Suzanne the sorriest is Suzanne.	Simon is sorrier than Robert.
neutral	Among Dick, Michelle and Jane the gentlest is Jane.	Michelle is gentler than Dick.
neutral	Among Alex, Donald and Edward the chubbiest is Edward.	Donald is chubbier than Alex.
neutral	Among Susan, Hugh and Steven the grossest is Steven.	Hugh is grosser than Susan.
neutral	Among Betty, Alex and Harry the sleepiest is Harry.	Alex is sleepier than Betty.
neutral	Among Harry, George and Martha the most beautiful is Martha.	George is more beautiful than Harry.
neutral	Among Paul, Gary and Johnny the sleepiest is Johnny.	Gary is sleepier than Paul.
neutral	Among Mary, Patrick and Richard the silliest is Richard.	Patrick is sillier than Mary.
neutral	Among Grace, Alison and Carol the best is Carol.	Alison is better than Grace.
neutral	Among Jerry, Ralph and Charles the friendliest is Charles.	Ralph is friendlier than Jerry.
neutral	Among Stephanie, Andrew and Bill the poorest is Bill.	Andrew is poorer than Stephanie.
neutral	Among Chris, Hugh and Brian the weirdest is Brian.	Hugh is weirder than Chris.
neutral	Among Alan, Suzanne and Stephen the humblest is Stephen.	Suzanne is humbler than Alan.
neutral	Among Alan, Susan and Dick the most popular is Dick.	Susan is more popular than Alan.
neutral	Among Heather, Christine and Jonathan the saltiest is Jonathan.	Christine is saltier than Heather.
neutral	Among Kim, Florence and Marie the hairiest is Marie.	Florence is hairier than Kim.
neutral	Among Bob, Keith and Elaine the wealthiest is Elaine.	Keith is wealthier than Bob.
neutral	Among Wendy, Margaret and Jonathan the funniest is Jonathan.	Margaret is funnier than Wendy.
neutral	Among Louise, David and Katie the strongest is Katie.	David is stronger than Louise.
neutral	Among Matthew, Jack and Henry the meanest is Henry.	Jack is meaner than Matthew.
neutral	Among Richard, Alexander and Michelle the greatest is Michelle.	Alexander is greater than Richard.
neutral	Among Judith, Scott and Jonathan the curviest is Jonathan.	Scott is curvier than Judith.
neutral	Among Lisa, David and Thomas the saltiest is Thomas.	David is saltier than Lisa.
neutral	Among Roy, Scott and Angela the cleverest is Angela.	Scott is cleverer than Roy.
neutral	Among Sally, Marilyn and Thomas the slowest is Thomas.	Marilyn is slower than Sally.
neutral	Among Samuel, Marilyn and Lauren the best is Lauren.	Marilyn is better than Samuel.
neutral	Among Bobby, Jason and Jill the gloomiest is Jill.	Jason is gloomier than Bobby.
neutral	Among Robin, Alfred and Suzanne the gentlest is Suzanne.	Alfred is gentler than Robin.
neutral	Among Grace, Samuel and Christopher the busiest is Christopher.	Samuel is busier than Grace.
neutral	Among Florence, Harry and Thomas the curviest is Thomas.	Harry is curvier than Florence.
neutral	Among Frank, Ashley and Daniel the noisiest is Daniel.	Ashley is noisier than Frank.
neutral	Among Ken, Susan and Nick the sharpest is Nick.	Susan is sharper than Ken.
neutral	Among Lawrence, Barbara and Michael the saddest is Michael.	Barbara is sadder than Lawrence.
neutral	Among Bill, Elizabeth and Kelly the sleepiest is Kelly.	Elizabeth is sleepier than Bill.
neutral	Among Chris, Tom and Dick the rudest is Dick.	Tom is ruder than Chris.
neutral	Among Katie, Johnny and Michael the gentlest is Michael.	Johnny is gentler than Katie.
neutral	Among Steve, Greg and Gary the shortest is Gary.	Greg is shorter than Steve.
neutral	Among Fiona, Hugh and Marie the most handsome is Marie.	Hugh is more handsome than Fiona.
neutral	Among Kathryn, Ann and Martin the angriest is Martin.	Ann is angrier than Kathryn.
neutral	Among Francis, Catherine and Arthur the most tired is Arthur.	Catherine is more tired than Francis.
neutral	Among Heather, Hugh and Patricia the skinniest is Patricia.	Hugh is skinnier than Heather.
neutral	Among Benjamin, Amy and Amanda the most tired is Amanda.	Amy is more tired than Benjamin.
neutral	Among Florence, Alan and Bob the curviest is Bob.	Alan is curvier than Florence.
neutral	Among Alfred, Andrew and Ruth the most renowned is Ruth.	Andrew is more renowned than Alfred.
neutral	Among Kenneth, Larry and Katie the tiniest is Katie.	Larry is tinier than Kenneth.
neutral	Among Karen, Francis and Catherine the shortest is Catherine.	Francis is shorter than Karen.
neutral	Among Martha, Charlotte and Ken the laziest is Ken.	Charlotte is lazier than Martha.
neutral	Among Leslie, Jay and Ben the angriest is Ben.	Jay is angrier than Leslie.
neutral	Among Virginia, Richard and Judy the skinniest is Judy.	Richard is skinnier than Virginia.
neutral	Among Judith, Kathy and Ron the slimmest is Ron.	Kathy is slimmer than Judith.
neutral	Among Jessica, William and Frederick the happiest is Frederick.	William is happier than Jessica.
neutral	Among Ellen, George and Carl the laziest is Carl.	George is lazier than Ellen.
neutral	Among Katie, Virginia and Amanda the richest is Amanda.	Virginia is richer than Katie.
neutral	Among Lynn, Suzanne and Jay the poorest is Jay.	Suzanne is poorer than Lynn.
neutral	Among Hugh, Margaret and Robin the cleverest is Robin.	Margaret is cleverer than Hugh.
neutral	Among Nicole, Jimmy and Jill the most polite is Jill.	Jimmy is more polite than Nicole.
neutral	Among Harriet, Jennifer and Kathy the grossest is Kathy.	Jennifer is grosser than Harriet.
neutral	Among Frank, Peter and Larry the shallowest is Larry.	Peter is shallower than Frank.
neutral	Among Carolyn, Wendy and Susan the most tired is Susan.	Wendy is more tired than Carolyn.
neutral	Among Caroline, Margaret and Wendy the harshest is Wendy.	Margaret is harsher than Caroline.
neutral	Among Suzanne, Amanda and Sophie the hungriest is Sophie.	Amanda is hungrier than Suzanne.
neutral	Among Bill, Robin and Joan the most clever is Joan.	Robin is more clever than Bill.
neutral	Among William, Greg and Kathy the healthiest is Kathy.	Greg is healthier than William.
neutral	Among John, Jay and Katherine the scariest is Katherine.	Jay is scarier than John.
neutral	Among Roy, Alison and Dorothy the toughest is Dorothy.	Alison is tougher than Roy.
neutral	Among Mary, Don and Alex the dumbest is Alex.	Don is dumber than Mary.
neutral	Among Elizabeth, Suzanne and Roger the loveliest is Roger.	Suzanne is lovelier than Elizabeth.
neutral	Among Henry, Chris and Steve the strongest is Steve.	Chris is stronger than Henry.
neutral	Among Don, Jonathan and Diane the busiest is Diane.	Jonathan is busier than Don.
neutral	Among Joseph, Ian and Sally the messiest is Sally.	Ian is messier than Joseph.
neutral	Among Martin, Ed and Louis the slimmest is Louis.	Ed is slimmer than Martin.
neutral	Among Sarah, Jill and Betty the smallest is Betty.	Jill is smaller than Sarah.
neutral	Among Rose, Helen and Katherine the creepiest is Katherine.	Helen is creepier than Rose.
neutral	Among Joe, Melissa and Rebecca the tallest is Rebecca.	Melissa is taller than Joe.
neutral	Among Lauren, Mark and Judy the harshest is Judy.	Mark is harsher than Lauren.
neutral	Among Lisa, Rebecca and Christopher the sorriest is Christopher.	Rebecca is sorrier than Lisa.
neutral	Among Kathleen, Helen and Steve the most handsome is Steve.	Helen is more handsome than Kathleen.
neutral	Among Bobby, Nick and Ann the hairiest is Ann.	Nick is hairier than Bobby.
neutral	Among Robert, Sue and Michael the greatest is Michael.	Sue is greater than Robert.
neutral	Among Don, Kim and Cynthia the most polite is Cynthia.	Kim is more polite than Don.
neutral	Among Lynn, Julie and Carol the most tired is Carol.	Julie is more tired than Lynn.
neutral	Among Paul, Ed and Maria the noisiest is Maria.	Ed is noisier than Paul.
neutral	Among Marie, Harriet and Mark the skinniest is Mark.	Harriet is skinnier than Marie.
neutral	Among Sue, Michael and Matthew the funniest is Matthew.	Michael is funnier than Sue.
neutral	Among Joseph, Andrew and Mike the dumbest is Mike.	Andrew is dumber than Joseph.
neutral	Among Suzanne, Helen and James the proudest is James.	Helen is prouder than Suzanne.
neutral	Among Victoria, Don and Matt the smallest is Matt.	Don is smaller than Victoria.
neutral	Among Anne, Katherine and Bob the proudest is Bob.	Katherine is prouder than Anne.
neutral	Among Lawrence, Ruth and Robin the longest is Robin.	Ruth is longer than Lawrence.
neutral	Among Ann, Bill and Frank the poorest is Frank.	Bill is poorer than Ann.
neutral	Among Fiona, Robert and Rachel the most attractive is Rachel.	Robert is more attractive than Fiona.
neutral	Among Rachel, Tom and Louis the most bitter is Louis.	Tom is more bitter than Rachel.
neutral	Among Ellen, Grace and Wendy the prettiest is Wendy.	Grace is prettier than Ellen.
neutral	Among Steven, Sandra and Amy the shortest is Amy.	Sandra is shorter than Steven.
neutral	Among Evelyn, Ray and Lawrence the brightest is Lawrence.	Ray is brighter than Evelyn.
neutral	Among John, Margaret and Dave the densest is Dave.	Margaret is denser than John.
neutral	Among Barbara, Alexandra and Grace the rudest is Grace.	Alexandra is ruder than Barbara.
neutral	Among Jeff, Jerry and Angela the bossiest is Angela.	Jerry is bossier than Jeff.
neutral	Among Dick, Maria and Samuel the dumbest is Samuel.	Maria is dumber than Dick.
neutral	Among Carl, Ian and Francis the fastest is Francis.	Ian is faster than Carl.
neutral	Among Ben, Adam and Harry the smallest is Harry.	Adam is smaller than Ben.
neutral	Among Joan, Virginia and Florence the laziest is Florence.	Virginia is lazier than Joan.
neutral	Among Laura, David and Mark the sincerest is Mark.	David is sincerer than Laura.
neutral	Among Frederick, Greg and Roy the hottest is Roy.	Greg is hotter than Frederick.
neutral	Among Lauren, Anna and Edith the saltiest is Edith.	Anna is saltier than Lauren.
neutral	Among Carolyn, Emma and Suzanne the skinniest is Suzanne.	Emma is skinnier than Carolyn.
neutral	Among Kevin, Roger and Martha the nicest is Martha.	Roger is nicer than Kevin.
neutral	Among Billy, Helen and Wendy the greatest is Wendy.	Helen is greater than Billy.
neutral	Among Howard, Kate and Rebecca the hottest is Rebecca.	Kate is hotter than Howard.
neutral	Among Jean, Matthew and Donna the cutest is Donna.	Matthew is cuter than Jean.
neutral	Among Mike, Ryan and Simon the sweetest is Simon.	Ryan is sweeter than Mike.
neutral	Among Frank, Michelle and Louis the grossest is Louis.	Michelle is grosser than Frank.
neutral	Among Steven, Mike and Alison the most important is Alison.	Mike is more important than Steven.
neutral	Among Christopher, Barbara and Kate the sincerest is Kate.	Barbara is sincerer than Christopher.
neutral	Among Angela, Greg and Jane the naughtiest is Jane.	Greg is naughtier than Angela.
neutral	Among Evelyn, Ashley and Florence the clumsiest is Florence.	Ashley is clumsier than Evelyn.
neutral	Among Brian, Anthony and Jill the harshest is Jill.	Anthony is harsher than Brian.
neutral	Among Ken, Ryan and Harold the prettiest is Harold.	Ryan is prettier than Ken.
neutral	Among Suzanne, Lisa and Sue the calmest is Sue.	Lisa is calmer than Suzanne.
neutral	Among Pamela, Catherine and Brian the most polite is Brian.	Catherine is more polite than Pamela.
neutral	Among Carol, Harold and Roger the slowest is Roger.	Harold is slower than Carol.
neutral	Among Alison, Don and Anna the cutest is Anna.	Don is cuter than Alison.
neutral	Among Marie, Jason and Anthony the strongest is Anthony.	Jason is stronger than Marie.
neutral	Among Alfred, Edward and Lawrence the scariest is Lawrence.	Edward is scarier than Alfred.
neutral	Among Tony, Al and Brian the richest is Brian.	Al is richer than Tony.
neutral	Among Sarah, Sharon and Colin the toughest is Colin.	Sharon is tougher than Sarah.
neutral	Among Nick, Florence and Katie the bitterest is Katie.	Florence is bitterer than Nick.
neutral	Among George, Kate and Jim the happiest is Jim.	Kate is happier than George.
neutral	Among Chris, Larry and Charlie the wealthiest is Charlie.	Larry is wealthier than Chris.
neutral	Among Rachel, Andrea and Pamela the humblest is Pamela.	Andrea is humbler than Rachel.
neutral	Among Kelly, Arthur and Harriet the sorriest is Harriet.	Arthur is sorrier than Kelly.
neutral	Among Nick, Barbara and Rebecca the naughtiest is Rebecca.	Barbara is naughtier than Nick.
neutral	Among Katherine, Alison and Carl the firmest is Carl.	Alison is firmer than Katherine.
neutral	Among Ken, Daniel and Tom the clumsiest is Tom.	Daniel is clumsier than Ken.
neutral	Among Martin, Melissa and Frederick the hottest is Frederick.	Melissa is hotter than Martin.
neutral	Among Sophie, Jennifer and Heather the humblest is Heather.	Jennifer is humbler than Sophie.
neutral	Among Ray, Nick and Judith the curviest is Judith.	Nick is curvier than Ray.
neutral	Among Charlie, Hugh and Katie the angriest is Katie.	Hugh is angrier than Charlie.
neutral	Among Dan, Jean and Bill the harshest is Bill.	Jean is harsher than Dan.
neutral	Among Hugh, Dan and Frank the laziest is Frank.	Dan is lazier than Hugh.
neutral	Among Ashley, Larry and Maria the boldest is Maria.	Larry is bolder than Ashley.
neutral	Among Linda, Charlie and Matt the politest is Matt.	Charlie is politer than Linda.
neutral	Among Jason, Eric and Christopher the classiest is Christopher.	Eric is classier than Jason.
neutral	Among Andrew, Pamela and Howard the most clever is Howard.	Pamela is more clever than Andrew.
neutral	Among Amy, Robin and Harold the tiniest is Harold.	Robin is tinier than Amy.
neutral	Among Robert, Amy and Emily the nicest is Emily.	Amy is nicer than Robert.
neutral	Among Claire, Carol and Thomas the most clever is Thomas.	Carol is more clever than Claire.
neutral	Among Alexander, Tom and Donald the humblest is Donald.	Tom is humbler than Alexander.
neutral	Among Katie, Peter and Laura the harshest is Laura.	Peter is harsher than Katie.
neutral	Among Judy, Melissa and Ben the most renowned is Ben.	Melissa is more renowned than Judy.
neutral	Among Frances, Edward and Thomas the clumsiest is Thomas.	Edward is clumsier than Frances.
neutral	Among Tom, Lucy and Leslie the weirdest is Leslie.	Lucy is weirder than Tom.
neutral	Among Steve, Charles and Katie the chubbiest is Katie.	Charles is chubbier than Steve.
neutral	Among Katie, Jimmy and Harriet the meanest is Harriet.	Jimmy is meaner than Katie.
neutral	Among Helen, Dick and Jessica the most attractive is Jessica.	Dick is more attractive than Helen.
neutral	Among Charlotte, Joseph and Lauren the smartest is Lauren.	Joseph is smarter than Charlotte.
neutral	Among Edward, Henry and Rachel the rudest is Rachel.	Henry is ruder than Edward.
neutral	Among Alison, Jennifer and Caroline the most renowned is Caroline.	Jennifer is more renowned than Alison.
neutral	Among Lucy, Judy and Frank the dullest is Frank.	Judy is duller than Lucy.
neutral	Among Bill, Ben and Emma the angriest is Emma.	Ben is angrier than Bill.
neutral	Among Amy, Lauren and Frederick the worst is Frederick.	Lauren is worse than Amy.
neutral	Among Greg, Nicole and Patricia the loneliest is Patricia.	Nicole is lonlier than Greg.
neutral	Among Jonathan, Martin and Emily the proudest is Emily.	Martin is prouder than Jonathan.
neutral	Among Jack, Alex and Melissa the cleverest is Melissa.	Alex is cleverer than Jack.
neutral	Among Fred, Greg and Billy the busiest is Billy.	Greg is busier than Fred.
neutral	Among Claire, Colin and Lucy the meanest is Lucy.	Colin is meaner than Claire.
neutral	Among Patrick, Anthony and Kathy the quietest is Kathy.	Anthony is quieter than Patrick.
neutral	Among Greg, Arthur and Scott the biggest is Scott.	Arthur is bigger than Greg.
neutral	Among Robert, Patricia and Ron the cleverest is Ron.	Patricia is cleverer than Robert.
neutral	Among Annie, Ruth and Don the wisest is Don.	Ruth is wiser than Annie.
neutral	Among Helen, Ray and Richard the richest is Richard.	Ray is richer than Helen.
neutral	Among Carolyn, Jean and Alexandra the fittest is Alexandra.	Jean is fitter than Carolyn.
neutral	Among Kathleen, Donald and Sharon the cruellest is Sharon.	Donald is crueller than Kathleen.
neutral	Among Johnny, Alexandra and Alfred the gentlest is Alfred.	Alexandra is gentler than Johnny.
neutral	Among Johnny, George and Patrick the brightest is Patrick.	George is brighter than Johnny.
neutral	Among Patricia, Rebecca and Arthur the skinniest is Arthur.	Rebecca is skinnier than Patricia.
neutral	Among Kelly, Alfred and Sara the ugliest is Sara.	Alfred is uglier than Kelly.
neutral	Among Johnny, Anthony and Laura the chubbiest is Laura.	Anthony is chubbier than Johnny.
neutral	Among Carl, Marie and Bruce the cruellest is Bruce.	Marie is crueller than Carl.
neutral	Among Margaret, Jennifer and Sarah the laziest is Sarah.	Jennifer is lazier than Margaret.
neutral	Among Steve, Alice and Kathleen the worst is Kathleen.	Alice is worse than Steve.
neutral	Among Ralph, Martin and Emily the slimmest is Emily.	Martin is slimmer than Ralph.
neutral	Among Rose, Donna and Martin the cruellest is Martin.	Donna is crueller than Rose.
neutral	Among Tom, Eric and Alex the gloomiest is Alex.	Eric is gloomier than Tom.
neutral	Among Don, Maria and Nick the gloomiest is Nick.	Maria is gloomier than Don.
neutral	Among Jerry, Kathryn and Evelyn the gentlest is Evelyn.	Kathryn is gentler than Jerry.
neutral	Among Harold, Jennifer and Edith the proudest is Edith.	Jennifer is prouder than Harold.
neutral	Among Ron, Roger and Alice the gloomiest is Alice.	Roger is gloomier than Ron.
neutral	Among Martin, Keith and Roger the grossest is Roger.	Keith is grosser than Martin.
neutral	Among Fred, Katie and Scott the slimmest is Scott.	Katie is slimmer than Fred.
neutral	Among John, Nancy and Christine the most important is Christine.	Nancy is more important than John.
neutral	Among Jennifer, Margaret and Wendy the fittest is Wendy.	Margaret is fitter than Jennifer.
neutral	Among Charlie, Katie and Alfred the busiest is Alfred.	Katie is busier than Charlie.
neutral	Among Stephen, Sandra and Bob the oldest is Bob.	Sandra is older than Stephen.
neutral	Among Steve, Barbara and Sandra the smartest is Sandra.	Barbara is smarter than Steve.
neutral	Among Harold, Michael and Melissa the most handsome is Melissa.	Michael is more handsome than Harold.
neutral	Among Martin, Keith and Robert the brightest is Robert.	Keith is brighter than Martin.
neutral	Among Steven, Edith and Heather the weakest is Heather.	Edith is weaker than Steven.
neutral	Among Betty, Scott and Colin the cleverest is Colin.	Scott is cleverer than Betty.
neutral	Among Frederick, Karen and Brian the bossiest is Brian.	Karen is bossier than Frederick.
neutral	Among Diana, Keith and Al the rudest is Al.	Keith is ruder than Diana.
neutral	Among Andrea, Dave and Steven the sharpest is Steven.	Dave is sharper than Andrea.
neutral	Among Don, Frederick and Louise the smallest is Louise.	Frederick is smaller than Don.
neutral	Among Eleanor, Bob and Stephanie the fairest is Stephanie.	Bob is fairer than Eleanor.
neutral	Among Elaine, Ralph and Charlie the classiest is Charlie.	Ralph is classier than Elaine.
neutral	Among Louis, Alfred and Walter the cruellest is Walter.	Alfred is crueller than Louis.
neutral	Among Arthur, Michelle and Evelyn the sleepiest is Evelyn.	Michelle is sleepier than Arthur.
neutral	Among Sarah, Christine and Carolyn the prettiest is Carolyn.	Christine is prettier than Sarah.
neutral	Among Steven, Grace and Diana the cutest is Diana.	Grace is cuter than Steven.
neutral	Among Andrew, Richard and Kate the busiest is Kate.	Richard is busier than Andrew.
neutral	Among Dan, Pamela and Tom the bravest is Tom.	Pamela is braver than Dan.
neutral	Among Pamela, Harriet and Kathryn the most modern is Kathryn.	Harriet is more modern than Pamela.
neutral	Among Mark, Walter and Judy the saltiest is Judy.	Walter is saltier than Mark.
neutral	Among Richard, Samuel and Stephanie the sweetest is Stephanie.	Samuel is sweeter than Richard.
neutral	Among Sam, Marie and Jennifer the most tired is Jennifer.	Marie is more tired than Sam.
neutral	Among Frances, Richard and Kevin the most renowned is Kevin.	Richard is more renowned than Frances.
neutral	Among Steven, Carl and Judy the toughest is Judy.	Carl is tougher than Steven.
neutral	Among Chris, Anne and Scott the most important is Scott.	Anne is more important than Chris.
neutral	Among David, Francis and Lawrence the craziest is Lawrence.	Francis is crazier than David.
neutral	Among Dick, Adam and Frederick the sweetest is Frederick.	Adam is sweeter than Dick.
neutral	Among Sarah, Edith and Tim the shyest is Tim.	Edith is shyer than Sarah.
neutral	Among Melissa, Angela and Helen the prettiest is Helen.	Angela is prettier than Melissa.
neutral	Among Ian, Cynthia and Harry the politest is Harry.	Cynthia is politer than Ian.
neutral	Among Judy, John and Dick the nicest is Dick.	John is nicer than Judy.
neutral	Among Nancy, Francis and Frank the loveliest is Frank.	Francis is lovelier than Nancy.
neutral	Among Jerry, Jane and George the gloomiest is George.	Jane is gloomier than Jerry.
neutral	Among Francis, Chris and Margaret the most popular is Margaret.	Chris is more popular than Francis.
neutral	Among Ed, Mary and Harriet the brightest is Harriet.	Mary is brighter than Ed.
neutral	Among Jim, Amanda and Fred the busiest is Fred.	Amanda is busier than Jim.
neutral	Among Paul, Kevin and Anne the most modern is Anne.	Kevin is more modern than Paul.
neutral	Among Diane, Sally and Mark the wealthiest is Mark.	Sally is wealthier than Diane.
neutral	Among Michelle, Edith and Cynthia the most interesting is Cynthia.	Edith is more interesting than Michelle.
neutral	Among Matt, Roy and Deborah the bitterest is Deborah.	Roy is bitterer than Matt.
neutral	Among Jerry, Martin and Kathryn the chubbiest is Kathryn.	Martin is chubbier than Jerry.
neutral	Among Al, Maria and Katherine the creepiest is Katherine.	Maria is creepier than Al.
neutral	Among Walter, Diana and Lucy the most interesting is Lucy.	Diana is more interesting than Walter.
neutral	Among Richard, Andrew and Jonathan the weirdest is Jonathan.	Andrew is weirder than Richard.
neutral	Among Andrea, Alison and Betty the hottest is Betty.	Alison is hotter than Andrea.
neutral	Among Kenneth, Michael and Amy the biggest is Amy.	Michael is bigger than Kenneth.
neutral	Among Florence, John and Katherine the angriest is Katherine.	John is angrier than Florence.
neutral	Among Robin, Michael and Lynn the wealthiest is Lynn.	Michael is wealthier than Robin.
neutral	Among Michelle, Helen and Julie the messiest is Julie.	Helen is messier than Michelle.
neutral	Among Helen, Maria and Kathryn the cutest is Kathryn.	Maria is cuter than Helen.
neutral	Among Alice, Carol and Michael the youngest is Michael.	Carol is younger than Alice.
neutral	Among Judith, Emma and Betty the gentlest is Betty.	Emma is gentler than Judith.
neutral	Among Janet, Margaret and Walter the proudest is Walter.	Margaret is prouder than Janet.
neutral	Among Stephen, Kate and Florence the greatest is Florence.	Kate is greater than Stephen.
neutral	Among Jane, Kathy and Mary the proudest is Mary.	Kathy is prouder than Jane.
neutral	Among Jim, Jay and Henry the most tired is Henry.	Jay is more tired than Jim.
neutral	Among Evelyn, Karen and Bobby the most clever is Bobby.	Karen is more clever than Evelyn.
neutral	Among Sharon, James and Frederick the oldest is Frederick.	James is older than Sharon.
neutral	Among Victoria, Ray and Roger the most renowned is Roger.	Ray is more renowned than Victoria.
neutral	Among Nick, Billy and Pamela the silliest is Pamela.	Billy is sillier than Nick.
neutral	Among Fiona, Annie and Richard the fairest is Richard.	Annie is fairer than Fiona.
neutral	Among Anthony, Alice and Ed the dullest is Ed.	Alice is duller than Anthony.
neutral	Among Walter, Wendy and Anthony the most polite is Anthony.	Wendy is more polite than Walter.
neutral	Among Roy, Jane and Charles the most attractive is Charles.	Jane is more attractive than Roy.
neutral	Among Harold, Sara and Michelle the dumbest is Michelle.	Sara is dumber than Harold.
neutral	Among Steve, Wendy and Sally the hairiest is Sally.	Wendy is hairier than Steve.
neutral	Among Judy, Emma and Janet the hungriest is Janet.	Emma is hungrier than Judy.
neutral	Among Claire, Sam and Joe the longest is Joe.	Sam is longer than Claire.
neutral	Among Thomas, Julie and Wendy the oldest is Wendy.	Julie is older than Thomas.
neutral	Among Ron, Hugh and Alison the fattest is Alison.	Hugh is fatter than Ron.
neutral	Among David, Thomas and Alex the densest is Alex.	Thomas is denser than David.
neutral	Among Matthew, Donald and Rebecca the meanest is Rebecca.	Donald is meaner than Matthew.
neutral	Among Rose, Jean and Mike the most bitter is Mike.	Jean is more bitter than Rose.
neutral	Among Bruce, Florence and Steve the most polite is Steve.	Florence is more polite than Bruce.
neutral	Among Hugh, Julie and Colin the most bitter is Colin.	Julie is more bitter than Hugh.
neutral	Among Albert, Kelly and Janet the oldest is Janet.	Kelly is older than Albert.
neutral	Among Christine, Catherine and Francis the most polite is Francis.	Catherine is more polite than Christine.
neutral	Among Pamela, Alison and Maria the fittest is Maria.	Alison is fitter than Pamela.
neutral	Among Alan, Betty and Alexander the slowest is Alexander.	Betty is slower than Alan.
neutral	Among Bill, Andrea and Diana the saddest is Diana.	Andrea is sadder than Bill.
neutral	Among Michelle, Tony and Victoria the sweetest is Victoria.	Tony is sweeter than Michelle.
neutral	Among Mark, Michelle and James the naughtiest is James.	Michelle is naughtier than Mark.
neutral	Among Kevin, William and Paul the craziest is Paul.	William is crazier than Kevin.
neutral	Among Charles, Sandra and Andrew the most attractive is Andrew.	Sandra is more attractive than Charles.
neutral	Among Edward, Katherine and Anthony the weakest is Anthony.	Katherine is weaker than Edward.
neutral	Among Dan, Eleanor and James the sleepiest is James.	Eleanor is sleepier than Dan.
neutral	Among Carolyn, Eric and Anthony the richest is Anthony.	Eric is richer than Carolyn.
neutral	Among Dorothy, Chris and Adam the most renowned is Adam.	Chris is more renowned than Dorothy.
neutral	Among Anne, Dorothy and Katherine the craziest is Katherine.	Dorothy is crazier than Anne.
neutral	Among Sharon, David and Charlotte the gentlest is Charlotte.	David is gentler than Sharon.
neutral	Among Harold, Lisa and Frederick the nicest is Frederick.	Lisa is nicer than Harold.
neutral	Among Deborah, Julie and Colin the classiest is Colin.	Julie is classier than Deborah.
neutral	Among Brian, Christine and Donna the ugliest is Donna.	Christine is uglier than Brian.
neutral	Among William, Lawrence and Lynn the most modern is Lynn.	Lawrence is more modern than William.
neutral	Among Steve, Anthony and Philip the proudest is Philip.	Anthony is prouder than Steve.
neutral	Among Julie, Dan and Alfred the most renowned is Alfred.	Dan is more renowned than Julie.
neutral	Among Peter, Betty and James the funniest is James.	Betty is funnier than Peter.
neutral	Among Martin, Hugh and Steven the politest is Steven.	Hugh is politer than Martin.
neutral	Among Frederick, Edwin and Jay the richest is Jay.	Edwin is richer than Frederick.
neutral	Among Bob, Keith and Marie the fastest is Marie.	Keith is faster than Bob.
neutral	Among Jonathan, Frank and Ed the shortest is Ed.	Frank is shorter than Jonathan.
neutral	Among Joseph, Amanda and Tom the cleverest is Tom.	Amanda is cleverer than Joseph.
neutral	Among Louise, Johnny and Albert the creepiest is Albert.	Johnny is creepier than Louise.
neutral	Among Bruce, Michelle and Lauren the rudest is Lauren.	Michelle is ruder than Bruce.
neutral	Among Jay, Nick and Dave the fairest is Dave.	Nick is fairer than Jay.
neutral	Among Frederick, Donna and Sara the saddest is Sara.	Donna is sadder than Frederick.
neutral	Among Rebecca, Linda and Bobby the hottest is Bobby.	Linda is hotter than Rebecca.
neutral	Among Jessica, Charles and Charlie the most popular is Charlie.	Charles is more popular than Jessica.
neutral	Among Joseph, Harriet and Kevin the most handsome is Kevin.	Harriet is more handsome than Joseph.
neutral	Among Steven, Ron and Anthony the toughest is Anthony.	Ron is tougher than Steven.
neutral	Among Adam, Steven and Annie the gloomiest is Annie.	Steven is gloomier than Adam.
neutral	Among Martin, Albert and Alice the weirdest is Alice.	Albert is weirder than Martin.
neutral	Among Francis, Jason and Paul the strongest is Paul.	Jason is stronger than Francis.
neutral	Among James, Ralph and Rose the most clever is Rose.	Ralph is more clever than James.
neutral	Among Frank, Catherine and Jean the noisiest is Jean.	Catherine is noisier than Frank.
neutral	Among Johnny, Sophie and Arthur the most interesting is Arthur.	Sophie is more interesting than Johnny.
neutral	Among Ray, Louise and Rose the fittest is Rose.	Louise is fitter than Ray.
neutral	Among Diana, Leslie and Jimmy the funniest is Jimmy.	Leslie is funnier than Diana.
neutral	Among Albert, Sarah and Steven the fattest is Steven.	Sarah is fatter than Albert.
neutral	Among Victoria, Virginia and Carolyn the loudest is Carolyn.	Virginia is louder than Victoria.
neutral	Among Sally, Elaine and Alexandra the funniest is Alexandra.	Elaine is funnier than Sally.
neutral	Among Scott, Louise and Chris the most attractive is Chris.	Louise is more attractive than Scott.
neutral	Among Bob, Bobby and Sharon the noisiest is Sharon.	Bobby is noisier than Bob.
neutral	Among Martha, Edward and Jerry the nicest is Jerry.	Edward is nicer than Martha.
neutral	Among Sandra, Ron and Lisa the rudest is Lisa.	Ron is ruder than Sandra.
neutral	Among Alan, Janet and Kenneth the kindest is Kenneth.	Janet is kinder than Alan.
neutral	Among Wendy, Tim and Ruth the most handsome is Ruth.	Tim is more handsome than Wendy.
neutral	Among Robert, Ed and Donna the saddest is Donna.	Ed is sadder than Robert.
neutral	Among Frederick, Cynthia and Jill the clumsiest is Jill.	Cynthia is clumsier than Frederick.
neutral	Among Louis, Sophie and Matthew the boldest is Matthew.	Sophie is bolder than Louis.
neutral	Among Ruth, Frank and Florence the friendliest is Florence.	Frank is friendlier than Ruth.
neutral	Among Andrew, Howard and Roy the calmest is Roy.	Howard is calmer than Andrew.
neutral	Among Julia, Stephen and Jim the most interesting is Jim.	Stephen is more interesting than Julia.
neutral	Among Anne, Dan and Victoria the shyest is Victoria.	Dan is shyer than Anne.
neutral	Among Colin, Ellen and Wendy the richest is Wendy.	Ellen is richer than Colin.
neutral	Among Annie, Howard and Pamela the sweetest is Pamela.	Howard is sweeter than Annie.
neutral	Among Matthew, Virginia and Arthur the fairest is Arthur.	Virginia is fairer than Matthew.
neutral	Among Louise, Laura and Dan the sharpest is Dan.	Laura is sharper than Louise.
neutral	Among Joe, Paul and Hugh the noisiest is Hugh.	Paul is noisier than Joe.
neutral	Among Leslie, Frank and Joseph the cleverest is Joseph.	Frank is cleverer than Leslie.
neutral	Among Stephanie, Joseph and Rachel the saltiest is Rachel.	Joseph is saltier than Stephanie.
neutral	Among Roy, Ron and Katherine the saddest is Katherine.	Ron is sadder than Roy.
neutral	Among Patrick, Caroline and Alison the toughest is Alison.	Caroline is tougher than Patrick.
neutral	Among Harriet, Alexandra and Anna the most bitter is Anna.	Alexandra is more bitter than Harriet.
neutral	Among Frances, Billy and Martin the most tired is Martin.	Billy is more tired than Frances.
neutral	Among Katie, Alfred and Jim the saddest is Jim.	Alfred is sadder than Katie.
neutral	Among Patricia, Maria and Sara the greatest is Sara.	Maria is greater than Patricia.
neutral	Among Jason, Sam and Lisa the happiest is Lisa.	Sam is happier than Jason.
neutral	Among Rose, Edith and Martha the scariest is Martha.	Edith is scarier than Rose.
neutral	Among Henry, Mark and Barbara the calmest is Barbara.	Mark is calmer than Henry.
neutral	Among Joan, Ralph and Henry the most attractive is Henry.	Ralph is more attractive than Joan.
neutral	Among Jonathan, Suzanne and Maria the bravest is Maria.	Suzanne is braver than Jonathan.
neutral	Among Grace, Charles and Barbara the happiest is Barbara.	Charles is happier than Grace.
neutral	Among Caroline, Maria and Ray the most handsome is Ray.	Maria is more handsome than Caroline.
neutral	Among Anne, Donald and Carolyn the bossiest is Carolyn.	Donald is bossier than Anne.
neutral	Among Jeff, Lisa and Alfred the hungriest is Alfred.	Lisa is hungrier than Jeff.
neutral	Among Amanda, Richard and Leslie the most bitter is Leslie.	Richard is more bitter than Amanda.
neutral	Among Alice, David and Rachel the angriest is Rachel.	David is angrier than Alice.
neutral	Among Janet, Scott and Jennifer the poorest is Jennifer.	Scott is poorer than Janet.
neutral	Among Pamela, Simon and David the cutest is David.	Simon is cuter than Pamela.
neutral	Among Katie, Charlotte and Steve the friendliest is Steve.	Charlotte is friendlier than Katie.
neutral	Among Heather, Rachel and Karen the weakest is Karen.	Rachel is weaker than Heather.
neutral	Among Marie, Diana and Samuel the oldest is Samuel.	Diana is older than Marie.
neutral	Among Rose, Howard and Gary the kindest is Gary.	Howard is kinder than Rose.
neutral	Among Matt, Robin and Anne the kindest is Anne.	Robin is kinder than Matt.
neutral	Among Melissa, Billy and Steven the most interesting is Steven.	Billy is more interesting than Melissa.
neutral	Among Ron, Dorothy and Joan the smallest is Joan.	Dorothy is smaller than Ron.
neutral	Among Kenneth, Leslie and Evelyn the weirdest is Evelyn.	Leslie is weirder than Kenneth.
neutral	Among Donna, Albert and Katherine the humblest is Katherine.	Albert is humbler than Donna.
neutral	Among Bobby, Louis and Ian the most renowned is Ian.	Louis is more renowned than Bobby.
neutral	Among Ashley, Florence and Henry the shallowest is Henry.	Florence is shallower than Ashley.
neutral	Among Fiona, Ann and Donna the greediest is Donna.	Ann is greedier than Fiona.
neutral	Among Harry, Carolyn and Alfred the humblest is Alfred.	Carolyn is humbler than Harry.
neutral	Among Kathy, Jonathan and Larry the busiest is Larry.	Jonathan is busier than Kathy.
neutral	Among Jay, Stephen and Charles the most polite is Charles.	Stephen is more polite than Jay.
neutral	Among Sara, Annie and Lauren the loneliest is Lauren.	Annie is lonlier than Sara.
neutral	Among Helen, Colin and Lawrence the happiest is Lawrence.	Colin is happier than Helen.
neutral	Among Tim, Martha and Arthur the politest is Arthur.	Martha is politer than Tim.
neutral	Among Jonathan, Jason and Diane the most attractive is Diane.	Jason is more attractive than Jonathan.
neutral	Among Roy, Richard and Carol the clumsiest is Carol.	Richard is clumsier than Roy.
neutral	Among Anna, Laura and Anne the naughtiest is Anne.	Laura is naughtier than Anna.
neutral	Among Julia, Carolyn and Ann the sorriest is Ann.	Carolyn is sorrier than Julia.
neutral	Among Ron, Louis and Nicole the firmest is Nicole.	Louis is firmer than Ron.
neutral	Among Lawrence, Margaret and Anna the dullest is Anna.	Margaret is duller than Lawrence.
neutral	Among Harry, Marie and Colin the noisiest is Colin.	Marie is noisier than Harry.
neutral	Among Frederick, Janet and Jack the firmest is Jack.	Janet is firmer than Frederick.
neutral	Among Angela, Bruce and Kathleen the dullest is Kathleen.	Bruce is duller than Angela.
neutral	Among Joseph, Christine and David the slowest is David.	Christine is slower than Joseph.
neutral	Among Jimmy, Edward and Karen the fittest is Karen.	Edward is fitter than Jimmy.
neutral	Among Linda, Charlotte and Susan the most attractive is Susan.	Charlotte is more attractive than Linda.
neutral	Among Harry, Helen and Caroline the calmest is Caroline.	Helen is calmer than Harry.
neutral	Among Charles, Matthew and Charlotte the gentlest is Charlotte.	Matthew is gentler than Charles.
neutral	Among Ryan, Alice and Jim the shortest is Jim.	Alice is shorter than Ryan.
neutral	Among Sam, Carol and Sara the gloomiest is Sara.	Carol is gloomier than Sam.
neutral	Among Marie, Florence and Kim the craziest is Kim.	Florence is crazier than Marie.
neutral	Among Elizabeth, Tony and Dave the strongest is Dave.	Tony is stronger than Elizabeth.
neutral	Among Mike, Sarah and Ellen the poorest is Ellen.	Sarah is poorer than Mike.
neutral	Among Stephen, Albert and Benjamin the kindest is Benjamin.	Albert is kinder than Stephen.
neutral	Among Ken, Barbara and Joseph the classiest is Joseph.	Barbara is classier than Ken.
neutral	Among Sophie, Ashley and Jonathan the scariest is Jonathan.	Ashley is scarier than Sophie.
neutral	Among Janet, Evelyn and Kim the longest is Kim.	Evelyn is longer than Janet.
neutral	Among Edwin, Anna and Stephen the most tired is Stephen.	Anna is more tired than Edwin.
neutral	Among Adam, Greg and Jonathan the loveliest is Jonathan.	Greg is lovelier than Adam.
neutral	Among Dan, Jane and Jill the most interesting is Jill.	Jane is more interesting than Dan.
neutral	Among David, Kathleen and Andrew the proudest is Andrew.	Kathleen is prouder than David.
neutral	Among Diana, Amanda and Tony the most renowned is Tony.	Amanda is more renowned than Diana.
neutral	Among Mike, Samuel and Evelyn the meanest is Evelyn.	Samuel is meaner than Mike.
neutral	Among Christine, Jack and Charlotte the smartest is Charlotte.	Jack is smarter than Christine.
neutral	Among Roy, Louis and Robin the most interesting is Robin.	Louis is more interesting than Roy.
neutral	Among Robert, Charlie and Alison the angriest is Alison.	Charlie is angrier than Robert.
neutral	Among John, Dave and Michelle the creepiest is Michelle.	Dave is creepier than John.
neutral	Among Melissa, Stephen and Roy the friendliest is Roy.	Stephen is friendlier than Melissa.
neutral	Among Sophie, Emily and Sandra the greatest is Sandra.	Emily is greater than Sophie.
neutral	Among Mark, Heather and Florence the most modern is Florence.	Heather is more modern than Mark.
neutral	Among Lauren, Nicole and Edwin the greediest is Edwin.	Nicole is greedier than Lauren.
neutral	Among Annie, Katherine and Lucy the funniest is Lucy.	Katherine is funnier than Annie.
neutral	Among Marilyn, Ed and Pamela the poorest is Pamela.	Ed is poorer than Marilyn.
neutral	Among Ian, Rachel and Frank the laziest is Frank.	Rachel is lazier than Ian.
neutral	Among Ian, Diane and Angela the quietest is Angela.	Diane is quieter than Ian.
neutral	Among Stephanie, Martha and Victoria the gentlest is Victoria.	Martha is gentler than Stephanie.
neutral	Among Kenneth, Alan and Ben the fittest is Ben.	Alan is fitter than Kenneth.
neutral	Among Florence, Bruce and Amanda the craziest is Amanda.	Bruce is crazier than Florence.
neutral	Among Judy, Sally and Greg the scariest is Greg.	Sally is scarier than Judy.
neutral	Among Simon, Fiona and Scott the chubbiest is Scott.	Fiona is chubbier than Simon.
neutral	Among Elizabeth, Sandra and Jane the most bitter is Jane.	Sandra is more bitter than Elizabeth.
neutral	Among Stephen, Edward and Susan the strongest is Susan.	Edward is stronger than Stephen.
neutral	Among Suzanne, Jason and Kenneth the smartest is Kenneth.	Jason is smarter than Suzanne.
neutral	Among Howard, Frederick and Jay the noisiest is Jay.	Frederick is noisier than Howard.
neutral	Among Ken, Ralph and Harry the wealthiest is Harry.	Ralph is wealthier than Ken.
neutral	Among Roy, Robin and Diana the weirdest is Diana.	Robin is weirder than Roy.
neutral	Among Cynthia, Eleanor and Caroline the fastest is Caroline.	Eleanor is faster than Cynthia.
neutral	Among Caroline, Philip and Steven the kindest is Steven.	Philip is kinder than Caroline.
neutral	Among Brian, Linda and Sophie the sleepiest is Sophie.	Linda is sleepier than Brian.
neutral	Among Ann, Simon and Peter the smartest is Peter.	Simon is smarter than Ann.
neutral	Among Lisa, Francis and Jessica the toughest is Jessica.	Francis is tougher than Lisa.
neutral	Among John, Jason and Brian the shyest is Brian.	Jason is shyer than John.
neutral	Among Robin, Catherine and Lawrence the firmest is Lawrence.	Catherine is firmer than Robin.
neutral	Among Jerry, Matt and Colin the hottest is Colin.	Matt is hotter than Jerry.
neutral	Among Stephen, Jennifer and Keith the proudest is Keith.	Jennifer is prouder than Stephen.
neutral	Among Martin, Mark and Joan the weirdest is Joan.	Mark is weirder than Martin.
neutral	Among Lauren, Karen and Bruce the most important is Bruce.	Karen is more important than Lauren.
neutral	Among Alfred, Bruce and Nancy the funniest is Nancy.	Bruce is funnier than Alfred.
neutral	Among Lisa, Ron and Bill the toughest is Bill.	Ron is tougher than Lisa.
neutral	Among David, Mark and Ruth the craziest is Ruth.	Mark is crazier than David.
neutral	Among William, Karen and Robert the sincerest is Robert.	Karen is sincerer than William.
neutral	Among Daniel, Harold and Wendy the most tired is Wendy.	Harold is more tired than Daniel.
neutral	Among Edith, Maria and Jean the biggest is Jean.	Maria is bigger than Edith.
neutral	Among Sophie, Ian and Kevin the humblest is Kevin.	Ian is humbler than Sophie.
neutral	Among Martin, Alice and Michael the most modern is Michael.	Alice is more modern than Martin.
neutral	Among James, Kathy and Susan the most popular is Susan.	Kathy is more popular than James.
neutral	Among Francis, Stephen and Colin the best is Colin.	Stephen is better than Francis.
neutral	Among Maria, Thomas and Kelly the sharpest is Kelly.	Thomas is sharper than Maria.
neutral	Among Billy, Andrea and Dan the curviest is Dan.	Andrea is curvier than Billy.
neutral	Among Diana, Mark and Rachel the sleepiest is Rachel.	Mark is sleepier than Diana.
neutral	Among Ron, Bobby and Edwin the dumbest is Edwin.	Bobby is dumber than Ron.
neutral	Among Jennifer, Amy and Steve the loudest is Steve.	Amy is louder than Jennifer.
neutral	Among Harry, Arthur and Peter the scariest is Peter.	Arthur is scarier than Harry.
neutral	Among Tim, Jason and Angela the most beautiful is Angela.	Jason is more beautiful than Tim.
neutral	Among Daniel, Fred and Adam the shallowest is Adam.	Fred is shallower than Daniel.
neutral	Among Stephen, Emma and Angela the curviest is Angela.	Emma is curvier than Stephen.
neutral	Among Francis, Charles and George the noisiest is George.	Charles is noisier than Francis.
neutral	Among Sara, Eleanor and Helen the most attractive is Helen.	Eleanor is more attractive than Sara.
neutral	Among Julia, Greg and Edwin the fittest is Edwin.	Greg is fitter than Julia.
neutral	Among Joe, Martha and Simon the fattest is Simon.	Martha is fatter than Joe.
neutral	Among Virginia, Stephen and Alexandra the humblest is Alexandra.	Stephen is humbler than Virginia.
neutral	Among Kenneth, Alexander and Amanda the boldest is Amanda.	Alexander is bolder than Kenneth.
neutral	Among Bill, Thomas and Philip the meanest is Philip.	Thomas is meaner than Bill.
neutral	Among Sharon, Nancy and Katie the loneliest is Katie.	Nancy is lonlier than Sharon.
neutral	Among Wendy, Jean and Evelyn the prettiest is Evelyn.	Jean is prettier than Wendy.
neutral	Among Suzanne, Alison and Amanda the cleverest is Amanda.	Alison is cleverer than Suzanne.
neutral	Among Nicole, Alan and Rebecca the calmest is Rebecca.	Alan is calmer than Nicole.
neutral	Among Betty, Paul and Jeff the hungriest is Jeff.	Paul is hungrier than Betty.
neutral	Among Larry, Benjamin and Suzanne the harshest is Suzanne.	Benjamin is harsher than Larry.
neutral	Among Kelly, Stephanie and Roger the loveliest is Roger.	Stephanie is lovelier than Kelly.
neutral	Among Catherine, Albert and Elaine the most bitter is Elaine.	Albert is more bitter than Catherine.
neutral	Among Sophie, Jack and Tony the nicest is Tony.	Jack is nicer than Sophie.
neutral	Among Elaine, Kevin and Robin the busiest is Robin.	Kevin is busier than Elaine.
neutral	Among Ellen, Evelyn and Steven the shortest is Steven.	Evelyn is shorter than Ellen.
neutral	Among Ralph, Harold and Roger the cleverest is Roger.	Harold is cleverer than Ralph.
neutral	Among Pamela, Alison and Martin the sweetest is Martin.	Alison is sweeter than Pamela.
neutral	Among Dorothy, Jeff and Helen the greediest is Helen.	Jeff is greedier than Dorothy.
neutral	Among Sarah, Sam and Jennifer the grossest is Jennifer.	Sam is grosser than Sarah.
neutral	Among Louise, Sophie and Evelyn the gentlest is Evelyn.	Sophie is gentler than Louise.
neutral	Among Ruth, Louis and Amanda the firmest is Amanda.	Louis is firmer than Ruth.
neutral	Among Mark, Carolyn and Alison the boldest is Alison.	Carolyn is bolder than Mark.
neutral	Among Alexander, Edwin and Alexandra the angriest is Alexandra.	Edwin is angrier than Alexander.
neutral	Among Dave, Roger and Judith the rudest is Judith.	Roger is ruder than Dave.
neutral	Among Grace, Linda and Kim the cruellest is Kim.	Linda is crueller than Grace.
neutral	Among Andrew, Michelle and Betty the fastest is Betty.	Michelle is faster than Andrew.
neutral	Among Lynn, Frances and Al the messiest is Al.	Frances is messier than Lynn.
neutral	Among Kelly, Nicole and Charles the hairiest is Charles.	Nicole is hairier than Kelly.
neutral	Among Dick, Caroline and Mary the oldest is Mary.	Caroline is older than Dick.
neutral	Among Rebecca, John and Bruce the youngest is Bruce.	John is younger than Rebecca.
neutral	Among Bruce, Jay and Eric the slowest is Eric.	Jay is slower than Bruce.
neutral	Among Tony, Eric and Bobby the most modern is Bobby.	Eric is more modern than Tony.
neutral	Among Jennifer, Robin and Caroline the sharpest is Caroline.	Robin is sharper than Jennifer.
neutral	Among Albert, Louise and Ed the hairiest is Ed.	Louise is hairier than Albert.
neutral	Among Joseph, Alison and Alex the most popular is Alex.	Alison is more popular than Joseph.
neutral	Among Eric, Diane and Sarah the calmest is Sarah.	Diane is calmer than Eric.
neutral	Among Marilyn, Gary and Fiona the chubbiest is Fiona.	Gary is chubbier than Marilyn.
neutral	Among Johnny, Carl and Alison the hottest is Alison.	Carl is hotter than Johnny.
neutral	Among Elaine, Ron and Anne the cutest is Anne.	Ron is cuter than Elaine.
neutral	Among Margaret, Tony and Mike the laziest is Mike.	Tony is lazier than Margaret.
neutral	Among Stephen, Donald and Bobby the classiest is Bobby.	Donald is classier than Stephen.
neutral	Among Christine, Carolyn and Margaret the most attractive is Margaret.	Carolyn is more attractive than Christine.
neutral	Among Dave, Tom and Martha the gentlest is Martha.	Tom is gentler than Dave.
neutral	Among Sharon, Betty and Samuel the densest is Samuel.	Betty is denser than Sharon.
neutral	Among Adam, Sharon and Edwin the healthiest is Edwin.	Sharon is healthier than Adam.
neutral	Among Robert, George and Nancy the greatest is Nancy.	George is greater than Robert.
neutral	Among Patrick, Francis and Sandra the shortest is Sandra.	Francis is shorter than Patrick.
neutral	Among Ken, Michelle and Jerry the most handsome is Jerry.	Michelle is more handsome than Ken.
neutral	Among Katie, Simon and Matthew the most modern is Matthew.	Simon is more modern than Katie.
neutral	Among James, Jeff and Kelly the youngest is Kelly.	Jeff is younger than James.
neutral	Among Harry, Tim and Janet the naughtiest is Janet.	Tim is naughtier than Harry.
neutral	Among Sarah, Edwin and Paul the youngest is Paul.	Edwin is younger than Sarah.
neutral	Among Christine, Sam and Rachel the slowest is Rachel.	Sam is slower than Christine.
neutral	Among Harry, Martha and Barbara the oldest is Barbara.	Martha is older than Harry.
neutral	Among Jessica, Lucy and Claire the best is Claire.	Lucy is better than Jessica.
neutral	Among Frank, Joseph and Angela the busiest is Angela.	Joseph is busier than Frank.
neutral	Among Alfred, Andrea and Barbara the hungriest is Barbara.	Andrea is hungrier than Alfred.
neutral	Among Robert, Martha and Alice the richest is Alice.	Martha is richer than Robert.
neutral	Among Frances, Julia and Dan the kindest is Dan.	Julia is kinder than Frances.
neutral	Among Edith, Sarah and Joe the thinnest is Joe.	Sarah is thinner than Edith.
neutral	Among Tony, Katie and Fiona the naughtiest is Fiona.	Katie is naughtier than Tony.
neutral	Among Rachel, Alice and Ashley the best is Ashley.	Alice is better than Rachel.
neutral	Among Betty, Stephanie and Donna the funniest is Donna.	Stephanie is funnier than Betty.
neutral	Among Louise, Jimmy and Kenneth the funniest is Kenneth.	Jimmy is funnier than Louise.
neutral	Among Sam, Deborah and Amy the dumbest is Amy.	Deborah is dumber than Sam.
neutral	Among Elizabeth, Julie and Roy the creepiest is Roy.	Julie is creepier than Elizabeth.
neutral	Among Leslie, Ruth and Virginia the meanest is Virginia.	Ruth is meaner than Leslie.
neutral	Among Tim, Simon and Thomas the sorriest is Thomas.	Simon is sorrier than Tim.
neutral	Among Steve, Alexander and Bob the saltiest is Bob.	Alexander is saltier than Steve.
neutral	Among Anna, Gary and Harold the gentlest is Harold.	Gary is gentler than Anna.
neutral	Among Donald, Chris and Katherine the skinniest is Katherine.	Chris is skinnier than Donald.
neutral	Among Marilyn, George and Marie the shortest is Marie.	George is shorter than Marilyn.
neutral	Among Emily, Ed and Ray the most polite is Ray.	Ed is more polite than Emily.
neutral	Among Nick, Ruth and Diana the nicest is Diana.	Ruth is nicer than Nick.
neutral	Among Mike, Carol and Julie the healthiest is Julie.	Carol is healthier than Mike.
neutral	Among Ken, Stephen and Howard the friendliest is Howard.	Stephen is friendlier than Ken.
neutral	Among Matt, Kevin and Fiona the loveliest is Fiona.	Kevin is lovelier than Matt.
neutral	Among Carol, Annie and Alfred the ugliest is Alfred.	Annie is uglier than Carol.
neutral	Among Martha, Jim and Larry the clumsiest is Larry.	Jim is clumsier than Martha.
neutral	Among Charlie, Nancy and Mike the firmest is Mike.	Nancy is firmer than Charlie.
neutral	Among Henry, Bobby and George the politest is George.	Bobby is politer than Henry.
neutral	Among Frances, Jack and Ashley the hungriest is Ashley.	Jack is hungrier than Frances.
neutral	Among Thomas, Billy and Katherine the most interesting is Katherine.	Billy is more interesting than Thomas.
neutral	Among Nicole, Larry and Andrea the most modern is Andrea.	Larry is more modern than Nicole.
neutral	Among Ryan, Jean and Jason the most beautiful is Jason.	Jean is more beautiful than Ryan.
neutral	Among Edwin, Diana and Ryan the cruellest is Ryan.	Diana is crueller than Edwin.
neutral	Among Chris, Thomas and John the boldest is John.	Thomas is bolder than Chris.
neutral	Among Julie, Arthur and Bob the worst is Bob.	Arthur is worse than Julie.
neutral	Among Kathleen, Harold and Jonathan the strongest is Jonathan.	Harold is stronger than Kathleen.
neutral	Among Kathryn, Arthur and Michael the most attractive is Michael.	Arthur is more attractive than Kathryn.
neutral	Among Deborah, Ann and Bobby the youngest is Bobby.	Ann is younger than Deborah.
neutral	Among Alice, Richard and Tony the dumbest is Tony.	Richard is dumber than Alice.
neutral	Among Bill, Helen and Gary the fairest is Gary.	Helen is fairer than Bill.
neutral	Among Ray, Grace and Rebecca the proudest is Rebecca.	Grace is prouder than Ray.
neutral	Among Alison, Frances and Anthony the tallest is Anthony.	Frances is taller than Alison.
neutral	Among Kenneth, Philip and Dave the saddest is Dave.	Philip is sadder than Kenneth.
neutral	Among Anna, Ashley and Roy the cutest is Roy.	Ashley is cuter than Anna.
neutral	Among Michael, Samuel and Patricia the shortest is Patricia.	Samuel is shorter than Michael.
neutral	Among Tony, Sophie and Carl the guiltiest is Carl.	Sophie is guilter than Tony.
neutral	Among Paul, Colin and Alexander the toughest is Alexander.	Colin is tougher than Paul.
neutral	Among Kevin, Chris and Lynn the oldest is Lynn.	Chris is older than Kevin.
neutral	Among Alice, Don and Ellen the fittest is Ellen.	Don is fitter than Alice.
neutral	Among Joe, Ryan and Jimmy the sharpest is Jimmy.	Ryan is sharper than Joe.
neutral	Among Judith, Keith and Henry the cruellest is Henry.	Keith is crueller than Judith.
