entailment	Among Jeff, Wendy and Judith the most polite is Wendy.	Wendy is more polite than Judith.
entailment	Among Alison, Jill and Jane the rudest is Jill.	Jill is ruder than Jane.
entailment	Among Ashley, Greg and Kevin the oldest is Greg.	Greg is older than Kevin.
entailment	Among Caroline, Leslie and Bob the greediest is Leslie.	Leslie is greedier than Bob.
entailment	Among Benjamin, Charlotte and Richard the most renowned is Charlotte.	Charlotte is more renowned than Richard.
entailment	Among Jill, Nick and Roy the fastest is Nick.	Nick is faster than Roy.
entailment	Among Martin, Deborah and Philip the densest is Deborah.	Deborah is denser than Philip.
entailment	Among Donna, Julie and Kevin the gloomiest is Julie.	Julie is gloomier than Kevin.
entailment	Among Dick, Daniel and Tom the dullest is Daniel.	Daniel is duller than Tom.
entailment	Among Mark, Louise and Donald the densest is Louise.	Louise is denser than Donald.
entailment	Among Dorothy, Bruce and Arthur the gloomiest is Bruce.	Bruce is gloomier than Arthur.
entailment	Among Bruce, Jane and Jennifer the gentlest is Jane.	Jane is gentler than Jennifer.
entailment	Among Bill, Lauren and Greg the naughtiest is Lauren.	Lauren is naughtier than Greg.
entailment	Among Dan, Louis and Kathy the bossiest is Louis.	Louis is bossier than Kathy.
entailment	Among Mary, Harriet and Alison the healthiest is Harriet.	Harriet is healthier than Alison.
entailment	Among Albert, Jonathan and Tim the skinniest is Jonathan.	Jonathan is skinnier than Tim.
entailment	Among Chris, Florence and Alice the friendliest is Florence.	Florence is friendlier than Alice.
entailment	Among Stephanie, Katie and Matt the weakest is Katie.	Katie is weaker than Matt.
entailment	Among Benjamin, Catherine and Amy the most clever is Catherine.	Catherine is more clever than Amy.
entailment	Among Marie, Julia and Alice the kindest is Julia.	Julia is kinder than Alice.
entailment	Among William, Edwin and Lauren the skinniest is Edwin.	Edwin is skinnier than Lauren.
entailment	Among Thomas, Louise and Jay the most interesting is Louise.	Louise is more interesting than Jay.
entailment	Among Daniel, Sandra and Frances the kindest is Sandra.	Sandra is kinder than Frances.
entailment	Among Don, David and Jonathan the naughtiest is David.	David is naughtier than Jonathan.
entailment	Among Suzanne, Alexandra and Joan the sweetest is Alexandra.	Alexandra is sweeter than Joan.
entailment	Among Ken, Billy and Edwin the meanest is Billy.	Billy is meaner than Edwin.
entailment	Among Rose, Virginia and Johnny the weirdest is Virginia.	Virginia is weirder than Johnny.
entailment	Among Ellen, Rebecca and Alex the naughtiest is Rebecca.	Rebecca is naughtier than Alex.
entailment	Among Jennifer, Barbara and Kevin the nicest is Barbara.	Barbara is nicer than Kevin.
entailment	Among Alexandra, Lisa and Robin the nicest is Lisa.	Lisa is nicer than Robin.
entailment	Among Ellen, Virginia and Ann the most important is Virginia.	Virginia is more important than Ann.
entailment	Among Jack, Dan and Walter the densest is Dan.	Dan is denser than Walter.
entailment	Among Mike, Diana and Christopher the angriest is Diana.	Diana is angrier than Christopher.
entailment	Among Margaret, Jeff and Steven the humblest is Jeff.	Jeff is humbler than Steven.
entailment	Among Tony, Amy and Joe the biggest is Amy.	Amy is bigger than Joe.
entailment	Among Kim, Julia and Betty the silliest is Julia.	Julia is sillier than Betty.
entailment	Among Ron, Alex and Elizabeth the happiest is Alex.	Alex is happier than Elizabeth.
entailment	Among Bobby, Steve and Anthony the densest is Steve.	Steve is denser than Anthony.
entailment	Among Ruth, Ellen and Frederick the nicest is Ellen.	Ellen is nicer than Frederick.
entailment	Among Heather, Dave and Frank the most popular is Dave.	Dave is more popular than Frank.
entailment	Among Bob, Mike and Louis the sorriest is Mike.	Mike is sorrier than Louis.
entailment	Among Eleanor, Scott and Nicole the prettiest is Scott.	Scott is prettier than Nicole.
entailment	Among Kathryn, Jane and Judy the worst is Jane.	Jane is worse than Judy.
entailment	Among Diana, Patrick and Donald the longest is Patrick.	Patrick is longer than Donald.
entailment	Among Billy, Simon and Virginia the harshest is Simon.	Simon is harsher than Virginia.
entailment	Among David, Charles and Dorothy the cutest is Charles.	Charles is cuter than Dorothy.
entailment	Among Francis, Christopher and Carolyn the fattest is Christopher.	Christopher is fatter than Carolyn.
entailment	Among Alex, Jessica and Sarah the thinnest is Jessica.	Jessica is thinner than Sarah.
entailment	Among Mark, Sue and Howard the cruellest is Sue.	Sue is crueller than Howard.
entailment	Among Angela, Claire and Frank the scariest is Claire.	Claire is scarier than Frank.
entailment	Among Edith, Virginia and Ruth the ugliest is Virginia.	Virginia is uglier than Ruth.
entailment	Among Lisa, Amanda and Simon the loveliest is Amanda.	Amanda is lovelier than Simon.
entailment	Among Howard, Tony and Alexander the fastest is Tony.	Tony is faster than Alexander.
entailment	Among Harold, Elizabeth and Al the best is Elizabeth.	Elizabeth is better than Al.
entailment	Among Edward, Keith and Anna the strongest is Keith.	Keith is stronger than Anna.
entailment	Among Jim, Frank and Paul the craziest is Frank.	Frank is crazier than Paul.
entailment	Among Amanda, Nancy and Matt the tiniest is Nancy.	Nancy is tinier than Matt.
entailment	Among Suzanne, Larry and Alexander the tiniest is Larry.	Larry is tinier than Alexander.
entailment	Among Jim, Jimmy and Edward the most popular is Jimmy.	Jimmy is more popular than Edward.
entailment	Among Donna, Laura and Nick the guiltiest is Laura.	Laura is guilter than Nick.
entailment	Among Ashley, Brian and Harriet the richest is Brian.	Brian is richer than Harriet.
entailment	Among Jennifer, Katherine and Kevin the fastest is Katherine.	Katherine is faster than Kevin.
entailment	Among Tim, Keith and Anthony the kindest is Keith.	Keith is kinder than Anthony.
entailment	Among Edward, Paul and Fiona the loneliest is Paul.	Paul is lonlier than Fiona.
entailment	Among Linda, Tony and Carl the hungriest is Tony.	Tony is hungrier than Carl.
entailment	Among Simon, Susan and Larry the most clever is Susan.	Susan is more clever than Larry.
entailment	Among Rebecca, Keith and Ellen the politest is Keith.	Keith is politer than Ellen.
entailment	Among Bill, Alfred and Helen the quietest is Alfred.	Alfred is quieter than Helen.
entailment	Among Catherine, Kelly and Susan the scariest is Kelly.	Kelly is scarier than Susan.
entailment	Among Margaret, Carolyn and Ed the sorriest is Carolyn.	Carolyn is sorrier than Ed.
entailment	Among Frederick, Tim and Carl the healthiest is Tim.	Tim is healthier than Carl.
entailment	Among Stephen, Richard and Bill the creepiest is Richard.	Richard is creepier than Bill.
entailment	Among Joan, William and Peter the longest is William.	William is longer than Peter.
entailment	Among Lynn, Daniel and Emily the laziest is Daniel.	Daniel is lazier than Emily.
entailment	Among Carolyn, Florence and Robert the gentlest is Florence.	Florence is gentler than Robert.
entailment	Among Margaret, Lisa and Jason the fairest is Lisa.	Lisa is fairer than Jason.
entailment	Among Helen, Julia and Peter the densest is Julia.	Julia is denser than Peter.
entailment	Among Elizabeth, Ray and Helen the nicest is Ray.	Ray is nicer than Helen.
entailment	Among Andrea, Larry and Steve the saddest is Larry.	Larry is sadder than Steve.
entailment	Among Christine, Kathy and Paul the politest is Kathy.	Kathy is politer than Paul.
entailment	Among Anna, Rebecca and Francis the friendliest is Rebecca.	Rebecca is friendlier than Francis.
entailment	Among Evelyn, Elizabeth and Sandra the cruellest is Elizabeth.	Elizabeth is crueller than Sandra.
entailment	Among Cynthia, Roy and Fiona the wisest is Roy.	Roy is wiser than Fiona.
entailment	Among Alice, Rose and Kate the naughtiest is Rose.	Rose is naughtier than Kate.
entailment	Among Angela, Emily and Peter the classiest is Emily.	Emily is classier than Peter.
entailment	Among James, Gary and Harriet the dullest is Gary.	Gary is duller than Harriet.
entailment	Among George, Francis and Billy the happiest is Francis.	Francis is happier than Billy.
entailment	Among Robin, Bobby and Leslie the noisiest is Bobby.	Bobby is noisier than Leslie.
entailment	Among Kelly, Jessica and Jean the most modern is Jessica.	Jessica is more modern than Jean.
entailment	Among Kenneth, Jay and Steve the most polite is Jay.	Jay is more polite than Steve.
entailment	Among Larry, Edith and Lynn the richest is Edith.	Edith is richer than Lynn.
entailment	Among Simon, Howard and Betty the naughtiest is Howard.	Howard is naughtier than Betty.
entailment	Among Bill, Dorothy and Eleanor the greatest is Dorothy.	Dorothy is greater than Eleanor.
entailment	Among Larry, Tony and Louise the fittest is Tony.	Tony is fitter than Louise.
entailment	Among Bobby, Anne and Alan the dullest is Anne.	Anne is duller than Alan.
entailment	Among James, Johnny and Robin the most popular is Johnny.	Johnny is more popular than Robin.
entailment	Among Joe, Michelle and Jill the most tired is Michelle.	Michelle is more tired than Jill.
entailment	Among Matt, Henry and Jerry the dullest is Henry.	Henry is duller than Jerry.
entailment	Among Edith, Gary and Kenneth the healthiest is Gary.	Gary is healthier than Kenneth.
entailment	Among Brian, Diana and David the laziest is Diana.	Diana is lazier than David.
entailment	Among Harriet, Patrick and Ryan the kindest is Patrick.	Patrick is kinder than Ryan.
entailment	Among Linda, Kim and David the strongest is Kim.	Kim is stronger than David.
entailment	Among Ralph, Howard and Thomas the sorriest is Howard.	Howard is sorrier than Thomas.
entailment	Among Eleanor, Dan and Sarah the slowest is Dan.	Dan is slower than Sarah.
entailment	Among Jim, Ian and Scott the smallest is Ian.	Ian is smaller than Scott.
entailment	Among Janet, Ruth and Anthony the strongest is Ruth.	Ruth is stronger than Anthony.
entailment	Among Ben, John and Edwin the most beautiful is John.	John is more beautiful than Edwin.
entailment	Among Jason, Ian and Peter the curviest is Ian.	Ian is curvier than Peter.
entailment	Among Emily, Katherine and Virginia the guiltiest is Katherine.	Katherine is guilter than Virginia.
entailment	Among Anna, Ed and Alan the meanest is Ed.	Ed is meaner than Alan.
entailment	Among Sally, Judy and Cynthia the cutest is Judy.	Judy is cuter than Cynthia.
entailment	Among Virginia, Victoria and Helen the kindest is Victoria.	Victoria is kinder than Helen.
entailment	Among Elizabeth, Ron and Louise the most bitter is Ron.	Ron is more bitter than Louise.
entailment	Among Alexander, Edwin and Jimmy the smartest is Edwin.	Edwin is smarter than Jimmy.
entailment	Among Al, Carol and Paul the most beautiful is Carol.	Carol is more beautiful than Paul.
entailment	Among Philip, Greg and Johnny the most clever is Greg.	Greg is more clever than Johnny.
entailment	Among Tony, Ben and Jonathan the sincerest is Ben.	Ben is sincerer than Jonathan.
entailment	Among Carl, Kim and Bruce the humblest is Kim.	Kim is humbler than Bruce.
entailment	Among Cynthia, George and Edith the bravest is George.	George is braver than Edith.
entailment	Among Joseph, Martin and Donald the most bitter is Martin.	Martin is more bitter than Donald.
entailment	Among Victoria, Ian and Nick the most important is Ian.	Ian is more important than Nick.
entailment	Among Kelly, Steven and Ruth the saddest is Steven.	Steven is sadder than Ruth.
entailment	Among Rebecca, Alfred and Robert the prettiest is Alfred.	Alfred is prettier than Robert.
entailment	Among Suzanne, Sharon and Ruth the thinnest is Sharon.	Sharon is thinner than Ruth.
entailment	Among Amanda, Arthur and Bruce the sincerest is Arthur.	Arthur is sincerer than Bruce.
entailment	Among Christopher, Al and Howard the sleepiest is Al.	Al is sleepier than Howard.
entailment	Among Deborah, David and Jennifer the poorest is David.	David is poorer than Jennifer.
entailment	Among Barbara, James and Alan the curviest is James.	James is curvier than Alan.
entailment	Among Henry, Roy and Thomas the funniest is Roy.	Roy is funnier than Thomas.
entailment	Among Sam, Louise and Grace the saddest is Louise.	Louise is sadder than Grace.
entailment	Among Henry, Susan and Laura the fittest is Susan.	Susan is fitter than Laura.
entailment	Among Carol, William and Rachel the most polite is William.	William is more polite than Rachel.
entailment	Among Florence, Frederick and Tony the saddest is Frederick.	Frederick is sadder than Tony.
entailment	Among Emily, Jessica and Brian the rudest is Jessica.	Jessica is ruder than Brian.
entailment	Among Kathryn, Tim and Roy the biggest is Tim.	Tim is bigger than Roy.
entailment	Among Donald, Kathryn and Mary the sleepiest is Kathryn.	Kathryn is sleepier than Mary.
entailment	Among Stephanie, Eleanor and Fiona the shyest is Eleanor.	Eleanor is shyer than Fiona.
entailment	Among Harry, Florence and Stephen the oldest is Florence.	Florence is older than Stephen.
entailment	Among Harry, Frank and Frederick the saddest is Frank.	Frank is sadder than Frederick.
entailment	Among Patricia, Walter and Frank the meanest is Walter.	Walter is meaner than Frank.
entailment	Among Kathryn, Eric and Elizabeth the best is Eric.	Eric is better than Elizabeth.
entailment	Among Sandra, Barbara and Gary the healthiest is Barbara.	Barbara is healthier than Gary.
entailment	Among Larry, Joseph and Sue the thinnest is Joseph.	Joseph is thinner than Sue.
entailment	Among Frances, Dick and Ryan the gentlest is Dick.	Dick is gentler than Ryan.
entailment	Among Edwin, Donald and Charlie the most tired is Donald.	Donald is more tired than Charlie.
entailment	Among Judy, Eric and Mark the brightest is Eric.	Eric is brighter than Mark.
entailment	Among Eleanor, John and Suzanne the poorest is John.	John is poorer than Suzanne.
entailment	Among Philip, Richard and Jessica the angriest is Richard.	Richard is angrier than Jessica.
entailment	Among John, Marie and Elizabeth the rudest is Marie.	Marie is ruder than Elizabeth.
entailment	Among Michael, Alexander and Judith the cutest is Alexander.	Alexander is cuter than Judith.
entailment	Among Barbara, Lawrence and Caroline the sharpest is Lawrence.	Lawrence is sharper than Caroline.
entailment	Among Susan, Helen and Joe the best is Helen.	Helen is better than Joe.
entailment	Among Alan, Mark and Pamela the shyest is Mark.	Mark is shyer than Pamela.
entailment	Among Dave, Wendy and Annie the most bitter is Wendy.	Wendy is more bitter than Annie.
entailment	Among Ann, Jay and Hugh the skinniest is Jay.	Jay is skinnier than Hugh.
entailment	Among Kathy, Alison and Jay the healthiest is Alison.	Alison is healthier than Jay.
entailment	Among David, Kenneth and Wendy the weakest is Kenneth.	Kenneth is weaker than Wendy.
entailment	Among Francis, Patrick and Frank the proudest is Patrick.	Patrick is prouder than Frank.
entailment	Among Florence, Maria and Arthur the hairiest is Maria.	Maria is hairier than Arthur.
entailment	Among Adam, Charlie and Albert the quietest is Charlie.	Charlie is quieter than Albert.
entailment	Among Emma, Sharon and Eric the firmest is Sharon.	Sharon is firmer than Eric.
entailment	Among Patricia, Thomas and Andrea the shallowest is Thomas.	Thomas is shallower than Andrea.
entailment	Among Walter, Joe and Jay the cleverest is Joe.	Joe is cleverer than Jay.
entailment	Among Sarah, Michelle and Francis the cutest is Michelle.	Michelle is cuter than Francis.
entailment	Among Thomas, Alexandra and Jimmy the richest is Alexandra.	Alexandra is richer than Jimmy.
entailment	Among Stephanie, Diana and Robin the sharpest is Diana.	Diana is sharper than Robin.
entailment	Among Adam, James and Robert the cleverest is James.	James is cleverer than Robert.
entailment	Among Jay, Johnny and Julia the kindest is Johnny.	Johnny is kinder than Julia.
entailment	Among Rebecca, Julia and Joseph the toughest is Julia.	Julia is tougher than Joseph.
entailment	Among Kathy, Adam and Scott the funniest is Adam.	Adam is funnier than Scott.
entailment	Among Jim, Betty and Martin the firmest is Betty.	Betty is firmer than Martin.
entailment	Among Suzanne, Ian and Linda the smallest is Ian.	Ian is smaller than Linda.
entailment	Among Katie, Kelly and Sue the grossest is Kelly.	Kelly is grosser than Sue.
entailment	Among Carol, Jim and Virginia the naughtiest is Jim.	Jim is naughtier than Virginia.
entailment	Among Jim, Harry and Kathleen the most clever is Harry.	Harry is more clever than Kathleen.
entailment	Among Daniel, Jean and Bruce the gloomiest is Jean.	Jean is gloomier than Bruce.
entailment	Among Ellen, Ralph and Andrea the slimmest is Ralph.	Ralph is slimmer than Andrea.
entailment	Among Gary, Alan and Charlie the youngest is Alan.	Alan is younger than Charlie.
entailment	Among Melissa, Billy and Samuel the most interesting is Billy.	Billy is more interesting than Samuel.
entailment	Among Melissa, Donald and Frances the greediest is Donald.	Donald is greedier than Frances.
entailment	Among Cynthia, Joe and Jane the wisest is Joe.	Joe is wiser than Jane.
entailment	Among Kevin, John and Suzanne the quietest is John.	John is quieter than Suzanne.
entailment	Among Janet, Florence and Walter the saddest is Florence.	Florence is sadder than Walter.
entailment	Among Louise, Donna and Alice the brightest is Donna.	Donna is brighter than Alice.
entailment	Among Daniel, Kim and Karen the meanest is Kim.	Kim is meaner than Karen.
entailment	Among Virginia, Wendy and Scott the loveliest is Wendy.	Wendy is lovelier than Scott.
entailment	Among Robin, Annie and Samuel the hottest is Annie.	Annie is hotter than Samuel.
entailment	Among Steve, Colin and Steven the saddest is Colin.	Colin is sadder than Steven.
entailment	Among Tom, James and Keith the smallest is James.	James is smaller than Keith.
entailment	Among Catherine, Nicole and Donna the saddest is Nicole.	Nicole is sadder than Donna.
entailment	Among Larry, Kevin and Ralph the kindest is Kevin.	Kevin is kinder than Ralph.
entailment	Among Anne, Daniel and Laura the most attractive is Daniel.	Daniel is more attractive than Laura.
entailment	Among Don, Al and Marilyn the tiniest is Al.	Al is tinier than Marilyn.
entailment	Among William, Charlie and Heather the smartest is Charlie.	Charlie is smarter than Heather.
entailment	Among Nick, Edith and Lynn the slimmest is Edith.	Edith is slimmer than Lynn.
entailment	Among Dick, Judith and Michelle the brightest is Judith.	Judith is brighter than Michelle.
entailment	Among Paul, Sandra and Francis the brightest is Sandra.	Sandra is brighter than Francis.
entailment	Among Sue, Ryan and Virginia the calmest is Ryan.	Ryan is calmer than Virginia.
entailment	Among Henry, Caroline and Harriet the cutest is Caroline.	Caroline is cuter than Harriet.
entailment	Among Edward, Carolyn and Catherine the most modern is Carolyn.	Carolyn is more modern than Catherine.
entailment	Among Julie, Hugh and Judy the healthiest is Hugh.	Hugh is healthier than Judy.
entailment	Among Ralph, Robin and Charlie the naughtiest is Robin.	Robin is naughtier than Charlie.
entailment	Among Tom, Paul and Elizabeth the proudest is Paul.	Paul is prouder than Elizabeth.
entailment	Among Jack, Betty and Judy the saltiest is Betty.	Betty is saltier than Judy.
entailment	Among Nick, William and Edith the nicest is William.	William is nicer than Edith.
entailment	Among Grace, Howard and Ian the dumbest is Howard.	Howard is dumber than Ian.
entailment	Among Anna, Christine and Ray the worst is Christine.	Christine is worse than Ray.
entailment	Among Jane, John and Sarah the hottest is John.	John is hotter than Sarah.
entailment	Among Pamela, Stephen and Ann the loudest is Stephen.	Stephen is louder than Ann.
entailment	Among Margaret, Sandra and Adam the most clever is Sandra.	Sandra is more clever than Adam.
entailment	Among Bill, Laura and Keith the grossest is Laura.	Laura is grosser than Keith.
entailment	Among Jack, Harry and Donna the messiest is Harry.	Harry is messier than Donna.
entailment	Among Patricia, Nicole and Andrew the greatest is Nicole.	Nicole is greater than Andrew.
entailment	Among Virginia, Lynn and Diane the noisiest is Lynn.	Lynn is noisier than Diane.
entailment	Among Jane, Gary and Marie the sharpest is Gary.	Gary is sharper than Marie.
entailment	Among Ralph, Dorothy and Paul the busiest is Dorothy.	Dorothy is busier than Paul.
entailment	Among Martin, Daniel and Maria the craziest is Daniel.	Daniel is crazier than Maria.
entailment	Among Linda, James and Greg the oldest is James.	James is older than Greg.
entailment	Among Amy, Lauren and Diane the loveliest is Lauren.	Lauren is lovelier than Diane.
entailment	Among Leslie, Edith and Nicole the saltiest is Edith.	Edith is saltier than Nicole.
entailment	Among Kathy, Harriet and Judy the most bitter is Harriet.	Harriet is more bitter than Judy.
entailment	Among Harold, Jonathan and Jeff the nicest is Jonathan.	Jonathan is nicer than Jeff.
entailment	Among Nick, Robert and Martin the politest is Robert.	Robert is politer than Martin.
entailment	Among Ken, Greg and Simon the weakest is Greg.	Greg is weaker than Simon.
entailment	Among Carl, Samuel and Harriet the sharpest is Samuel.	Samuel is sharper than Harriet.
entailment	Among Sharon, Dave and Edith the most popular is Dave.	Dave is more popular than Edith.
entailment	Among Mary, Johnny and Helen the most attractive is Johnny.	Johnny is more attractive than Helen.
entailment	Among Alex, Sara and Johnny the loveliest is Sara.	Sara is lovelier than Johnny.
entailment	Among Grace, Christine and Andrea the sleepiest is Christine.	Christine is sleepier than Andrea.
entailment	Among James, Diane and Sarah the richest is Diane.	Diane is richer than Sarah.
entailment	Among Nicole, Lucy and Virginia the friendliest is Lucy.	Lucy is friendlier than Virginia.
entailment	Among Tony, Don and Larry the most modern is Don.	Don is more modern than Larry.
entailment	Among Anthony, Roy and Simon the poorest is Roy.	Roy is poorer than Simon.
entailment	Among Leslie, Ruth and Linda the friendliest is Ruth.	Ruth is friendlier than Linda.
entailment	Among Diana, Jim and Martin the busiest is Jim.	Jim is busier than Martin.
entailment	Among Heather, Mike and Kathryn the densest is Mike.	Mike is denser than Kathryn.
entailment	Among Ian, Henry and Leslie the gloomiest is Henry.	Henry is gloomier than Leslie.
entailment	Among Kathryn, Jimmy and Louise the curviest is Jimmy.	Jimmy is curvier than Louise.
entailment	Among Sophie, Jim and Ken the sharpest is Jim.	Jim is sharper than Ken.
entailment	Among Laura, Andrea and Charlie the most popular is Andrea.	Andrea is more popular than Charlie.
entailment	Among Amanda, Lucy and Bill the hungriest is Lucy.	Lucy is hungrier than Bill.
entailment	Among Carl, Harry and Lynn the smartest is Harry.	Harry is smarter than Lynn.
entailment	Among Roy, Colin and Kevin the humblest is Colin.	Colin is humbler than Kevin.
entailment	Among Kim, Donald and Lawrence the most interesting is Donald.	Donald is more interesting than Lawrence.
entailment	Among Gary, Jay and Alison the most beautiful is Jay.	Jay is more beautiful than Alison.
entailment	Among Al, Frank and Judy the brightest is Frank.	Frank is brighter than Judy.
entailment	Among Anna, Stephen and Anne the sincerest is Stephen.	Stephen is sincerer than Anne.
entailment	Among Ralph, Steve and Thomas the skinniest is Steve.	Steve is skinnier than Thomas.
entailment	Among Edward, Heather and Ryan the dullest is Heather.	Heather is duller than Ryan.
entailment	Among Jessica, Arthur and Jason the most interesting is Arthur.	Arthur is more interesting than Jason.
entailment	Among Jill, Greg and Henry the most beautiful is Greg.	Greg is more beautiful than Henry.
entailment	Among Colin, Heather and Kathleen the loveliest is Heather.	Heather is lovelier than Kathleen.
entailment	Among Sophie, Michelle and Carol the gentlest is Michelle.	Michelle is gentler than Carol.
entailment	Among Mark, Harry and Alexandra the scariest is Harry.	Harry is scarier than Alexandra.
entailment	Among Kate, Sara and Simon the most polite is Sara.	Sara is more polite than Simon.
entailment	Among Robin, Kathryn and Martha the smartest is Kathryn.	Kathryn is smarter than Martha.
entailment	Among Margaret, Tim and Laura the most interesting is Tim.	Tim is more interesting than Laura.
entailment	Among George, Judy and Andrea the slowest is Judy.	Judy is slower than Andrea.
entailment	Among Karen, Ralph and Ann the cruellest is Ralph.	Ralph is crueller than Ann.
entailment	Among James, Anthony and Sharon the grossest is Anthony.	Anthony is grosser than Sharon.
entailment	Among Sophie, Nicole and Emily the most clever is Nicole.	Nicole is more clever than Emily.
entailment	Among Harriet, Kim and Stephanie the chubbiest is Kim.	Kim is chubbier than Stephanie.
entailment	Among Diana, Joan and Jay the loveliest is Joan.	Joan is lovelier than Jay.
entailment	Among Ryan, Louis and Emily the worst is Louis.	Louis is worse than Emily.
entailment	Among Stephen, Kim and Marie the ugliest is Kim.	Kim is uglier than Marie.
entailment	Among Alexander, Lisa and Rebecca the rudest is Lisa.	Lisa is ruder than Rebecca.
entailment	Among Nancy, Dan and Ashley the bravest is Dan.	Dan is braver than Ashley.
entailment	Among Dorothy, Jean and Ruth the ugliest is Jean.	Jean is uglier than Ruth.
entailment	Among Carl, Colin and Fred the dumbest is Colin.	Colin is dumber than Fred.
entailment	Among Benjamin, Sandra and Alexander the bitterest is Sandra.	Sandra is bitterer than Alexander.
entailment	Among George, Frances and Jean the firmest is Frances.	Frances is firmer than Jean.
entailment	Among Amy, Ann and Nicole the most renowned is Ann.	Ann is more renowned than Nicole.
entailment	Among Sharon, Alice and Evelyn the toughest is Alice.	Alice is tougher than Evelyn.
entailment	Among Ralph, Frank and Suzanne the messiest is Frank.	Frank is messier than Suzanne.
entailment	Among Eric, Ruth and Amy the weirdest is Ruth.	Ruth is weirder than Amy.
entailment	Among Ellen, Judith and Eleanor the harshest is Judith.	Judith is harsher than Eleanor.
entailment	Among Sandra, Grace and Kim the saltiest is Grace.	Grace is saltier than Kim.
entailment	Among Jonathan, Harriet and Harry the most handsome is Harriet.	Harriet is more handsome than Harry.
entailment	Among Stephanie, Mark and Louis the most important is Mark.	Mark is more important than Louis.
entailment	Among Dave, Greg and Cynthia the smartest is Greg.	Greg is smarter than Cynthia.
entailment	Among Daniel, Ashley and Grace the naughtiest is Ashley.	Ashley is naughtier than Grace.
entailment	Among Lucy, Jonathan and Fred the hairiest is Jonathan.	Jonathan is hairier than Fred.
entailment	Among Katherine, Jay and Jane the most renowned is Jay.	Jay is more renowned than Jane.
entailment	Among Grace, Ryan and Ruth the friendliest is Ryan.	Ryan is friendlier than Ruth.
entailment	Among Stephanie, Edwin and Catherine the longest is Edwin.	Edwin is longer than Catherine.
entailment	Among Ruth, Matt and Marilyn the wealthiest is Matt.	Matt is wealthier than Marilyn.
entailment	Among Joseph, Richard and Alfred the densest is Richard.	Richard is denser than Alfred.
entailment	Among Tom, Dave and Ann the busiest is Dave.	Dave is busier than Ann.
entailment	Among Al, Ben and Catherine the curviest is Ben.	Ben is curvier than Catherine.
entailment	Among Philip, Virginia and Dick the boldest is Virginia.	Virginia is bolder than Dick.
entailment	Among Claire, Bruce and Kathleen the greatest is Bruce.	Bruce is greater than Kathleen.
entailment	Among Frederick, Ann and Francis the sincerest is Ann.	Ann is sincerer than Francis.
entailment	Among Daniel, Elaine and Grace the prettiest is Elaine.	Elaine is prettier than Grace.
entailment	Among Walter, Christine and Richard the sincerest is Christine.	Christine is sincerer than Richard.
entailment	Among Francis, Bobby and Eleanor the shyest is Bobby.	Bobby is shyer than Eleanor.
entailment	Among Annie, Lawrence and Stephanie the greediest is Lawrence.	Lawrence is greedier than Stephanie.
entailment	Among Sue, Jessica and Eleanor the most attractive is Jessica.	Jessica is more attractive than Eleanor.
entailment	Among Angela, Paul and Henry the bossiest is Paul.	Paul is bossier than Henry.
entailment	Among Patrick, Jay and Lucy the harshest is Jay.	Jay is harsher than Lucy.
entailment	Among Dan, Greg and Nick the rudest is Greg.	Greg is ruder than Nick.
entailment	Among Ben, Patricia and Patrick the bitterest is Patricia.	Patricia is bitterer than Patrick.
entailment	Among Ron, Edward and Linda the firmest is Edward.	Edward is firmer than Linda.
entailment	Among Barbara, Kathy and Edward the cruellest is Kathy.	Kathy is crueller than Edward.
entailment	Among Ron, Judith and Thomas the naughtiest is Judith.	Judith is naughtier than Thomas.
entailment	Among Don, Kim and Evelyn the quietest is Kim.	Kim is quieter than Evelyn.
entailment	Among Jerry, Ralph and Victoria the guiltiest is Ralph.	Ralph is guilter than Victoria.
entailment	Among Louise, Philip and Johnny the loudest is Philip.	Philip is louder than Johnny.
entailment	Among Greg, Sam and Steve the prettiest is Sam.	Sam is prettier than Steve.
entailment	Among Samuel, Alfred and Sara the healthiest is Alfred.	Alfred is healthier than Sara.
entailment	Among Bob, Anthony and Alice the densest is Anthony.	Anthony is denser than Alice.
entailment	Among Matt, Lawrence and Sharon the craziest is Lawrence.	Lawrence is crazier than Sharon.
entailment	Among Jean, Emily and Michael the cleverest is Emily.	Emily is cleverer than Michael.
entailment	Among Sandra, Lauren and Katie the biggest is Lauren.	Lauren is bigger than Katie.
entailment	Among Sandra, Charlotte and Eleanor the greediest is Charlotte.	Charlotte is greedier than Eleanor.
entailment	Among Mark, Andrea and Jane the messiest is Andrea.	Andrea is messier than Jane.
entailment	Among Judith, Alan and Ann the most polite is Alan.	Alan is more polite than Ann.
entailment	Among Claire, Fred and Lawrence the longest is Fred.	Fred is longer than Lawrence.
entailment	Among Ron, Keith and James the busiest is Keith.	Keith is busier than James.
entailment	Among Al, Johnny and Henry the most clever is Johnny.	Johnny is more clever than Henry.
entailment	Among Suzanne, James and Annie the worst is James.	James is worse than Annie.
entailment	Among Matthew, Nancy and Albert the longest is Nancy.	Nancy is longer than Albert.
entailment	Among Eric, Alexander and Martin the grossest is Alexander.	Alexander is grosser than Martin.
entailment	Among Pamela, Matthew and Sarah the naughtiest is Matthew.	Matthew is naughtier than Sarah.
entailment	Among Jennifer, Gary and Frances the shallowest is Gary.	Gary is shallower than Frances.
entailment	Among Rebecca, Eleanor and Lucy the dumbest is Eleanor.	Eleanor is dumber than Lucy.
entailment	Among Jennifer, Johnny and Sandra the sweetest is Johnny.	Johnny is sweeter than Sandra.
entailment	Among Emma, Brian and Chris the calmest is Brian.	Brian is calmer than Chris.
entailment	Among Ann, Richard and Alex the smallest is Richard.	Richard is smaller than Alex.
entailment	Among Jean, Evelyn and Joseph the quietest is Evelyn.	Evelyn is quieter than Joseph.
entailment	Among Daniel, Ann and Donald the worst is Ann.	Ann is worse than Donald.
entailment	Among Samuel, Sophie and Edwin the meanest is Sophie.	Sophie is meaner than Edwin.
entailment	Among Philip, Patrick and Donald the noisiest is Patrick.	Patrick is noisier than Donald.
entailment	Among Donna, Robin and Jason the most polite is Robin.	Robin is more polite than Jason.
entailment	Among Matt, Amanda and Patrick the guiltiest is Amanda.	Amanda is guilter than Patrick.
entailment	Among Jack, Jerry and Catherine the most handsome is Jerry.	Jerry is more handsome than Catherine.
entailment	Among Julie, Stephanie and Evelyn the shortest is Stephanie.	Stephanie is shorter than Evelyn.
entailment	Among Harold, Al and Steve the poorest is Al.	Al is poorer than Steve.
entailment	Among Carolyn, Katie and Ray the longest is Katie.	Katie is longer than Ray.
entailment	Among Katherine, Amanda and Mark the weakest is Amanda.	Amanda is weaker than Mark.
entailment	Among Chris, Rachel and Deborah the greediest is Rachel.	Rachel is greedier than Deborah.
entailment	Among Henry, Leslie and Sam the wisest is Leslie.	Leslie is wiser than Sam.
entailment	Among Tony, Greg and Sam the sleepiest is Greg.	Greg is sleepier than Sam.
entailment	Among Simon, Larry and Rachel the greatest is Larry.	Larry is greater than Rachel.
entailment	Among Stephanie, Gary and Adam the tiniest is Gary.	Gary is tinier than Adam.
entailment	Among Steve, Matthew and Greg the saltiest is Matthew.	Matthew is saltier than Greg.
entailment	Among Keith, Alice and Jessica the wisest is Alice.	Alice is wiser than Jessica.
entailment	Among Carl, Kim and Ashley the bossiest is Kim.	Kim is bossier than Ashley.
entailment	Among Victoria, Leslie and Laura the classiest is Leslie.	Leslie is classier than Laura.
entailment	Among Pamela, Carl and Steve the best is Carl.	Carl is better than Steve.
entailment	Among Steve, Mark and Claire the worst is Mark.	Mark is worse than Claire.
entailment	Among David, Henry and Andrew the shyest is Henry.	Henry is shyer than Andrew.
entailment	Among Andrew, Harold and Barbara the bravest is Harold.	Harold is braver than Barbara.
entailment	Among Lucy, Stephen and Ron the hungriest is Stephen.	Stephen is hungrier than Ron.
entailment	Among Victoria, Diane and Judy the youngest is Diane.	Diane is younger than Judy.
entailment	Among Mary, Diana and Jason the toughest is Diana.	Diana is tougher than Jason.
entailment	Among Richard, Walter and Julia the naughtiest is Walter.	Walter is naughtier than Julia.
entailment	Among Anna, Donald and Ben the poorest is Donald.	Donald is poorer than Ben.
entailment	Among Anne, Alexandra and Thomas the craziest is Alexandra.	Alexandra is crazier than Thomas.
entailment	Among Leslie, Cynthia and Scott the silliest is Cynthia.	Cynthia is sillier than Scott.
entailment	Among Greg, Alexandra and Dorothy the bossiest is Alexandra.	Alexandra is bossier than Dorothy.
entailment	Among Greg, Diane and Helen the gentlest is Diane.	Diane is gentler than Helen.
entailment	Among Paul, Suzanne and Gary the slimmest is Suzanne.	Suzanne is slimmer than Gary.
entailment	Among Victoria, Johnny and Keith the weirdest is Johnny.	Johnny is weirder than Keith.
entailment	Among Harriet, Jane and Philip the tiniest is Jane.	Jane is tinier than Philip.
entailment	Among Fred, Janet and Kathleen the happiest is Janet.	Janet is happier than Kathleen.
entailment	Among Henry, Fiona and Sara the brightest is Fiona.	Fiona is brighter than Sara.
entailment	Among Suzanne, Joan and Jimmy the wealthiest is Joan.	Joan is wealthier than Jimmy.
entailment	Among Jean, Melissa and Robin the most polite is Melissa.	Melissa is more polite than Robin.
entailment	Among Tom, Frederick and Sarah the friendliest is Frederick.	Frederick is friendlier than Sarah.
entailment	Among Ashley, Joan and Nick the boldest is Joan.	Joan is bolder than Nick.
entailment	Among Sharon, Steve and Anne the meanest is Steve.	Steve is meaner than Anne.
entailment	Among Barbara, Alexandra and Paul the humblest is Alexandra.	Alexandra is humbler than Paul.
entailment	Among Kevin, Joe and Carolyn the densest is Joe.	Joe is denser than Carolyn.
entailment	Among James, Barbara and Frank the funniest is Barbara.	Barbara is funnier than Frank.
entailment	Among Marilyn, Sarah and Robert the quietest is Sarah.	Sarah is quieter than Robert.
entailment	Among Kathleen, Caroline and Bob the chubbiest is Caroline.	Caroline is chubbier than Bob.
entailment	Among Joseph, Sam and Diana the angriest is Sam.	Sam is angrier than Diana.
entailment	Among Christopher, Alfred and Charles the sincerest is Alfred.	Alfred is sincerer than Charles.
entailment	Among Katherine, Andrew and Harriet the weirdest is Andrew.	Andrew is weirder than Harriet.
entailment	Among John, Nicole and Rachel the craziest is Nicole.	Nicole is crazier than Rachel.
entailment	Among Donna, Ken and Tony the messiest is Ken.	Ken is messier than Tony.
entailment	Among George, Matthew and Jay the smartest is Matthew.	Matthew is smarter than Jay.
entailment	Among Rose, Kathleen and Kim the sweetest is Kathleen.	Kathleen is sweeter than Kim.
entailment	Among Alan, Brian and Bob the strongest is Brian.	Brian is stronger than Bob.
entailment	Among Steven, Anthony and Charlie the humblest is Anthony.	Anthony is humbler than Charlie.
entailment	Among Dick, Fred and Robert the saltiest is Fred.	Fred is saltier than Robert.
entailment	Among Bruce, Julie and Charlotte the sharpest is Julie.	Julie is sharper than Charlotte.
entailment	Among Matt, Mark and Andrew the loneliest is Mark.	Mark is lonlier than Andrew.
entailment	Among Henry, Mary and Catherine the tallest is Mary.	Mary is taller than Catherine.
entailment	Among Emma, Elizabeth and Roy the most attractive is Elizabeth.	Elizabeth is more attractive than Roy.
entailment	Among Julie, Alexander and Harry the most important is Alexander.	Alexander is more important than Harry.
entailment	Among Carl, Martha and Janet the classiest is Martha.	Martha is classier than Janet.
entailment	Among George, Bill and Harold the sweetest is Bill.	Bill is sweeter than Harold.
entailment	Among Fred, Michelle and Sue the saltiest is Michelle.	Michelle is saltier than Sue.
entailment	Among Anna, Nick and Florence the ugliest is Nick.	Nick is uglier than Florence.
entailment	Among Edward, Carl and Fred the oldest is Carl.	Carl is older than Fred.
entailment	Among Barbara, Kevin and Jennifer the happiest is Kevin.	Kevin is happier than Jennifer.
entailment	Among Sophie, Jean and Carol the weakest is Jean.	Jean is weaker than Carol.
entailment	Among Ashley, Maria and Donald the most polite is Maria.	Maria is more polite than Donald.
entailment	Among Frank, Alison and Amy the clumsiest is Alison.	Alison is clumsier than Amy.
entailment	Among Larry, Jason and Cynthia the fastest is Jason.	Jason is faster than Cynthia.
entailment	Among Adam, Sophie and Arthur the sincerest is Sophie.	Sophie is sincerer than Arthur.
entailment	Among Sue, Bruce and Kate the bossiest is Bruce.	Bruce is bossier than Kate.
entailment	Among Frances, Julie and Julia the most interesting is Julie.	Julie is more interesting than Julia.
entailment	Among Lynn, Kelly and John the most polite is Kelly.	Kelly is more polite than John.
entailment	Among Ian, Heather and Eric the greatest is Heather.	Heather is greater than Eric.
entailment	Among Dorothy, Nicole and Katie the gloomiest is Nicole.	Nicole is gloomier than Katie.
entailment	Among Lauren, Walter and Bruce the loveliest is Walter.	Walter is lovelier than Bruce.
entailment	Among Judy, Virginia and Brian the greatest is Virginia.	Virginia is greater than Brian.
entailment	Among Bruce, Howard and Sarah the scariest is Howard.	Howard is scarier than Sarah.
entailment	Among Carl, Adam and Eleanor the most clever is Adam.	Adam is more clever than Eleanor.
entailment	Among Gary, Roger and Diana the greatest is Roger.	Roger is greater than Diana.
entailment	Among Kathleen, Alexander and Florence the naughtiest is Alexander.	Alexander is naughtier than Florence.
entailment	Among Matthew, Jerry and George the sharpest is Jerry.	Jerry is sharper than George.
entailment	Among Michael, James and Joseph the noisiest is James.	James is noisier than Joseph.
entailment	Among Kim, Florence and Alexandra the wealthiest is Florence.	Florence is wealthier than Alexandra.
entailment	Among Lauren, Philip and Steve the creepiest is Philip.	Philip is creepier than Steve.
entailment	Among Kevin, Jennifer and Andrew the healthiest is Jennifer.	Jennifer is healthier than Andrew.
entailment	Among Frank, Richard and Howard the best is Richard.	Richard is better than Howard.
entailment	Among Susan, Carl and Lawrence the cleverest is Carl.	Carl is cleverer than Lawrence.
entailment	Among Harold, Simon and Betty the sweetest is Simon.	Simon is sweeter than Betty.
entailment	Among Patricia, Bill and Emma the tiniest is Bill.	Bill is tinier than Emma.
entailment	Among Rebecca, Ellen and Anthony the dumbest is Ellen.	Ellen is dumber than Anthony.
entailment	Among Alexander, Lisa and Sally the saddest is Lisa.	Lisa is sadder than Sally.
entailment	Among Dick, Edith and Carol the cutest is Edith.	Edith is cuter than Carol.
entailment	Among Philip, Jessica and Sam the laziest is Jessica.	Jessica is lazier than Sam.
entailment	Among Annie, Billy and Kelly the hungriest is Billy.	Billy is hungrier than Kelly.
entailment	Among Lynn, Marie and Cynthia the angriest is Marie.	Marie is angrier than Cynthia.
entailment	Among Henry, Patricia and Lucy the quietest is Patricia.	Patricia is quieter than Lucy.
entailment	Among Angela, Nancy and Walter the kindest is Nancy.	Nancy is kinder than Walter.
entailment	Among Ed, Bobby and Jay the longest is Bobby.	Bobby is longer than Jay.
entailment	Among Angela, Alexandra and Grace the most bitter is Alexandra.	Alexandra is more bitter than Grace.
entailment	Among Kim, Nicole and Katie the chubbiest is Nicole.	Nicole is chubbier than Katie.
entailment	Among Sandra, Dick and Julia the busiest is Dick.	Dick is busier than Julia.
entailment	Among Rebecca, Jeff and Kelly the sharpest is Jeff.	Jeff is sharper than Kelly.
entailment	Among Thomas, Jay and Alexandra the strongest is Jay.	Jay is stronger than Alexandra.
entailment	Among Frances, Roger and Henry the laziest is Roger.	Roger is lazier than Henry.
entailment	Among Edith, Bill and Deborah the sweetest is Bill.	Bill is sweeter than Deborah.
entailment	Among Rachel, Lauren and Albert the sorriest is Lauren.	Lauren is sorrier than Albert.
entailment	Among Susan, Frederick and Mark the rudest is Frederick.	Frederick is ruder than Mark.
entailment	Among Ed, Edward and Walter the hairiest is Edward.	Edward is hairier than Walter.
entailment	Among Steve, Susan and Judy the meanest is Susan.	Susan is meaner than Judy.
entailment	Among Amy, Dan and Albert the busiest is Dan.	Dan is busier than Albert.
entailment	Among Bill, Suzanne and Nancy the cruellest is Suzanne.	Suzanne is crueller than Nancy.
entailment	Among Cynthia, Catherine and Edward the tallest is Catherine.	Catherine is taller than Edward.
entailment	Among Frances, Bobby and Mary the tiniest is Bobby.	Bobby is tinier than Mary.
entailment	Among Ron, Alexander and Mike the brightest is Alexander.	Alexander is brighter than Mike.
entailment	Among Frank, Charlie and Alexandra the most polite is Charlie.	Charlie is more polite than Alexandra.
entailment	Among Steven, Lauren and Joan the bitterest is Lauren.	Lauren is bitterer than Joan.
entailment	Among Rachel, Matt and Bruce the oldest is Matt.	Matt is older than Bruce.
entailment	Among Marie, Lucy and Sara the most bitter is Lucy.	Lucy is more bitter than Sara.
entailment	Among Jane, Helen and Edith the gloomiest is Helen.	Helen is gloomier than Edith.
entailment	Among Mike, Kathleen and Fred the quietest is Kathleen.	Kathleen is quieter than Fred.
entailment	Among Keith, Carl and Fiona the noisiest is Carl.	Carl is noisier than Fiona.
entailment	Among Colin, Martha and Sharon the boldest is Martha.	Martha is bolder than Sharon.
entailment	Among Emma, Patricia and Ralph the loudest is Patricia.	Patricia is louder than Ralph.
entailment	Among Dorothy, Eric and Samuel the cleverest is Eric.	Eric is cleverer than Samuel.
entailment	Among Pamela, Tim and Ken the slowest is Tim.	Tim is slower than Ken.
entailment	Among Scott, Charlie and Don the curviest is Charlie.	Charlie is curvier than Don.
entailment	Among Amy, Donald and John the ugliest is Donald.	Donald is uglier than John.
entailment	Among Michael, Harriet and Elizabeth the most clever is Harriet.	Harriet is more clever than Elizabeth.
entailment	Among Colin, Christopher and Barbara the calmest is Christopher.	Christopher is calmer than Barbara.
entailment	Among Frances, Walter and Victoria the best is Walter.	Walter is better than Victoria.
entailment	Among Steve, Kenneth and Howard the loneliest is Kenneth.	Kenneth is lonlier than Howard.
entailment	Among Sharon, Anne and Ron the most attractive is Anne.	Anne is more attractive than Ron.
entailment	Among Anne, Jason and Sue the smartest is Jason.	Jason is smarter than Sue.
entailment	Among Roy, Jonathan and Louis the most polite is Jonathan.	Jonathan is more polite than Louis.
entailment	Among Charlotte, Jean and Bobby the most clever is Jean.	Jean is more clever than Bobby.
entailment	Among Gary, Ken and Lucy the laziest is Ken.	Ken is lazier than Lucy.
entailment	Among Joseph, Judy and Charles the wealthiest is Judy.	Judy is wealthier than Charles.
entailment	Among Ashley, Philip and Nicole the cruellest is Philip.	Philip is crueller than Nicole.
entailment	Among Jason, Ashley and Ben the poorest is Ashley.	Ashley is poorer than Ben.
entailment	Among Nick, Deborah and Steve the most important is Deborah.	Deborah is more important than Steve.
entailment	Among Elizabeth, Emma and Edith the fairest is Emma.	Emma is fairer than Edith.
entailment	Among George, Sue and Sarah the slowest is Sue.	Sue is slower than Sarah.
entailment	Among Hugh, Patrick and Edwin the grossest is Patrick.	Patrick is grosser than Edwin.
entailment	Among Kathleen, Jill and Daniel the loveliest is Jill.	Jill is lovelier than Daniel.
entailment	Among Matthew, Jonathan and Eleanor the most interesting is Jonathan.	Jonathan is more interesting than Eleanor.
entailment	Among Bill, Howard and Roy the curviest is Howard.	Howard is curvier than Roy.
entailment	Among Charlie, Nick and Ralph the noisiest is Nick.	Nick is noisier than Ralph.
entailment	Among Nick, Victoria and Evelyn the gloomiest is Victoria.	Victoria is gloomier than Evelyn.
entailment	Among Suzanne, Caroline and Alice the guiltiest is Caroline.	Caroline is guilter than Alice.
entailment	Among Susan, Howard and Elizabeth the creepiest is Howard.	Howard is creepier than Elizabeth.
entailment	Among Joe, Louis and Sam the shallowest is Louis.	Louis is shallower than Sam.
entailment	Among Ben, Grace and Anna the most modern is Grace.	Grace is more modern than Anna.
entailment	Among Kathleen, Betty and Arthur the gentlest is Betty.	Betty is gentler than Arthur.
entailment	Among Ralph, Jerry and Bobby the smartest is Jerry.	Jerry is smarter than Bobby.
entailment	Among Robert, Kevin and Steve the thinnest is Kevin.	Kevin is thinner than Steve.
entailment	Among Maria, Judy and Sara the most beautiful is Judy.	Judy is more beautiful than Sara.
entailment	Among Lucy, Dan and Alfred the youngest is Dan.	Dan is younger than Alfred.
entailment	Among Mike, Lisa and Ray the dumbest is Lisa.	Lisa is dumber than Ray.
entailment	Among Mike, Roy and Marilyn the scariest is Roy.	Roy is scarier than Marilyn.
entailment	Among Donald, Lisa and Chris the greatest is Lisa.	Lisa is greater than Chris.
entailment	Among Sue, Harold and Walter the densest is Harold.	Harold is denser than Walter.
entailment	Among Evelyn, Julie and Anthony the biggest is Julie.	Julie is bigger than Anthony.
entailment	Among Jerry, Andrea and Laura the most handsome is Andrea.	Andrea is more handsome than Laura.
entailment	Among Anna, Ashley and Sharon the thinnest is Ashley.	Ashley is thinner than Sharon.
entailment	Among Stephanie, Kim and Ray the sharpest is Kim.	Kim is sharper than Ray.
entailment	Among Judy, Michelle and Louise the wisest is Michelle.	Michelle is wiser than Louise.
entailment	Among Mary, Rachel and Michael the most attractive is Rachel.	Rachel is more attractive than Michael.
entailment	Among Joan, Kim and Eleanor the shallowest is Kim.	Kim is shallower than Eleanor.
entailment	Among Sophie, Carl and Kathy the shallowest is Carl.	Carl is shallower than Kathy.
entailment	Among Grace, Julia and Mark the saltiest is Julia.	Julia is saltier than Mark.
entailment	Among Dan, Katie and Pamela the silliest is Katie.	Katie is sillier than Pamela.
entailment	Among Deborah, Jean and Susan the fairest is Jean.	Jean is fairer than Susan.
entailment	Among Robin, Carol and Dave the boldest is Carol.	Carol is bolder than Dave.
entailment	Among Melissa, Laura and Julie the healthiest is Laura.	Laura is healthier than Julie.
entailment	Among Victoria, Richard and Christopher the skinniest is Richard.	Richard is skinnier than Christopher.
entailment	Among Wendy, Matthew and Helen the friendliest is Matthew.	Matthew is friendlier than Helen.
entailment	Among Caroline, Stephen and Kate the weirdest is Stephen.	Stephen is weirder than Kate.
entailment	Among Bill, Fred and Paul the longest is Fred.	Fred is longer than Paul.
entailment	Among Stephanie, Alison and Roy the proudest is Alison.	Alison is prouder than Roy.
entailment	Among Dorothy, Deborah and Anna the brightest is Deborah.	Deborah is brighter than Anna.
entailment	Among Jim, William and Janet the cleverest is William.	William is cleverer than Janet.
entailment	Among Fiona, Maria and Elaine the prettiest is Maria.	Maria is prettier than Elaine.
entailment	Among Dick, Sophie and Michelle the fastest is Sophie.	Sophie is faster than Michelle.
entailment	Among Adam, Sharon and Martha the silliest is Sharon.	Sharon is sillier than Martha.
entailment	Among Al, Anthony and Alfred the clumsiest is Anthony.	Anthony is clumsier than Alfred.
entailment	Among Katherine, Frank and Carl the richest is Frank.	Frank is richer than Carl.
entailment	Among Patricia, Marie and Jim the hottest is Marie.	Marie is hotter than Jim.
entailment	Among Al, Carl and James the angriest is Carl.	Carl is angrier than James.
entailment	Among Joe, Charlotte and Martha the most modern is Charlotte.	Charlotte is more modern than Martha.
entailment	Among Alfred, Jimmy and Sandra the harshest is Jimmy.	Jimmy is harsher than Sandra.
entailment	Among Patricia, Joan and Frances the smartest is Joan.	Joan is smarter than Frances.
entailment	Among Annie, Karen and Kathleen the most tired is Karen.	Karen is more tired than Kathleen.
entailment	Among Andrea, Robin and Carolyn the silliest is Robin.	Robin is sillier than Carolyn.
entailment	Among Julie, Jay and Ellen the sleepiest is Jay.	Jay is sleepier than Ellen.
entailment	Among Ian, John and Kathleen the most modern is John.	John is more modern than Kathleen.
entailment	Among Jean, Lisa and Harriet the wealthiest is Lisa.	Lisa is wealthier than Harriet.
entailment	Among Jerry, Sue and Mary the weirdest is Sue.	Sue is weirder than Mary.
entailment	Among Bob, Ron and Sara the silliest is Ron.	Ron is sillier than Sara.
entailment	Among Elaine, Johnny and Tim the weirdest is Johnny.	Johnny is weirder than Tim.
entailment	Among Matt, Nick and Kevin the angriest is Nick.	Nick is angrier than Kevin.
entailment	Among Emma, Ryan and Howard the skinniest is Ryan.	Ryan is skinnier than Howard.
entailment	Among Grace, Patricia and Albert the quietest is Patricia.	Patricia is quieter than Albert.
entailment	Among Michelle, Daniel and Harriet the chubbiest is Daniel.	Daniel is chubbier than Harriet.
entailment	Among Sally, Kenneth and Julie the tallest is Kenneth.	Kenneth is taller than Julie.
entailment	Among Peter, Patricia and Benjamin the rudest is Patricia.	Patricia is ruder than Benjamin.
entailment	Among Florence, Ken and Edwin the bitterest is Ken.	Ken is bitterer than Edwin.
entailment	Among Martha, Carolyn and Grace the saddest is Carolyn.	Carolyn is sadder than Grace.
entailment	Among Julia, Frank and Louise the shortest is Frank.	Frank is shorter than Louise.
entailment	Among Mark, Mary and Kevin the densest is Mary.	Mary is denser than Kevin.
entailment	Among Alfred, Judith and Patricia the poorest is Judith.	Judith is poorer than Patricia.
entailment	Among Carl, Marie and Patrick the fairest is Marie.	Marie is fairer than Patrick.
entailment	Among Amanda, Jonathan and Melissa the weakest is Jonathan.	Jonathan is weaker than Melissa.
entailment	Among Howard, Jennifer and Claire the messiest is Jennifer.	Jennifer is messier than Claire.
entailment	Among Charlie, Jerry and Kathryn the best is Jerry.	Jerry is better than Kathryn.
entailment	Among Don, Jessica and Andrea the funniest is Jessica.	Jessica is funnier than Andrea.
entailment	Among Joe, Pamela and Chris the most renowned is Pamela.	Pamela is more renowned than Chris.
entailment	Among Dave, Ken and Katie the laziest is Ken.	Ken is lazier than Katie.
entailment	Among Don, Alice and Victoria the classiest is Alice.	Alice is classier than Victoria.
entailment	Among Virginia, Barbara and Louis the most tired is Barbara.	Barbara is more tired than Louis.
entailment	Among Roy, Carl and Martha the gloomiest is Carl.	Carl is gloomier than Martha.
entailment	Among Bill, Rebecca and Mary the shyest is Rebecca.	Rebecca is shyer than Mary.
entailment	Among Roy, Ashley and Martin the gloomiest is Ashley.	Ashley is gloomier than Martin.
entailment	Among Colin, Laura and Louis the fairest is Laura.	Laura is fairer than Louis.
entailment	Among Dick, Don and Kathryn the dumbest is Don.	Don is dumber than Kathryn.
entailment	Among Alan, Andrea and Frederick the oldest is Andrea.	Andrea is older than Frederick.
entailment	Among Billy, Lisa and Bill the most modern is Lisa.	Lisa is more modern than Bill.
entailment	Among Jennifer, Annie and Edward the grossest is Annie.	Annie is grosser than Edward.
entailment	Among Richard, Kathy and Mark the most beautiful is Kathy.	Kathy is more beautiful than Mark.
entailment	Among Bobby, Samuel and Rose the messiest is Samuel.	Samuel is messier than Rose.
entailment	Among Ed, Karen and Emma the bitterest is Karen.	Karen is bitterer than Emma.
entailment	Among Lauren, Edward and Charlotte the most beautiful is Edward.	Edward is more beautiful than Charlotte.
entailment	Among Diana, Nancy and Ann the gentlest is Nancy.	Nancy is gentler than Ann.
entailment	Among Linda, Claire and Donald the hairiest is Claire.	Claire is hairier than Donald.
entailment	Among Amanda, Ashley and Kevin the oldest is Ashley.	Ashley is older than Kevin.
entailment	Among Ray, Susan and Jim the slowest is Susan.	Susan is slower than Jim.
entailment	Among Marie, Sophie and Charlie the oldest is Sophie.	Sophie is older than Charlie.
entailment	Among Johnny, Sophie and David the calmest is Sophie.	Sophie is calmer than David.
entailment	Among Barbara, Jimmy and Leslie the sleepiest is Jimmy.	Jimmy is sleepier than Leslie.
entailment	Among Judith, Lauren and Ed the fittest is Lauren.	Lauren is fitter than Ed.
entailment	Among Steven, Peter and Julia the brightest is Peter.	Peter is brighter than Julia.
entailment	Among Julia, Susan and Elizabeth the silliest is Susan.	Susan is sillier than Elizabeth.
entailment	Among William, Sharon and Florence the dumbest is Sharon.	Sharon is dumber than Florence.
entailment	Among Ralph, Lisa and Kevin the humblest is Lisa.	Lisa is humbler than Kevin.
entailment	Among Sara, Lawrence and Marie the greediest is Lawrence.	Lawrence is greedier than Marie.
entailment	Among Melissa, Annie and Dave the most attractive is Annie.	Annie is more attractive than Dave.
entailment	Among Joan, Patricia and Tony the most attractive is Patricia.	Patricia is more attractive than Tony.
entailment	Among Don, Helen and Al the most clever is Helen.	Helen is more clever than Al.
entailment	Among Hugh, Andrea and Henry the most attractive is Andrea.	Andrea is more attractive than Henry.
entailment	Among Fiona, Eric and Sally the curviest is Eric.	Eric is curvier than Sally.
entailment	Among William, Kate and Frank the nicest is Kate.	Kate is nicer than Frank.
entailment	Among Andrew, Jeff and John the chubbiest is Jeff.	Jeff is chubbier than John.
entailment	Among Donna, Ashley and Edwin the smallest is Ashley.	Ashley is smaller than Edwin.
entailment	Among Larry, Ralph and Catherine the slowest is Ralph.	Ralph is slower than Catherine.
entailment	Among Brian, Mary and Eric the longest is Mary.	Mary is longer than Eric.
entailment	Among Bruce, Katherine and William the hairiest is Katherine.	Katherine is hairier than William.
entailment	Among Deborah, Kim and Lawrence the sleepiest is Kim.	Kim is sleepier than Lawrence.
entailment	Among Claire, Judith and Matthew the best is Judith.	Judith is better than Matthew.
entailment	Among Alison, Jay and Ken the poorest is Jay.	Jay is poorer than Ken.
entailment	Among Jay, Wendy and Katie the greediest is Wendy.	Wendy is greedier than Katie.
entailment	Among Donna, Heather and Leslie the loudest is Heather.	Heather is louder than Leslie.
entailment	Among Greg, Nick and Colin the clumsiest is Nick.	Nick is clumsier than Colin.
entailment	Among Jack, Stephanie and Evelyn the weakest is Stephanie.	Stephanie is weaker than Evelyn.
entailment	Among Edwin, Larry and Carolyn the craziest is Larry.	Larry is crazier than Carolyn.
entailment	Among Emma, Tom and Sarah the weirdest is Tom.	Tom is weirder than Sarah.
entailment	Among Carol, Sam and Sue the gloomiest is Sam.	Sam is gloomier than Sue.
entailment	Among Ed, Adam and Francis the skinniest is Adam.	Adam is skinnier than Francis.
entailment	Among Carl, Jessica and Alexander the densest is Jessica.	Jessica is denser than Alexander.
entailment	Among Emma, Alexander and Katherine the tiniest is Alexander.	Alexander is tinier than Katherine.
entailment	Among Maria, Katherine and Ellen the oldest is Katherine.	Katherine is older than Ellen.
entailment	Among Chris, Harriet and Howard the rudest is Harriet.	Harriet is ruder than Howard.
entailment	Among Kathy, Betty and Ellen the sincerest is Betty.	Betty is sincerer than Ellen.
entailment	Among Mary, Eric and Pamela the shyest is Eric.	Eric is shyer than Pamela.
entailment	Among Matthew, Ian and Rose the humblest is Ian.	Ian is humbler than Rose.
entailment	Among Benjamin, Kevin and Alex the angriest is Kevin.	Kevin is angrier than Alex.
entailment	Among Louis, David and Deborah the sleepiest is David.	David is sleepier than Deborah.
entailment	Among Rose, Lauren and Patrick the bitterest is Lauren.	Lauren is bitterer than Patrick.
entailment	Among Amanda, Alan and Kathryn the silliest is Alan.	Alan is sillier than Kathryn.
entailment	Among Suzanne, Robert and Ashley the tiniest is Robert.	Robert is tinier than Ashley.
entailment	Among Amanda, Henry and Katherine the sorriest is Henry.	Henry is sorrier than Katherine.
entailment	Among Arthur, Stephanie and Jonathan the tiniest is Stephanie.	Stephanie is tinier than Jonathan.
entailment	Among Arthur, Francis and Jim the most renowned is Francis.	Francis is more renowned than Jim.
entailment	Among Diana, Sophie and Karen the shortest is Sophie.	Sophie is shorter than Karen.
entailment	Among Fred, Edwin and Walter the greatest is Edwin.	Edwin is greater than Walter.
entailment	Among Katie, Fiona and Samuel the weirdest is Fiona.	Fiona is weirder than Samuel.
entailment	Among Samuel, Martin and Judy the fattest is Martin.	Martin is fatter than Judy.
entailment	Among Steven, Mike and Ellen the poorest is Mike.	Mike is poorer than Ellen.
entailment	Among Larry, Bill and Greg the greatest is Bill.	Bill is greater than Greg.
entailment	Among Frank, Dave and Christopher the guiltiest is Dave.	Dave is guilter than Christopher.
entailment	Among Keith, Thomas and Cynthia the scariest is Thomas.	Thomas is scarier than Cynthia.
entailment	Among Richard, Paul and Barbara the kindest is Paul.	Paul is kinder than Barbara.
entailment	Among Jessica, Mike and Sandra the sweetest is Mike.	Mike is sweeter than Sandra.
entailment	Among Linda, Alex and Benjamin the prettiest is Alex.	Alex is prettier than Benjamin.
entailment	Among Henry, James and Victoria the scariest is James.	James is scarier than Victoria.
entailment	Among David, Don and Frank the bravest is Don.	Don is braver than Frank.
entailment	Among Joe, Louis and Jason the smallest is Louis.	Louis is smaller than Jason.
entailment	Among Jason, Dorothy and Barbara the guiltiest is Dorothy.	Dorothy is guilter than Barbara.
entailment	Among Peter, Bill and Steve the biggest is Bill.	Bill is bigger than Steve.
entailment	Among Louise, Fiona and Suzanne the oldest is Fiona.	Fiona is older than Suzanne.
entailment	Among Jonathan, Eric and Jerry the laziest is Eric.	Eric is lazier than Jerry.
entailment	Among Alan, Wendy and Anthony the calmest is Wendy.	Wendy is calmer than Anthony.
entailment	Among Amy, Joe and Ralph the strongest is Joe.	Joe is stronger than Ralph.
entailment	Among Robert, Adam and Alex the smallest is Adam.	Adam is smaller than Alex.
entailment	Among Ray, Fred and Steven the hungriest is Fred.	Fred is hungrier than Steven.
entailment	Among Eric, Laura and Nancy the firmest is Laura.	Laura is firmer than Nancy.
entailment	Among Ken, Heather and Mike the most attractive is Heather.	Heather is more attractive than Mike.
entailment	Among Wendy, Jack and Kathleen the fattest is Jack.	Jack is fatter than Kathleen.
entailment	Among Linda, Louis and Bob the densest is Louis.	Louis is denser than Bob.
entailment	Among Alfred, Alan and Wendy the angriest is Alan.	Alan is angrier than Wendy.
entailment	Among Louise, Suzanne and Rose the clumsiest is Suzanne.	Suzanne is clumsier than Rose.
entailment	Among Sam, Martin and Steve the most tired is Martin.	Martin is more tired than Steve.
entailment	Among Mike, Deborah and Nancy the bossiest is Deborah.	Deborah is bossier than Nancy.
entailment	Among Roy, Stephanie and Colin the smartest is Stephanie.	Stephanie is smarter than Colin.
entailment	Among Rose, Don and Lauren the healthiest is Don.	Don is healthier than Lauren.
entailment	Among Sandra, Lynn and Suzanne the chubbiest is Lynn.	Lynn is chubbier than Suzanne.
entailment	Among Evelyn, Edith and John the biggest is Edith.	Edith is bigger than John.
entailment	Among Don, Martin and Johnny the slimmest is Martin.	Martin is slimmer than Johnny.
entailment	Among Robert, Dan and Fiona the saddest is Dan.	Dan is sadder than Fiona.
entailment	Among Lawrence, Dan and Kevin the longest is Dan.	Dan is longer than Kevin.
entailment	Among Samuel, Emily and Ray the loudest is Emily.	Emily is louder than Ray.
entailment	Among Ellen, Anna and Harry the brightest is Anna.	Anna is brighter than Harry.
entailment	Among Alan, Rachel and Karen the kindest is Rachel.	Rachel is kinder than Karen.
entailment	Among Chris, Laura and Kathy the happiest is Laura.	Laura is happier than Kathy.
entailment	Among Dorothy, Maria and Barbara the shortest is Maria.	Maria is shorter than Barbara.
entailment	Among Francis, Alison and Lynn the saltiest is Alison.	Alison is saltier than Lynn.
entailment	Among Jonathan, Margaret and Janet the laziest is Margaret.	Margaret is lazier than Janet.
entailment	Among Joe, Ryan and Edith the tiniest is Ryan.	Ryan is tinier than Edith.
entailment	Among Victoria, Jane and Emma the grossest is Jane.	Jane is grosser than Emma.
entailment	Among Benjamin, Jack and Dan the calmest is Jack.	Jack is calmer than Dan.
entailment	Among Ron, Amanda and Marilyn the sweetest is Amanda.	Amanda is sweeter than Marilyn.
entailment	Among Dorothy, James and Alison the longest is James.	James is longer than Alison.
entailment	Among Matthew, Fiona and Steven the most beautiful is Fiona.	Fiona is more beautiful than Steven.
entailment	Among Charlotte, Anna and Dave the nicest is Anna.	Anna is nicer than Dave.
entailment	Among Ashley, Colin and Marie the hottest is Colin.	Colin is hotter than Marie.
entailment	Among Laura, Alexandra and David the angriest is Alexandra.	Alexandra is angrier than David.
entailment	Among Katherine, Albert and Emma the bossiest is Albert.	Albert is bossier than Emma.
entailment	Among Helen, Sharon and Wendy the proudest is Sharon.	Sharon is prouder than Wendy.
entailment	Among Alice, Ron and Don the creepiest is Ron.	Ron is creepier than Don.
entailment	Among Jimmy, Angela and Linda the greatest is Angela.	Angela is greater than Linda.
entailment	Among Nick, Harry and Christine the bossiest is Harry.	Harry is bossier than Christine.
entailment	Among Jill, Alan and Daniel the classiest is Alan.	Alan is classier than Daniel.
entailment	Among Ryan, Christine and Andrew the most polite is Christine.	Christine is more polite than Andrew.
entailment	Among Harriet, Bob and Judith the naughtiest is Bob.	Bob is naughtier than Judith.
entailment	Among Alice, Sophie and Charlie the naughtiest is Sophie.	Sophie is naughtier than Charlie.
entailment	Among Ashley, Ian and Evelyn the shallowest is Ian.	Ian is shallower than Evelyn.
entailment	Among Grace, Scott and Jeff the most bitter is Scott.	Scott is more bitter than Jeff.
entailment	Among Angela, Thomas and Maria the slimmest is Thomas.	Thomas is slimmer than Maria.
entailment	Among Michelle, Ken and Jay the chubbiest is Ken.	Ken is chubbier than Jay.
entailment	Among Steven, Alexander and Jason the strongest is Alexander.	Alexander is stronger than Jason.
entailment	Among Nick, Diane and Fiona the grossest is Diane.	Diane is grosser than Fiona.
entailment	Among Sue, Howard and Wendy the loneliest is Howard.	Howard is lonlier than Wendy.
entailment	Among Charlotte, Bobby and Ron the funniest is Bobby.	Bobby is funnier than Ron.
entailment	Among Eric, Louise and Sam the craziest is Louise.	Louise is crazier than Sam.
entailment	Among Wendy, Ralph and Lynn the cleverest is Ralph.	Ralph is cleverer than Lynn.
entailment	Among Kevin, Linda and Don the quietest is Linda.	Linda is quieter than Don.
entailment	Among Emily, Nicole and Judy the skinniest is Nicole.	Nicole is skinnier than Judy.
entailment	Among Ian, Frederick and Alex the most popular is Frederick.	Frederick is more popular than Alex.
entailment	Among Sam, Frederick and Pamela the hungriest is Frederick.	Frederick is hungrier than Pamela.
entailment	Among Lawrence, Sally and Alice the clumsiest is Sally.	Sally is clumsier than Alice.
entailment	Among Catherine, Nicole and Rachel the craziest is Nicole.	Nicole is crazier than Rachel.
entailment	Among Tim, Jerry and Diana the saltiest is Jerry.	Jerry is saltier than Diana.
entailment	Among Claire, Roger and Adam the sincerest is Roger.	Roger is sincerer than Adam.
entailment	Among Ian, Alice and Amy the dumbest is Alice.	Alice is dumber than Amy.
entailment	Among Francis, Michael and Julia the sleepiest is Michael.	Michael is sleepier than Julia.
entailment	Among Kathy, Jill and Florence the most handsome is Jill.	Jill is more handsome than Florence.
entailment	Among Melissa, Nick and Dick the tallest is Nick.	Nick is taller than Dick.
entailment	Among Adam, Anne and Angela the kindest is Anne.	Anne is kinder than Angela.
entailment	Among Ed, Jill and Ashley the most handsome is Jill.	Jill is more handsome than Ashley.
entailment	Among Colin, Steven and Susan the shallowest is Steven.	Steven is shallower than Susan.
entailment	Among Anne, Carol and Billy the most important is Carol.	Carol is more important than Billy.
entailment	Among Nicole, Peter and Susan the harshest is Peter.	Peter is harsher than Susan.
entailment	Among Stephanie, Carol and Stephen the gentlest is Carol.	Carol is gentler than Stephen.
entailment	Among Roy, Patrick and Catherine the most clever is Patrick.	Patrick is more clever than Catherine.
entailment	Among Robert, Katherine and Nancy the clumsiest is Katherine.	Katherine is clumsier than Nancy.
entailment	Among Roy, Kate and Claire the slimmest is Kate.	Kate is slimmer than Claire.
entailment	Among Catherine, Diana and Edward the fattest is Diana.	Diana is fatter than Edward.
entailment	Among Heather, Carolyn and Frank the naughtiest is Carolyn.	Carolyn is naughtier than Frank.
entailment	Among Wendy, Amanda and Michelle the naughtiest is Amanda.	Amanda is naughtier than Michelle.
entailment	Among Peter, Christopher and Stephanie the messiest is Christopher.	Christopher is messier than Stephanie.
entailment	Among Larry, John and Mary the guiltiest is John.	John is guilter than Mary.
entailment	Among Caroline, Donald and William the gentlest is Donald.	Donald is gentler than William.
entailment	Among Samuel, Martha and Ryan the classiest is Martha.	Martha is classier than Ryan.
entailment	Among Mike, Ron and Frederick the sorriest is Ron.	Ron is sorrier than Frederick.
entailment	Among Jimmy, Frank and Robert the noisiest is Frank.	Frank is noisier than Robert.
entailment	Among Jean, Sally and Kevin the scariest is Sally.	Sally is scarier than Kevin.
entailment	Among Harriet, Michelle and Catherine the fastest is Michelle.	Michelle is faster than Catherine.
entailment	Among Hugh, Tony and Robin the hottest is Tony.	Tony is hotter than Robin.
entailment	Among Bill, Susan and Nick the classiest is Susan.	Susan is classier than Nick.
entailment	Among Anne, Kate and Helen the skinniest is Kate.	Kate is skinnier than Helen.
entailment	Among Simon, Mike and Kim the hairiest is Mike.	Mike is hairier than Kim.
entailment	Among Larry, Ed and Ray the longest is Ed.	Ed is longer than Ray.
entailment	Among Margaret, Joe and Alan the most polite is Joe.	Joe is more polite than Alan.
entailment	Among Jason, Donna and Johnny the naughtiest is Donna.	Donna is naughtier than Johnny.
entailment	Among Ann, Thomas and Margaret the cleverest is Thomas.	Thomas is cleverer than Margaret.
entailment	Among Fred, Stephanie and Alexandra the shortest is Stephanie.	Stephanie is shorter than Alexandra.
entailment	Among Katherine, Barbara and Amanda the guiltiest is Barbara.	Barbara is guilter than Amanda.
entailment	Among Maria, Lawrence and Edward the most attractive is Lawrence.	Lawrence is more attractive than Edward.
entailment	Among Christopher, Frederick and Sara the most important is Frederick.	Frederick is more important than Sara.
entailment	Among Matthew, Margaret and Bobby the longest is Margaret.	Margaret is longer than Bobby.
entailment	Among Laura, Charles and Ron the wealthiest is Charles.	Charles is wealthier than Ron.
entailment	Among Alexandra, Harold and Andrew the slowest is Harold.	Harold is slower than Andrew.
entailment	Among Frederick, Samuel and Ben the sharpest is Samuel.	Samuel is sharper than Ben.
entailment	Among Annie, Ed and Keith the fairest is Ed.	Ed is fairer than Keith.
entailment	Among Judith, Francis and Lauren the politest is Francis.	Francis is politer than Lauren.
entailment	Among Mark, Samuel and Jerry the weirdest is Samuel.	Samuel is weirder than Jerry.
entailment	Among Julie, Christine and Mike the hairiest is Christine.	Christine is hairier than Mike.
entailment	Among Chris, Janet and Frederick the longest is Janet.	Janet is longer than Frederick.
entailment	Among Katie, Pamela and Suzanne the brightest is Pamela.	Pamela is brighter than Suzanne.
entailment	Among Pamela, Don and Chris the laziest is Don.	Don is lazier than Chris.
entailment	Among Barbara, Jeff and Kathleen the most renowned is Jeff.	Jeff is more renowned than Kathleen.
entailment	Among Alison, Howard and Chris the craziest is Howard.	Howard is crazier than Chris.
entailment	Among Tony, Jean and Scott the most interesting is Jean.	Jean is more interesting than Scott.
entailment	Among Joseph, Harold and Hugh the slowest is Harold.	Harold is slower than Hugh.
entailment	Among Arthur, Jonathan and Marilyn the saltiest is Jonathan.	Jonathan is saltier than Marilyn.
entailment	Among Kathy, Martha and Lawrence the nicest is Martha.	Martha is nicer than Lawrence.
entailment	Among Pamela, Frances and Victoria the busiest is Frances.	Frances is busier than Victoria.
entailment	Among Ellen, Marie and Nicole the creepiest is Marie.	Marie is creepier than Nicole.
entailment	Among Jay, Lawrence and Steven the most attractive is Lawrence.	Lawrence is more attractive than Steven.
entailment	Among Ellen, Steve and Suzanne the nicest is Steve.	Steve is nicer than Suzanne.
entailment	Among Suzanne, Kenneth and Lucy the loneliest is Kenneth.	Kenneth is lonlier than Lucy.
entailment	Among Chris, Jean and Steven the scariest is Jean.	Jean is scarier than Steven.
entailment	Among Jeff, Maria and Benjamin the most modern is Maria.	Maria is more modern than Benjamin.
entailment	Among Albert, Jason and Jim the cruellest is Jason.	Jason is crueller than Jim.
entailment	Among Chris, Marie and Frederick the angriest is Marie.	Marie is angrier than Frederick.
entailment	Among Nancy, Jill and Emma the cutest is Jill.	Jill is cuter than Emma.
entailment	Among John, Robin and Jill the greediest is Robin.	Robin is greedier than Jill.
entailment	Among Evelyn, Richard and Alan the thinnest is Richard.	Richard is thinner than Alan.
entailment	Among Laura, Ashley and Robin the bitterest is Ashley.	Ashley is bitterer than Robin.
entailment	Among Jason, Sam and Billy the guiltiest is Sam.	Sam is guilter than Billy.
entailment	Among Katherine, Martha and Sue the messiest is Martha.	Martha is messier than Sue.
entailment	Among Ralph, Annie and Elizabeth the sharpest is Annie.	Annie is sharper than Elizabeth.
entailment	Among Mark, Marilyn and Henry the chubbiest is Marilyn.	Marilyn is chubbier than Henry.
entailment	Among Diane, Anne and Jim the most beautiful is Anne.	Anne is more beautiful than Jim.
entailment	Among Edith, Louise and Joseph the sleepiest is Louise.	Louise is sleepier than Joseph.
entailment	Among Patrick, Sophie and Rebecca the oldest is Sophie.	Sophie is older than Rebecca.
entailment	Among Dick, Rose and Donald the biggest is Rose.	Rose is bigger than Donald.
entailment	Among Ruth, Karen and Lynn the messiest is Karen.	Karen is messier than Lynn.
entailment	Among Steven, Dan and Larry the rudest is Dan.	Dan is ruder than Larry.
entailment	Among Patricia, Ron and Evelyn the most handsome is Ron.	Ron is more handsome than Evelyn.
entailment	Among Brian, Jill and Linda the boldest is Jill.	Jill is bolder than Linda.
entailment	Among Keith, Emma and David the rudest is Emma.	Emma is ruder than David.
entailment	Among Melissa, Louise and Francis the happiest is Louise.	Louise is happier than Francis.
entailment	Among Bill, Judith and Fiona the chubbiest is Judith.	Judith is chubbier than Fiona.
entailment	Among Betty, Fred and Deborah the nicest is Fred.	Fred is nicer than Deborah.
entailment	Among Victoria, Kenneth and Simon the classiest is Kenneth.	Kenneth is classier than Simon.
entailment	Among Roger, Wendy and George the gentlest is Wendy.	Wendy is gentler than George.
entailment	Among Anthony, Lauren and Leslie the smallest is Lauren.	Lauren is smaller than Leslie.
entailment	Among Stephanie, Heather and Jimmy the loudest is Heather.	Heather is louder than Jimmy.
entailment	Among Kathleen, Harold and Janet the gentlest is Harold.	Harold is gentler than Janet.
entailment	Among Jerry, Carl and Ruth the bravest is Carl.	Carl is braver than Ruth.
entailment	Among Laura, Michael and Anne the greatest is Michael.	Michael is greater than Anne.
entailment	Among Harold, Alex and Jane the fittest is Alex.	Alex is fitter than Jane.
entailment	Among Jim, Harry and Dave the most important is Harry.	Harry is more important than Dave.
entailment	Among Scott, Sophie and Alexander the craziest is Sophie.	Sophie is crazier than Alexander.
entailment	Among Annie, Walter and Rebecca the curviest is Walter.	Walter is curvier than Rebecca.
entailment	Among Barbara, Colin and Kate the youngest is Colin.	Colin is younger than Kate.
entailment	Among Diana, Jean and Andrew the shortest is Jean.	Jean is shorter than Andrew.
entailment	Among Benjamin, Jane and Susan the bossiest is Jane.	Jane is bossier than Susan.
entailment	Among Julia, Thomas and Evelyn the most bitter is Thomas.	Thomas is more bitter than Evelyn.
entailment	Among Mike, Eleanor and Sophie the sincerest is Eleanor.	Eleanor is sincerer than Sophie.
entailment	Among Philip, Tony and Lauren the chubbiest is Tony.	Tony is chubbier than Lauren.
entailment	Among Sophie, Scott and Roy the brightest is Scott.	Scott is brighter than Roy.
entailment	Among Frank, Richard and Anne the ugliest is Richard.	Richard is uglier than Anne.
entailment	Among Philip, Steve and Joe the most popular is Steve.	Steve is more popular than Joe.
entailment	Among Scott, Edwin and Rose the prettiest is Edwin.	Edwin is prettier than Rose.
entailment	Among Bob, Brian and Elizabeth the most tired is Brian.	Brian is more tired than Elizabeth.
entailment	Among Christopher, Betty and Emily the thinnest is Betty.	Betty is thinner than Emily.
entailment	Among Kathleen, Robin and Bob the fittest is Robin.	Robin is fitter than Bob.
entailment	Among Albert, Matt and Frances the bravest is Matt.	Matt is braver than Frances.
entailment	Among Tom, Karen and Robert the most clever is Karen.	Karen is more clever than Robert.
entailment	Among Adam, Joe and Harriet the humblest is Joe.	Joe is humbler than Harriet.
entailment	Among Roger, Nick and Ken the naughtiest is Nick.	Nick is naughtier than Ken.
entailment	Among Amanda, Harold and Howard the most beautiful is Harold.	Harold is more beautiful than Howard.
entailment	Among Lisa, Edward and Jean the weakest is Edward.	Edward is weaker than Jean.
entailment	Among Mark, Evelyn and Bruce the boldest is Evelyn.	Evelyn is bolder than Bruce.
entailment	Among Alexander, Howard and Rachel the humblest is Howard.	Howard is humbler than Rachel.
entailment	Among William, Sam and Ian the smartest is Sam.	Sam is smarter than Ian.
entailment	Among Dave, Diane and Arthur the naughtiest is Diane.	Diane is naughtier than Arthur.
entailment	Among Kevin, Claire and Tony the most popular is Claire.	Claire is more popular than Tony.
entailment	Among Sophie, Linda and Maria the classiest is Linda.	Linda is classier than Maria.
entailment	Among Louise, Karen and Sandra the classiest is Karen.	Karen is classier than Sandra.
entailment	Among Roy, Elizabeth and Kim the brightest is Elizabeth.	Elizabeth is brighter than Kim.
entailment	Among Susan, Alan and Harry the most polite is Alan.	Alan is more polite than Harry.
entailment	Among Larry, Rose and Kelly the funniest is Rose.	Rose is funnier than Kelly.
entailment	Among Christopher, Colin and Lauren the humblest is Colin.	Colin is humbler than Lauren.
entailment	Among Christine, Margaret and Jimmy the brightest is Margaret.	Margaret is brighter than Jimmy.
entailment	Among Carol, Amanda and Jack the humblest is Amanda.	Amanda is humbler than Jack.
entailment	Among Sarah, Alan and Kenneth the hungriest is Alan.	Alan is hungrier than Kenneth.
entailment	Among Virginia, Thomas and Sara the naughtiest is Thomas.	Thomas is naughtier than Sara.
entailment	Among Jill, Kevin and Joan the thinnest is Kevin.	Kevin is thinner than Joan.
entailment	Among Jane, Margaret and Andrew the hairiest is Margaret.	Margaret is hairier than Andrew.
entailment	Among Jeff, Edward and Wendy the biggest is Edward.	Edward is bigger than Wendy.
entailment	Among Nick, George and Margaret the most clever is George.	George is more clever than Margaret.
entailment	Among Anthony, Emily and Florence the grossest is Emily.	Emily is grosser than Florence.
entailment	Among Sue, Louis and Tony the sleepiest is Louis.	Louis is sleepier than Tony.
entailment	Among Alexandra, Kenneth and Diana the most clever is Kenneth.	Kenneth is more clever than Diana.
entailment	Among Mike, Elaine and Kenneth the cruellest is Elaine.	Elaine is crueller than Kenneth.
entailment	Among Steven, Margaret and Alexandra the most interesting is Margaret.	Margaret is more interesting than Alexandra.
entailment	Among Andrew, Walter and Carol the curviest is Walter.	Walter is curvier than Carol.
entailment	Among Julia, Kelly and Jill the fittest is Kelly.	Kelly is fitter than Jill.
entailment	Among Nancy, Steven and Frederick the shyest is Steven.	Steven is shyer than Frederick.
entailment	Among Ron, Janet and Emma the strongest is Janet.	Janet is stronger than Emma.
entailment	Among Adam, Julie and Jessica the tallest is Julie.	Julie is taller than Jessica.
entailment	Among Ian, Edwin and Jack the hairiest is Edwin.	Edwin is hairier than Jack.
entailment	Among Michael, Bruce and Larry the densest is Bruce.	Bruce is denser than Larry.
entailment	Among Gary, Maria and Rebecca the naughtiest is Maria.	Maria is naughtier than Rebecca.
entailment	Among Ruth, Sandra and Pamela the proudest is Sandra.	Sandra is prouder than Pamela.
entailment	Among Martin, Hugh and Carl the firmest is Hugh.	Hugh is firmer than Carl.
entailment	Among Michael, Jason and Jerry the humblest is Jason.	Jason is humbler than Jerry.
entailment	Among Ellen, Margaret and Jonathan the most polite is Margaret.	Margaret is more polite than Jonathan.
entailment	Among Martha, Lauren and Patrick the strongest is Lauren.	Lauren is stronger than Patrick.
entailment	Among Carolyn, Robin and Nick the slimmest is Robin.	Robin is slimmer than Nick.
entailment	Among George, Joan and Christopher the most clever is Joan.	Joan is more clever than Christopher.
entailment	Among Judith, Ian and Melissa the saltiest is Ian.	Ian is saltier than Melissa.
entailment	Among Michael, Simon and Alfred the healthiest is Simon.	Simon is healthier than Alfred.
entailment	Among Judy, Joan and Florence the thinnest is Joan.	Joan is thinner than Florence.
entailment	Among Martin, Patrick and Lawrence the greatest is Patrick.	Patrick is greater than Lawrence.
entailment	Among Ralph, Jerry and Harriet the most polite is Jerry.	Jerry is more polite than Harriet.
entailment	Among Walter, Dick and Charlie the craziest is Dick.	Dick is crazier than Charlie.
entailment	Among Alison, Eleanor and George the densest is Eleanor.	Eleanor is denser than George.
entailment	Among Roger, Carolyn and Marilyn the silliest is Carolyn.	Carolyn is sillier than Marilyn.
entailment	Among Nicole, Bobby and Arthur the messiest is Bobby.	Bobby is messier than Arthur.
entailment	Among Matthew, Sally and Robin the most interesting is Sally.	Sally is more interesting than Robin.
entailment	Among Brian, Carolyn and Don the funniest is Carolyn.	Carolyn is funnier than Don.
entailment	Among Daniel, Lauren and Ben the oldest is Lauren.	Lauren is older than Ben.
entailment	Among Bruce, Walter and Ben the bitterest is Walter.	Walter is bitterer than Ben.
entailment	Among Jimmy, Dan and Kelly the bitterest is Dan.	Dan is bitterer than Kelly.
entailment	Among Kathleen, Deborah and Joan the best is Deborah.	Deborah is better than Joan.
entailment	Among Alison, Benjamin and Martha the messiest is Benjamin.	Benjamin is messier than Martha.
entailment	Among Frank, Sandra and Kim the sincerest is Sandra.	Sandra is sincerer than Kim.
entailment	Among Barbara, Alice and Alexandra the most renowned is Alice.	Alice is more renowned than Alexandra.
entailment	Among Christine, Dan and Dave the dullest is Dan.	Dan is duller than Dave.
entailment	Among Jay, Tom and Mark the slowest is Tom.	Tom is slower than Mark.
entailment	Among Charles, Kathleen and Howard the shyest is Kathleen.	Kathleen is shyer than Howard.
entailment	Among Alan, Howard and Laura the saltiest is Howard.	Howard is saltier than Laura.
entailment	Among Richard, Jim and Christopher the shortest is Jim.	Jim is shorter than Christopher.
entailment	Among Ralph, Janet and Victoria the nicest is Janet.	Janet is nicer than Victoria.
entailment	Among Nick, Annie and Fred the hungriest is Annie.	Annie is hungrier than Fred.
entailment	Among Andrew, Evelyn and Carl the chubbiest is Evelyn.	Evelyn is chubbier than Carl.
entailment	Among Annie, Robin and Ben the shallowest is Robin.	Robin is shallower than Ben.
entailment	Among Jay, Philip and Eleanor the slowest is Philip.	Philip is slower than Eleanor.
entailment	Among Roger, Judith and Sara the happiest is Judith.	Judith is happier than Sara.
entailment	Among Francis, Katie and Louis the toughest is Katie.	Katie is tougher than Louis.
entailment	Among Wendy, Edward and Grace the loudest is Edward.	Edward is louder than Grace.
entailment	Among Sophie, Karen and Alfred the brightest is Karen.	Karen is brighter than Alfred.
entailment	Among Alexandra, Francis and Don the sharpest is Francis.	Francis is sharper than Don.
entailment	Among Grace, Simon and Rachel the friendliest is Simon.	Simon is friendlier than Rachel.
entailment	Among Henry, Diane and Greg the most attractive is Diane.	Diane is more attractive than Greg.
entailment	Among Gary, Christopher and Cynthia the cruellest is Christopher.	Christopher is crueller than Cynthia.
entailment	Among Wendy, Jill and Judith the worst is Jill.	Jill is worse than Judith.
entailment	Among Michelle, Alfred and Jason the clumsiest is Alfred.	Alfred is clumsier than Jason.
entailment	Among Kathryn, Laura and Bobby the humblest is Laura.	Laura is humbler than Bobby.
entailment	Among Ellen, Philip and Donald the classiest is Philip.	Philip is classier than Donald.
entailment	Among Jonathan, Ron and Ann the curviest is Ron.	Ron is curvier than Ann.
entailment	Among Mike, Annie and Katie the youngest is Annie.	Annie is younger than Katie.
entailment	Among Jack, Matt and Pamela the harshest is Matt.	Matt is harsher than Pamela.
entailment	Among Benjamin, Emma and Fred the cruellest is Emma.	Emma is crueller than Fred.
entailment	Among Amanda, Patricia and Deborah the angriest is Patricia.	Patricia is angrier than Deborah.
entailment	Among Alan, Nancy and Colin the worst is Nancy.	Nancy is worse than Colin.
entailment	Among Sally, Leslie and Hugh the youngest is Leslie.	Leslie is younger than Hugh.
entailment	Among Judith, Dan and Francis the noisiest is Dan.	Dan is noisier than Francis.
entailment	Among Mike, David and Arthur the most interesting is David.	David is more interesting than Arthur.
entailment	Among Suzanne, Jane and Nicole the toughest is Jane.	Jane is tougher than Nicole.
entailment	Among Heather, Stephanie and Harold the sweetest is Stephanie.	Stephanie is sweeter than Harold.
entailment	Among William, Katie and Lisa the gloomiest is Katie.	Katie is gloomier than Lisa.
entailment	Among Betty, Amanda and Sophie the most clever is Amanda.	Amanda is more clever than Sophie.
entailment	Among William, Emily and Dan the healthiest is Emily.	Emily is healthier than Dan.
entailment	Among Pamela, Amanda and Maria the noisiest is Amanda.	Amanda is noisier than Maria.
entailment	Among Ian, Margaret and Matt the craziest is Margaret.	Margaret is crazier than Matt.
entailment	Among Alison, Larry and Andrea the youngest is Larry.	Larry is younger than Andrea.
entailment	Among Nicole, Frances and Katie the laziest is Frances.	Frances is lazier than Katie.
entailment	Among Charlie, Ryan and Dorothy the chubbiest is Ryan.	Ryan is chubbier than Dorothy.
entailment	Among Jerry, Alexandra and Jason the proudest is Alexandra.	Alexandra is prouder than Jason.
entailment	Among Mike, Dan and Charlie the toughest is Dan.	Dan is tougher than Charlie.
entailment	Among Greg, Linda and Jill the greatest is Linda.	Linda is greater than Jill.
entailment	Among Dave, Michael and Keith the brightest is Michael.	Michael is brighter than Keith.
entailment	Among Harold, Keith and Victoria the worst is Keith.	Keith is worse than Victoria.
entailment	Among Kelly, Jerry and Katherine the loveliest is Jerry.	Jerry is lovelier than Katherine.
entailment	Among Andrew, Harold and Sandra the saddest is Harold.	Harold is sadder than Sandra.
entailment	Among Dorothy, Robert and David the guiltiest is Robert.	Robert is guilter than David.
entailment	Among Ed, Henry and Ben the classiest is Henry.	Henry is classier than Ben.
entailment	Among Tom, Florence and Ken the shortest is Florence.	Florence is shorter than Ken.
entailment	Among Jane, Kim and Diane the most beautiful is Kim.	Kim is more beautiful than Diane.
entailment	Among Laura, Lauren and Jane the strongest is Lauren.	Lauren is stronger than Jane.
entailment	Among Alice, Linda and Ben the greatest is Linda.	Linda is greater than Ben.
entailment	Among Bobby, Ian and Louis the messiest is Ian.	Ian is messier than Louis.
entailment	Among Kevin, Edward and Gary the harshest is Edward.	Edward is harsher than Gary.
entailment	Among Fiona, Edward and Emma the densest is Edward.	Edward is denser than Emma.
entailment	Among Caroline, Carol and Samuel the sweetest is Carol.	Carol is sweeter than Samuel.
entailment	Among Kenneth, Charlie and Harry the dullest is Charlie.	Charlie is duller than Harry.
entailment	Among Tim, Alan and Susan the loudest is Alan.	Alan is louder than Susan.
entailment	Among Anne, Stephanie and Katie the hairiest is Stephanie.	Stephanie is hairier than Katie.
entailment	Among Lucy, Fred and Philip the sorriest is Fred.	Fred is sorrier than Philip.
entailment	Among Jason, Suzanne and Tony the healthiest is Suzanne.	Suzanne is healthier than Tony.
entailment	Among Patrick, Diane and Lisa the loudest is Diane.	Diane is louder than Lisa.
entailment	Among Kate, Wendy and Charlotte the naughtiest is Wendy.	Wendy is naughtier than Charlotte.
entailment	Among Steven, Alexander and Adam the cutest is Alexander.	Alexander is cuter than Adam.
entailment	Among Mike, Ed and Linda the most tired is Ed.	Ed is more tired than Linda.
entailment	Among Catherine, Dan and Sally the most popular is Dan.	Dan is more popular than Sally.
entailment	Among Tom, Alan and Amanda the messiest is Alan.	Alan is messier than Amanda.
entailment	Among Francis, Tom and Charlotte the greatest is Tom.	Tom is greater than Charlotte.
entailment	Among Matthew, Dan and Helen the politest is Dan.	Dan is politer than Helen.
entailment	Among Lucy, Matt and Frank the most clever is Matt.	Matt is more clever than Frank.
entailment	Among Andrea, Lucy and Francis the scariest is Lucy.	Lucy is scarier than Francis.
entailment	Among Dick, Lawrence and Janet the sincerest is Lawrence.	Lawrence is sincerer than Janet.
entailment	Among Mike, Patricia and Bill the messiest is Patricia.	Patricia is messier than Bill.
entailment	Among Johnny, Diana and Laura the most handsome is Diana.	Diana is more handsome than Laura.
entailment	Among Betty, Louis and Alan the sincerest is Louis.	Louis is sincerer than Alan.
entailment	Among Lawrence, Patrick and Joan the tiniest is Patrick.	Patrick is tinier than Joan.
entailment	Among Sophie, Chris and Heather the gentlest is Chris.	Chris is gentler than Heather.
entailment	Among Harry, Sue and Benjamin the weakest is Sue.	Sue is weaker than Benjamin.
entailment	Among Bruce, Sally and Edwin the bossiest is Sally.	Sally is bossier than Edwin.
entailment	Among Karen, Louise and Billy the proudest is Louise.	Louise is prouder than Billy.
entailment	Among Bob, Andrew and Judy the strongest is Andrew.	Andrew is stronger than Judy.
entailment	Among Emma, Roger and Nick the fittest is Roger.	Roger is fitter than Nick.
entailment	Among Billy, Jennifer and Fred the tallest is Jennifer.	Jennifer is taller than Fred.
entailment	Among Amanda, Robert and Paul the hairiest is Robert.	Robert is hairier than Paul.
entailment	Among Simon, Alexander and Tony the politest is Alexander.	Alexander is politer than Tony.
entailment	Among Samuel, Tim and Carl the quietest is Tim.	Tim is quieter than Carl.
entailment	Among Larry, Hugh and Jay the loudest is Hugh.	Hugh is louder than Jay.
entailment	Among Andrew, Ann and Samuel the curviest is Ann.	Ann is curvier than Samuel.
entailment	Among Kathy, Charlie and Andrew the toughest is Charlie.	Charlie is tougher than Andrew.
entailment	Among Steven, Andrew and Martha the worst is Andrew.	Andrew is worse than Martha.
entailment	Among Scott, Evelyn and Steven the fastest is Evelyn.	Evelyn is faster than Steven.
entailment	Among Richard, Janet and Bob the most handsome is Janet.	Janet is more handsome than Bob.
entailment	Among Jean, John and Nick the grossest is John.	John is grosser than Nick.
entailment	Among Kate, Fred and Chris the clumsiest is Fred.	Fred is clumsier than Chris.
entailment	Among Arthur, Ruth and Judith the gloomiest is Ruth.	Ruth is gloomier than Judith.
entailment	Among Frances, Jill and Rebecca the hottest is Jill.	Jill is hotter than Rebecca.
entailment	Among Florence, Ken and Matt the most modern is Ken.	Ken is more modern than Matt.
entailment	Among Louise, Emma and Grace the most polite is Emma.	Emma is more polite than Grace.
entailment	Among Annie, Sally and Fred the curviest is Sally.	Sally is curvier than Fred.
entailment	Among Louise, Gary and Deborah the angriest is Gary.	Gary is angrier than Deborah.
entailment	Among Kelly, Frederick and Anthony the humblest is Frederick.	Frederick is humbler than Anthony.
entailment	Among Alice, Christopher and Andrew the richest is Christopher.	Christopher is richer than Andrew.
entailment	Among Cynthia, Patricia and Walter the shortest is Patricia.	Patricia is shorter than Walter.
entailment	Among Pamela, Kate and Marilyn the classiest is Kate.	Kate is classier than Marilyn.
entailment	Among Linda, Dan and Stephen the shyest is Dan.	Dan is shyer than Stephen.
entailment	Among Amanda, Anna and Harriet the naughtiest is Anna.	Anna is naughtier than Harriet.
entailment	Among Michael, Ralph and Katie the biggest is Ralph.	Ralph is bigger than Katie.
entailment	Among Joan, Jonathan and Lynn the gentlest is Jonathan.	Jonathan is gentler than Lynn.
entailment	Among Alison, Matthew and Benjamin the calmest is Matthew.	Matthew is calmer than Benjamin.
entailment	Among Matthew, Jim and Colin the poorest is Jim.	Jim is poorer than Colin.
entailment	Among Julia, Barbara and Jonathan the loveliest is Barbara.	Barbara is lovelier than Jonathan.
entailment	Among Sophie, Ian and Tim the richest is Ian.	Ian is richer than Tim.
entailment	Among Ian, Virginia and Judith the creepiest is Virginia.	Virginia is creepier than Judith.
entailment	Among Robert, Matthew and Benjamin the healthiest is Matthew.	Matthew is healthier than Benjamin.
entailment	Among Elaine, Ashley and Samuel the longest is Ashley.	Ashley is longer than Samuel.
entailment	Among Alfred, Bill and Sally the densest is Bill.	Bill is denser than Sally.
entailment	Among David, Patricia and Dan the smartest is Patricia.	Patricia is smarter than Dan.
entailment	Among Carol, Louis and Wendy the thinnest is Louis.	Louis is thinner than Wendy.
entailment	Among Mark, Evelyn and Bruce the gloomiest is Evelyn.	Evelyn is gloomier than Bruce.
entailment	Among Emily, Cynthia and Jonathan the bravest is Cynthia.	Cynthia is braver than Jonathan.
entailment	Among Ray, William and Elizabeth the most attractive is William.	William is more attractive than Elizabeth.
entailment	Among Suzanne, Nancy and Laura the politest is Nancy.	Nancy is politer than Laura.
entailment	Among Judy, Sandra and Jennifer the scariest is Sandra.	Sandra is scarier than Jennifer.
entailment	Among Lynn, Stephen and Alison the curviest is Stephen.	Stephen is curvier than Alison.
entailment	Among Alexandra, Hugh and Alfred the tiniest is Hugh.	Hugh is tinier than Alfred.
entailment	Among Anna, Andrew and Henry the worst is Andrew.	Andrew is worse than Henry.
entailment	Among Peter, Jerry and Jonathan the smallest is Jerry.	Jerry is smaller than Jonathan.
entailment	Among Daniel, Andrea and Hugh the weirdest is Andrea.	Andrea is weirder than Hugh.
entailment	Among Kate, Matt and Benjamin the scariest is Matt.	Matt is scarier than Benjamin.
entailment	Among Edward, Larry and Carl the bravest is Larry.	Larry is braver than Carl.
entailment	Among Rachel, Lisa and Charles the most renowned is Lisa.	Lisa is more renowned than Charles.
entailment	Among Katie, Jeff and Edward the densest is Jeff.	Jeff is denser than Edward.
entailment	Among Arthur, Scott and Carl the loveliest is Scott.	Scott is lovelier than Carl.
entailment	Among Rebecca, Ellen and Ron the sorriest is Ellen.	Ellen is sorrier than Ron.
entailment	Among Ann, Steve and Stephanie the calmest is Steve.	Steve is calmer than Stephanie.
