entailment	Ralph has a purse. He is gloomy.	Ralph is gloomy.
entailment	Eleanor has a pen. She is affectionate.	Eleanor is affectionate.
entailment	Catherine has a comb. She is inexperienced.	Catherine is inexperienced.
entailment	Billy has a mobile phone. He is zealous.	Billy is zealous.
entailment	Grace has a lighter. She is querulous.	Grace is querulous.
entailment	Keith has a bottle. He is proficient.	Keith is proficient.
entailment	Grace has an alarm clock. She is unaffected.	Grace is unaffected.
entailment	Mary has a banknote. She is plucky.	Mary is plucky.
entailment	Jonathan has a banknote. He is cranky.	Jonathan is cranky.
entailment	Angela has a notebook. She is immature.	Angela is immature.
entailment	Keith has a pencil. He is musical.	Keith is musical.
entailment	Dick has a bottle. He is lame.	Dick is lame.
entailment	Donald has a pen. He is good.	Donald is good.
entailment	Benjamin has a watch. He is average.	Benjamin is average.
entailment	George has a newspaper. He is resentful.	George is resentful.
entailment	Fiona has a headphone. She is resourceful.	Fiona is resourceful.
entailment	Christine has a stamp. She is delicate.	Christine is delicate.
entailment	Ann has a tissue. She is saucy.	Ann is saucy.
entailment	Chris has a car. He is querulous.	Chris is querulous.
entailment	Emily has a toothbrush. She is unsophisticated.	Emily is unsophisticated.
entailment	Mike has a magazine. He is agile.	Mike is agile.
entailment	Ashley has a pencil. She is devoted.	Ashley is devoted.
entailment	Kevin has a toothbrush. He is bright.	Kevin is bright.
entailment	Leslie has a purse. She is circumspect.	Leslie is circumspect.
entailment	Fred has a photo. He is uncertain.	Fred is uncertain.
entailment	Katherine has a player. She is polite.	Katherine is polite.
entailment	Kathryn has a lipstick. She is fiery.	Kathryn is fiery.
entailment	Frederick has a comb. He is lethargic.	Frederick is lethargic.
entailment	Al has a clip. He is peaceful.	Al is peaceful.
entailment	Peter has a scissor. He is below average.	Peter is below average.
entailment	Richard has a scissor. He is snazzy.	Richard is snazzy.
entailment	Jessica has a button. She is hearty.	Jessica is hearty.
entailment	Louis has a credit card. He is reserved.	Louis is reserved.
entailment	Ron has a car. He is uncertain.	Ron is uncertain.
entailment	Hugh has an umbrella. He is saucy.	Hugh is saucy.
entailment	Matt has a case. He is easy-going.	Matt is easy-going.
entailment	Dan has a wallet. He is musical.	Dan is musical.
entailment	Jonathan has a cigarette. He is ambitious.	Jonathan is ambitious.
entailment	Sarah has a camera. She is cool-headed.	Sarah is cool-headed.
entailment	Charlie has a pen. He is imaginative.	Charlie is imaginative.
entailment	Kelly has an identity card. She is supercilious.	Kelly is supercilious.
entailment	Ryan has an alarm clock. He is nasty.	Ryan is nasty.
entailment	Michelle has a car. She is unemotional.	Michelle is unemotional.
entailment	Charlotte has a case. She is artificial.	Charlotte is artificial.
entailment	Hugh has a postcard. He is deferential.	Hugh is deferential.
entailment	Kenneth has a credit card. He is stoic.	Kenneth is stoic.
entailment	Donald has a bottle. He is inactive.	Donald is inactive.
entailment	Larry has a laptop. He is reluctant.	Larry is reluctant.
entailment	Eric has a dictionary. He is slow.	Eric is slow.
entailment	Evelyn has a toothbrush. She is quick.	Evelyn is quick.
entailment	Karen has an alarm clock. She is unguarded.	Karen is unguarded.
entailment	James has a purse. He is unemotional.	James is unemotional.
entailment	Jessica has an umbrella. She is distrustful.	Jessica is distrustful.
entailment	Kevin has a bottle. He is absent-minded.	Kevin is absent-minded.
entailment	Alex has a headphone. He is moronic.	Alex is moronic.
entailment	Carl has a comb. He is miserable.	Carl is miserable.
entailment	Jim has a pencil. He is caustic.	Jim is caustic.
entailment	Jay has a lighter. He is logical.	Jay is logical.
entailment	Joseph has a stamp. He is awful.	Joseph is awful.
entailment	Jack has a stamp. He is cool-headed.	Jack is cool-headed.
entailment	Victoria has a laptop. She is judgmental.	Victoria is judgmental.
entailment	Benjamin has a laptop. He is gloomy.	Benjamin is gloomy.
entailment	Louise has a match. She is ostentatious.	Louise is ostentatious.
entailment	Tony has a cigarette. He is brilliant.	Tony is brilliant.
entailment	Harry has a lipstick. He is assertive.	Harry is assertive.
entailment	Mary has a match. She is pretty.	Mary is pretty.
entailment	Frank has a match. He is fastidious.	Frank is fastidious.
entailment	Carol has a banknote. She is numb.	Carol is numb.
entailment	Ron has a toothbrush. He is agreeable.	Ron is agreeable.
entailment	Pamela has a credit card. She is reliable.	Pamela is reliable.
entailment	Donna has a credit card. She is fiery.	Donna is fiery.
entailment	Joan has a brush. She is provocative.	Joan is provocative.
entailment	Jay has a coin. He is outgoing.	Jay is outgoing.
entailment	Ron has a lighter. He is positive.	Ron is positive.
entailment	Joan has a notebook. She is indefatigable.	Joan is indefatigable.
entailment	Johnny has a banknote. He is distraught.	Johnny is distraught.
entailment	Mike has a laptop. He is maternal.	Mike is maternal.
entailment	Chris has a brush. He is gloomy.	Chris is gloomy.
entailment	Patricia has a pen. She is peevish.	Patricia is peevish.
entailment	Laura has a diary. She is attentive.	Laura is attentive.
entailment	Bill has a glass. He is unstable.	Bill is unstable.
entailment	Christopher has a mirror. He is civil.	Christopher is civil.
entailment	Kelly has a credit card. She is suspicious.	Kelly is suspicious.
entailment	Jonathan has a battery. He is wonderful.	Jonathan is wonderful.
entailment	David has a brush. He is hypercritical.	David is hypercritical.
entailment	Pamela has a cigarette. She is keen.	Pamela is keen.
entailment	Melissa has a match. She is quick-tempered.	Melissa is quick-tempered.
entailment	Greg has an alarm clock. He is courageous.	Greg is courageous.
entailment	Joe has a toothbrush. He is sturdy.	Joe is sturdy.
entailment	Brian has a magazine. He is outspoken.	Brian is outspoken.
entailment	Jason has a pencil. He is weak.	Jason is weak.
entailment	Mike has an umbrella. He is quick-tempered.	Mike is quick-tempered.
entailment	Kenneth has a pen. He is capable.	Kenneth is capable.
entailment	Joe has an umbrella. He is groggy.	Joe is groggy.
entailment	Jerry has a pen. He is flashy.	Jerry is flashy.
entailment	Jimmy has a stamp. He is generous.	Jimmy is generous.
entailment	Julia has a scissor. She is content.	Julia is content.
entailment	Jerry has a camera. He is blue.	Jerry is blue.
entailment	Alexander has a headphone. He is fussy.	Alexander is fussy.
entailment	Chris has a pen. He is lame.	Chris is lame.
entailment	Albert has a coin. He is above average.	Albert is above average.
entailment	Colin has a battery. He is stoic.	Colin is stoic.
entailment	Sue has a laptop. She is fastidious.	Sue is fastidious.
entailment	Harriet has a stamp. She is enterprising.	Harriet is enterprising.
entailment	Alex has a pen. He is slothful.	Alex is slothful.
entailment	Nick has a bottle. He is beneficent.	Nick is beneficent.
entailment	Frank has a match. He is tactful.	Frank is tactful.
entailment	Jim has a dictionary. He is energetic.	Jim is energetic.
entailment	Stephen has a purse. He is well-intentioned.	Stephen is well-intentioned.
entailment	Frederick has a camera. He is petulant.	Frederick is petulant.
entailment	Edward has a tissue. He is zealous.	Edward is zealous.
entailment	Victoria has a battery. She is slight.	Victoria is slight.
entailment	Sam has a lipstick. He is positive.	Sam is positive.
entailment	Ron has a dictionary. He is noisy.	Ron is noisy.
entailment	Thomas has a headphone. He is tired.	Thomas is tired.
entailment	Janet has a notebook. She is dutiful.	Janet is dutiful.
entailment	Marie has a photo. She is maternal.	Marie is maternal.
entailment	Diana has a battery. She is cool-headed.	Diana is cool-headed.
entailment	Eric has a pen. He is irritable.	Eric is irritable.
entailment	Louis has a headphone. He is powerful.	Louis is powerful.
entailment	Diane has a battery. She is well-intentioned.	Diane is well-intentioned.
entailment	Peter has a wallet. He is well-developed.	Peter is well-developed.
entailment	Catherine has a purse. She is venal.	Catherine is venal.
entailment	Carol has a notebook. She is fussy.	Carol is fussy.
entailment	Walter has a tissue. He is love-lorn.	Walter is love-lorn.
entailment	Suzanne has a scissor. She is serious.	Suzanne is serious.
entailment	Jim has a postcard. He is snazzy.	Jim is snazzy.
entailment	Lauren has a credit card. She is crabby.	Lauren is crabby.
entailment	Bruce has a rubber. He is apprehensive.	Bruce is apprehensive.
entailment	Helen has a rubber. She is confident.	Helen is confident.
entailment	Eleanor has a clip. She is wary.	Eleanor is wary.
entailment	Adam has a mirror. He is irascible.	Adam is irascible.
entailment	Donald has a tissue. He is saucy.	Donald is saucy.
entailment	Betty has a banknote. She is tranquil.	Betty is tranquil.
entailment	Alfred has a comb. He is volcanic.	Alfred is volcanic.
entailment	Pamela has a rubber. She is drunk.	Pamela is drunk.
entailment	Billy has an alarm clock. He is lively.	Billy is lively.
entailment	Ryan has a brush. He is unstable.	Ryan is unstable.
entailment	Albert has a stamp. He is discerning.	Albert is discerning.
entailment	Judith has a light bulb. She is thoughtful.	Judith is thoughtful.
entailment	Julia has a battery. She is reclusive.	Julia is reclusive.
entailment	Catherine has a wallet. She is grouchy.	Catherine is grouchy.
entailment	Jessica has an umbrella. She is peevish.	Jessica is peevish.
entailment	Al has a rubber. He is cynical.	Al is cynical.
entailment	Anna has a postcard. She is surly.	Anna is surly.
entailment	Larry has a car. He is staid.	Larry is staid.
entailment	Ruth has a purse. She is orderly.	Ruth is orderly.
entailment	Edward has a mirror. He is unemotional.	Edward is unemotional.
entailment	Sara has a mobile phone. She is smart.	Sara is smart.
entailment	Kim has a case. She is boisterous.	Kim is boisterous.
entailment	Jennifer has a toothbrush. She is uncertain.	Jennifer is uncertain.
entailment	Julie has an umbrella. She is touchy.	Julie is touchy.
entailment	Lucy has a pen. She is mild.	Lucy is mild.
entailment	Lucy has a photo. She is orderly.	Lucy is orderly.
entailment	Ruth has a comb. She is sensitive.	Ruth is sensitive.
entailment	Brian has a coin. He is quiet.	Brian is quiet.
entailment	Howard has a dictionary. He is unthinking.	Howard is unthinking.
entailment	Sarah has a laptop. She is steady.	Sarah is steady.
entailment	Bruce has a stamp. He is circumspect.	Bruce is circumspect.
entailment	Elaine has a stamp. She is impressionable.	Elaine is impressionable.
entailment	Benjamin has a newspaper. He is ridiculous.	Benjamin is ridiculous.
entailment	Ryan has an umbrella. He is chic.	Ryan is chic.
entailment	Melissa has a lighter. She is excitable.	Melissa is excitable.
entailment	Roger has a purse. He is serene.	Roger is serene.
entailment	Sarah has a newspaper. She is ostentatious.	Sarah is ostentatious.
entailment	Roy has a car. He is imperturbable.	Roy is imperturbable.
entailment	Robert has a watch. He is unmotivated.	Robert is unmotivated.
entailment	Emma has a brush. She is resentful.	Emma is resentful.
entailment	Jack has a newspaper. He is passive.	Jack is passive.
entailment	Angela has a cigarette. She is chic.	Angela is chic.
entailment	William has a newspaper. He is indiscreet.	William is indiscreet.
entailment	Linda has a glass. She is musical.	Linda is musical.
entailment	Grace has a magazine. She is bright.	Grace is bright.
entailment	Peter has a rubber. He is apprehensive.	Peter is apprehensive.
entailment	Jeff has a headphone. He is cynical.	Jeff is cynical.
entailment	Rebecca has a button. She is conscientious.	Rebecca is conscientious.
entailment	Emily has a headphone. She is snobby.	Emily is snobby.
entailment	Heather has a pen. She is lazy.	Heather is lazy.
entailment	Caroline has a button. She is lively.	Caroline is lively.
entailment	Pamela has a wallet. She is chic.	Pamela is chic.
entailment	Caroline has a tissue. She is dirty.	Caroline is dirty.
entailment	Peter has a notebook. He is gentle.	Peter is gentle.
entailment	John has a pen. He is powerful.	John is powerful.
entailment	Howard has a cigarette. He is naughty.	Howard is naughty.
entailment	Elaine has a magazine. She is lame.	Elaine is lame.
entailment	Rebecca has a purse. She is quiet.	Rebecca is quiet.
entailment	Alex has a button. He is cautious.	Alex is cautious.
entailment	Mike has a lipstick. He is drunk.	Mike is drunk.
entailment	Colin has a magazine. He is meticulous.	Colin is meticulous.
entailment	John has a file. He is vulnerable.	John is vulnerable.
entailment	Dorothy has a comb. She is level-headed.	Dorothy is level-headed.
entailment	Tim has a scissor. He is sober.	Tim is sober.
entailment	Florence has a laptop. She is distraught.	Florence is distraught.
entailment	Johnny has a button. He is cynical.	Johnny is cynical.
entailment	Catherine has a purse. She is blunt.	Catherine is blunt.
entailment	Dick has a comb. He is drunk.	Dick is drunk.
entailment	Jeff has a rubber. He is imperturbable.	Jeff is imperturbable.
entailment	Sharon has a cigarette. She is exacting.	Sharon is exacting.
entailment	Caroline has a rubber. She is bright.	Caroline is bright.
entailment	Bruce has a scissor. He is gluttonous.	Bruce is gluttonous.
entailment	Colin has a photo. He is querulous.	Colin is querulous.
entailment	Francis has a player. He is cantankerous.	Francis is cantankerous.
entailment	Jerry has a pencil. He is sleepy.	Jerry is sleepy.
entailment	Ken has an alarm clock. He is cooperative.	Ken is cooperative.
entailment	Kate has a mobile phone. She is dextrous.	Kate is dextrous.
entailment	Bob has a mobile phone. He is wonderful.	Bob is wonderful.
entailment	Katie has a comb. She is blunt.	Katie is blunt.
entailment	Rachel has a lighter. She is hesitant.	Rachel is hesitant.
entailment	Colin has a postcard. He is quiet.	Colin is quiet.
entailment	Patrick has a tissue. He is inspiring.	Patrick is inspiring.
entailment	Ben has a comb. He is eager.	Ben is eager.
entailment	Charlotte has a notebook. She is excellent.	Charlotte is excellent.
entailment	Pamela has a file. She is patient.	Pamela is patient.
entailment	Mary has a glass. She is snazzy.	Mary is snazzy.
entailment	Carol has a match. She is sturdy.	Carol is sturdy.
entailment	Samuel has a car. He is supercilious.	Samuel is supercilious.
entailment	Michael has a brush. He is above average.	Michael is above average.
entailment	Elizabeth has an identity card. She is petulant.	Elizabeth is petulant.
entailment	Marilyn has a scissor. She is talented.	Marilyn is talented.
entailment	Bill has a car. He is shy.	Bill is shy.
entailment	Virginia has a diary. She is testy.	Virginia is testy.
entailment	Gary has a glass. He is drunk.	Gary is drunk.
entailment	Jim has a stamp. He is artistic.	Jim is artistic.
entailment	Julia has a diary. She is willing.	Julia is willing.
entailment	Sophie has a case. She is drowsy.	Sophie is drowsy.
entailment	Matt has a banknote. He is hateful.	Matt is hateful.
entailment	Adam has a lipstick. He is thinking.	Adam is thinking.
entailment	Roger has a stamp. He is conceited.	Roger is conceited.
entailment	Carolyn has a car. She is unemotional.	Carolyn is unemotional.
entailment	Larry has a file. He is warmhearted.	Larry is warmhearted.
entailment	Melissa has a player. She is lithe.	Melissa is lithe.
entailment	Dan has a camera. He is impulsive.	Dan is impulsive.
entailment	Charlie has a glass. He is old-fashioned.	Charlie is old-fashioned.
entailment	Bill has a file. He is popular.	Bill is popular.
entailment	Christine has a cigarette. She is drunk.	Christine is drunk.
entailment	Lucy has a notebook. She is stern.	Lucy is stern.
entailment	Elaine has a case. She is abnormal.	Elaine is abnormal.
entailment	Jerry has a file. He is fabulous.	Jerry is fabulous.
entailment	Kim has a credit card. She is slow.	Kim is slow.
entailment	Suzanne has a newspaper. She is unpleasant.	Suzanne is unpleasant.
entailment	Jason has a cigarette. He is sedate.	Jason is sedate.
entailment	Fiona has a stamp. She is fastidious.	Fiona is fastidious.
entailment	Jane has a player. She is cruel.	Jane is cruel.
entailment	Dorothy has a postcard. She is sulky.	Dorothy is sulky.
entailment	Fiona has a credit card. She is soulful.	Fiona is soulful.
entailment	Virginia has a pen. She is joyous.	Virginia is joyous.
entailment	Patrick has a comb. He is timid.	Patrick is timid.
entailment	Kelly has an identity card. She is slow.	Kelly is slow.
entailment	Kevin has a bottle. He is indolent.	Kevin is indolent.
entailment	Joe has a dictionary. He is ferocious.	Joe is ferocious.
entailment	Jane has an umbrella. She is resentful.	Jane is resentful.
entailment	Samuel has a bottle. He is dependent.	Samuel is dependent.
entailment	Evelyn has a mirror. She is agile.	Evelyn is agile.
entailment	Cynthia has a credit card. She is grave.	Cynthia is grave.
entailment	Diane has a cigarette. She is critical.	Diane is critical.
entailment	James has a magazine. He is inconsistent.	James is inconsistent.
entailment	Carol has a watch. She is musical.	Carol is musical.
entailment	Christine has a headphone. She is well-respected.	Christine is well-respected.
entailment	Janet has a toothbrush. She is proficient.	Janet is proficient.
entailment	Larry has a newspaper. He is volcanic.	Larry is volcanic.
entailment	Angela has a mobile phone. She is positive.	Angela is positive.
entailment	Sarah has a pen. She is clean.	Sarah is clean.
entailment	Kevin has a toothbrush. He is amazing.	Kevin is amazing.
entailment	Andrea has a mirror. She is inspiring.	Andrea is inspiring.
entailment	Sharon has a cigarette. She is prejudiced.	Sharon is prejudiced.
entailment	Jack has a newspaper. He is respectful.	Jack is respectful.
entailment	Michael has an umbrella. He is elfin.	Michael is elfin.
entailment	Rebecca has a comb. She is distant.	Rebecca is distant.
entailment	Mike has a light bulb. He is conscientious.	Mike is conscientious.
entailment	Tom has a lighter. He is decisive.	Tom is decisive.
entailment	Rose has a credit card. She is curious.	Rose is curious.
entailment	Henry has a lipstick. He is friendly.	Henry is friendly.
entailment	Ann has a button. She is gloomy.	Ann is gloomy.
entailment	Edith has a dictionary. She is boisterous.	Edith is boisterous.
entailment	Ray has a purse. He is smart.	Ray is smart.
entailment	Tom has a headphone. He is impractical.	Tom is impractical.
entailment	Lawrence has a laptop. He is cool.	Lawrence is cool.
entailment	Jane has a rubber. She is impressive.	Jane is impressive.
entailment	John has a brush. He is delicate.	John is delicate.
entailment	Ellen has an umbrella. She is clever.	Ellen is clever.
entailment	Sharon has an alarm clock. She is direct.	Sharon is direct.
entailment	Kathleen has a notebook. She is keen.	Kathleen is keen.
entailment	Carl has a player. He is slight.	Carl is slight.
entailment	Robin has a match. She is supercilious.	Robin is supercilious.
entailment	Heather has a player. She is well-developed.	Heather is well-developed.
entailment	David has a pen. He is impressive.	David is impressive.
entailment	Jessica has a coin. She is quarrelsome.	Jessica is quarrelsome.
entailment	Mark has a cigarette. He is reclusive.	Mark is reclusive.
entailment	Alex has a button. He is watchful.	Alex is watchful.
entailment	Alan has a credit card. He is distrustful.	Alan is distrustful.
entailment	Sara has a purse. She is insensitive.	Sara is insensitive.
entailment	Alex has a watch. He is impulsive.	Alex is impulsive.
entailment	Alexandra has a glass. She is well-behaved.	Alexandra is well-behaved.
entailment	Ann has a tissue. She is sober.	Ann is sober.
entailment	Lucy has a dictionary. She is striking.	Lucy is striking.
entailment	Jane has a cigarette. She is indiscreet.	Jane is indiscreet.
entailment	Susan has a coin. She is helpful.	Susan is helpful.
entailment	Dorothy has a camera. She is saucy.	Dorothy is saucy.
entailment	Kevin has a headphone. He is competent.	Kevin is competent.
entailment	Alex has a notebook. He is undependable.	Alex is undependable.
entailment	Rachel has a comb. She is naive.	Rachel is naive.
entailment	Ed has a pen. He is sullen.	Ed is sullen.
entailment	Katie has a purse. She is distraught.	Katie is distraught.
entailment	Anna has a credit card. She is distrustful.	Anna is distrustful.
entailment	Hugh has a rubber. He is proud.	Hugh is proud.
entailment	Melissa has a dictionary. She is listless.	Melissa is listless.
entailment	Wendy has a lipstick. She is proud.	Wendy is proud.
entailment	Emma has a match. She is sullen.	Emma is sullen.
entailment	Jean has a lipstick. She is affectionate.	Jean is affectionate.
entailment	Jessica has a light bulb. She is unreliable.	Jessica is unreliable.
entailment	Robert has a player. He is unfriendly.	Robert is unfriendly.
entailment	Roy has a rubber. He is jocular.	Roy is jocular.
entailment	Amanda has a pencil. She is coherent.	Amanda is coherent.
entailment	Janet has a scissor. She is peevish.	Janet is peevish.
entailment	Sharon has a mobile phone. She is drowsy.	Sharon is drowsy.
entailment	Alan has a stamp. He is unstable.	Alan is unstable.
entailment	Caroline has a battery. She is imaginative.	Caroline is imaginative.
entailment	Donna has a newspaper. She is negative.	Donna is negative.
entailment	Lawrence has a pencil. He is wary.	Lawrence is wary.
entailment	Suzanne has a magazine. She is cool-headed.	Suzanne is cool-headed.
entailment	Amanda has a camera. She is jocular.	Amanda is jocular.
entailment	Greg has a diary. He is apathetic.	Greg is apathetic.
entailment	Thomas has a rubber. He is unsophisticated.	Thomas is unsophisticated.
entailment	Grace has a camera. She is smart.	Grace is smart.
entailment	Simon has a mobile phone. He is plucky.	Simon is plucky.
entailment	Amy has a purse. She is hypercritical.	Amy is hypercritical.
entailment	Christine has a bottle. She is dextrous.	Christine is dextrous.
entailment	Grace has a brush. She is serene.	Grace is serene.
entailment	Ryan has a player. He is agile.	Ryan is agile.
entailment	Kim has an umbrella. She is lame.	Kim is lame.
entailment	Greg has a headphone. He is fiery.	Greg is fiery.
entailment	Caroline has a pencil. She is devoted.	Caroline is devoted.
entailment	Matt has a scissor. He is naive.	Matt is naive.
entailment	Keith has a mirror. He is immature.	Keith is immature.
entailment	Nancy has a scissor. She is resigned.	Nancy is resigned.
entailment	Lynn has a brush. She is long-winded.	Lynn is long-winded.
entailment	Hugh has a car. He is sensitive.	Hugh is sensitive.
entailment	Alice has a car. She is below average.	Alice is below average.
entailment	Andrea has a wallet. She is composed.	Andrea is composed.
entailment	Suzanne has an umbrella. She is unguarded.	Suzanne is unguarded.
entailment	Charlotte has a button. She is watchful.	Charlotte is watchful.
entailment	Henry has a car. He is provocative.	Henry is provocative.
entailment	Carolyn has a toothbrush. She is impetuous.	Carolyn is impetuous.
entailment	Sharon has a battery. She is self-assured.	Sharon is self-assured.
entailment	Grace has a lighter. She is fabulous.	Grace is fabulous.
entailment	Eric has a bottle. He is sophisticated.	Eric is sophisticated.
entailment	Mary has an identity card. She is shy.	Mary is shy.
entailment	Mark has a match. He is saucy.	Mark is saucy.
entailment	Julia has a rubber. She is volcanic.	Julia is volcanic.
entailment	Kevin has a headphone. He is well-respected.	Kevin is well-respected.
entailment	Suzanne has a clip. She is saucy.	Suzanne is saucy.
entailment	Ellen has a bottle. She is dainty.	Ellen is dainty.
entailment	Nick has a car. He is quick-tempered.	Nick is quick-tempered.
entailment	Angela has a battery. She is tactless.	Angela is tactless.
entailment	Marilyn has a tissue. She is diligent.	Marilyn is diligent.
entailment	Tony has an alarm clock. He is lean.	Tony is lean.
entailment	Diane has a scissor. She is striking.	Diane is striking.
entailment	Jerry has a light bulb. He is venal.	Jerry is venal.
entailment	Arthur has a tissue. He is playful.	Arthur is playful.
entailment	Bruce has a button. He is cantankerous.	Bruce is cantankerous.
entailment	Marie has a purse. She is industrious.	Marie is industrious.
entailment	Mark has a match. He is sincere.	Mark is sincere.
entailment	Harold has a stamp. He is critical.	Harold is critical.
entailment	Mark has a diary. He is below average.	Mark is below average.
entailment	Elaine has an umbrella. She is polite.	Elaine is polite.
entailment	Edwin has a tissue. He is distrustful.	Edwin is distrustful.
entailment	Tim has a watch. He is critical.	Tim is critical.
entailment	Barbara has a light bulb. She is clumsy.	Barbara is clumsy.
entailment	Stephen has a bottle. He is fussy.	Stephen is fussy.
entailment	Sarah has a newspaper. She is meticulous.	Sarah is meticulous.
entailment	Lawrence has a diary. He is inactive.	Lawrence is inactive.
entailment	Marie has a credit card. She is coherent.	Marie is coherent.
entailment	Emma has a newspaper. She is shrewd.	Emma is shrewd.
entailment	Don has a postcard. He is sweet.	Don is sweet.
entailment	Arthur has a magazine. He is gloomy.	Arthur is gloomy.
entailment	Virginia has an identity card. She is responsible.	Virginia is responsible.
entailment	Dick has a dictionary. He is conceited.	Dick is conceited.
entailment	Margaret has a laptop. She is well-respected.	Margaret is well-respected.
entailment	Catherine has a scissor. She is unthinking.	Catherine is unthinking.
entailment	Amanda has a file. She is unpleasant.	Amanda is unpleasant.
entailment	Chris has a car. He is unwilling.	Chris is unwilling.
entailment	Peter has a brush. He is efficient.	Peter is efficient.
entailment	Nick has a newspaper. He is excellent.	Nick is excellent.
entailment	Bruce has a purse. He is inconsistent.	Bruce is inconsistent.
entailment	Ben has a photo. He is talented.	Ben is talented.
entailment	Catherine has a wallet. She is charming.	Catherine is charming.
entailment	Eric has a player. He is old-fashioned.	Eric is old-fashioned.
entailment	Catherine has a headphone. She is diligent.	Catherine is diligent.
entailment	Karen has an umbrella. She is capable.	Karen is capable.
entailment	Mary has a diary. She is below average.	Mary is below average.
entailment	Bruce has a notebook. He is indolent.	Bruce is indolent.
entailment	Sue has a player. She is negative.	Sue is negative.
entailment	Jill has a pen. She is somber.	Jill is somber.
entailment	Jim has a credit card. He is sincere.	Jim is sincere.
entailment	Arthur has a newspaper. He is distrustful.	Arthur is distrustful.
entailment	Anne has a cigarette. She is dowdy.	Anne is dowdy.
entailment	Walter has a glass. He is adventurous.	Walter is adventurous.
entailment	Gary has an alarm clock. He is careless.	Gary is careless.
entailment	Victoria has a rubber. She is hypercritical.	Victoria is hypercritical.
entailment	Barbara has a watch. She is joyous.	Barbara is joyous.
entailment	Caroline has a pencil. She is tactful.	Caroline is tactful.
entailment	Barbara has a dictionary. She is outspoken.	Barbara is outspoken.
entailment	Karen has a lighter. She is uncertain.	Karen is uncertain.
entailment	Sally has a toothbrush. She is demonic.	Sally is demonic.
entailment	Edith has a cigarette. She is reassuring.	Edith is reassuring.
entailment	Karen has a light bulb. She is brilliant.	Karen is brilliant.
entailment	Michael has a tissue. He is motivated.	Michael is motivated.
entailment	Christopher has a notebook. He is cowardly.	Christopher is cowardly.
entailment	Catherine has a file. She is generous.	Catherine is generous.
entailment	Ruth has a coin. She is experienced.	Ruth is experienced.
entailment	Betty has a stamp. She is sulky.	Betty is sulky.
entailment	Chris has a newspaper. He is fiery.	Chris is fiery.
entailment	Sue has a camera. She is sensible.	Sue is sensible.
entailment	Michelle has a stamp. She is deferential.	Michelle is deferential.
entailment	Kevin has a mobile phone. He is pretty.	Kevin is pretty.
entailment	Al has a lipstick. He is polite.	Al is polite.
entailment	Louis has a diary. He is restless.	Louis is restless.
entailment	Amy has a mobile phone. She is lame.	Amy is lame.
entailment	Angela has a watch. She is cheerful.	Angela is cheerful.
entailment	Alan has a mirror. He is self-assured.	Alan is self-assured.
entailment	Bruce has a coin. He is moronic.	Bruce is moronic.
entailment	Ed has a light bulb. He is moronic.	Ed is moronic.
entailment	Frederick has a case. He is respected.	Frederick is respected.
entailment	Ryan has a notebook. He is artificial.	Ryan is artificial.
entailment	Frances has a purse. She is mean.	Frances is mean.
entailment	Cynthia has a coin. She is warm.	Cynthia is warm.
entailment	Harold has a dictionary. He is impressionable.	Harold is impressionable.
entailment	Mike has a wallet. He is tactful.	Mike is tactful.
entailment	Barbara has a watch. She is quarrelsome.	Barbara is quarrelsome.
entailment	Keith has a purse. He is warm.	Keith is warm.
entailment	Carol has a car. She is dreary.	Carol is dreary.
entailment	Julie has a newspaper. She is direct.	Julie is direct.
entailment	Charlotte has a pencil. She is miserable.	Charlotte is miserable.
entailment	Simon has a credit card. He is hesitant.	Simon is hesitant.
entailment	Johnny has an umbrella. He is alert.	Johnny is alert.
entailment	Keith has a banknote. He is prejudiced.	Keith is prejudiced.
entailment	Bob has a camera. He is testy.	Bob is testy.
entailment	Albert has a dictionary. He is reclusive.	Albert is reclusive.
entailment	Nancy has a mirror. She is sturdy.	Nancy is sturdy.
entailment	George has a magazine. He is exacting.	George is exacting.
entailment	Christopher has a newspaper. He is sensible.	Christopher is sensible.
entailment	Jimmy has a glass. He is grouchy.	Jimmy is grouchy.
entailment	Sally has a notebook. She is volcanic.	Sally is volcanic.
entailment	Martin has a diary. He is helpful.	Martin is helpful.
entailment	Peter has a mirror. He is vulnerable.	Peter is vulnerable.
entailment	Marie has a stamp. She is playful.	Marie is playful.
entailment	Jane has a light bulb. She is angelic.	Jane is angelic.
entailment	Bob has a bottle. He is lethargic.	Bob is lethargic.
entailment	Jonathan has a postcard. He is cooperative.	Jonathan is cooperative.
entailment	Francis has an identity card. He is talented.	Francis is talented.
entailment	Annie has a coin. She is outgoing.	Annie is outgoing.
entailment	Amanda has a credit card. She is deep.	Amanda is deep.
entailment	Kathleen has a lighter. She is delicate.	Kathleen is delicate.
entailment	Joseph has a comb. He is experienced.	Joseph is experienced.
entailment	Ellen has a purse. She is fiery.	Ellen is fiery.
entailment	Louis has a toothbrush. He is soulless.	Louis is soulless.
entailment	Frederick has a camera. He is moronic.	Frederick is moronic.
entailment	Diana has a brush. She is unsophisticated.	Diana is unsophisticated.
entailment	Angela has a mobile phone. She is conceited.	Angela is conceited.
entailment	Tom has a comb. He is efficient.	Tom is efficient.
entailment	Melissa has a coin. She is respected.	Melissa is respected.
entailment	Christopher has a banknote. He is unbalanced.	Christopher is unbalanced.
entailment	Caroline has a newspaper. She is sensible.	Caroline is sensible.
entailment	Carolyn has a clip. She is attentive.	Carolyn is attentive.
entailment	Kim has a rubber. She is cheerful.	Kim is cheerful.
entailment	Maria has a glass. She is plucky.	Maria is plucky.
entailment	Charles has a case. He is unhelpful.	Charles is unhelpful.
entailment	Amanda has a credit card. She is agreeable.	Amanda is agreeable.
entailment	Sally has a pencil. She is considerate.	Sally is considerate.
entailment	Eric has a photo. He is agreeable.	Eric is agreeable.
entailment	Sara has a mirror. She is sensible.	Sara is sensible.
entailment	Joe has a diary. He is one-sided.	Joe is one-sided.
entailment	Andrew has a lighter. He is apathetic.	Andrew is apathetic.
entailment	Fiona has a toothbrush. She is dirty.	Fiona is dirty.
entailment	Ann has a brush. She is frank.	Ann is frank.
entailment	Anna has a file. She is unpopular.	Anna is unpopular.
entailment	Henry has an umbrella. He is outspoken.	Henry is outspoken.
entailment	Dave has a lighter. He is weak.	Dave is weak.
entailment	Caroline has a case. She is above average.	Caroline is above average.
entailment	Ron has a comb. He is diligent.	Ron is diligent.
entailment	Jane has a mirror. She is frank.	Jane is frank.
entailment	Fred has a credit card. He is nosy.	Fred is nosy.
entailment	Henry has a laptop. He is mature.	Henry is mature.
entailment	Jeff has a clip. He is obliging.	Jeff is obliging.
entailment	Thomas has a magazine. He is inactive.	Thomas is inactive.
entailment	Kim has a lighter. She is churlish.	Kim is churlish.
entailment	Tony has a file. He is lithe.	Tony is lithe.
entailment	Christine has a credit card. She is unguarded.	Christine is unguarded.
entailment	Betty has a clip. She is slight.	Betty is slight.
entailment	Matthew has a photo. He is paternal.	Matthew is paternal.
entailment	Lauren has a clip. She is artificial.	Lauren is artificial.
entailment	Bill has a pencil. He is serene.	Bill is serene.
entailment	Heather has a credit card. She is cold.	Heather is cold.
entailment	Sarah has a pen. She is lovely.	Sarah is lovely.
entailment	Martha has a battery. She is above average.	Martha is above average.
entailment	Sally has a laptop. She is obnoxious.	Sally is obnoxious.
entailment	Edward has a player. He is soulless.	Edward is soulless.
entailment	Frances has a mirror. She is dreary.	Frances is dreary.
entailment	Christopher has a stamp. He is distraught.	Christopher is distraught.
entailment	Philip has a pencil. He is superficial.	Philip is superficial.
entailment	Anthony has a comb. He is pleasant.	Anthony is pleasant.
entailment	Andrew has a pen. He is cool-headed.	Andrew is cool-headed.
entailment	Michelle has a mobile phone. She is deep.	Michelle is deep.
entailment	Sara has an umbrella. She is provocative.	Sara is provocative.
entailment	Ben has a tissue. He is motivated.	Ben is motivated.
entailment	James has a player. He is impressive.	James is impressive.
entailment	Andrew has a dictionary. He is curious.	Andrew is curious.
entailment	Chris has an umbrella. He is ambitious.	Chris is ambitious.
entailment	Lisa has an umbrella. She is coherent.	Lisa is coherent.
entailment	Mary has a car. She is unthinking.	Mary is unthinking.
entailment	Adam has a lipstick. He is boisterous.	Adam is boisterous.
entailment	Louise has a camera. She is stable.	Louise is stable.
entailment	Tom has a mirror. He is incisive.	Tom is incisive.
entailment	Edith has a dictionary. She is silly.	Edith is silly.
entailment	Chris has a dictionary. He is direct.	Chris is direct.
entailment	Larry has a glass. He is sharp.	Larry is sharp.
entailment	Patricia has a diary. She is suspicious.	Patricia is suspicious.
entailment	Colin has a toothbrush. He is conceited.	Colin is conceited.
entailment	Evelyn has a cigarette. She is guarded.	Evelyn is guarded.
entailment	Ryan has a diary. He is demonic.	Ryan is demonic.
entailment	Jay has a dictionary. He is sulky.	Jay is sulky.
entailment	Johnny has a notebook. He is apprehensive.	Johnny is apprehensive.
entailment	Mike has a camera. He is surly.	Mike is surly.
entailment	Kevin has a comb. He is uncooperative.	Kevin is uncooperative.
entailment	Steven has a rubber. He is pretty.	Steven is pretty.
entailment	Roy has a scissor. He is negative.	Roy is negative.
entailment	Marie has a purse. She is uncooperative.	Marie is uncooperative.
entailment	Dave has a battery. He is diligent.	Dave is diligent.
entailment	Emily has a tissue. She is impetuous.	Emily is impetuous.
entailment	Louise has a case. She is sensitive.	Louise is sensitive.
entailment	Keith has a car. He is well-respected.	Keith is well-respected.
entailment	Roger has a newspaper. He is well-intentioned.	Roger is well-intentioned.
entailment	Dave has a toothbrush. He is logical.	Dave is logical.
entailment	Robin has a lighter. She is slow.	Robin is slow.
entailment	Alfred has a bottle. He is unsophisticated.	Alfred is unsophisticated.
entailment	Emma has a brush. She is gluttonous.	Emma is gluttonous.
entailment	Kathryn has an umbrella. She is experienced.	Kathryn is experienced.
entailment	Frank has a banknote. He is assertive.	Frank is assertive.
entailment	Gary has an identity card. He is indolent.	Gary is indolent.
entailment	Jennifer has a comb. She is jovial.	Jennifer is jovial.
entailment	Nicole has an alarm clock. She is willing.	Nicole is willing.
entailment	Charlotte has a cigarette. She is stern.	Charlotte is stern.
entailment	Sue has a credit card. She is lethargic.	Sue is lethargic.
entailment	Betty has a rubber. She is indolent.	Betty is indolent.
entailment	Stephen has a rubber. He is gentle.	Stephen is gentle.
entailment	Chris has a comb. He is apprehensive.	Chris is apprehensive.
entailment	Matthew has a mobile phone. He is industrious.	Matthew is industrious.
entailment	Colin has a camera. He is cantankerous.	Colin is cantankerous.
entailment	Suzanne has a banknote. She is proud.	Suzanne is proud.
entailment	Judy has a file. She is delicate.	Judy is delicate.
entailment	Sandra has a watch. She is proficient.	Sandra is proficient.
entailment	Simon has a watch. He is sensible.	Simon is sensible.
entailment	Ron has a dictionary. He is civil.	Ron is civil.
entailment	Ralph has a button. He is impractical.	Ralph is impractical.
entailment	Billy has a watch. He is outgoing.	Billy is outgoing.
entailment	Julie has a comb. She is unwilling.	Julie is unwilling.
entailment	Michelle has a pencil. She is indefatigable.	Michelle is indefatigable.
entailment	Linda has a button. She is helpful.	Linda is helpful.
entailment	Tom has a purse. He is tranquil.	Tom is tranquil.
entailment	Kathy has a comb. She is willing.	Kathy is willing.
entailment	Bobby has a watch. He is dirty.	Bobby is dirty.
entailment	Kelly has a scissor. She is supercilious.	Kelly is supercilious.
entailment	Nancy has a case. She is idle.	Nancy is idle.
entailment	Sarah has a lighter. She is mature.	Sarah is mature.
entailment	Alfred has a mobile phone. He is steady.	Alfred is steady.
entailment	Louis has a dictionary. He is drunk.	Louis is drunk.
entailment	Harold has a diary. He is analytical.	Harold is analytical.
entailment	Keith has a coin. He is agile.	Keith is agile.
entailment	Linda has a match. She is chic.	Linda is chic.
entailment	Maria has a scissor. She is incompetent.	Maria is incompetent.
entailment	Ashley has an alarm clock. She is charming.	Ashley is charming.
entailment	Alice has a light bulb. She is unsure.	Alice is unsure.
entailment	Barbara has a wallet. She is artificial.	Barbara is artificial.
entailment	Sandra has a coin. She is sassy.	Sandra is sassy.
entailment	Albert has a comb. He is realistic.	Albert is realistic.
entailment	Walter has a match. He is sad.	Walter is sad.
entailment	Amanda has a case. She is striking.	Amanda is striking.
entailment	Judy has a newspaper. She is mean.	Judy is mean.
entailment	Leslie has a battery. She is awful.	Leslie is awful.
entailment	Martin has a case. He is awful.	Martin is awful.
entailment	Julie has a cigarette. She is fabulous.	Julie is fabulous.
entailment	Thomas has a newspaper. He is circumspect.	Thomas is circumspect.
entailment	Jimmy has a car. He is meddlesome.	Jimmy is meddlesome.
entailment	Adam has a laptop. He is reserved.	Adam is reserved.
entailment	Jennifer has a bottle. She is pretty.	Jennifer is pretty.
entailment	Roy has a camera. He is surly.	Roy is surly.
entailment	Laura has a laptop. She is sour.	Laura is sour.
entailment	Katherine has a toothbrush. She is independent.	Katherine is independent.
entailment	Jay has a case. He is reassuring.	Jay is reassuring.
entailment	Charlotte has a file. She is distant.	Charlotte is distant.
entailment	Samuel has an alarm clock. He is spirited.	Samuel is spirited.
entailment	Harold has a cigarette. He is moronic.	Harold is moronic.
entailment	Tony has a stamp. He is sensitive.	Tony is sensitive.
entailment	Hugh has a camera. He is unwilling.	Hugh is unwilling.
entailment	Richard has a headphone. He is cantankerous.	Richard is cantankerous.
entailment	Eric has a player. He is below average.	Eric is below average.
entailment	Susan has a camera. She is impetuous.	Susan is impetuous.
entailment	Simon has a pen. He is unemotional.	Simon is unemotional.
entailment	Don has a comb. He is buff.	Don is buff.
entailment	Jimmy has a headphone. He is unreliable.	Jimmy is unreliable.
entailment	Martha has a mobile phone. She is sullen.	Martha is sullen.
entailment	Steven has a toothbrush. He is content.	Steven is content.
entailment	Jill has a notebook. She is flashy.	Jill is flashy.
entailment	Henry has a laptop. He is abnormal.	Henry is abnormal.
entailment	William has a match. He is sophisticated.	William is sophisticated.
entailment	Jimmy has a rubber. He is analytical.	Jimmy is analytical.
entailment	Mark has a watch. He is striking.	Mark is striking.
entailment	Susan has a dictionary. She is proud.	Susan is proud.
entailment	Judith has an umbrella. She is mean.	Judith is mean.
entailment	Frederick has a dictionary. He is above average.	Frederick is above average.
entailment	Anne has a banknote. She is timid.	Anne is timid.
entailment	Matt has a brush. He is funny.	Matt is funny.
entailment	Donna has a button. She is flabby.	Donna is flabby.
entailment	Nicole has a scissor. She is apathetic.	Nicole is apathetic.
entailment	Roger has a clip. He is unmotivated.	Roger is unmotivated.
entailment	Jean has a headphone. She is easy-going.	Jean is easy-going.
entailment	Victoria has a pencil. She is disruptive.	Victoria is disruptive.
entailment	Don has a car. He is methodical.	Don is methodical.
entailment	Stephanie has a notebook. She is quiet.	Stephanie is quiet.
entailment	Elizabeth has a player. She is incompetent.	Elizabeth is incompetent.
entailment	Larry has an alarm clock. He is touchy.	Larry is touchy.
entailment	Alex has a camera. He is efficient.	Alex is efficient.
entailment	Andrea has a car. She is shrewd.	Andrea is shrewd.
entailment	Eric has a clip. He is tired.	Eric is tired.
entailment	Amy has a lighter. She is earnest.	Amy is earnest.
entailment	Kathryn has an umbrella. She is impetuous.	Kathryn is impetuous.
entailment	Roy has a case. He is earnest.	Roy is earnest.
entailment	Albert has a cigarette. He is drowsy.	Albert is drowsy.
entailment	Rose has a brush. She is imperturbable.	Rose is imperturbable.
entailment	Angela has a file. She is sober.	Angela is sober.
entailment	Rebecca has a scissor. She is tactless.	Rebecca is tactless.
entailment	Amy has a wallet. She is devoted.	Amy is devoted.
entailment	Richard has a clip. He is somber.	Richard is somber.
entailment	Virginia has a cigarette. She is funny.	Virginia is funny.
entailment	Jason has a banknote. He is curious.	Jason is curious.
entailment	Jason has a car. He is disagreeable.	Jason is disagreeable.
entailment	Tim has an alarm clock. He is deft.	Tim is deft.
entailment	Fiona has a cigarette. She is cantankerous.	Fiona is cantankerous.
entailment	James has a button. He is well-behaved.	James is well-behaved.
entailment	Alexandra has a comb. She is wonderful.	Alexandra is wonderful.
entailment	Kenneth has a diary. He is balanced.	Kenneth is balanced.
entailment	Jeff has a newspaper. He is short-tempered.	Jeff is short-tempered.
entailment	Ann has a brush. She is independent.	Ann is independent.
entailment	Alice has a watch. She is ugly.	Alice is ugly.
entailment	Tim has a clip. He is gluttonous.	Tim is gluttonous.
entailment	Karen has a battery. She is inconsistent.	Karen is inconsistent.
entailment	Colin has a credit card. He is clever.	Colin is clever.
entailment	Amy has a magazine. She is decisive.	Amy is decisive.
entailment	Marilyn has a laptop. She is volcanic.	Marilyn is volcanic.
entailment	Arthur has a player. He is lame.	Arthur is lame.
entailment	Jill has a coin. She is serious.	Jill is serious.
entailment	William has a scissor. He is apathetic.	William is apathetic.
entailment	Frank has a newspaper. He is inexperienced.	Frank is inexperienced.
entailment	Elaine has a car. She is courageous.	Elaine is courageous.
entailment	Ryan has a notebook. He is condescending.	Ryan is condescending.
entailment	Chris has a headphone. He is naughty.	Chris is naughty.
entailment	Jay has a dictionary. He is blue.	Jay is blue.
entailment	Stephanie has a laptop. She is lively.	Stephanie is lively.
entailment	Carolyn has a camera. She is persevering.	Carolyn is persevering.
entailment	Anna has a lipstick. She is drugged.	Anna is drugged.
entailment	Andrea has a wallet. She is clever.	Andrea is clever.
entailment	Francis has an umbrella. He is groggy.	Francis is groggy.
entailment	Robin has a lighter. She is volcanic.	Robin is volcanic.
entailment	Katie has a notebook. She is eager.	Katie is eager.
entailment	Jonathan has a comb. He is plain.	Jonathan is plain.
entailment	Arthur has an umbrella. He is modest.	Arthur is modest.
entailment	Margaret has an umbrella. She is dutiful.	Margaret is dutiful.
entailment	Martha has a credit card. She is hot-headed.	Martha is hot-headed.
entailment	Kathryn has a newspaper. She is timid.	Kathryn is timid.
entailment	Alison has a button. She is churlish.	Alison is churlish.
entailment	Steven has a credit card. He is touchy.	Steven is touchy.
entailment	Al has a purse. He is indiscreet.	Al is indiscreet.
entailment	Joseph has a scissor. He is petulant.	Joseph is petulant.
entailment	Judy has a newspaper. She is pleasant.	Judy is pleasant.
entailment	Alan has a clip. He is morose.	Alan is morose.
entailment	Benjamin has a purse. He is candid.	Benjamin is candid.
entailment	Kelly has a photo. She is cantankerous.	Kelly is cantankerous.
entailment	Fred has a pencil. He is impetuous.	Fred is impetuous.
entailment	Kelly has a laptop. She is irritating.	Kelly is irritating.
entailment	Jason has a scissor. He is respected.	Jason is respected.
entailment	Arthur has a cigarette. He is sneering.	Arthur is sneering.
entailment	Margaret has a case. She is self-assured.	Margaret is self-assured.
entailment	Ruth has a stamp. She is enthusiastic.	Ruth is enthusiastic.
entailment	Laura has a lipstick. She is emotional.	Laura is emotional.
entailment	Florence has a banknote. She is dependent.	Florence is dependent.
entailment	Greg has a toothbrush. He is caustic.	Greg is caustic.
entailment	Dick has a file. He is unemotional.	Dick is unemotional.
entailment	Margaret has a purse. She is beneficent.	Margaret is beneficent.
entailment	Bruce has a light bulb. He is playful.	Bruce is playful.
entailment	Jimmy has a mobile phone. He is elfin.	Jimmy is elfin.
entailment	Martha has a notebook. She is plain-speaking.	Martha is plain-speaking.
entailment	Charlotte has a wallet. She is churlish.	Charlotte is churlish.
entailment	Alex has a player. He is sentimental.	Alex is sentimental.
entailment	Edith has a button. She is blunt.	Edith is blunt.
entailment	Ellen has a battery. She is cowardly.	Ellen is cowardly.
entailment	Alan has a bottle. He is immature.	Alan is immature.
entailment	Carl has a camera. He is snazzy.	Carl is snazzy.
entailment	Margaret has a laptop. She is imaginative.	Margaret is imaginative.
entailment	Susan has a comb. She is impetuous.	Susan is impetuous.
entailment	David has a cigarette. He is tolerant.	David is tolerant.
entailment	Stephanie has a comb. She is polite.	Stephanie is polite.
entailment	Deborah has a postcard. She is discerning.	Deborah is discerning.
entailment	Sally has a postcard. She is content.	Sally is content.
entailment	Kathryn has a glass. She is pensive.	Kathryn is pensive.
entailment	Robin has a diary. She is reassuring.	Robin is reassuring.
entailment	Ben has a mirror. He is tolerant.	Ben is tolerant.
entailment	Virginia has a player. She is well-developed.	Virginia is well-developed.
entailment	Virginia has a button. She is awesome.	Virginia is awesome.
entailment	Bill has a pencil. He is sloppy.	Bill is sloppy.
entailment	Jerry has a file. He is quiet.	Jerry is quiet.
entailment	Brian has a dictionary. He is idiotic.	Brian is idiotic.
entailment	Claire has a case. She is immodest.	Claire is immodest.
entailment	Rose has a clip. She is conceited.	Rose is conceited.
entailment	Christine has a credit card. She is distant.	Christine is distant.
entailment	William has a cigarette. He is obnoxious.	William is obnoxious.
entailment	Christine has a comb. She is considerate.	Christine is considerate.
entailment	Evelyn has a comb. She is unthinking.	Evelyn is unthinking.
entailment	Ron has a watch. He is cynical.	Ron is cynical.
entailment	Patricia has a headphone. She is apprehensive.	Patricia is apprehensive.
entailment	Frank has a laptop. He is discreet.	Frank is discreet.
entailment	Kenneth has a camera. He is resentful.	Kenneth is resentful.
entailment	Joan has a mirror. She is wonderful.	Joan is wonderful.
entailment	Howard has a photo. He is spirited.	Howard is spirited.
entailment	Fred has a banknote. He is soulful.	Fred is soulful.
entailment	Patrick has a wallet. He is persnickety.	Patrick is persnickety.
entailment	William has a postcard. He is ostentatious.	William is ostentatious.
entailment	Don has a tissue. He is respectful.	Don is respectful.
entailment	Louise has a scissor. She is inconsiderate.	Louise is inconsiderate.
entailment	Diana has a car. She is reclusive.	Diana is reclusive.
entailment	Ryan has a button. He is fiery.	Ryan is fiery.
entailment	Eric has an alarm clock. He is nervous.	Eric is nervous.
entailment	Paul has a cigarette. He is careless.	Paul is careless.
entailment	Sarah has a magazine. She is discreet.	Sarah is discreet.
entailment	Al has a stamp. He is apprehensive.	Al is apprehensive.
entailment	Daniel has a diary. He is self-assured.	Daniel is self-assured.
entailment	Barbara has a magazine. She is impressionable.	Barbara is impressionable.
entailment	Adam has a button. He is orderly.	Adam is orderly.
entailment	Amanda has a button. She is cordial.	Amanda is cordial.
entailment	Bob has a tissue. He is drunk.	Bob is drunk.
entailment	Betty has a banknote. She is meticulous.	Betty is meticulous.
entailment	Marilyn has a magazine. She is reserved.	Marilyn is reserved.
entailment	Kathleen has a pen. She is negative.	Kathleen is negative.
entailment	Patrick has a brush. He is vigilant.	Patrick is vigilant.
entailment	John has a file. He is sour.	John is sour.
entailment	Karen has a headphone. She is agile.	Karen is agile.
entailment	Ralph has an identity card. He is jocular.	Ralph is jocular.
entailment	Sarah has a lipstick. She is spirited.	Sarah is spirited.
entailment	Julie has a light bulb. She is demure.	Julie is demure.
entailment	Steven has a mirror. He is lovable.	Steven is lovable.
entailment	Kenneth has a diary. He is ostentatious.	Kenneth is ostentatious.
entailment	Don has a light bulb. He is serious.	Don is serious.
entailment	Michael has a comb. He is picky.	Michael is picky.
entailment	Walter has a file. He is ferocious.	Walter is ferocious.
entailment	Dan has a credit card. He is miserable.	Dan is miserable.
entailment	Barbara has a file. She is unfriendly.	Barbara is unfriendly.
entailment	Edith has a battery. She is imaginative.	Edith is imaginative.
entailment	Hugh has a notebook. He is demonic.	Hugh is demonic.
entailment	Andrea has a clip. She is competent.	Andrea is competent.
entailment	Jane has a battery. She is superficial.	Jane is superficial.
entailment	Diana has a postcard. She is reliable.	Diana is reliable.
entailment	Jason has a photo. He is timid.	Jason is timid.
entailment	Steven has a battery. He is imperturbable.	Steven is imperturbable.
entailment	Jack has a photo. He is tolerant.	Jack is tolerant.
entailment	Roger has a car. He is gloomy.	Roger is gloomy.
entailment	Ed has an umbrella. He is proficient.	Ed is proficient.
entailment	Scott has a light bulb. He is sensitive.	Scott is sensitive.
entailment	Michelle has a car. She is industrious.	Michelle is industrious.
entailment	Sharon has a magazine. She is thinking.	Sharon is thinking.
entailment	Andrea has a scissor. She is uncertain.	Andrea is uncertain.
entailment	Alexander has a diary. He is intelligent.	Alexander is intelligent.
entailment	Jack has a car. He is unimaginative.	Jack is unimaginative.
entailment	Sara has a scissor. She is exacting.	Sara is exacting.
entailment	Victoria has a lighter. She is well-intentioned.	Victoria is well-intentioned.
entailment	Frances has a brush. She is cautious.	Frances is cautious.
entailment	Walter has a camera. He is agreeable.	Walter is agreeable.
entailment	Ron has a headphone. He is experienced.	Ron is experienced.
entailment	Ashley has a diary. She is conceited.	Ashley is conceited.
entailment	Rebecca has a credit card. She is demonic.	Rebecca is demonic.
entailment	Judy has a match. She is somber.	Judy is somber.
entailment	Ryan has a player. He is reluctant.	Ryan is reluctant.
entailment	Margaret has a button. She is fiery.	Margaret is fiery.
entailment	Gary has a rubber. He is judgmental.	Gary is judgmental.
entailment	Julie has a headphone. She is naughty.	Julie is naughty.
entailment	Frederick has a cigarette. He is pretty.	Frederick is pretty.
entailment	Frank has a case. He is keen.	Frank is keen.
entailment	Ann has a lipstick. She is deft.	Ann is deft.
entailment	Andrea has a light bulb. She is callous.	Andrea is callous.
entailment	Mark has a purse. He is delightful.	Mark is delightful.
entailment	Sara has a brush. She is generous.	Sara is generous.
entailment	Daniel has a bottle. He is subtle.	Daniel is subtle.
entailment	Tony has a dictionary. He is motivated.	Tony is motivated.
entailment	Heather has a lipstick. She is maternal.	Heather is maternal.
entailment	Bobby has an identity card. He is lithe.	Bobby is lithe.
entailment	Judith has a watch. She is warm.	Judith is warm.
entailment	Sam has a postcard. He is resourceful.	Sam is resourceful.
entailment	Billy has a watch. He is sensible.	Billy is sensible.
entailment	Julia has a postcard. She is demonic.	Julia is demonic.
entailment	Sharon has a pencil. She is cooperative.	Sharon is cooperative.
entailment	David has a lighter. He is naive.	David is naive.
entailment	Ron has a lighter. He is drugged.	Ron is drugged.
entailment	Bruce has a rubber. He is sincere.	Bruce is sincere.
entailment	Jill has a toothbrush. She is naughty.	Jill is naughty.
entailment	Ken has a banknote. He is jovial.	Ken is jovial.
entailment	Jim has a newspaper. He is slight.	Jim is slight.
entailment	Fred has a button. He is playful.	Fred is playful.
entailment	Lucy has a file. She is dutiful.	Lucy is dutiful.
entailment	Anne has a scissor. She is indiscreet.	Anne is indiscreet.
entailment	Nancy has a wallet. She is leery.	Nancy is leery.
entailment	Alice has a stamp. She is indiscreet.	Alice is indiscreet.
entailment	Frederick has a brush. He is decisive.	Frederick is decisive.
entailment	Harold has a wallet. He is sincere.	Harold is sincere.
entailment	Mike has a lipstick. He is positive.	Mike is positive.
entailment	Rebecca has a watch. She is churlish.	Rebecca is churlish.
entailment	Judith has a purse. She is sulky.	Judith is sulky.
entailment	Victoria has a camera. She is impulsive.	Victoria is impulsive.
entailment	Jack has a pencil. He is industrious.	Jack is industrious.
entailment	Diana has a wallet. She is weak.	Diana is weak.
entailment	Lauren has a tissue. She is naughty.	Lauren is naughty.
entailment	Harold has a cigarette. He is pensive.	Harold is pensive.
entailment	Annie has a newspaper. She is brave.	Annie is brave.
entailment	Charlie has a light bulb. He is smart.	Charlie is smart.
entailment	Simon has a notebook. He is tranquil.	Simon is tranquil.
entailment	Bill has a dictionary. He is mild.	Bill is mild.
entailment	Susan has a notebook. She is undependable.	Susan is undependable.
entailment	Harry has a brush. He is even-tempered.	Harry is even-tempered.
entailment	Matthew has a cigarette. He is drunk.	Matthew is drunk.
entailment	Alice has a stamp. She is persnickety.	Alice is persnickety.
entailment	Joseph has a purse. He is conceited.	Joseph is conceited.
entailment	Amanda has a magazine. She is eager.	Amanda is eager.
entailment	Edwin has a diary. He is crass.	Edwin is crass.
entailment	Arthur has a pen. He is tactful.	Arthur is tactful.
entailment	Charlotte has a button. She is slothful.	Charlotte is slothful.
entailment	Patrick has a camera. He is prudent.	Patrick is prudent.
entailment	Jimmy has a clip. He is ostentatious.	Jimmy is ostentatious.
entailment	Deborah has a purse. She is meddlesome.	Deborah is meddlesome.
entailment	Eleanor has a coin. She is incompetent.	Eleanor is incompetent.
entailment	Anna has a postcard. She is lean.	Anna is lean.
entailment	Amy has a headphone. She is unwilling.	Amy is unwilling.
entailment	Edward has a magazine. He is nervous.	Edward is nervous.
entailment	Julia has a camera. She is hearty.	Julia is hearty.
entailment	Pamela has a lipstick. She is cruel.	Pamela is cruel.
entailment	Steve has a camera. He is confident.	Steve is confident.
entailment	Steven has an umbrella. He is grouchy.	Steven is grouchy.
entailment	Lucy has a diary. She is restless.	Lucy is restless.
entailment	Ruth has a light bulb. She is unmotivated.	Ruth is unmotivated.
entailment	Johnny has a banknote. He is fussy.	Johnny is fussy.
entailment	Brian has a mirror. He is artificial.	Brian is artificial.
entailment	Nicole has a banknote. She is imperturbable.	Nicole is imperturbable.
entailment	Ben has a mirror. He is snobby.	Ben is snobby.
entailment	Steven has a newspaper. He is unimaginative.	Steven is unimaginative.
entailment	Lisa has a mirror. She is lethargic.	Lisa is lethargic.
entailment	William has a glass. He is careful.	William is careful.
entailment	Elizabeth has a mirror. She is eager.	Elizabeth is eager.
entailment	Florence has a wallet. She is quick-tempered.	Florence is quick-tempered.
entailment	Kathy has a pencil. She is angelic.	Kathy is angelic.
entailment	Ian has a diary. He is illogical.	Ian is illogical.
entailment	Diane has a battery. She is soulful.	Diane is soulful.
entailment	Alexandra has a wallet. She is popular.	Alexandra is popular.
entailment	Al has a file. He is affectionate.	Al is affectionate.
entailment	Bill has a coin. He is resourceful.	Bill is resourceful.
entailment	Dorothy has a mobile phone. She is conceited.	Dorothy is conceited.
entailment	Keith has a battery. He is abnormal.	Keith is abnormal.
entailment	Lynn has a purse. She is unemotional.	Lynn is unemotional.
entailment	Daniel has a mirror. He is unwilling.	Daniel is unwilling.
entailment	Edith has a light bulb. She is dirty.	Edith is dirty.
entailment	Evelyn has a rubber. She is charming.	Evelyn is charming.
entailment	Stephen has a newspaper. He is competent.	Stephen is competent.
entailment	Leslie has a postcard. She is slothful.	Leslie is slothful.
entailment	Scott has a newspaper. He is amusing.	Scott is amusing.
entailment	Diane has an umbrella. She is sleepy.	Diane is sleepy.
entailment	Nicole has a postcard. She is drowsy.	Nicole is drowsy.
entailment	Ann has a file. She is obliging.	Ann is obliging.
entailment	Michael has a photo. He is morose.	Michael is morose.
entailment	Carolyn has a match. She is responsible.	Carolyn is responsible.
entailment	Edwin has a brush. He is slow.	Edwin is slow.
entailment	Edward has a coin. He is self-assured.	Edward is self-assured.
entailment	Lawrence has a watch. He is snobby.	Lawrence is snobby.
entailment	William has a lighter. He is distrustful.	William is distrustful.
entailment	Caroline has a magazine. She is unbalanced.	Caroline is unbalanced.
entailment	Edwin has a tissue. He is disagreeable.	Edwin is disagreeable.
entailment	Julie has a dictionary. She is jovial.	Julie is jovial.
entailment	Lauren has a coin. She is zealous.	Lauren is zealous.
entailment	Louis has a pen. He is natural.	Louis is natural.
entailment	Howard has a credit card. He is depressed.	Howard is depressed.
entailment	Rose has a battery. She is old-fashioned.	Rose is old-fashioned.
entailment	Donna has a toothbrush. She is realistic.	Donna is realistic.
entailment	Gary has a newspaper. He is egotistical.	Gary is egotistical.
entailment	Virginia has a mirror. She is willing.	Virginia is willing.
entailment	Emma has a toothbrush. She is well-respected.	Emma is well-respected.
entailment	Judy has a comb. She is incompetent.	Judy is incompetent.
entailment	Mike has a headphone. He is mercurial.	Mike is mercurial.
entailment	David has a scissor. He is paternalistic.	David is paternalistic.
entailment	Amy has a cigarette. She is cynical.	Amy is cynical.
entailment	Deborah has a case. She is analytical.	Deborah is analytical.
entailment	Tim has an umbrella. He is quick.	Tim is quick.
entailment	Katie has an identity card. She is delicate.	Katie is delicate.
entailment	Martha has a case. She is petulant.	Martha is petulant.
entailment	Julie has a rubber. She is uncooperative.	Julie is uncooperative.
entailment	Gary has a postcard. He is uncooperative.	Gary is uncooperative.
entailment	Martha has a newspaper. She is numb.	Martha is numb.
entailment	Julie has a pen. She is indiscreet.	Julie is indiscreet.
entailment	Lucy has a magazine. She is discreet.	Lucy is discreet.
entailment	Laura has a postcard. She is lame.	Laura is lame.
entailment	Larry has an umbrella. He is passionate.	Larry is passionate.
entailment	Roger has a diary. He is venal.	Roger is venal.
entailment	Janet has a credit card. She is provocative.	Janet is provocative.
entailment	Frances has a brush. She is unwilling.	Frances is unwilling.
entailment	Martin has a car. He is deft.	Martin is deft.
entailment	Stephanie has a purse. She is striking.	Stephanie is striking.
entailment	Mark has a laptop. He is warm.	Mark is warm.
entailment	Lisa has a rubber. She is fastidious.	Lisa is fastidious.
entailment	Laura has a wallet. She is irritating.	Laura is irritating.
entailment	Ben has a wallet. He is awful.	Ben is awful.
entailment	Steven has a rubber. He is popular.	Steven is popular.
entailment	Lisa has a credit card. She is quarrelsome.	Lisa is quarrelsome.
entailment	Steve has a car. He is unpopular.	Steve is unpopular.
entailment	Roger has a player. He is efficient.	Roger is efficient.
entailment	Ann has a newspaper. She is hysterical.	Ann is hysterical.
entailment	Arthur has a credit card. He is dutiful.	Arthur is dutiful.
entailment	Gary has a camera. He is querulous.	Gary is querulous.
entailment	Judith has a toothbrush. She is well-rounded.	Judith is well-rounded.
entailment	Ashley has a toothbrush. She is jovial.	Ashley is jovial.
entailment	Alexander has a magazine. He is picky.	Alexander is picky.
entailment	Mike has a magazine. He is unthinking.	Mike is unthinking.
entailment	Martha has a stamp. She is nasty.	Martha is nasty.
entailment	Jennifer has a diary. She is slight.	Jennifer is slight.
entailment	Bob has a mirror. He is crafty.	Bob is crafty.
entailment	Jonathan has a headphone. He is guarded.	Jonathan is guarded.
entailment	Walter has a toothbrush. He is considerate.	Walter is considerate.
entailment	Diana has a lighter. She is revered.	Diana is revered.
entailment	James has an alarm clock. He is well-rounded.	James is well-rounded.
entailment	Greg has a bottle. He is sloppy.	Greg is sloppy.
entailment	Ryan has a button. He is emotional.	Ryan is emotional.
entailment	Emily has a wallet. She is thoughtful.	Emily is thoughtful.
entailment	Louise has a lighter. She is indolent.	Louise is indolent.
entailment	Dorothy has an alarm clock. She is deep.	Dorothy is deep.
entailment	Frederick has a button. He is petulant.	Frederick is petulant.
entailment	Jean has a glass. She is capable.	Jean is capable.
entailment	Elaine has a clip. She is careful.	Elaine is careful.
entailment	Karen has a purse. She is volcanic.	Karen is volcanic.
entailment	Bobby has an umbrella. He is musical.	Bobby is musical.
entailment	Anthony has a mirror. He is amiable.	Anthony is amiable.
entailment	Gary has a watch. He is wary.	Gary is wary.
entailment	Charlie has a camera. He is impressive.	Charlie is impressive.
entailment	Dorothy has a camera. She is easy-going.	Dorothy is easy-going.
entailment	Diane has a comb. She is shy.	Diane is shy.
entailment	Bobby has a photo. He is spiteful.	Bobby is spiteful.
entailment	Janet has a wallet. She is sharp.	Janet is sharp.
entailment	Matthew has a pencil. He is tactless.	Matthew is tactless.
entailment	Eleanor has a bottle. She is crass.	Eleanor is crass.
entailment	Larry has a postcard. He is impressive.	Larry is impressive.
entailment	Margaret has a cigarette. She is revered.	Margaret is revered.
entailment	Kim has a scissor. She is candid.	Kim is candid.
entailment	Patricia has a cigarette. She is talented.	Patricia is talented.
entailment	Dick has a stamp. He is candid.	Dick is candid.
entailment	Alex has a tissue. He is spirited.	Alex is spirited.
entailment	Howard has a lipstick. He is tactless.	Howard is tactless.
entailment	Bruce has a lipstick. He is cheerful.	Bruce is cheerful.
entailment	Chris has a tissue. He is crabby.	Chris is crabby.
entailment	Bill has a tissue. He is efficient.	Bill is efficient.
entailment	Kathleen has an umbrella. She is slovenly.	Kathleen is slovenly.
entailment	Anna has a watch. She is unwilling.	Anna is unwilling.
entailment	Susan has a mobile phone. She is well-behaved.	Susan is well-behaved.
entailment	Colin has a newspaper. He is cool.	Colin is cool.
entailment	Dave has an alarm clock. He is weak.	Dave is weak.
entailment	Sharon has a stamp. She is steady.	Sharon is steady.
entailment	Robert has a glass. He is friendly.	Robert is friendly.
entailment	Kim has a credit card. She is slovenly.	Kim is slovenly.
entailment	James has a battery. He is dirty.	James is dirty.
entailment	Matt has a laptop. He is composed.	Matt is composed.
entailment	Amanda has a lipstick. She is callous.	Amanda is callous.
entailment	Anthony has an alarm clock. He is passive.	Anthony is passive.
entailment	Samuel has a toothbrush. He is dirty.	Samuel is dirty.
entailment	Matt has a camera. He is excellent.	Matt is excellent.
entailment	Linda has a cigarette. She is passive.	Linda is passive.
entailment	Judith has a stamp. She is fabulous.	Judith is fabulous.
entailment	Paul has a wallet. He is negative.	Paul is negative.
entailment	Annie has a headphone. She is patient.	Annie is patient.
entailment	Helen has a case. She is ambitious.	Helen is ambitious.
entailment	Alex has a notebook. He is versatile.	Alex is versatile.
entailment	Carol has an identity card. She is ferocious.	Carol is ferocious.
entailment	Tim has a brush. He is soulless.	Tim is soulless.
entailment	Maria has a toothbrush. She is agreeable.	Maria is agreeable.
entailment	Colin has a credit card. He is popular.	Colin is popular.
entailment	Jennifer has a scissor. She is motivated.	Jennifer is motivated.
entailment	Alfred has a credit card. He is blue.	Alfred is blue.
entailment	Albert has a notebook. He is sensitive.	Albert is sensitive.
entailment	Louis has a diary. He is considerate.	Louis is considerate.
entailment	Carolyn has a battery. She is dreary.	Carolyn is dreary.
entailment	Andrew has a watch. He is tactless.	Andrew is tactless.
entailment	Christopher has a postcard. He is critical.	Christopher is critical.
entailment	Kevin has a battery. He is circumspect.	Kevin is circumspect.
entailment	Andrew has a newspaper. He is testy.	Andrew is testy.
entailment	Emily has a comb. She is realistic.	Emily is realistic.
entailment	Deborah has a lipstick. She is revered.	Deborah is revered.
entailment	Keith has a glass. He is flashy.	Keith is flashy.
entailment	Kelly has a newspaper. She is immature.	Kelly is immature.
entailment	Nicole has an umbrella. She is meticulous.	Nicole is meticulous.
entailment	Johnny has a glass. He is naughty.	Johnny is naughty.
entailment	Kim has a coin. She is petulant.	Kim is petulant.
