entailment	Jonathan asked Steven for 50 dollars. Steven had 10.	Steven did not have 50 dollars.
entailment	Matthew asked Annie for 40 dollars. Annie had 30.	Annie did not have 40 dollars.
entailment	Martin asked Jack for 50 dollars. Jack had 10.	Jack did not have 50 dollars.
entailment	Kelly asked Stephen for 200 dollars. Stephen had 40.	Stephen did not have 200 dollars.
entailment	Kevin asked Jean for 1000 dollars. Jean had 500.	Jean did not have 1000 dollars.
entailment	Al asked Karen for 100 dollars. Karen had 20.	Karen did not have 100 dollars.
entailment	Larry asked Lawrence for 100 dollars. Lawrence had 20.	Lawrence did not have 100 dollars.
entailment	Ray asked Lisa for 30 dollars. Lisa had 10.	Lisa did not have 30 dollars.
entailment	Anna asked Helen for 100 dollars. Helen had 10.	Helen did not have 100 dollars.
entailment	Edith asked Julie for 40 dollars. Julie had 30.	Julie did not have 40 dollars.
entailment	Caroline asked John for 200 dollars. John had 30.	John did not have 200 dollars.
entailment	Greg asked Scott for 400 dollars. Scott had 20.	Scott did not have 400 dollars.
entailment	Robert asked Jane for 1000 dollars. Jane had 20.	Jane did not have 1000 dollars.
entailment	Jack asked Patrick for 200 dollars. Patrick had 10.	Patrick did not have 200 dollars.
entailment	Ryan asked Philip for 30 dollars. Philip had 20.	Philip did not have 30 dollars.
entailment	Fred asked Tim for 400 dollars. Tim had 20.	Tim did not have 400 dollars.
entailment	Pamela asked Emma for 30 dollars. Emma had 20.	Emma did not have 30 dollars.
entailment	Martha asked James for 1000 dollars. James had 400.	James did not have 1000 dollars.
entailment	Louise asked Leslie for 100 dollars. Leslie had 40.	Leslie did not have 100 dollars.
entailment	Alex asked Donna for 50 dollars. Donna had 10.	Donna did not have 50 dollars.
entailment	Eric asked Sandra for 20 dollars. Sandra had 10.	Sandra did not have 20 dollars.
entailment	Betty asked Steve for 100 dollars. Steve had 10.	Steve did not have 100 dollars.
entailment	Jean asked Lawrence for 20 dollars. Lawrence had 10.	Lawrence did not have 20 dollars.
entailment	Janet asked Chris for 40 dollars. Chris had 20.	Chris did not have 40 dollars.
entailment	Frances asked Linda for 1000 dollars. Linda had 30.	Linda did not have 1000 dollars.
entailment	Kenneth asked Robert for 20 dollars. Robert had 10.	Robert did not have 20 dollars.
entailment	Melissa asked Harold for 40 dollars. Harold had 30.	Harold did not have 40 dollars.
entailment	Judith asked Jane for 400 dollars. Jane had 50.	Jane did not have 400 dollars.
entailment	Dan asked Helen for 300 dollars. Helen had 10.	Helen did not have 300 dollars.
entailment	Diana asked Tom for 300 dollars. Tom had 50.	Tom did not have 300 dollars.
entailment	Chris asked Billy for 20 dollars. Billy had 10.	Billy did not have 20 dollars.
entailment	Alfred asked Gary for 30 dollars. Gary had 20.	Gary did not have 30 dollars.
entailment	Caroline asked Andrew for 300 dollars. Andrew had 30.	Andrew did not have 300 dollars.
entailment	Ben asked Dan for 20 dollars. Dan had 10.	Dan did not have 20 dollars.
entailment	Sophie asked Greg for 1000 dollars. Greg had 300.	Greg did not have 1000 dollars.
entailment	Stephanie asked Carol for 500 dollars. Carol had 20.	Carol did not have 500 dollars.
entailment	Sharon asked Al for 500 dollars. Al had 20.	Al did not have 500 dollars.
entailment	Benjamin asked Scott for 40 dollars. Scott had 20.	Scott did not have 40 dollars.
entailment	Nancy asked Robert for 1000 dollars. Robert had 10.	Robert did not have 1000 dollars.
entailment	Edward asked Mark for 50 dollars. Mark had 10.	Mark did not have 50 dollars.
entailment	Robin asked Helen for 50 dollars. Helen had 20.	Helen did not have 50 dollars.
entailment	Ralph asked Robin for 200 dollars. Robin had 10.	Robin did not have 200 dollars.
entailment	Jay asked Arthur for 400 dollars. Arthur had 30.	Arthur did not have 400 dollars.
entailment	Don asked Kenneth for 20 dollars. Kenneth had 10.	Kenneth did not have 20 dollars.
entailment	Donald asked Alan for 100 dollars. Alan had 40.	Alan did not have 100 dollars.
entailment	Fred asked Mary for 100 dollars. Mary had 50.	Mary did not have 100 dollars.
entailment	Margaret asked Kathleen for 100 dollars. Kathleen had 40.	Kathleen did not have 100 dollars.
entailment	Richard asked Michelle for 400 dollars. Michelle had 50.	Michelle did not have 400 dollars.
entailment	Julie asked Mike for 30 dollars. Mike had 20.	Mike did not have 30 dollars.
entailment	Sally asked Nancy for 40 dollars. Nancy had 20.	Nancy did not have 40 dollars.
entailment	Alison asked Karen for 500 dollars. Karen had 30.	Karen did not have 500 dollars.
entailment	Kenneth asked Charlotte for 40 dollars. Charlotte had 20.	Charlotte did not have 40 dollars.
entailment	Suzanne asked Maria for 1000 dollars. Maria had 400.	Maria did not have 1000 dollars.
entailment	Brian asked Elaine for 30 dollars. Elaine had 20.	Elaine did not have 30 dollars.
entailment	Barbara asked Alan for 300 dollars. Alan had 10.	Alan did not have 300 dollars.
entailment	Jim asked Eric for 400 dollars. Eric had 30.	Eric did not have 400 dollars.
entailment	Marie asked Benjamin for 1000 dollars. Benjamin had 30.	Benjamin did not have 1000 dollars.
entailment	Kate asked Paul for 40 dollars. Paul had 10.	Paul did not have 40 dollars.
entailment	Mike asked Bill for 1000 dollars. Bill had 100.	Bill did not have 1000 dollars.
entailment	Andrea asked Jane for 100 dollars. Jane had 20.	Jane did not have 100 dollars.
entailment	George asked Virginia for 200 dollars. Virginia had 40.	Virginia did not have 200 dollars.
entailment	Kelly asked Helen for 100 dollars. Helen had 20.	Helen did not have 100 dollars.
entailment	Helen asked Michael for 500 dollars. Michael had 100.	Michael did not have 500 dollars.
entailment	Charlie asked Michael for 1000 dollars. Michael had 400.	Michael did not have 1000 dollars.
entailment	Sarah asked Bruce for 1000 dollars. Bruce had 200.	Bruce did not have 1000 dollars.
entailment	Donald asked Arthur for 20 dollars. Arthur had 10.	Arthur did not have 20 dollars.
entailment	Al asked Sarah for 500 dollars. Sarah had 300.	Sarah did not have 500 dollars.
entailment	Florence asked Matthew for 200 dollars. Matthew had 20.	Matthew did not have 200 dollars.
entailment	Charles asked Kathleen for 100 dollars. Kathleen had 40.	Kathleen did not have 100 dollars.
entailment	Steve asked Fiona for 1000 dollars. Fiona had 500.	Fiona did not have 1000 dollars.
entailment	Eleanor asked Katie for 50 dollars. Katie had 30.	Katie did not have 50 dollars.
entailment	Carl asked Michelle for 100 dollars. Michelle had 30.	Michelle did not have 100 dollars.
entailment	Mary asked Martha for 300 dollars. Martha had 40.	Martha did not have 300 dollars.
entailment	Benjamin asked Anna for 100 dollars. Anna had 40.	Anna did not have 100 dollars.
entailment	Kathryn asked Lauren for 100 dollars. Lauren had 10.	Lauren did not have 100 dollars.
entailment	Frederick asked Kathleen for 100 dollars. Kathleen had 50.	Kathleen did not have 100 dollars.
entailment	Nick asked Gary for 300 dollars. Gary had 100.	Gary did not have 300 dollars.
entailment	Philip asked Roger for 500 dollars. Roger had 40.	Roger did not have 500 dollars.
entailment	Alice asked Tim for 50 dollars. Tim had 40.	Tim did not have 50 dollars.
entailment	Kelly asked Thomas for 40 dollars. Thomas had 10.	Thomas did not have 40 dollars.
entailment	Jill asked Charlie for 200 dollars. Charlie had 30.	Charlie did not have 200 dollars.
entailment	Angela asked Jane for 200 dollars. Jane had 40.	Jane did not have 200 dollars.
entailment	Julia asked Bill for 30 dollars. Bill had 10.	Bill did not have 30 dollars.
entailment	Keith asked Angela for 200 dollars. Angela had 50.	Angela did not have 200 dollars.
entailment	Joan asked Jason for 20 dollars. Jason had 10.	Jason did not have 20 dollars.
entailment	Robin asked Charlotte for 30 dollars. Charlotte had 20.	Charlotte did not have 30 dollars.
entailment	Carl asked Henry for 500 dollars. Henry had 50.	Henry did not have 500 dollars.
entailment	Rachel asked Joan for 300 dollars. Joan had 200.	Joan did not have 300 dollars.
entailment	Stephanie asked Evelyn for 20 dollars. Evelyn had 10.	Evelyn did not have 20 dollars.
entailment	Mary asked Florence for 20 dollars. Florence had 10.	Florence did not have 20 dollars.
entailment	Jennifer asked Amanda for 30 dollars. Amanda had 20.	Amanda did not have 30 dollars.
entailment	Susan asked Tony for 20 dollars. Tony had 10.	Tony did not have 20 dollars.
entailment	Jessica asked Steve for 300 dollars. Steve had 30.	Steve did not have 300 dollars.
entailment	Fred asked Catherine for 40 dollars. Catherine had 30.	Catherine did not have 40 dollars.
entailment	Emily asked Jean for 40 dollars. Jean had 30.	Jean did not have 40 dollars.
entailment	Gary asked Jennifer for 200 dollars. Jennifer had 30.	Jennifer did not have 200 dollars.
entailment	Patrick asked Alan for 1000 dollars. Alan had 10.	Alan did not have 1000 dollars.
entailment	Charlotte asked Jennifer for 40 dollars. Jennifer had 30.	Jennifer did not have 40 dollars.
entailment	Roy asked Ellen for 20 dollars. Ellen had 10.	Ellen did not have 20 dollars.
entailment	Charlotte asked Keith for 20 dollars. Keith had 10.	Keith did not have 20 dollars.
entailment	David asked Caroline for 100 dollars. Caroline had 20.	Caroline did not have 100 dollars.
entailment	Ralph asked Angela for 1000 dollars. Angela had 300.	Angela did not have 1000 dollars.
entailment	Jill asked Mary for 30 dollars. Mary had 20.	Mary did not have 30 dollars.
entailment	Amanda asked Dorothy for 50 dollars. Dorothy had 20.	Dorothy did not have 50 dollars.
entailment	Margaret asked Francis for 1000 dollars. Francis had 400.	Francis did not have 1000 dollars.
entailment	Kathryn asked Jonathan for 500 dollars. Jonathan had 300.	Jonathan did not have 500 dollars.
entailment	Peter asked Virginia for 100 dollars. Virginia had 50.	Virginia did not have 100 dollars.
entailment	Ray asked Lawrence for 400 dollars. Lawrence had 300.	Lawrence did not have 400 dollars.
entailment	Edward asked Simon for 100 dollars. Simon had 10.	Simon did not have 100 dollars.
entailment	Harriet asked Louis for 20 dollars. Louis had 10.	Louis did not have 20 dollars.
entailment	Angela asked Gary for 400 dollars. Gary had 100.	Gary did not have 400 dollars.
entailment	Alex asked Andrew for 1000 dollars. Andrew had 10.	Andrew did not have 1000 dollars.
entailment	Tom asked Steve for 30 dollars. Steve had 20.	Steve did not have 30 dollars.
entailment	Eleanor asked Lauren for 300 dollars. Lauren had 50.	Lauren did not have 300 dollars.
entailment	Amanda asked Jean for 500 dollars. Jean had 100.	Jean did not have 500 dollars.
entailment	Billy asked Caroline for 300 dollars. Caroline had 40.	Caroline did not have 300 dollars.
entailment	Mike asked James for 40 dollars. James had 10.	James did not have 40 dollars.
entailment	Cynthia asked Pamela for 20 dollars. Pamela had 10.	Pamela did not have 20 dollars.
entailment	Frank asked Laura for 200 dollars. Laura had 100.	Laura did not have 200 dollars.
entailment	Heather asked Paul for 400 dollars. Paul had 20.	Paul did not have 400 dollars.
entailment	Jennifer asked Amy for 50 dollars. Amy had 40.	Amy did not have 50 dollars.
entailment	Charlie asked Lynn for 300 dollars. Lynn had 30.	Lynn did not have 300 dollars.
entailment	Tim asked Philip for 100 dollars. Philip had 30.	Philip did not have 100 dollars.
entailment	Stephanie asked Tony for 200 dollars. Tony had 30.	Tony did not have 200 dollars.
entailment	Judith asked Linda for 20 dollars. Linda had 10.	Linda did not have 20 dollars.
entailment	Nicole asked Steve for 500 dollars. Steve had 300.	Steve did not have 500 dollars.
entailment	Diane asked Kelly for 300 dollars. Kelly had 20.	Kelly did not have 300 dollars.
entailment	Julia asked Joseph for 1000 dollars. Joseph had 50.	Joseph did not have 1000 dollars.
entailment	Amanda asked Hugh for 40 dollars. Hugh had 20.	Hugh did not have 40 dollars.
entailment	Linda asked Emily for 1000 dollars. Emily had 20.	Emily did not have 1000 dollars.
entailment	Catherine asked Laura for 500 dollars. Laura had 200.	Laura did not have 500 dollars.
entailment	Charlotte asked Claire for 200 dollars. Claire had 50.	Claire did not have 200 dollars.
entailment	Jane asked Laura for 20 dollars. Laura had 10.	Laura did not have 20 dollars.
entailment	Lisa asked Francis for 200 dollars. Francis had 100.	Francis did not have 200 dollars.
entailment	Ron asked Hugh for 50 dollars. Hugh had 20.	Hugh did not have 50 dollars.
entailment	Roger asked Jimmy for 500 dollars. Jimmy had 40.	Jimmy did not have 500 dollars.
entailment	Harold asked Dave for 400 dollars. Dave had 10.	Dave did not have 400 dollars.
entailment	Julia asked Alex for 100 dollars. Alex had 50.	Alex did not have 100 dollars.
entailment	Billy asked Robin for 1000 dollars. Robin had 300.	Robin did not have 1000 dollars.
entailment	Jeff asked Louis for 100 dollars. Louis had 50.	Louis did not have 100 dollars.
entailment	Bill asked Alan for 30 dollars. Alan had 10.	Alan did not have 30 dollars.
entailment	Ben asked Joseph for 500 dollars. Joseph had 10.	Joseph did not have 500 dollars.
entailment	Linda asked Howard for 200 dollars. Howard had 10.	Howard did not have 200 dollars.
entailment	Christine asked Evelyn for 100 dollars. Evelyn had 40.	Evelyn did not have 100 dollars.
entailment	Rebecca asked Louis for 20 dollars. Louis had 10.	Louis did not have 20 dollars.
entailment	Lisa asked Marie for 200 dollars. Marie had 50.	Marie did not have 200 dollars.
entailment	Dave asked Philip for 40 dollars. Philip had 20.	Philip did not have 40 dollars.
entailment	Alexander asked Anthony for 300 dollars. Anthony had 10.	Anthony did not have 300 dollars.
entailment	Robert asked Johnny for 1000 dollars. Johnny had 10.	Johnny did not have 1000 dollars.
entailment	Edward asked Dave for 400 dollars. Dave had 10.	Dave did not have 400 dollars.
entailment	Howard asked Ruth for 30 dollars. Ruth had 20.	Ruth did not have 30 dollars.
entailment	Rebecca asked Stephanie for 200 dollars. Stephanie had 20.	Stephanie did not have 200 dollars.
entailment	Ray asked Hugh for 30 dollars. Hugh had 20.	Hugh did not have 30 dollars.
entailment	Heather asked Benjamin for 100 dollars. Benjamin had 50.	Benjamin did not have 100 dollars.
entailment	Bobby asked Patrick for 500 dollars. Patrick had 300.	Patrick did not have 500 dollars.
entailment	Henry asked Joe for 400 dollars. Joe had 200.	Joe did not have 400 dollars.
entailment	Francis asked Jeff for 300 dollars. Jeff had 100.	Jeff did not have 300 dollars.
entailment	Kelly asked Emily for 40 dollars. Emily had 30.	Emily did not have 40 dollars.
entailment	Sharon asked Joseph for 1000 dollars. Joseph had 100.	Joseph did not have 1000 dollars.
entailment	Matthew asked Virginia for 50 dollars. Virginia had 30.	Virginia did not have 50 dollars.
entailment	Johnny asked Pamela for 100 dollars. Pamela had 30.	Pamela did not have 100 dollars.
entailment	Kelly asked Susan for 500 dollars. Susan had 300.	Susan did not have 500 dollars.
entailment	Patricia asked Frances for 40 dollars. Frances had 10.	Frances did not have 40 dollars.
entailment	Sally asked Marilyn for 1000 dollars. Marilyn had 300.	Marilyn did not have 1000 dollars.
entailment	Roy asked Eleanor for 400 dollars. Eleanor had 100.	Eleanor did not have 400 dollars.
entailment	Kate asked Catherine for 30 dollars. Catherine had 20.	Catherine did not have 30 dollars.
entailment	Matt asked Kim for 300 dollars. Kim had 30.	Kim did not have 300 dollars.
entailment	Thomas asked Ken for 40 dollars. Ken had 20.	Ken did not have 40 dollars.
entailment	Roy asked Joan for 100 dollars. Joan had 50.	Joan did not have 100 dollars.
entailment	Alexandra asked Kate for 40 dollars. Kate had 20.	Kate did not have 40 dollars.
entailment	Francis asked Karen for 30 dollars. Karen had 10.	Karen did not have 30 dollars.
entailment	Ryan asked Keith for 1000 dollars. Keith had 400.	Keith did not have 1000 dollars.
entailment	Jill asked Jimmy for 50 dollars. Jimmy had 10.	Jimmy did not have 50 dollars.
entailment	Scott asked Harry for 300 dollars. Harry had 200.	Harry did not have 300 dollars.
entailment	Ron asked Jean for 500 dollars. Jean had 30.	Jean did not have 500 dollars.
entailment	Elizabeth asked Stephen for 40 dollars. Stephen had 10.	Stephen did not have 40 dollars.
entailment	Patricia asked Hugh for 50 dollars. Hugh had 10.	Hugh did not have 50 dollars.
entailment	Alfred asked Andrea for 50 dollars. Andrea had 10.	Andrea did not have 50 dollars.
entailment	Ed asked Stephen for 400 dollars. Stephen had 20.	Stephen did not have 400 dollars.
entailment	Nick asked Kathryn for 20 dollars. Kathryn had 10.	Kathryn did not have 20 dollars.
entailment	Stephanie asked Catherine for 400 dollars. Catherine had 10.	Catherine did not have 400 dollars.
entailment	Matthew asked Tom for 1000 dollars. Tom had 400.	Tom did not have 1000 dollars.
entailment	Donna asked Susan for 300 dollars. Susan had 50.	Susan did not have 300 dollars.
entailment	Frances asked Edith for 500 dollars. Edith had 300.	Edith did not have 500 dollars.
entailment	Lucy asked Deborah for 50 dollars. Deborah had 20.	Deborah did not have 50 dollars.
entailment	Linda asked Sally for 100 dollars. Sally had 20.	Sally did not have 100 dollars.
entailment	Florence asked Jonathan for 1000 dollars. Jonathan had 200.	Jonathan did not have 1000 dollars.
entailment	Jessica asked Jill for 300 dollars. Jill had 20.	Jill did not have 300 dollars.
entailment	Matthew asked Billy for 30 dollars. Billy had 20.	Billy did not have 30 dollars.
entailment	Judy asked Benjamin for 50 dollars. Benjamin had 30.	Benjamin did not have 50 dollars.
entailment	Jeff asked Anne for 50 dollars. Anne had 20.	Anne did not have 50 dollars.
entailment	Annie asked Frank for 400 dollars. Frank had 200.	Frank did not have 400 dollars.
entailment	Jane asked Fred for 20 dollars. Fred had 10.	Fred did not have 20 dollars.
entailment	Kim asked Henry for 200 dollars. Henry had 40.	Henry did not have 200 dollars.
entailment	Frederick asked Walter for 300 dollars. Walter had 30.	Walter did not have 300 dollars.
entailment	Samuel asked Colin for 40 dollars. Colin had 30.	Colin did not have 40 dollars.
entailment	Michelle asked Sara for 30 dollars. Sara had 20.	Sara did not have 30 dollars.
entailment	Gary asked Nancy for 300 dollars. Nancy had 200.	Nancy did not have 300 dollars.
entailment	Diana asked Paul for 30 dollars. Paul had 20.	Paul did not have 30 dollars.
entailment	Anne asked Helen for 300 dollars. Helen had 100.	Helen did not have 300 dollars.
entailment	Deborah asked Christopher for 200 dollars. Christopher had 40.	Christopher did not have 200 dollars.
entailment	William asked Nicole for 400 dollars. Nicole had 100.	Nicole did not have 400 dollars.
entailment	Alice asked Betty for 20 dollars. Betty had 10.	Betty did not have 20 dollars.
entailment	Sam asked Lisa for 500 dollars. Lisa had 100.	Lisa did not have 500 dollars.
entailment	Hugh asked Steven for 500 dollars. Steven had 40.	Steven did not have 500 dollars.
entailment	Jean asked Angela for 30 dollars. Angela had 10.	Angela did not have 30 dollars.
entailment	Charles asked George for 200 dollars. George had 100.	George did not have 200 dollars.
entailment	Ron asked Alan for 30 dollars. Alan had 20.	Alan did not have 30 dollars.
entailment	Billy asked Brian for 20 dollars. Brian had 10.	Brian did not have 20 dollars.
entailment	Laura asked Louise for 400 dollars. Louise had 300.	Louise did not have 400 dollars.
entailment	Jimmy asked Jill for 300 dollars. Jill had 200.	Jill did not have 300 dollars.
entailment	Emma asked Laura for 500 dollars. Laura had 30.	Laura did not have 500 dollars.
entailment	Tom asked Greg for 400 dollars. Greg had 300.	Greg did not have 400 dollars.
entailment	Howard asked Harry for 500 dollars. Harry had 20.	Harry did not have 500 dollars.
entailment	Catherine asked Jessica for 40 dollars. Jessica had 10.	Jessica did not have 40 dollars.
entailment	Bob asked Matthew for 30 dollars. Matthew had 10.	Matthew did not have 30 dollars.
entailment	Katie asked Anne for 200 dollars. Anne had 20.	Anne did not have 200 dollars.
entailment	Ryan asked Ron for 40 dollars. Ron had 20.	Ron did not have 40 dollars.
entailment	Roger asked Diana for 1000 dollars. Diana had 10.	Diana did not have 1000 dollars.
entailment	Dick asked Roy for 40 dollars. Roy had 20.	Roy did not have 40 dollars.
entailment	Fiona asked Hugh for 50 dollars. Hugh had 40.	Hugh did not have 50 dollars.
entailment	Robert asked Joseph for 500 dollars. Joseph had 50.	Joseph did not have 500 dollars.
entailment	Billy asked Louis for 20 dollars. Louis had 10.	Louis did not have 20 dollars.
entailment	Jimmy asked Diane for 50 dollars. Diane had 10.	Diane did not have 50 dollars.
entailment	Deborah asked Florence for 50 dollars. Florence had 30.	Florence did not have 50 dollars.
entailment	Louise asked Ann for 50 dollars. Ann had 20.	Ann did not have 50 dollars.
entailment	Marie asked Dave for 200 dollars. Dave had 10.	Dave did not have 200 dollars.
entailment	Pamela asked Robin for 200 dollars. Robin had 100.	Robin did not have 200 dollars.
entailment	Kathryn asked Margaret for 400 dollars. Margaret had 30.	Margaret did not have 400 dollars.
entailment	Brian asked Edith for 40 dollars. Edith had 10.	Edith did not have 40 dollars.
entailment	Nick asked Edward for 20 dollars. Edward had 10.	Edward did not have 20 dollars.
entailment	Dan asked Nick for 30 dollars. Nick had 10.	Nick did not have 30 dollars.
entailment	Dan asked Walter for 30 dollars. Walter had 20.	Walter did not have 30 dollars.
entailment	Kenneth asked Chris for 40 dollars. Chris had 30.	Chris did not have 40 dollars.
entailment	Leslie asked Gary for 200 dollars. Gary had 100.	Gary did not have 200 dollars.
entailment	Thomas asked Deborah for 500 dollars. Deborah had 30.	Deborah did not have 500 dollars.
entailment	Tom asked Mike for 50 dollars. Mike had 30.	Mike did not have 50 dollars.
entailment	Kathryn asked Carl for 1000 dollars. Carl had 400.	Carl did not have 1000 dollars.
entailment	Samuel asked Bruce for 30 dollars. Bruce had 20.	Bruce did not have 30 dollars.
entailment	Donna asked Ann for 300 dollars. Ann had 50.	Ann did not have 300 dollars.
entailment	Elizabeth asked Ian for 50 dollars. Ian had 30.	Ian did not have 50 dollars.
entailment	Lawrence asked Alan for 500 dollars. Alan had 100.	Alan did not have 500 dollars.
entailment	Leslie asked Katie for 20 dollars. Katie had 10.	Katie did not have 20 dollars.
entailment	Anne asked Gary for 400 dollars. Gary had 100.	Gary did not have 400 dollars.
entailment	Marilyn asked Susan for 50 dollars. Susan had 10.	Susan did not have 50 dollars.
entailment	Marie asked Carol for 1000 dollars. Carol had 200.	Carol did not have 1000 dollars.
entailment	Kathy asked Christine for 200 dollars. Christine had 20.	Christine did not have 200 dollars.
entailment	Harriet asked Steven for 500 dollars. Steven had 30.	Steven did not have 500 dollars.
entailment	Andrea asked Harry for 40 dollars. Harry had 10.	Harry did not have 40 dollars.
entailment	Matt asked Kathy for 100 dollars. Kathy had 20.	Kathy did not have 100 dollars.
entailment	Jeff asked John for 300 dollars. John had 30.	John did not have 300 dollars.
entailment	Florence asked Emily for 1000 dollars. Emily had 300.	Emily did not have 1000 dollars.
entailment	Donald asked Carl for 50 dollars. Carl had 20.	Carl did not have 50 dollars.
entailment	Sandra asked Michael for 400 dollars. Michael had 50.	Michael did not have 400 dollars.
entailment	Rose asked William for 500 dollars. William had 100.	William did not have 500 dollars.
entailment	Ian asked Philip for 200 dollars. Philip had 20.	Philip did not have 200 dollars.
entailment	Claire asked Al for 200 dollars. Al had 50.	Al did not have 200 dollars.
entailment	Bill asked Sara for 50 dollars. Sara had 20.	Sara did not have 50 dollars.
entailment	Howard asked Robert for 300 dollars. Robert had 10.	Robert did not have 300 dollars.
entailment	Robert asked Jane for 200 dollars. Jane had 50.	Jane did not have 200 dollars.
entailment	Jane asked Frances for 100 dollars. Frances had 20.	Frances did not have 100 dollars.
entailment	Christine asked Kevin for 200 dollars. Kevin had 40.	Kevin did not have 200 dollars.
entailment	Barbara asked Emily for 300 dollars. Emily had 20.	Emily did not have 300 dollars.
entailment	Alfred asked Frances for 300 dollars. Frances had 10.	Frances did not have 300 dollars.
entailment	Jeff asked Ashley for 1000 dollars. Ashley had 100.	Ashley did not have 1000 dollars.
entailment	Robert asked William for 40 dollars. William had 30.	William did not have 40 dollars.
entailment	Charlie asked Keith for 20 dollars. Keith had 10.	Keith did not have 20 dollars.
entailment	Sue asked Samuel for 1000 dollars. Samuel had 20.	Samuel did not have 1000 dollars.
entailment	Roger asked Nancy for 200 dollars. Nancy had 40.	Nancy did not have 200 dollars.
entailment	Donna asked Patrick for 1000 dollars. Patrick had 300.	Patrick did not have 1000 dollars.
entailment	Steve asked Deborah for 50 dollars. Deborah had 10.	Deborah did not have 50 dollars.
entailment	Alfred asked Jay for 50 dollars. Jay had 20.	Jay did not have 50 dollars.
entailment	Lynn asked Stephen for 300 dollars. Stephen had 30.	Stephen did not have 300 dollars.
entailment	Judy asked Victoria for 500 dollars. Victoria had 10.	Victoria did not have 500 dollars.
entailment	Johnny asked Frederick for 40 dollars. Frederick had 30.	Frederick did not have 40 dollars.
entailment	Susan asked Annie for 500 dollars. Annie had 100.	Annie did not have 500 dollars.
entailment	Sally asked Jennifer for 100 dollars. Jennifer had 10.	Jennifer did not have 100 dollars.
entailment	Charlie asked Janet for 1000 dollars. Janet had 400.	Janet did not have 1000 dollars.
entailment	Mary asked Betty for 20 dollars. Betty had 10.	Betty did not have 20 dollars.
entailment	Fiona asked Carl for 200 dollars. Carl had 30.	Carl did not have 200 dollars.
entailment	Richard asked Margaret for 50 dollars. Margaret had 20.	Margaret did not have 50 dollars.
entailment	Charles asked Charlotte for 100 dollars. Charlotte had 50.	Charlotte did not have 100 dollars.
entailment	Kelly asked Francis for 30 dollars. Francis had 10.	Francis did not have 30 dollars.
entailment	Julie asked Sara for 50 dollars. Sara had 10.	Sara did not have 50 dollars.
entailment	Julie asked Lynn for 300 dollars. Lynn had 100.	Lynn did not have 300 dollars.
entailment	Steven asked Wendy for 40 dollars. Wendy had 10.	Wendy did not have 40 dollars.
entailment	Donna asked Fiona for 40 dollars. Fiona had 10.	Fiona did not have 40 dollars.
entailment	George asked Elaine for 300 dollars. Elaine had 100.	Elaine did not have 300 dollars.
entailment	Kevin asked Nancy for 30 dollars. Nancy had 20.	Nancy did not have 30 dollars.
entailment	Ed asked Philip for 400 dollars. Philip had 10.	Philip did not have 400 dollars.
entailment	Ben asked Anne for 50 dollars. Anne had 40.	Anne did not have 50 dollars.
entailment	Carol asked Angela for 200 dollars. Angela had 40.	Angela did not have 200 dollars.
entailment	Melissa asked Ken for 20 dollars. Ken had 10.	Ken did not have 20 dollars.
entailment	Fred asked Nick for 500 dollars. Nick had 50.	Nick did not have 500 dollars.
entailment	Gary asked Philip for 300 dollars. Philip had 200.	Philip did not have 300 dollars.
entailment	Christopher asked Billy for 50 dollars. Billy had 10.	Billy did not have 50 dollars.
entailment	Annie asked Rose for 20 dollars. Rose had 10.	Rose did not have 20 dollars.
entailment	Adam asked Charles for 300 dollars. Charles had 200.	Charles did not have 300 dollars.
entailment	Scott asked Greg for 100 dollars. Greg had 20.	Greg did not have 100 dollars.
entailment	Eric asked Jessica for 400 dollars. Jessica had 30.	Jessica did not have 400 dollars.
entailment	Francis asked Emily for 400 dollars. Emily had 100.	Emily did not have 400 dollars.
entailment	Edith asked Fiona for 40 dollars. Fiona had 30.	Fiona did not have 40 dollars.
entailment	Judith asked Ann for 300 dollars. Ann had 40.	Ann did not have 300 dollars.
entailment	Katie asked Daniel for 1000 dollars. Daniel had 400.	Daniel did not have 1000 dollars.
entailment	George asked Elizabeth for 300 dollars. Elizabeth had 30.	Elizabeth did not have 300 dollars.
entailment	Edward asked Harry for 40 dollars. Harry had 10.	Harry did not have 40 dollars.
entailment	Peter asked Joseph for 30 dollars. Joseph had 20.	Joseph did not have 30 dollars.
entailment	Dorothy asked Betty for 200 dollars. Betty had 20.	Betty did not have 200 dollars.
entailment	Nick asked Don for 40 dollars. Don had 20.	Don did not have 40 dollars.
entailment	Donald asked Anna for 50 dollars. Anna had 20.	Anna did not have 50 dollars.
entailment	Edith asked Maria for 200 dollars. Maria had 40.	Maria did not have 200 dollars.
entailment	Eric asked Andrew for 1000 dollars. Andrew had 10.	Andrew did not have 1000 dollars.
entailment	Robert asked Thomas for 30 dollars. Thomas had 10.	Thomas did not have 30 dollars.
entailment	Alexandra asked Samuel for 500 dollars. Samuel had 10.	Samuel did not have 500 dollars.
entailment	Mark asked Kathryn for 200 dollars. Kathryn had 100.	Kathryn did not have 200 dollars.
entailment	Dick asked Frank for 100 dollars. Frank had 30.	Frank did not have 100 dollars.
entailment	Jane asked Sophie for 400 dollars. Sophie had 40.	Sophie did not have 400 dollars.
entailment	Julie asked Dick for 500 dollars. Dick had 10.	Dick did not have 500 dollars.
entailment	Harriet asked Bill for 200 dollars. Bill had 30.	Bill did not have 200 dollars.
entailment	Andrea asked Adam for 100 dollars. Adam had 20.	Adam did not have 100 dollars.
entailment	Andrea asked Harry for 30 dollars. Harry had 10.	Harry did not have 30 dollars.
entailment	Mary asked Sara for 300 dollars. Sara had 50.	Sara did not have 300 dollars.
entailment	Louis asked Katherine for 20 dollars. Katherine had 10.	Katherine did not have 20 dollars.
entailment	Victoria asked Kenneth for 1000 dollars. Kenneth had 20.	Kenneth did not have 1000 dollars.
entailment	Dave asked Deborah for 1000 dollars. Deborah had 20.	Deborah did not have 1000 dollars.
entailment	David asked Rebecca for 500 dollars. Rebecca had 50.	Rebecca did not have 500 dollars.
entailment	Michael asked Ann for 30 dollars. Ann had 10.	Ann did not have 30 dollars.
entailment	Marilyn asked Matthew for 100 dollars. Matthew had 40.	Matthew did not have 100 dollars.
entailment	Judith asked Tony for 20 dollars. Tony had 10.	Tony did not have 20 dollars.
entailment	Matthew asked Susan for 50 dollars. Susan had 30.	Susan did not have 50 dollars.
entailment	Linda asked Lynn for 500 dollars. Lynn had 30.	Lynn did not have 500 dollars.
entailment	Frances asked Carolyn for 300 dollars. Carolyn had 10.	Carolyn did not have 300 dollars.
entailment	Donald asked Eric for 40 dollars. Eric had 10.	Eric did not have 40 dollars.
entailment	Colin asked Joan for 100 dollars. Joan had 30.	Joan did not have 100 dollars.
entailment	Mark asked Stephen for 50 dollars. Stephen had 30.	Stephen did not have 50 dollars.
entailment	Larry asked Margaret for 200 dollars. Margaret had 100.	Margaret did not have 200 dollars.
entailment	Mary asked Claire for 200 dollars. Claire had 30.	Claire did not have 200 dollars.
entailment	Julie asked Fred for 200 dollars. Fred had 100.	Fred did not have 200 dollars.
entailment	Cynthia asked Daniel for 400 dollars. Daniel had 30.	Daniel did not have 400 dollars.
entailment	Howard asked Albert for 500 dollars. Albert had 10.	Albert did not have 500 dollars.
entailment	Susan asked Philip for 1000 dollars. Philip had 400.	Philip did not have 1000 dollars.
entailment	Kate asked Greg for 1000 dollars. Greg had 300.	Greg did not have 1000 dollars.
entailment	Al asked Margaret for 300 dollars. Margaret had 40.	Margaret did not have 300 dollars.
entailment	Emma asked Kate for 40 dollars. Kate had 30.	Kate did not have 40 dollars.
entailment	Judith asked Grace for 40 dollars. Grace had 30.	Grace did not have 40 dollars.
entailment	Kathleen asked Chris for 500 dollars. Chris had 100.	Chris did not have 500 dollars.
entailment	Leslie asked Ron for 50 dollars. Ron had 30.	Ron did not have 50 dollars.
entailment	Marilyn asked Diana for 300 dollars. Diana had 100.	Diana did not have 300 dollars.
entailment	Don asked Annie for 300 dollars. Annie had 10.	Annie did not have 300 dollars.
entailment	Ed asked Jean for 400 dollars. Jean had 10.	Jean did not have 400 dollars.
entailment	Charlotte asked Stephen for 1000 dollars. Stephen had 400.	Stephen did not have 1000 dollars.
entailment	Charlie asked Ellen for 400 dollars. Ellen had 40.	Ellen did not have 400 dollars.
entailment	Hugh asked Lauren for 50 dollars. Lauren had 30.	Lauren did not have 50 dollars.
entailment	Emily asked Lauren for 100 dollars. Lauren had 40.	Lauren did not have 100 dollars.
entailment	Hugh asked Emily for 1000 dollars. Emily had 500.	Emily did not have 1000 dollars.
entailment	Ron asked Ian for 50 dollars. Ian had 30.	Ian did not have 50 dollars.
entailment	Kate asked Judith for 200 dollars. Judith had 30.	Judith did not have 200 dollars.
entailment	Joe asked Barbara for 50 dollars. Barbara had 10.	Barbara did not have 50 dollars.
entailment	Grace asked Paul for 50 dollars. Paul had 10.	Paul did not have 50 dollars.
entailment	Andrea asked Roger for 50 dollars. Roger had 20.	Roger did not have 50 dollars.
entailment	Lauren asked Edith for 400 dollars. Edith had 200.	Edith did not have 400 dollars.
entailment	Harold asked Anne for 20 dollars. Anne had 10.	Anne did not have 20 dollars.
entailment	Ben asked Kelly for 50 dollars. Kelly had 40.	Kelly did not have 50 dollars.
entailment	Lawrence asked Don for 30 dollars. Don had 20.	Don did not have 30 dollars.
entailment	Pamela asked Eric for 500 dollars. Eric had 10.	Eric did not have 500 dollars.
entailment	Heather asked Virginia for 1000 dollars. Virginia had 400.	Virginia did not have 1000 dollars.
entailment	Thomas asked Alexandra for 50 dollars. Alexandra had 30.	Alexandra did not have 50 dollars.
entailment	Lauren asked Christine for 300 dollars. Christine had 20.	Christine did not have 300 dollars.
entailment	Greg asked Diana for 200 dollars. Diana had 50.	Diana did not have 200 dollars.
entailment	Sue asked Nancy for 1000 dollars. Nancy had 40.	Nancy did not have 1000 dollars.
entailment	Jonathan asked Donna for 50 dollars. Donna had 10.	Donna did not have 50 dollars.
entailment	Carol asked Angela for 200 dollars. Angela had 10.	Angela did not have 200 dollars.
entailment	Andrew asked Kevin for 500 dollars. Kevin had 10.	Kevin did not have 500 dollars.
entailment	Albert asked Martin for 500 dollars. Martin had 20.	Martin did not have 500 dollars.
entailment	Robin asked Roger for 50 dollars. Roger had 30.	Roger did not have 50 dollars.
entailment	William asked Emma for 20 dollars. Emma had 10.	Emma did not have 20 dollars.
entailment	Melissa asked Grace for 50 dollars. Grace had 40.	Grace did not have 50 dollars.
entailment	Thomas asked Samuel for 30 dollars. Samuel had 20.	Samuel did not have 30 dollars.
entailment	Colin asked Jean for 200 dollars. Jean had 20.	Jean did not have 200 dollars.
entailment	Susan asked Helen for 20 dollars. Helen had 10.	Helen did not have 20 dollars.
entailment	Alison asked Tim for 300 dollars. Tim had 10.	Tim did not have 300 dollars.
entailment	Carolyn asked Janet for 30 dollars. Janet had 20.	Janet did not have 30 dollars.
entailment	Ann asked Eleanor for 1000 dollars. Eleanor had 400.	Eleanor did not have 1000 dollars.
entailment	Stephen asked Linda for 40 dollars. Linda had 10.	Linda did not have 40 dollars.
entailment	Sarah asked Alice for 400 dollars. Alice had 100.	Alice did not have 400 dollars.
entailment	Jim asked Sue for 100 dollars. Sue had 10.	Sue did not have 100 dollars.
entailment	Colin asked David for 300 dollars. David had 100.	David did not have 300 dollars.
entailment	Pamela asked Sara for 100 dollars. Sara had 20.	Sara did not have 100 dollars.
entailment	Tony asked Patrick for 30 dollars. Patrick had 20.	Patrick did not have 30 dollars.
entailment	Sam asked Melissa for 200 dollars. Melissa had 100.	Melissa did not have 200 dollars.
entailment	Anna asked Annie for 500 dollars. Annie had 50.	Annie did not have 500 dollars.
entailment	Jill asked Robin for 300 dollars. Robin had 10.	Robin did not have 300 dollars.
entailment	Patrick asked Sally for 100 dollars. Sally had 20.	Sally did not have 100 dollars.
entailment	Kevin asked Jimmy for 100 dollars. Jimmy had 30.	Jimmy did not have 100 dollars.
entailment	Rebecca asked Melissa for 50 dollars. Melissa had 20.	Melissa did not have 50 dollars.
entailment	Albert asked Ralph for 50 dollars. Ralph had 40.	Ralph did not have 50 dollars.
entailment	Catherine asked Frank for 400 dollars. Frank had 100.	Frank did not have 400 dollars.
entailment	Charles asked Tony for 500 dollars. Tony had 50.	Tony did not have 500 dollars.
entailment	Emma asked Lawrence for 1000 dollars. Lawrence had 50.	Lawrence did not have 1000 dollars.
entailment	Mark asked Don for 100 dollars. Don had 30.	Don did not have 100 dollars.
entailment	Marie asked Heather for 100 dollars. Heather had 10.	Heather did not have 100 dollars.
entailment	Suzanne asked Anthony for 40 dollars. Anthony had 10.	Anthony did not have 40 dollars.
entailment	Ruth asked Ray for 40 dollars. Ray had 30.	Ray did not have 40 dollars.
entailment	Michael asked Johnny for 400 dollars. Johnny had 40.	Johnny did not have 400 dollars.
entailment	Jill asked Frank for 100 dollars. Frank had 40.	Frank did not have 100 dollars.
entailment	Pamela asked Melissa for 200 dollars. Melissa had 30.	Melissa did not have 200 dollars.
entailment	Harold asked Scott for 500 dollars. Scott had 400.	Scott did not have 500 dollars.
entailment	Joan asked Harriet for 300 dollars. Harriet had 50.	Harriet did not have 300 dollars.
entailment	John asked Joe for 100 dollars. Joe had 20.	Joe did not have 100 dollars.
entailment	Laura asked Alan for 200 dollars. Alan had 20.	Alan did not have 200 dollars.
entailment	Mark asked Arthur for 200 dollars. Arthur had 10.	Arthur did not have 200 dollars.
entailment	Judith asked Louise for 50 dollars. Louise had 20.	Louise did not have 50 dollars.
entailment	Joe asked Claire for 300 dollars. Claire had 10.	Claire did not have 300 dollars.
entailment	Jerry asked Hugh for 300 dollars. Hugh had 30.	Hugh did not have 300 dollars.
entailment	Steven asked Susan for 40 dollars. Susan had 10.	Susan did not have 40 dollars.
entailment	Harry asked Charlie for 100 dollars. Charlie had 50.	Charlie did not have 100 dollars.
entailment	Frank asked George for 1000 dollars. George had 10.	George did not have 1000 dollars.
entailment	Amy asked Rachel for 50 dollars. Rachel had 10.	Rachel did not have 50 dollars.
entailment	Walter asked Kathryn for 200 dollars. Kathryn had 100.	Kathryn did not have 200 dollars.
entailment	Matthew asked Margaret for 300 dollars. Margaret had 30.	Margaret did not have 300 dollars.
entailment	Sue asked Benjamin for 300 dollars. Benjamin had 200.	Benjamin did not have 300 dollars.
entailment	Edwin asked Julie for 300 dollars. Julie had 30.	Julie did not have 300 dollars.
entailment	Stephanie asked Adam for 1000 dollars. Adam had 50.	Adam did not have 1000 dollars.
entailment	Sharon asked Virginia for 20 dollars. Virginia had 10.	Virginia did not have 20 dollars.
entailment	Stephanie asked Henry for 20 dollars. Henry had 10.	Henry did not have 20 dollars.
entailment	Leslie asked Amanda for 300 dollars. Amanda had 20.	Amanda did not have 300 dollars.
entailment	Eric asked Bruce for 400 dollars. Bruce had 100.	Bruce did not have 400 dollars.
entailment	Michelle asked Billy for 300 dollars. Billy had 20.	Billy did not have 300 dollars.
entailment	Cynthia asked James for 30 dollars. James had 10.	James did not have 30 dollars.
entailment	Lucy asked Daniel for 1000 dollars. Daniel had 400.	Daniel did not have 1000 dollars.
entailment	Melissa asked Richard for 100 dollars. Richard had 20.	Richard did not have 100 dollars.
entailment	Catherine asked Dave for 50 dollars. Dave had 40.	Dave did not have 50 dollars.
entailment	Charlie asked Alfred for 20 dollars. Alfred had 10.	Alfred did not have 20 dollars.
entailment	George asked William for 50 dollars. William had 10.	William did not have 50 dollars.
entailment	Karen asked Joseph for 100 dollars. Joseph had 30.	Joseph did not have 100 dollars.
entailment	Caroline asked Dan for 300 dollars. Dan had 200.	Dan did not have 300 dollars.
entailment	Kathleen asked Annie for 200 dollars. Annie had 100.	Annie did not have 200 dollars.
entailment	Carol asked Carolyn for 20 dollars. Carolyn had 10.	Carolyn did not have 20 dollars.
entailment	Albert asked Sandra for 100 dollars. Sandra had 20.	Sandra did not have 100 dollars.
entailment	Lisa asked Charles for 50 dollars. Charles had 40.	Charles did not have 50 dollars.
entailment	Evelyn asked Caroline for 200 dollars. Caroline had 40.	Caroline did not have 200 dollars.
entailment	Alice asked Kim for 30 dollars. Kim had 20.	Kim did not have 30 dollars.
entailment	Catherine asked Jim for 40 dollars. Jim had 10.	Jim did not have 40 dollars.
entailment	Roger asked Louise for 200 dollars. Louise had 40.	Louise did not have 200 dollars.
entailment	Stephanie asked Tim for 1000 dollars. Tim had 10.	Tim did not have 1000 dollars.
entailment	Sandra asked Albert for 40 dollars. Albert had 10.	Albert did not have 40 dollars.
entailment	Jill asked Linda for 400 dollars. Linda had 100.	Linda did not have 400 dollars.
entailment	Amanda asked Dave for 400 dollars. Dave had 10.	Dave did not have 400 dollars.
entailment	Keith asked Rose for 400 dollars. Rose had 10.	Rose did not have 400 dollars.
entailment	Frank asked Barbara for 50 dollars. Barbara had 30.	Barbara did not have 50 dollars.
entailment	Sophie asked Sue for 200 dollars. Sue had 50.	Sue did not have 200 dollars.
entailment	Kate asked Matthew for 500 dollars. Matthew had 400.	Matthew did not have 500 dollars.
entailment	Mary asked Steven for 20 dollars. Steven had 10.	Steven did not have 20 dollars.
entailment	Joan asked Jonathan for 20 dollars. Jonathan had 10.	Jonathan did not have 20 dollars.
entailment	Lawrence asked Edwin for 50 dollars. Edwin had 10.	Edwin did not have 50 dollars.
entailment	Walter asked Kim for 50 dollars. Kim had 10.	Kim did not have 50 dollars.
entailment	Elaine asked Robert for 100 dollars. Robert had 20.	Robert did not have 100 dollars.
entailment	Walter asked Benjamin for 100 dollars. Benjamin had 30.	Benjamin did not have 100 dollars.
entailment	Gary asked Simon for 20 dollars. Simon had 10.	Simon did not have 20 dollars.
entailment	Grace asked Virginia for 100 dollars. Virginia had 20.	Virginia did not have 100 dollars.
entailment	Jessica asked Charles for 1000 dollars. Charles had 10.	Charles did not have 1000 dollars.
entailment	Harry asked Sam for 1000 dollars. Sam had 100.	Sam did not have 1000 dollars.
entailment	Anthony asked Evelyn for 1000 dollars. Evelyn had 10.	Evelyn did not have 1000 dollars.
entailment	Jeff asked Ray for 1000 dollars. Ray had 200.	Ray did not have 1000 dollars.
entailment	Harriet asked Christine for 200 dollars. Christine had 30.	Christine did not have 200 dollars.
entailment	Mary asked Catherine for 400 dollars. Catherine had 300.	Catherine did not have 400 dollars.
entailment	Sally asked Daniel for 50 dollars. Daniel had 30.	Daniel did not have 50 dollars.
entailment	Joe asked Lisa for 20 dollars. Lisa had 10.	Lisa did not have 20 dollars.
entailment	Greg asked Gary for 500 dollars. Gary had 10.	Gary did not have 500 dollars.
entailment	Greg asked Francis for 30 dollars. Francis had 20.	Francis did not have 30 dollars.
entailment	Nancy asked Ian for 50 dollars. Ian had 10.	Ian did not have 50 dollars.
entailment	Robin asked Judy for 30 dollars. Judy had 20.	Judy did not have 30 dollars.
entailment	Johnny asked Andrew for 400 dollars. Andrew had 10.	Andrew did not have 400 dollars.
entailment	Jeff asked Jane for 50 dollars. Jane had 10.	Jane did not have 50 dollars.
entailment	Peter asked Harry for 100 dollars. Harry had 30.	Harry did not have 100 dollars.
entailment	Kim asked Deborah for 40 dollars. Deborah had 20.	Deborah did not have 40 dollars.
entailment	Billy asked Marilyn for 1000 dollars. Marilyn had 10.	Marilyn did not have 1000 dollars.
entailment	Dan asked Chris for 200 dollars. Chris had 30.	Chris did not have 200 dollars.
entailment	Bruce asked Larry for 20 dollars. Larry had 10.	Larry did not have 20 dollars.
entailment	Jeff asked Charles for 40 dollars. Charles had 30.	Charles did not have 40 dollars.
entailment	David asked Christine for 1000 dollars. Christine had 200.	Christine did not have 1000 dollars.
entailment	Kathleen asked Margaret for 400 dollars. Margaret had 30.	Margaret did not have 400 dollars.
entailment	Carol asked Michelle for 400 dollars. Michelle had 50.	Michelle did not have 400 dollars.
entailment	Caroline asked Patricia for 20 dollars. Patricia had 10.	Patricia did not have 20 dollars.
entailment	Ray asked Joseph for 300 dollars. Joseph had 30.	Joseph did not have 300 dollars.
entailment	Jerry asked Kim for 300 dollars. Kim had 30.	Kim did not have 300 dollars.
entailment	Janet asked Kim for 20 dollars. Kim had 10.	Kim did not have 20 dollars.
entailment	Patricia asked Henry for 50 dollars. Henry had 30.	Henry did not have 50 dollars.
entailment	Lawrence asked Jennifer for 200 dollars. Jennifer had 40.	Jennifer did not have 200 dollars.
entailment	Alexander asked Steven for 50 dollars. Steven had 10.	Steven did not have 50 dollars.
entailment	Bob asked Melissa for 200 dollars. Melissa had 100.	Melissa did not have 200 dollars.
entailment	David asked Alex for 1000 dollars. Alex had 200.	Alex did not have 1000 dollars.
entailment	Ralph asked Carol for 30 dollars. Carol had 20.	Carol did not have 30 dollars.
entailment	Diana asked Rose for 100 dollars. Rose had 30.	Rose did not have 100 dollars.
entailment	Suzanne asked Lauren for 50 dollars. Lauren had 40.	Lauren did not have 50 dollars.
entailment	Bruce asked Henry for 20 dollars. Henry had 10.	Henry did not have 20 dollars.
entailment	Heather asked Roy for 100 dollars. Roy had 50.	Roy did not have 100 dollars.
entailment	Larry asked Melissa for 400 dollars. Melissa had 30.	Melissa did not have 400 dollars.
entailment	Harry asked Bobby for 1000 dollars. Bobby had 500.	Bobby did not have 1000 dollars.
entailment	Arthur asked Tony for 40 dollars. Tony had 20.	Tony did not have 40 dollars.
entailment	Carl asked Marie for 100 dollars. Marie had 20.	Marie did not have 100 dollars.
entailment	Margaret asked Johnny for 20 dollars. Johnny had 10.	Johnny did not have 20 dollars.
entailment	Sally asked Katie for 500 dollars. Katie had 30.	Katie did not have 500 dollars.
entailment	Marilyn asked Jean for 400 dollars. Jean had 100.	Jean did not have 400 dollars.
entailment	Rose asked Jack for 300 dollars. Jack had 100.	Jack did not have 300 dollars.
entailment	Sally asked Edward for 1000 dollars. Edward had 500.	Edward did not have 1000 dollars.
entailment	Matt asked Billy for 40 dollars. Billy had 30.	Billy did not have 40 dollars.
entailment	Ken asked Sue for 30 dollars. Sue had 20.	Sue did not have 30 dollars.
entailment	Laura asked Victoria for 500 dollars. Victoria had 50.	Victoria did not have 500 dollars.
entailment	Anthony asked Jean for 100 dollars. Jean had 30.	Jean did not have 100 dollars.
entailment	Lisa asked Ann for 500 dollars. Ann had 10.	Ann did not have 500 dollars.
entailment	Andrea asked Stephen for 50 dollars. Stephen had 10.	Stephen did not have 50 dollars.
entailment	Evelyn asked Judith for 30 dollars. Judith had 20.	Judith did not have 30 dollars.
entailment	Charlie asked Jim for 200 dollars. Jim had 40.	Jim did not have 200 dollars.
entailment	Fred asked Kathryn for 100 dollars. Kathryn had 10.	Kathryn did not have 100 dollars.
entailment	Susan asked Joe for 100 dollars. Joe had 40.	Joe did not have 100 dollars.
entailment	Ryan asked Patricia for 40 dollars. Patricia had 10.	Patricia did not have 40 dollars.
entailment	Carl asked Christine for 500 dollars. Christine had 100.	Christine did not have 500 dollars.
entailment	Benjamin asked Alexander for 30 dollars. Alexander had 20.	Alexander did not have 30 dollars.
entailment	Barbara asked Karen for 100 dollars. Karen had 30.	Karen did not have 100 dollars.
entailment	Judy asked Ed for 20 dollars. Ed had 10.	Ed did not have 20 dollars.
entailment	James asked Scott for 200 dollars. Scott had 20.	Scott did not have 200 dollars.
entailment	Walter asked Caroline for 30 dollars. Caroline had 10.	Caroline did not have 30 dollars.
entailment	Harold asked Dorothy for 1000 dollars. Dorothy had 50.	Dorothy did not have 1000 dollars.
entailment	Edwin asked Nancy for 400 dollars. Nancy had 100.	Nancy did not have 400 dollars.
entailment	Marilyn asked Jeff for 400 dollars. Jeff had 10.	Jeff did not have 400 dollars.
entailment	Charlotte asked Katie for 40 dollars. Katie had 10.	Katie did not have 40 dollars.
entailment	Al asked Colin for 40 dollars. Colin had 10.	Colin did not have 40 dollars.
entailment	Jane asked Karen for 30 dollars. Karen had 10.	Karen did not have 30 dollars.
entailment	Ed asked Jerry for 20 dollars. Jerry had 10.	Jerry did not have 20 dollars.
entailment	Martha asked Roger for 400 dollars. Roger had 40.	Roger did not have 400 dollars.
entailment	Joseph asked Nicole for 100 dollars. Nicole had 30.	Nicole did not have 100 dollars.
entailment	Joe asked Patricia for 20 dollars. Patricia had 10.	Patricia did not have 20 dollars.
entailment	Joe asked Joseph for 500 dollars. Joseph had 30.	Joseph did not have 500 dollars.
entailment	Angela asked Harriet for 1000 dollars. Harriet had 10.	Harriet did not have 1000 dollars.
entailment	Margaret asked Caroline for 300 dollars. Caroline had 20.	Caroline did not have 300 dollars.
entailment	Amy asked Johnny for 500 dollars. Johnny had 200.	Johnny did not have 500 dollars.
entailment	Rebecca asked William for 50 dollars. William had 40.	William did not have 50 dollars.
entailment	Bruce asked Carl for 20 dollars. Carl had 10.	Carl did not have 20 dollars.
entailment	Christine asked Jason for 30 dollars. Jason had 20.	Jason did not have 30 dollars.
entailment	Jerry asked Sarah for 1000 dollars. Sarah had 50.	Sarah did not have 1000 dollars.
entailment	Angela asked Don for 400 dollars. Don had 50.	Don did not have 400 dollars.
entailment	Al asked Edwin for 400 dollars. Edwin had 20.	Edwin did not have 400 dollars.
entailment	Andrew asked Jane for 20 dollars. Jane had 10.	Jane did not have 20 dollars.
entailment	Ryan asked Alexander for 300 dollars. Alexander had 20.	Alexander did not have 300 dollars.
entailment	Emily asked Barbara for 50 dollars. Barbara had 10.	Barbara did not have 50 dollars.
entailment	Alan asked Philip for 1000 dollars. Philip had 40.	Philip did not have 1000 dollars.
entailment	Ben asked Kathleen for 500 dollars. Kathleen had 400.	Kathleen did not have 500 dollars.
entailment	Michelle asked Johnny for 50 dollars. Johnny had 30.	Johnny did not have 50 dollars.
entailment	Carl asked Henry for 40 dollars. Henry had 30.	Henry did not have 40 dollars.
entailment	Frances asked Christopher for 500 dollars. Christopher had 20.	Christopher did not have 500 dollars.
entailment	Tim asked Alex for 40 dollars. Alex had 10.	Alex did not have 40 dollars.
entailment	Caroline asked Billy for 300 dollars. Billy had 20.	Billy did not have 300 dollars.
entailment	Louise asked Robin for 50 dollars. Robin had 20.	Robin did not have 50 dollars.
entailment	Dick asked Kelly for 400 dollars. Kelly had 300.	Kelly did not have 400 dollars.
entailment	Jay asked Bobby for 500 dollars. Bobby had 400.	Bobby did not have 500 dollars.
entailment	Tony asked Alice for 300 dollars. Alice had 40.	Alice did not have 300 dollars.
entailment	Roy asked Mike for 30 dollars. Mike had 10.	Mike did not have 30 dollars.
entailment	Cynthia asked Mary for 20 dollars. Mary had 10.	Mary did not have 20 dollars.
entailment	Kenneth asked Ed for 40 dollars. Ed had 10.	Ed did not have 40 dollars.
entailment	Robert asked Maria for 50 dollars. Maria had 10.	Maria did not have 50 dollars.
entailment	Rebecca asked Dave for 400 dollars. Dave had 20.	Dave did not have 400 dollars.
entailment	Amanda asked Nick for 20 dollars. Nick had 10.	Nick did not have 20 dollars.
entailment	Edwin asked Jay for 30 dollars. Jay had 10.	Jay did not have 30 dollars.
entailment	Tim asked Linda for 50 dollars. Linda had 30.	Linda did not have 50 dollars.
entailment	Eleanor asked Amanda for 200 dollars. Amanda had 100.	Amanda did not have 200 dollars.
entailment	Kelly asked Caroline for 30 dollars. Caroline had 10.	Caroline did not have 30 dollars.
entailment	Carolyn asked Ashley for 30 dollars. Ashley had 20.	Ashley did not have 30 dollars.
entailment	Elizabeth asked Roy for 1000 dollars. Roy had 50.	Roy did not have 1000 dollars.
entailment	William asked Alan for 200 dollars. Alan had 20.	Alan did not have 200 dollars.
entailment	John asked Brian for 400 dollars. Brian had 300.	Brian did not have 400 dollars.
entailment	Alex asked Robin for 300 dollars. Robin had 50.	Robin did not have 300 dollars.
entailment	Edith asked Walter for 100 dollars. Walter had 20.	Walter did not have 100 dollars.
entailment	Harriet asked Colin for 30 dollars. Colin had 20.	Colin did not have 30 dollars.
entailment	Marilyn asked Amanda for 40 dollars. Amanda had 10.	Amanda did not have 40 dollars.
entailment	Dick asked Louise for 50 dollars. Louise had 40.	Louise did not have 50 dollars.
entailment	Bob asked David for 100 dollars. David had 50.	David did not have 100 dollars.
entailment	Suzanne asked Arthur for 300 dollars. Arthur had 10.	Arthur did not have 300 dollars.
entailment	Colin asked Katie for 500 dollars. Katie had 10.	Katie did not have 500 dollars.
entailment	Claire asked Nick for 50 dollars. Nick had 40.	Nick did not have 50 dollars.
entailment	Alice asked Henry for 20 dollars. Henry had 10.	Henry did not have 20 dollars.
entailment	Ben asked Stephanie for 200 dollars. Stephanie had 30.	Stephanie did not have 200 dollars.
entailment	Sharon asked Sara for 20 dollars. Sara had 10.	Sara did not have 20 dollars.
entailment	Michael asked Mark for 30 dollars. Mark had 20.	Mark did not have 30 dollars.
entailment	Christine asked Leslie for 20 dollars. Leslie had 10.	Leslie did not have 20 dollars.
entailment	Ellen asked Diane for 1000 dollars. Diane had 100.	Diane did not have 1000 dollars.
entailment	Judy asked Dick for 400 dollars. Dick had 100.	Dick did not have 400 dollars.
entailment	Fred asked Edwin for 500 dollars. Edwin had 300.	Edwin did not have 500 dollars.
entailment	Ruth asked Dorothy for 40 dollars. Dorothy had 10.	Dorothy did not have 40 dollars.
entailment	Lynn asked Keith for 100 dollars. Keith had 30.	Keith did not have 100 dollars.
entailment	Adam asked Maria for 30 dollars. Maria had 10.	Maria did not have 30 dollars.
entailment	Heather asked Andrew for 300 dollars. Andrew had 10.	Andrew did not have 300 dollars.
entailment	Hugh asked Colin for 500 dollars. Colin had 300.	Colin did not have 500 dollars.
entailment	John asked Harry for 100 dollars. Harry had 30.	Harry did not have 100 dollars.
entailment	Simon asked Dorothy for 50 dollars. Dorothy had 30.	Dorothy did not have 50 dollars.
entailment	Maria asked Ian for 300 dollars. Ian had 40.	Ian did not have 300 dollars.
entailment	Victoria asked Paul for 300 dollars. Paul had 40.	Paul did not have 300 dollars.
entailment	Edwin asked Larry for 500 dollars. Larry had 100.	Larry did not have 500 dollars.
entailment	Eric asked Elaine for 1000 dollars. Elaine had 10.	Elaine did not have 1000 dollars.
entailment	Jessica asked Jimmy for 40 dollars. Jimmy had 10.	Jimmy did not have 40 dollars.
entailment	Linda asked Dick for 50 dollars. Dick had 40.	Dick did not have 50 dollars.
entailment	Jason asked Laura for 20 dollars. Laura had 10.	Laura did not have 20 dollars.
entailment	Dorothy asked Carol for 40 dollars. Carol had 10.	Carol did not have 40 dollars.
entailment	Ben asked Johnny for 500 dollars. Johnny had 10.	Johnny did not have 500 dollars.
entailment	Donald asked Julie for 20 dollars. Julie had 10.	Julie did not have 20 dollars.
entailment	Maria asked Jane for 200 dollars. Jane had 30.	Jane did not have 200 dollars.
entailment	Tom asked Charles for 100 dollars. Charles had 50.	Charles did not have 100 dollars.
entailment	Lisa asked Eric for 1000 dollars. Eric had 30.	Eric did not have 1000 dollars.
entailment	Susan asked Chris for 30 dollars. Chris had 20.	Chris did not have 30 dollars.
entailment	Kim asked Linda for 50 dollars. Linda had 10.	Linda did not have 50 dollars.
entailment	Melissa asked Patrick for 40 dollars. Patrick had 20.	Patrick did not have 40 dollars.
entailment	Gary asked Rebecca for 20 dollars. Rebecca had 10.	Rebecca did not have 20 dollars.
entailment	Florence asked Mark for 40 dollars. Mark had 30.	Mark did not have 40 dollars.
entailment	Martha asked Simon for 20 dollars. Simon had 10.	Simon did not have 20 dollars.
entailment	Nick asked Sue for 40 dollars. Sue had 10.	Sue did not have 40 dollars.
entailment	Simon asked James for 40 dollars. James had 10.	James did not have 40 dollars.
entailment	Cynthia asked Alexander for 100 dollars. Alexander had 30.	Alexander did not have 100 dollars.
entailment	Jeff asked Nancy for 30 dollars. Nancy had 20.	Nancy did not have 30 dollars.
entailment	Jerry asked Emily for 1000 dollars. Emily had 50.	Emily did not have 1000 dollars.
entailment	Maria asked Deborah for 50 dollars. Deborah had 40.	Deborah did not have 50 dollars.
entailment	Nicole asked Emma for 400 dollars. Emma had 100.	Emma did not have 400 dollars.
entailment	Katie asked Edith for 20 dollars. Edith had 10.	Edith did not have 20 dollars.
entailment	Sara asked Martha for 50 dollars. Martha had 40.	Martha did not have 50 dollars.
entailment	Jim asked Dick for 100 dollars. Dick had 40.	Dick did not have 100 dollars.
entailment	Larry asked Sam for 300 dollars. Sam had 100.	Sam did not have 300 dollars.
entailment	Angela asked Donald for 400 dollars. Donald had 100.	Donald did not have 400 dollars.
entailment	Emma asked Sue for 30 dollars. Sue had 20.	Sue did not have 30 dollars.
entailment	Kenneth asked Sara for 200 dollars. Sara had 100.	Sara did not have 200 dollars.
entailment	Janet asked Helen for 30 dollars. Helen had 20.	Helen did not have 30 dollars.
entailment	Frederick asked Sophie for 200 dollars. Sophie had 20.	Sophie did not have 200 dollars.
entailment	Dave asked Sarah for 400 dollars. Sarah had 100.	Sarah did not have 400 dollars.
entailment	Julie asked Donald for 20 dollars. Donald had 10.	Donald did not have 20 dollars.
entailment	Hugh asked Patrick for 200 dollars. Patrick had 10.	Patrick did not have 200 dollars.
entailment	Anne asked Wendy for 500 dollars. Wendy had 40.	Wendy did not have 500 dollars.
entailment	Julia asked Eleanor for 30 dollars. Eleanor had 10.	Eleanor did not have 30 dollars.
entailment	Betty asked Grace for 20 dollars. Grace had 10.	Grace did not have 20 dollars.
entailment	Lauren asked Bob for 400 dollars. Bob had 20.	Bob did not have 400 dollars.
entailment	Jack asked Eleanor for 20 dollars. Eleanor had 10.	Eleanor did not have 20 dollars.
entailment	Cynthia asked Christine for 40 dollars. Christine had 30.	Christine did not have 40 dollars.
entailment	Stephen asked Jimmy for 20 dollars. Jimmy had 10.	Jimmy did not have 20 dollars.
entailment	Jason asked Jane for 100 dollars. Jane had 40.	Jane did not have 100 dollars.
entailment	Peter asked Harold for 50 dollars. Harold had 30.	Harold did not have 50 dollars.
entailment	Helen asked Carl for 1000 dollars. Carl had 200.	Carl did not have 1000 dollars.
entailment	Larry asked Judith for 300 dollars. Judith had 10.	Judith did not have 300 dollars.
entailment	Donna asked Bill for 50 dollars. Bill had 20.	Bill did not have 50 dollars.
entailment	Harriet asked Frederick for 300 dollars. Frederick had 200.	Frederick did not have 300 dollars.
entailment	Sarah asked Christopher for 400 dollars. Christopher had 30.	Christopher did not have 400 dollars.
entailment	Nancy asked Sandra for 100 dollars. Sandra had 50.	Sandra did not have 100 dollars.
entailment	Jack asked Claire for 50 dollars. Claire had 10.	Claire did not have 50 dollars.
entailment	Benjamin asked Marie for 30 dollars. Marie had 20.	Marie did not have 30 dollars.
entailment	Donald asked Laura for 400 dollars. Laura had 100.	Laura did not have 400 dollars.
entailment	Sally asked Ann for 30 dollars. Ann had 20.	Ann did not have 30 dollars.
entailment	Harold asked James for 100 dollars. James had 40.	James did not have 100 dollars.
entailment	Sara asked Roy for 500 dollars. Roy had 50.	Roy did not have 500 dollars.
entailment	Judy asked Stephen for 40 dollars. Stephen had 20.	Stephen did not have 40 dollars.
entailment	Eric asked Sara for 1000 dollars. Sara had 300.	Sara did not have 1000 dollars.
entailment	Greg asked Amanda for 40 dollars. Amanda had 10.	Amanda did not have 40 dollars.
entailment	Simon asked Larry for 500 dollars. Larry had 300.	Larry did not have 500 dollars.
entailment	Bobby asked Nick for 200 dollars. Nick had 30.	Nick did not have 200 dollars.
entailment	Robert asked Gary for 40 dollars. Gary had 10.	Gary did not have 40 dollars.
entailment	Patrick asked Jonathan for 100 dollars. Jonathan had 20.	Jonathan did not have 100 dollars.
entailment	Michael asked Paul for 40 dollars. Paul had 20.	Paul did not have 40 dollars.
entailment	Emily asked Carol for 400 dollars. Carol had 300.	Carol did not have 400 dollars.
entailment	Samuel asked Elaine for 20 dollars. Elaine had 10.	Elaine did not have 20 dollars.
entailment	Nancy asked Barbara for 40 dollars. Barbara had 10.	Barbara did not have 40 dollars.
entailment	Ann asked Martha for 1000 dollars. Martha had 500.	Martha did not have 1000 dollars.
entailment	Francis asked Andrew for 1000 dollars. Andrew had 200.	Andrew did not have 1000 dollars.
entailment	Jennifer asked Lucy for 1000 dollars. Lucy had 100.	Lucy did not have 1000 dollars.
entailment	Carl asked Carolyn for 20 dollars. Carolyn had 10.	Carolyn did not have 20 dollars.
entailment	Alex asked Ray for 500 dollars. Ray had 40.	Ray did not have 500 dollars.
entailment	Bob asked Nick for 400 dollars. Nick had 30.	Nick did not have 400 dollars.
entailment	Joseph asked Daniel for 40 dollars. Daniel had 20.	Daniel did not have 40 dollars.
entailment	Daniel asked Christopher for 500 dollars. Christopher had 100.	Christopher did not have 500 dollars.
entailment	Martha asked Caroline for 400 dollars. Caroline had 10.	Caroline did not have 400 dollars.
entailment	Laura asked Catherine for 30 dollars. Catherine had 20.	Catherine did not have 30 dollars.
entailment	Kenneth asked Ralph for 100 dollars. Ralph had 50.	Ralph did not have 100 dollars.
entailment	Helen asked Edwin for 400 dollars. Edwin had 300.	Edwin did not have 400 dollars.
entailment	Ann asked Ken for 50 dollars. Ken had 10.	Ken did not have 50 dollars.
entailment	Diane asked Nick for 1000 dollars. Nick had 200.	Nick did not have 1000 dollars.
entailment	Bill asked Hugh for 200 dollars. Hugh had 10.	Hugh did not have 200 dollars.
entailment	Kate asked Frank for 400 dollars. Frank had 20.	Frank did not have 400 dollars.
entailment	Fred asked Ruth for 100 dollars. Ruth had 50.	Ruth did not have 100 dollars.
entailment	Leslie asked Stephanie for 100 dollars. Stephanie had 10.	Stephanie did not have 100 dollars.
entailment	Tim asked Martha for 50 dollars. Martha had 10.	Martha did not have 50 dollars.
entailment	Claire asked Alexander for 300 dollars. Alexander had 200.	Alexander did not have 300 dollars.
entailment	Diane asked Andrew for 20 dollars. Andrew had 10.	Andrew did not have 20 dollars.
entailment	Charlotte asked Carol for 1000 dollars. Carol had 20.	Carol did not have 1000 dollars.
entailment	Michelle asked Julie for 50 dollars. Julie had 10.	Julie did not have 50 dollars.
entailment	Ben asked Harry for 20 dollars. Harry had 10.	Harry did not have 20 dollars.
entailment	Evelyn asked Francis for 100 dollars. Francis had 30.	Francis did not have 100 dollars.
entailment	James asked Harold for 200 dollars. Harold had 20.	Harold did not have 200 dollars.
entailment	Benjamin asked Simon for 50 dollars. Simon had 20.	Simon did not have 50 dollars.
entailment	Bill asked Fiona for 20 dollars. Fiona had 10.	Fiona did not have 20 dollars.
entailment	Frederick asked Samuel for 30 dollars. Samuel had 10.	Samuel did not have 30 dollars.
entailment	Margaret asked Alex for 30 dollars. Alex had 20.	Alex did not have 30 dollars.
entailment	Donna asked David for 20 dollars. David had 10.	David did not have 20 dollars.
entailment	Patrick asked Jeff for 100 dollars. Jeff had 40.	Jeff did not have 100 dollars.
entailment	Frances asked Katherine for 40 dollars. Katherine had 20.	Katherine did not have 40 dollars.
entailment	Philip asked Carolyn for 100 dollars. Carolyn had 20.	Carolyn did not have 100 dollars.
entailment	Christine asked Mark for 30 dollars. Mark had 10.	Mark did not have 30 dollars.
entailment	Steven asked Walter for 20 dollars. Walter had 10.	Walter did not have 20 dollars.
entailment	Nick asked William for 300 dollars. William had 200.	William did not have 300 dollars.
entailment	Scott asked Sally for 500 dollars. Sally had 40.	Sally did not have 500 dollars.
entailment	Elaine asked Judy for 100 dollars. Judy had 30.	Judy did not have 100 dollars.
entailment	Kathy asked Billy for 300 dollars. Billy had 50.	Billy did not have 300 dollars.
entailment	Judith asked Simon for 20 dollars. Simon had 10.	Simon did not have 20 dollars.
entailment	Michael asked Larry for 300 dollars. Larry had 100.	Larry did not have 300 dollars.
entailment	Jean asked Stephen for 30 dollars. Stephen had 20.	Stephen did not have 30 dollars.
entailment	Alan asked Nancy for 500 dollars. Nancy had 300.	Nancy did not have 500 dollars.
entailment	Ashley asked Charlotte for 500 dollars. Charlotte had 50.	Charlotte did not have 500 dollars.
entailment	Sara asked Rebecca for 30 dollars. Rebecca had 10.	Rebecca did not have 30 dollars.
entailment	Bob asked Joseph for 1000 dollars. Joseph had 40.	Joseph did not have 1000 dollars.
entailment	Carl asked Julie for 200 dollars. Julie had 20.	Julie did not have 200 dollars.
entailment	Michael asked James for 100 dollars. James had 10.	James did not have 100 dollars.
entailment	Ed asked Dan for 300 dollars. Dan had 30.	Dan did not have 300 dollars.
entailment	Albert asked Amy for 40 dollars. Amy had 10.	Amy did not have 40 dollars.
entailment	Rose asked Claire for 30 dollars. Claire had 10.	Claire did not have 30 dollars.
entailment	Matt asked Mark for 100 dollars. Mark had 30.	Mark did not have 100 dollars.
entailment	Chris asked Victoria for 20 dollars. Victoria had 10.	Victoria did not have 20 dollars.
entailment	Harriet asked Diane for 400 dollars. Diane had 50.	Diane did not have 400 dollars.
entailment	Greg asked Cynthia for 500 dollars. Cynthia had 20.	Cynthia did not have 500 dollars.
entailment	Ben asked Jason for 30 dollars. Jason had 10.	Jason did not have 30 dollars.
entailment	Charlotte asked Frank for 40 dollars. Frank had 20.	Frank did not have 40 dollars.
entailment	Linda asked Ruth for 20 dollars. Ruth had 10.	Ruth did not have 20 dollars.
entailment	William asked Carol for 400 dollars. Carol had 300.	Carol did not have 400 dollars.
entailment	Bill asked Richard for 30 dollars. Richard had 10.	Richard did not have 30 dollars.
entailment	Alison asked Amy for 1000 dollars. Amy had 500.	Amy did not have 1000 dollars.
entailment	Claire asked John for 300 dollars. John had 20.	John did not have 300 dollars.
entailment	Jill asked Tom for 400 dollars. Tom had 10.	Tom did not have 400 dollars.
entailment	Frances asked Victoria for 1000 dollars. Victoria had 50.	Victoria did not have 1000 dollars.
entailment	Jay asked Jason for 40 dollars. Jason had 30.	Jason did not have 40 dollars.
entailment	Maria asked Jay for 400 dollars. Jay had 300.	Jay did not have 400 dollars.
entailment	Maria asked Anna for 300 dollars. Anna had 40.	Anna did not have 300 dollars.
entailment	Anne asked Rose for 200 dollars. Rose had 20.	Rose did not have 200 dollars.
entailment	Alice asked Sophie for 300 dollars. Sophie had 200.	Sophie did not have 300 dollars.
entailment	Alexander asked John for 1000 dollars. John had 400.	John did not have 1000 dollars.
entailment	Marie asked Keith for 100 dollars. Keith had 20.	Keith did not have 100 dollars.
entailment	Sharon asked Julia for 500 dollars. Julia had 400.	Julia did not have 500 dollars.
entailment	Henry asked Patricia for 20 dollars. Patricia had 10.	Patricia did not have 20 dollars.
entailment	Steven asked Edwin for 100 dollars. Edwin had 40.	Edwin did not have 100 dollars.
entailment	Florence asked Christopher for 300 dollars. Christopher had 200.	Christopher did not have 300 dollars.
entailment	Edwin asked Joan for 200 dollars. Joan had 40.	Joan did not have 200 dollars.
entailment	Alexander asked Tony for 200 dollars. Tony had 30.	Tony did not have 200 dollars.
entailment	Brian asked Ken for 20 dollars. Ken had 10.	Ken did not have 20 dollars.
entailment	Paul asked Alex for 100 dollars. Alex had 30.	Alex did not have 100 dollars.
entailment	Charlie asked Jill for 400 dollars. Jill had 100.	Jill did not have 400 dollars.
entailment	Stephanie asked Ben for 30 dollars. Ben had 10.	Ben did not have 30 dollars.
entailment	Julia asked Fred for 300 dollars. Fred had 10.	Fred did not have 300 dollars.
entailment	Tom asked Elaine for 30 dollars. Elaine had 20.	Elaine did not have 30 dollars.
entailment	Christopher asked Robert for 200 dollars. Robert had 20.	Robert did not have 200 dollars.
entailment	Martha asked Charles for 400 dollars. Charles had 300.	Charles did not have 400 dollars.
entailment	Johnny asked Ashley for 500 dollars. Ashley had 400.	Ashley did not have 500 dollars.
entailment	Amy asked Anne for 200 dollars. Anne had 50.	Anne did not have 200 dollars.
entailment	Kathy asked Judy for 1000 dollars. Judy had 20.	Judy did not have 1000 dollars.
entailment	Mary asked Kim for 400 dollars. Kim had 200.	Kim did not have 400 dollars.
entailment	Tim asked Steven for 300 dollars. Steven had 200.	Steven did not have 300 dollars.
entailment	Jack asked Lucy for 20 dollars. Lucy had 10.	Lucy did not have 20 dollars.
entailment	Bill asked Emma for 500 dollars. Emma had 400.	Emma did not have 500 dollars.
entailment	Alice asked Rebecca for 50 dollars. Rebecca had 40.	Rebecca did not have 50 dollars.
entailment	Peter asked Roy for 20 dollars. Roy had 10.	Roy did not have 20 dollars.
entailment	Bruce asked Sam for 20 dollars. Sam had 10.	Sam did not have 20 dollars.
entailment	Andrea asked Don for 50 dollars. Don had 30.	Don did not have 50 dollars.
entailment	Diana asked Suzanne for 500 dollars. Suzanne had 50.	Suzanne did not have 500 dollars.
entailment	Jennifer asked Sam for 400 dollars. Sam had 100.	Sam did not have 400 dollars.
entailment	Jonathan asked Roger for 100 dollars. Roger had 10.	Roger did not have 100 dollars.
entailment	Kelly asked Florence for 200 dollars. Florence had 20.	Florence did not have 200 dollars.
entailment	Emma asked Catherine for 20 dollars. Catherine had 10.	Catherine did not have 20 dollars.
entailment	Margaret asked Julia for 300 dollars. Julia had 30.	Julia did not have 300 dollars.
entailment	Barbara asked Jerry for 20 dollars. Jerry had 10.	Jerry did not have 20 dollars.
entailment	Ron asked Alice for 200 dollars. Alice had 30.	Alice did not have 200 dollars.
entailment	Anna asked Rachel for 40 dollars. Rachel had 10.	Rachel did not have 40 dollars.
entailment	Ellen asked Sally for 100 dollars. Sally had 50.	Sally did not have 100 dollars.
entailment	Evelyn asked Alexander for 500 dollars. Alexander had 100.	Alexander did not have 500 dollars.
entailment	Kathy asked Leslie for 200 dollars. Leslie had 40.	Leslie did not have 200 dollars.
entailment	Christine asked Samuel for 30 dollars. Samuel had 10.	Samuel did not have 30 dollars.
entailment	Nick asked Florence for 100 dollars. Florence had 50.	Florence did not have 100 dollars.
entailment	Virginia asked Billy for 1000 dollars. Billy had 400.	Billy did not have 1000 dollars.
entailment	Larry asked Jim for 300 dollars. Jim had 20.	Jim did not have 300 dollars.
entailment	Marilyn asked Scott for 300 dollars. Scott had 20.	Scott did not have 300 dollars.
entailment	Ray asked George for 1000 dollars. George had 40.	George did not have 1000 dollars.
entailment	Bob asked Adam for 100 dollars. Adam had 10.	Adam did not have 100 dollars.
entailment	Evelyn asked Grace for 40 dollars. Grace had 10.	Grace did not have 40 dollars.
entailment	Julia asked Frances for 1000 dollars. Frances had 30.	Frances did not have 1000 dollars.
entailment	Billy asked Virginia for 50 dollars. Virginia had 10.	Virginia did not have 50 dollars.
entailment	Ellen asked Diane for 50 dollars. Diane had 20.	Diane did not have 50 dollars.
entailment	Brian asked Jack for 200 dollars. Jack had 30.	Jack did not have 200 dollars.
entailment	Rachel asked Elaine for 200 dollars. Elaine had 20.	Elaine did not have 200 dollars.
entailment	Dorothy asked Ellen for 40 dollars. Ellen had 30.	Ellen did not have 40 dollars.
entailment	Christine asked Leslie for 200 dollars. Leslie had 10.	Leslie did not have 200 dollars.
entailment	Harry asked Colin for 200 dollars. Colin had 10.	Colin did not have 200 dollars.
entailment	Amanda asked Sandra for 30 dollars. Sandra had 20.	Sandra did not have 30 dollars.
entailment	Lawrence asked Dorothy for 300 dollars. Dorothy had 30.	Dorothy did not have 300 dollars.
entailment	Fiona asked Frank for 50 dollars. Frank had 10.	Frank did not have 50 dollars.
entailment	Virginia asked Henry for 100 dollars. Henry had 50.	Henry did not have 100 dollars.
entailment	Carl asked Gary for 50 dollars. Gary had 40.	Gary did not have 50 dollars.
entailment	Virginia asked Betty for 30 dollars. Betty had 20.	Betty did not have 30 dollars.
entailment	Arthur asked Kim for 1000 dollars. Kim had 500.	Kim did not have 1000 dollars.
entailment	Christine asked Bobby for 50 dollars. Bobby had 40.	Bobby did not have 50 dollars.
entailment	Adam asked Anne for 50 dollars. Anne had 30.	Anne did not have 50 dollars.
entailment	Annie asked Andrea for 50 dollars. Andrea had 10.	Andrea did not have 50 dollars.
entailment	Nicole asked Harold for 500 dollars. Harold had 400.	Harold did not have 500 dollars.
entailment	Sandra asked Margaret for 1000 dollars. Margaret had 300.	Margaret did not have 1000 dollars.
entailment	Jessica asked Bruce for 30 dollars. Bruce had 10.	Bruce did not have 30 dollars.
entailment	Louis asked Pamela for 30 dollars. Pamela had 20.	Pamela did not have 30 dollars.
entailment	Mike asked Deborah for 400 dollars. Deborah had 20.	Deborah did not have 400 dollars.
entailment	Albert asked Benjamin for 300 dollars. Benjamin had 200.	Benjamin did not have 300 dollars.
entailment	Thomas asked Katherine for 500 dollars. Katherine had 20.	Katherine did not have 500 dollars.
entailment	Jane asked Philip for 200 dollars. Philip had 20.	Philip did not have 200 dollars.
entailment	Simon asked Deborah for 20 dollars. Deborah had 10.	Deborah did not have 20 dollars.
entailment	Alex asked Catherine for 1000 dollars. Catherine had 400.	Catherine did not have 1000 dollars.
entailment	Michelle asked Ray for 500 dollars. Ray had 400.	Ray did not have 500 dollars.
entailment	Ellen asked Louis for 40 dollars. Louis had 20.	Louis did not have 40 dollars.
entailment	Rebecca asked Judith for 300 dollars. Judith had 100.	Judith did not have 300 dollars.
entailment	Anthony asked Mike for 300 dollars. Mike had 50.	Mike did not have 300 dollars.
entailment	Robin asked Lawrence for 50 dollars. Lawrence had 20.	Lawrence did not have 50 dollars.
entailment	Stephanie asked Ryan for 100 dollars. Ryan had 50.	Ryan did not have 100 dollars.
entailment	Jim asked Claire for 30 dollars. Claire had 20.	Claire did not have 30 dollars.
entailment	Alex asked Howard for 50 dollars. Howard had 30.	Howard did not have 50 dollars.
entailment	Kenneth asked Stephen for 40 dollars. Stephen had 10.	Stephen did not have 40 dollars.
entailment	Jessica asked Ralph for 40 dollars. Ralph had 30.	Ralph did not have 40 dollars.
entailment	Kathleen asked Sue for 40 dollars. Sue had 30.	Sue did not have 40 dollars.
entailment	Angela asked Alan for 50 dollars. Alan had 40.	Alan did not have 50 dollars.
entailment	Carl asked Tim for 300 dollars. Tim had 30.	Tim did not have 300 dollars.
entailment	Patricia asked Claire for 20 dollars. Claire had 10.	Claire did not have 20 dollars.
entailment	Larry asked Jennifer for 200 dollars. Jennifer had 20.	Jennifer did not have 200 dollars.
entailment	Albert asked Ed for 300 dollars. Ed had 30.	Ed did not have 300 dollars.
entailment	Jill asked Ryan for 300 dollars. Ryan had 40.	Ryan did not have 300 dollars.
entailment	Martin asked Kathryn for 100 dollars. Kathryn had 40.	Kathryn did not have 100 dollars.
entailment	Lisa asked Patricia for 30 dollars. Patricia had 20.	Patricia did not have 30 dollars.
entailment	Annie asked Cynthia for 40 dollars. Cynthia had 30.	Cynthia did not have 40 dollars.
entailment	Barbara asked Frank for 30 dollars. Frank had 20.	Frank did not have 30 dollars.
entailment	Simon asked Sara for 200 dollars. Sara had 40.	Sara did not have 200 dollars.
entailment	Philip asked Dorothy for 1000 dollars. Dorothy had 20.	Dorothy did not have 1000 dollars.
entailment	Jeff asked Bruce for 40 dollars. Bruce had 10.	Bruce did not have 40 dollars.
entailment	Pamela asked Donna for 500 dollars. Donna had 400.	Donna did not have 500 dollars.
entailment	Patricia asked Harriet for 100 dollars. Harriet had 10.	Harriet did not have 100 dollars.
entailment	Louis asked Martha for 40 dollars. Martha had 20.	Martha did not have 40 dollars.
entailment	Kathryn asked Lauren for 300 dollars. Lauren had 50.	Lauren did not have 300 dollars.
entailment	Ruth asked Christopher for 100 dollars. Christopher had 50.	Christopher did not have 100 dollars.
entailment	Jean asked Linda for 300 dollars. Linda had 100.	Linda did not have 300 dollars.
entailment	Bruce asked Ryan for 400 dollars. Ryan had 30.	Ryan did not have 400 dollars.
entailment	Jason asked Thomas for 50 dollars. Thomas had 20.	Thomas did not have 50 dollars.
entailment	Sara asked Greg for 400 dollars. Greg had 10.	Greg did not have 400 dollars.
entailment	Judith asked Nicole for 50 dollars. Nicole had 10.	Nicole did not have 50 dollars.
entailment	Michael asked Brian for 40 dollars. Brian had 30.	Brian did not have 40 dollars.
entailment	Judith asked Kelly for 20 dollars. Kelly had 10.	Kelly did not have 20 dollars.
entailment	Maria asked Frederick for 100 dollars. Frederick had 50.	Frederick did not have 100 dollars.
entailment	Martin asked Roger for 20 dollars. Roger had 10.	Roger did not have 20 dollars.
entailment	Bruce asked Julia for 20 dollars. Julia had 10.	Julia did not have 20 dollars.
entailment	Colin asked Mark for 300 dollars. Mark had 200.	Mark did not have 300 dollars.
entailment	Ashley asked Annie for 20 dollars. Annie had 10.	Annie did not have 20 dollars.
entailment	Harold asked Grace for 1000 dollars. Grace had 10.	Grace did not have 1000 dollars.
entailment	Benjamin asked Kevin for 300 dollars. Kevin had 50.	Kevin did not have 300 dollars.
entailment	Emma asked Nicole for 20 dollars. Nicole had 10.	Nicole did not have 20 dollars.
entailment	Lisa asked Deborah for 50 dollars. Deborah had 10.	Deborah did not have 50 dollars.
entailment	Anne asked Bob for 40 dollars. Bob had 20.	Bob did not have 40 dollars.
entailment	Billy asked Lucy for 200 dollars. Lucy had 30.	Lucy did not have 200 dollars.
entailment	Alexandra asked Scott for 500 dollars. Scott had 300.	Scott did not have 500 dollars.
entailment	Sarah asked Caroline for 40 dollars. Caroline had 10.	Caroline did not have 40 dollars.
entailment	Dick asked Lawrence for 50 dollars. Lawrence had 40.	Lawrence did not have 50 dollars.
entailment	Donald asked Kim for 100 dollars. Kim had 10.	Kim did not have 100 dollars.
entailment	Christine asked Gary for 400 dollars. Gary had 20.	Gary did not have 400 dollars.
entailment	Edith asked Deborah for 500 dollars. Deborah had 10.	Deborah did not have 500 dollars.
entailment	Jack asked Sarah for 400 dollars. Sarah had 20.	Sarah did not have 400 dollars.
entailment	Richard asked William for 20 dollars. William had 10.	William did not have 20 dollars.
entailment	Michael asked Bobby for 100 dollars. Bobby had 50.	Bobby did not have 100 dollars.
entailment	Jill asked Philip for 400 dollars. Philip had 300.	Philip did not have 400 dollars.
entailment	Karen asked Don for 40 dollars. Don had 10.	Don did not have 40 dollars.
entailment	Christopher asked Patricia for 20 dollars. Patricia had 10.	Patricia did not have 20 dollars.
entailment	Marilyn asked Martha for 300 dollars. Martha had 200.	Martha did not have 300 dollars.
entailment	Michael asked Laura for 300 dollars. Laura had 100.	Laura did not have 300 dollars.
entailment	Matt asked Marilyn for 20 dollars. Marilyn had 10.	Marilyn did not have 20 dollars.
entailment	Keith asked Martin for 30 dollars. Martin had 20.	Martin did not have 30 dollars.
entailment	Jack asked Jimmy for 100 dollars. Jimmy had 20.	Jimmy did not have 100 dollars.
entailment	Roy asked Bobby for 400 dollars. Bobby had 200.	Bobby did not have 400 dollars.
entailment	Jane asked Don for 1000 dollars. Don had 200.	Don did not have 1000 dollars.
entailment	Dorothy asked Kathy for 100 dollars. Kathy had 30.	Kathy did not have 100 dollars.
entailment	Alexander asked Jerry for 200 dollars. Jerry had 40.	Jerry did not have 200 dollars.
entailment	Ron asked Jonathan for 200 dollars. Jonathan had 100.	Jonathan did not have 200 dollars.
entailment	Suzanne asked Alice for 30 dollars. Alice had 10.	Alice did not have 30 dollars.
entailment	Louis asked Lauren for 200 dollars. Lauren had 50.	Lauren did not have 200 dollars.
entailment	Peter asked Fiona for 1000 dollars. Fiona had 500.	Fiona did not have 1000 dollars.
entailment	Ben asked Alexandra for 300 dollars. Alexandra had 50.	Alexandra did not have 300 dollars.
entailment	Julia asked Ian for 400 dollars. Ian had 300.	Ian did not have 400 dollars.
entailment	Stephanie asked Simon for 200 dollars. Simon had 10.	Simon did not have 200 dollars.
entailment	Linda asked Sue for 20 dollars. Sue had 10.	Sue did not have 20 dollars.
entailment	Alexandra asked Harriet for 100 dollars. Harriet had 10.	Harriet did not have 100 dollars.
entailment	Ashley asked Jay for 50 dollars. Jay had 30.	Jay did not have 50 dollars.
entailment	Robert asked Tony for 1000 dollars. Tony had 400.	Tony did not have 1000 dollars.
entailment	Lawrence asked Marilyn for 1000 dollars. Marilyn had 200.	Marilyn did not have 1000 dollars.
entailment	Katherine asked Anthony for 300 dollars. Anthony had 50.	Anthony did not have 300 dollars.
entailment	Donald asked Leslie for 40 dollars. Leslie had 20.	Leslie did not have 40 dollars.
entailment	Tony asked Simon for 300 dollars. Simon had 200.	Simon did not have 300 dollars.
entailment	Frances asked Dorothy for 40 dollars. Dorothy had 10.	Dorothy did not have 40 dollars.
entailment	Julia asked Edith for 50 dollars. Edith had 20.	Edith did not have 50 dollars.
entailment	David asked Florence for 300 dollars. Florence had 200.	Florence did not have 300 dollars.
entailment	Jill asked Maria for 50 dollars. Maria had 10.	Maria did not have 50 dollars.
entailment	Jennifer asked Bobby for 20 dollars. Bobby had 10.	Bobby did not have 20 dollars.
entailment	Kate asked Ralph for 50 dollars. Ralph had 30.	Ralph did not have 50 dollars.
entailment	Alison asked Florence for 1000 dollars. Florence had 40.	Florence did not have 1000 dollars.
entailment	Matthew asked Janet for 200 dollars. Janet had 100.	Janet did not have 200 dollars.
entailment	Pamela asked Benjamin for 200 dollars. Benjamin had 30.	Benjamin did not have 200 dollars.
entailment	Julia asked Gary for 400 dollars. Gary had 300.	Gary did not have 400 dollars.
entailment	Martin asked Deborah for 400 dollars. Deborah had 30.	Deborah did not have 400 dollars.
entailment	Pamela asked Kevin for 100 dollars. Kevin had 10.	Kevin did not have 100 dollars.
entailment	Martha asked Suzanne for 20 dollars. Suzanne had 10.	Suzanne did not have 20 dollars.
entailment	Katherine asked Carolyn for 50 dollars. Carolyn had 20.	Carolyn did not have 50 dollars.
entailment	Stephen asked Eric for 500 dollars. Eric had 40.	Eric did not have 500 dollars.
entailment	Emily asked Simon for 20 dollars. Simon had 10.	Simon did not have 20 dollars.
entailment	Frederick asked Mary for 100 dollars. Mary had 40.	Mary did not have 100 dollars.
entailment	Sharon asked Howard for 50 dollars. Howard had 20.	Howard did not have 50 dollars.
entailment	Jane asked Ryan for 20 dollars. Ryan had 10.	Ryan did not have 20 dollars.
entailment	Bruce asked Fiona for 50 dollars. Fiona had 10.	Fiona did not have 50 dollars.
entailment	Jack asked Ben for 50 dollars. Ben had 10.	Ben did not have 50 dollars.
entailment	Jerry asked Scott for 50 dollars. Scott had 30.	Scott did not have 50 dollars.
entailment	Jerry asked Katie for 20 dollars. Katie had 10.	Katie did not have 20 dollars.
entailment	Matt asked Adam for 20 dollars. Adam had 10.	Adam did not have 20 dollars.
entailment	Nicole asked Judy for 100 dollars. Judy had 50.	Judy did not have 100 dollars.
entailment	Al asked Joan for 40 dollars. Joan had 20.	Joan did not have 40 dollars.
entailment	Lucy asked Karen for 1000 dollars. Karen had 300.	Karen did not have 1000 dollars.
entailment	Ben asked Kathleen for 20 dollars. Kathleen had 10.	Kathleen did not have 20 dollars.
entailment	Sarah asked Kim for 500 dollars. Kim had 40.	Kim did not have 500 dollars.
entailment	Julia asked Matthew for 50 dollars. Matthew had 10.	Matthew did not have 50 dollars.
entailment	Kate asked Bruce for 30 dollars. Bruce had 20.	Bruce did not have 30 dollars.
entailment	Marie asked Chris for 500 dollars. Chris had 200.	Chris did not have 500 dollars.
entailment	Hugh asked Sandra for 50 dollars. Sandra had 30.	Sandra did not have 50 dollars.
entailment	Colin asked Sara for 500 dollars. Sara had 400.	Sara did not have 500 dollars.
entailment	Kelly asked Kate for 30 dollars. Kate had 10.	Kate did not have 30 dollars.
entailment	Frank asked Al for 200 dollars. Al had 100.	Al did not have 200 dollars.
entailment	Daniel asked Ron for 1000 dollars. Ron had 100.	Ron did not have 1000 dollars.
entailment	Alfred asked Kelly for 300 dollars. Kelly had 10.	Kelly did not have 300 dollars.
entailment	Julia asked Andrew for 100 dollars. Andrew had 30.	Andrew did not have 100 dollars.
entailment	Linda asked Martin for 100 dollars. Martin had 50.	Martin did not have 100 dollars.
entailment	Claire asked Tom for 20 dollars. Tom had 10.	Tom did not have 20 dollars.
entailment	Katie asked Al for 40 dollars. Al had 10.	Al did not have 40 dollars.
entailment	Tom asked Bob for 20 dollars. Bob had 10.	Bob did not have 20 dollars.
entailment	Lauren asked Laura for 50 dollars. Laura had 10.	Laura did not have 50 dollars.
entailment	Samuel asked Ray for 400 dollars. Ray had 100.	Ray did not have 400 dollars.
entailment	Katherine asked Samuel for 300 dollars. Samuel had 200.	Samuel did not have 300 dollars.
entailment	Alexander asked Kate for 40 dollars. Kate had 10.	Kate did not have 40 dollars.
entailment	Joe asked Joan for 500 dollars. Joan had 20.	Joan did not have 500 dollars.
entailment	Andrew asked Kenneth for 300 dollars. Kenneth had 100.	Kenneth did not have 300 dollars.
entailment	Steven asked Michelle for 300 dollars. Michelle had 40.	Michelle did not have 300 dollars.
entailment	Evelyn asked Fiona for 1000 dollars. Fiona had 20.	Fiona did not have 1000 dollars.
entailment	Ralph asked Claire for 20 dollars. Claire had 10.	Claire did not have 20 dollars.
entailment	Nick asked Sally for 1000 dollars. Sally had 300.	Sally did not have 1000 dollars.
entailment	Cynthia asked Scott for 1000 dollars. Scott had 40.	Scott did not have 1000 dollars.
entailment	Scott asked Andrew for 1000 dollars. Andrew had 10.	Andrew did not have 1000 dollars.
entailment	Eleanor asked Samuel for 300 dollars. Samuel had 30.	Samuel did not have 300 dollars.
entailment	Kathryn asked Amy for 200 dollars. Amy had 40.	Amy did not have 200 dollars.
entailment	Karen asked Harold for 30 dollars. Harold had 10.	Harold did not have 30 dollars.
entailment	Ian asked Scott for 400 dollars. Scott had 100.	Scott did not have 400 dollars.
entailment	Lisa asked Thomas for 40 dollars. Thomas had 20.	Thomas did not have 40 dollars.
entailment	Charlotte asked Christopher for 500 dollars. Christopher had 30.	Christopher did not have 500 dollars.
entailment	Sharon asked Tim for 300 dollars. Tim had 40.	Tim did not have 300 dollars.
entailment	Ken asked Marilyn for 20 dollars. Marilyn had 10.	Marilyn did not have 20 dollars.
entailment	Scott asked Judy for 20 dollars. Judy had 10.	Judy did not have 20 dollars.
entailment	Elizabeth asked Paul for 100 dollars. Paul had 20.	Paul did not have 100 dollars.
entailment	Fred asked Dan for 300 dollars. Dan had 50.	Dan did not have 300 dollars.
entailment	Alexander asked Betty for 20 dollars. Betty had 10.	Betty did not have 20 dollars.
entailment	Howard asked Elizabeth for 20 dollars. Elizabeth had 10.	Elizabeth did not have 20 dollars.
entailment	Alex asked Bobby for 20 dollars. Bobby had 10.	Bobby did not have 20 dollars.
entailment	Lawrence asked Anthony for 100 dollars. Anthony had 30.	Anthony did not have 100 dollars.
entailment	Frederick asked Howard for 20 dollars. Howard had 10.	Howard did not have 20 dollars.
entailment	Rachel asked Christine for 40 dollars. Christine had 30.	Christine did not have 40 dollars.
entailment	Jack asked Johnny for 500 dollars. Johnny had 30.	Johnny did not have 500 dollars.
entailment	Sam asked Tom for 20 dollars. Tom had 10.	Tom did not have 20 dollars.
entailment	Roger asked Fiona for 300 dollars. Fiona had 100.	Fiona did not have 300 dollars.
entailment	Elaine asked Katie for 30 dollars. Katie had 10.	Katie did not have 30 dollars.
entailment	Dorothy asked Rachel for 30 dollars. Rachel had 10.	Rachel did not have 30 dollars.
entailment	Arthur asked Stephen for 20 dollars. Stephen had 10.	Stephen did not have 20 dollars.
entailment	Colin asked Elizabeth for 400 dollars. Elizabeth had 200.	Elizabeth did not have 400 dollars.
entailment	Mark asked Richard for 40 dollars. Richard had 10.	Richard did not have 40 dollars.
entailment	Alison asked Jimmy for 40 dollars. Jimmy had 10.	Jimmy did not have 40 dollars.
entailment	Evelyn asked Elizabeth for 400 dollars. Elizabeth had 100.	Elizabeth did not have 400 dollars.
entailment	Claire asked Paul for 50 dollars. Paul had 40.	Paul did not have 50 dollars.
entailment	Ken asked Richard for 100 dollars. Richard had 20.	Richard did not have 100 dollars.
entailment	Howard asked Kenneth for 100 dollars. Kenneth had 10.	Kenneth did not have 100 dollars.
entailment	Dan asked Jane for 300 dollars. Jane had 10.	Jane did not have 300 dollars.
entailment	Frederick asked Jay for 50 dollars. Jay had 40.	Jay did not have 50 dollars.
entailment	Wendy asked Alexandra for 40 dollars. Alexandra had 30.	Alexandra did not have 40 dollars.
entailment	Daniel asked Patricia for 50 dollars. Patricia had 10.	Patricia did not have 50 dollars.
entailment	Matt asked Wendy for 500 dollars. Wendy had 200.	Wendy did not have 500 dollars.
entailment	Don asked Peter for 40 dollars. Peter had 20.	Peter did not have 40 dollars.
entailment	Deborah asked Nick for 40 dollars. Nick had 10.	Nick did not have 40 dollars.
entailment	Lauren asked Billy for 300 dollars. Billy had 50.	Billy did not have 300 dollars.
entailment	Evelyn asked Emily for 400 dollars. Emily had 30.	Emily did not have 400 dollars.
entailment	Kenneth asked Ralph for 50 dollars. Ralph had 40.	Ralph did not have 50 dollars.
entailment	Billy asked Kathleen for 1000 dollars. Kathleen had 10.	Kathleen did not have 1000 dollars.
entailment	Dan asked Matthew for 300 dollars. Matthew had 20.	Matthew did not have 300 dollars.
entailment	Mark asked Roy for 400 dollars. Roy had 40.	Roy did not have 400 dollars.
entailment	Bobby asked Harold for 30 dollars. Harold had 20.	Harold did not have 30 dollars.
entailment	Steve asked Peter for 40 dollars. Peter had 30.	Peter did not have 40 dollars.
entailment	Eric asked Matthew for 30 dollars. Matthew had 10.	Matthew did not have 30 dollars.
entailment	Walter asked Chris for 40 dollars. Chris had 20.	Chris did not have 40 dollars.
entailment	Simon asked Steve for 50 dollars. Steve had 40.	Steve did not have 50 dollars.
entailment	Thomas asked Chris for 30 dollars. Chris had 10.	Chris did not have 30 dollars.
entailment	Nick asked Frank for 50 dollars. Frank had 20.	Frank did not have 50 dollars.
entailment	Ashley asked Alfred for 50 dollars. Alfred had 30.	Alfred did not have 50 dollars.
entailment	Charlie asked Anna for 1000 dollars. Anna had 20.	Anna did not have 1000 dollars.
