entailment	Even Martin bought a laptop.	Martin was among the least likely to buy a laptop.
entailment	Even Carolyn shifted to China.	Carolyn was among the least likely to shift to China.
entailment	Even Scott bought a house.	Scott was among the least likely to buy a house.
entailment	Even Bruce got a divorce.	Bruce was among the least likely to get a divorce.
entailment	Even Joan bought a house.	Joan was among the least likely to buy a house.
entailment	Even Sarah failed the exam.	Sarah was among the least likely to fail the exam.
entailment	Even Scott shifted to Europe.	Scott was among the least likely to shift to Europe.
entailment	Even Ralph bought a phone.	Ralph was among the least likely to buy the phone.
entailment	Even Thomas got the scholarship.	Thomas was among the least likely to get the scholarship.
entailment	Even Angela shifted to Australia.	Angela was among the least likely to shift to Australia.
entailment	Even Dan won the race.	Dan was among the least likely to win the race.
entailment	Even Eleanor failed the exam.	Eleanor was among the least likely to fail the exam.
entailment	Even Fiona shifted to China.	Fiona was among the least likely to shift to China.
entailment	Even Jerry quit the job.	Jerry was among the least likely to quit the job.
entailment	Even Arthur wasted time.	Arthur was among the least likely to waste time.
entailment	Even Kelly bought a laptop.	Kelly was among the least likely to buy a laptop.
entailment	Even Kathleen shifted to Europe.	Kathleen was among the least likely to shift to Europe.
entailment	Even Ellen bought a phone.	Ellen was among the least likely to buy the phone.
entailment	Even Alice shifted to China.	Alice was among the least likely to shift to China.
entailment	Even Anne got a divorce.	Anne was among the least likely to get a divorce.
entailment	Even Carl went to college.	Carl was among the least likely to go to college.
entailment	Even Harry shifted to China.	Harry was among the least likely to shift to China.
entailment	Even Keith went to college.	Keith was among the least likely to go to college.
entailment	Even Sandra failed the exam.	Sandra was among the least likely to fail the exam.
entailment	Even John got a divorce.	John was among the least likely to get a divorce.
entailment	Even Ellen got married.	Ellen was among the least likely to get married.
entailment	Even Cynthia shifted to Europe.	Cynthia was among the least likely to shift to Europe.
entailment	Even Sophie got a divorce.	Sophie was among the least likely to get a divorce.
entailment	Even Patrick got a divorce.	Patrick was among the least likely to get a divorce.
entailment	Even Ian got into a relationship.	Ian was among the least likely to get into a relationship.
entailment	Even Tim bought a house.	Tim was among the least likely to buy a house.
entailment	Even Katherine got into a relationship.	Katherine was among the least likely to get into a relationship.
entailment	Even Nick bought a phone.	Nick was among the least likely to buy the phone.
entailment	Even Patrick got the scholarship.	Patrick was among the least likely to get the scholarship.
entailment	Even Sophie wasted time.	Sophie was among the least likely to waste time.
entailment	Even Linda failed the exam.	Linda was among the least likely to fail the exam.
entailment	Even Karen shifted to Australia.	Karen was among the least likely to shift to Australia.
entailment	Even Pamela failed the exam.	Pamela was among the least likely to fail the exam.
entailment	Even Susan shifted to Europe.	Susan was among the least likely to shift to Europe.
entailment	Even Arthur shifted to Europe.	Arthur was among the least likely to shift to Europe.
entailment	Even Carl shifted to Australia.	Carl was among the least likely to shift to Australia.
entailment	Even Louise bought a house.	Louise was among the least likely to buy a house.
entailment	Even Walter shifted to China.	Walter was among the least likely to shift to China.
entailment	Even Ashley shifted to Europe.	Ashley was among the least likely to shift to Europe.
entailment	Even Joan bought a house.	Joan was among the least likely to buy a house.
entailment	Even Martha shifted to China.	Martha was among the least likely to shift to China.
entailment	Even George bought a laptop.	George was among the least likely to buy a laptop.
entailment	Even Charlotte got a divorce.	Charlotte was among the least likely to get a divorce.
entailment	Even Gary shifted to China.	Gary was among the least likely to shift to China.
entailment	Even Donald got the scholarship.	Donald was among the least likely to get the scholarship.
entailment	Even Suzanne won the race.	Suzanne was among the least likely to win the race.
entailment	Even Catherine failed the exam.	Catherine was among the least likely to fail the exam.
entailment	Even Ken got the scholarship.	Ken was among the least likely to get the scholarship.
entailment	Even Rebecca wasted time.	Rebecca was among the least likely to waste time.
entailment	Even Anna bought a house.	Anna was among the least likely to buy a house.
entailment	Even Greg bought a laptop.	Greg was among the least likely to buy a laptop.
entailment	Even Leslie got married.	Leslie was among the least likely to get married.
entailment	Even David sold a house.	David was among the least likely to sell a house.
entailment	Even Grace got a divorce.	Grace was among the least likely to get a divorce.
entailment	Even Walter got married.	Walter was among the least likely to get married.
entailment	Even Frederick went to college.	Frederick was among the least likely to go to college.
entailment	Even Claire sold a house.	Claire was among the least likely to sell a house.
entailment	Even Edith failed the exam.	Edith was among the least likely to fail the exam.
entailment	Even Suzanne got into a relationship.	Suzanne was among the least likely to get into a relationship.
entailment	Even Ellen shifted to Europe.	Ellen was among the least likely to shift to Europe.
entailment	Even Karen shifted to Europe.	Karen was among the least likely to shift to Europe.
entailment	Even Frank shifted to China.	Frank was among the least likely to shift to China.
entailment	Even Charlotte went to college.	Charlotte was among the least likely to go to college.
entailment	Even Julie got married.	Julie was among the least likely to get married.
entailment	Even Cynthia got married.	Cynthia was among the least likely to get married.
entailment	Even Lucy got into a relationship.	Lucy was among the least likely to get into a relationship.
entailment	Even Karen shifted to China.	Karen was among the least likely to shift to China.
entailment	Even Larry got the scholarship.	Larry was among the least likely to get the scholarship.
entailment	Even Emily bought a phone.	Emily was among the least likely to buy the phone.
entailment	Even Victoria bought a phone.	Victoria was among the least likely to buy the phone.
entailment	Even Linda shifted to Australia.	Linda was among the least likely to shift to Australia.
entailment	Even Bobby won the race.	Bobby was among the least likely to win the race.
entailment	Even Alison got a divorce.	Alison was among the least likely to get a divorce.
entailment	Even Ann got the scholarship.	Ann was among the least likely to get the scholarship.
entailment	Even Carl bought a laptop.	Carl was among the least likely to buy a laptop.
entailment	Even Diana won the race.	Diana was among the least likely to win the race.
entailment	Even Maria shifted to Europe.	Maria was among the least likely to shift to Europe.
entailment	Even Emma bought a house.	Emma was among the least likely to buy a house.
entailment	Even Joseph shifted to Europe.	Joseph was among the least likely to shift to Europe.
entailment	Even Donald shifted to China.	Donald was among the least likely to shift to China.
entailment	Even Rose got into a relationship.	Rose was among the least likely to get into a relationship.
entailment	Even Christine shifted to Australia.	Christine was among the least likely to shift to Australia.
entailment	Even Martin sold a house.	Martin was among the least likely to sell a house.
entailment	Even Angela bought a phone.	Angela was among the least likely to buy the phone.
entailment	Even Greg quit the job.	Greg was among the least likely to quit the job.
entailment	Even Laura went to college.	Laura was among the least likely to go to college.
entailment	Even Suzanne bought a phone.	Suzanne was among the least likely to buy the phone.
entailment	Even Cynthia got a divorce.	Cynthia was among the least likely to get a divorce.
entailment	Even Donald sold a house.	Donald was among the least likely to sell a house.
entailment	Even Greg got a divorce.	Greg was among the least likely to get a divorce.
entailment	Even Brian went to college.	Brian was among the least likely to go to college.
entailment	Even Judith went to college.	Judith was among the least likely to go to college.
entailment	Even Henry went to college.	Henry was among the least likely to go to college.
entailment	Even Henry bought a laptop.	Henry was among the least likely to buy a laptop.
entailment	Even Louis shifted to Australia.	Louis was among the least likely to shift to Australia.
entailment	Even Katherine got the scholarship.	Katherine was among the least likely to get the scholarship.
entailment	Even Jonathan got a divorce.	Jonathan was among the least likely to get a divorce.
entailment	Even Diana failed the exam.	Diana was among the least likely to fail the exam.
entailment	Even Jean bought a laptop.	Jean was among the least likely to buy a laptop.
entailment	Even Tony failed the exam.	Tony was among the least likely to fail the exam.
entailment	Even Charles sold a house.	Charles was among the least likely to sell a house.
entailment	Even Eric failed the exam.	Eric was among the least likely to fail the exam.
entailment	Even Mike got married.	Mike was among the least likely to get married.
entailment	Even Suzanne bought a phone.	Suzanne was among the least likely to buy the phone.
entailment	Even Matt got the scholarship.	Matt was among the least likely to get the scholarship.
entailment	Even Mike shifted to Europe.	Mike was among the least likely to shift to Europe.
entailment	Even Stephen got married.	Stephen was among the least likely to get married.
entailment	Even Claire wasted time.	Claire was among the least likely to waste time.
entailment	Even Claire got into a relationship.	Claire was among the least likely to get into a relationship.
entailment	Even Adam went to college.	Adam was among the least likely to go to college.
entailment	Even Grace bought a phone.	Grace was among the least likely to buy the phone.
entailment	Even Donald got married.	Donald was among the least likely to get married.
entailment	Even Claire failed the exam.	Claire was among the least likely to fail the exam.
entailment	Even Steve won the race.	Steve was among the least likely to win the race.
entailment	Even Wendy bought a house.	Wendy was among the least likely to buy a house.
entailment	Even Dan got a divorce.	Dan was among the least likely to get a divorce.
entailment	Even Pamela failed the exam.	Pamela was among the least likely to fail the exam.
entailment	Even Deborah sold a house.	Deborah was among the least likely to sell a house.
entailment	Even Charlotte won the race.	Charlotte was among the least likely to win the race.
entailment	Even Edith sold a house.	Edith was among the least likely to sell a house.
entailment	Even Simon wasted time.	Simon was among the least likely to waste time.
entailment	Even Henry bought a house.	Henry was among the least likely to buy a house.
entailment	Even Ken failed the exam.	Ken was among the least likely to fail the exam.
entailment	Even Harriet failed the exam.	Harriet was among the least likely to fail the exam.
entailment	Even Henry bought a house.	Henry was among the least likely to buy a house.
entailment	Even Sam bought a house.	Sam was among the least likely to buy a house.
entailment	Even Sara won the race.	Sara was among the least likely to win the race.
entailment	Even Rebecca bought a phone.	Rebecca was among the least likely to buy the phone.
entailment	Even Bobby wasted time.	Bobby was among the least likely to waste time.
entailment	Even Scott bought a phone.	Scott was among the least likely to buy the phone.
entailment	Even Diana bought a phone.	Diana was among the least likely to buy the phone.
entailment	Even Michelle shifted to Europe.	Michelle was among the least likely to shift to Europe.
entailment	Even Donald got the scholarship.	Donald was among the least likely to get the scholarship.
entailment	Even Leslie bought a phone.	Leslie was among the least likely to buy the phone.
entailment	Even Katherine bought a house.	Katherine was among the least likely to buy a house.
entailment	Even Nicole won the race.	Nicole was among the least likely to win the race.
entailment	Even Judith wasted time.	Judith was among the least likely to waste time.
entailment	Even Sharon quit the job.	Sharon was among the least likely to quit the job.
entailment	Even Alexandra went to college.	Alexandra was among the least likely to go to college.
entailment	Even Ruth shifted to China.	Ruth was among the least likely to shift to China.
entailment	Even Frances went to college.	Frances was among the least likely to go to college.
entailment	Even Mark failed the exam.	Mark was among the least likely to fail the exam.
entailment	Even Elaine got married.	Elaine was among the least likely to get married.
entailment	Even William went to college.	William was among the least likely to go to college.
entailment	Even Steven quit the job.	Steven was among the least likely to quit the job.
entailment	Even Christine bought a laptop.	Christine was among the least likely to buy a laptop.
entailment	Even Eleanor failed the exam.	Eleanor was among the least likely to fail the exam.
entailment	Even Jessica wasted time.	Jessica was among the least likely to waste time.
entailment	Even Donald got a divorce.	Donald was among the least likely to get a divorce.
entailment	Even David got the scholarship.	David was among the least likely to get the scholarship.
entailment	Even Albert shifted to Europe.	Albert was among the least likely to shift to Europe.
entailment	Even Arthur bought a phone.	Arthur was among the least likely to buy the phone.
entailment	Even Christine went to college.	Christine was among the least likely to go to college.
entailment	Even Larry bought a laptop.	Larry was among the least likely to buy a laptop.
entailment	Even Anne went to college.	Anne was among the least likely to go to college.
entailment	Even Henry shifted to Australia.	Henry was among the least likely to shift to Australia.
entailment	Even Edward got married.	Edward was among the least likely to get married.
entailment	Even Karen got the scholarship.	Karen was among the least likely to get the scholarship.
entailment	Even Jim wasted time.	Jim was among the least likely to waste time.
entailment	Even Richard got into a relationship.	Richard was among the least likely to get into a relationship.
entailment	Even Sandra bought a phone.	Sandra was among the least likely to buy the phone.
entailment	Even Wendy sold a house.	Wendy was among the least likely to sell a house.
entailment	Even Bruce shifted to Australia.	Bruce was among the least likely to shift to Australia.
entailment	Even Edwin wasted time.	Edwin was among the least likely to waste time.
entailment	Even Gary bought a house.	Gary was among the least likely to buy a house.
entailment	Even Edith failed the exam.	Edith was among the least likely to fail the exam.
entailment	Even Christopher quit the job.	Christopher was among the least likely to quit the job.
entailment	Even Susan got into a relationship.	Susan was among the least likely to get into a relationship.
entailment	Even Hugh sold a house.	Hugh was among the least likely to sell a house.
entailment	Even Alison bought a house.	Alison was among the least likely to buy a house.
entailment	Even Stephen quit the job.	Stephen was among the least likely to quit the job.
entailment	Even Carolyn went to college.	Carolyn was among the least likely to go to college.
entailment	Even Marilyn bought a laptop.	Marilyn was among the least likely to buy a laptop.
entailment	Even Mike got into a relationship.	Mike was among the least likely to get into a relationship.
entailment	Even Gary got a divorce.	Gary was among the least likely to get a divorce.
entailment	Even Benjamin won the race.	Benjamin was among the least likely to win the race.
entailment	Even Frederick got married.	Frederick was among the least likely to get married.
entailment	Even Paul shifted to Australia.	Paul was among the least likely to shift to Australia.
entailment	Even Rebecca wasted time.	Rebecca was among the least likely to waste time.
entailment	Even Sophie wasted time.	Sophie was among the least likely to waste time.
entailment	Even Grace shifted to Europe.	Grace was among the least likely to shift to Europe.
entailment	Even Martha got a divorce.	Martha was among the least likely to get a divorce.
entailment	Even Alexander sold a house.	Alexander was among the least likely to sell a house.
entailment	Even Rachel sold a house.	Rachel was among the least likely to sell a house.
entailment	Even Mike quit the job.	Mike was among the least likely to quit the job.
entailment	Even Walter shifted to Australia.	Walter was among the least likely to shift to Australia.
entailment	Even Jimmy got married.	Jimmy was among the least likely to get married.
entailment	Even Don wasted time.	Don was among the least likely to waste time.
entailment	Even Margaret shifted to Australia.	Margaret was among the least likely to shift to Australia.
entailment	Even Louise bought a phone.	Louise was among the least likely to buy the phone.
entailment	Even Ben bought a laptop.	Ben was among the least likely to buy a laptop.
entailment	Even Daniel shifted to Australia.	Daniel was among the least likely to shift to Australia.
entailment	Even Alan shifted to Europe.	Alan was among the least likely to shift to Europe.
entailment	Even Jay bought a phone.	Jay was among the least likely to buy the phone.
entailment	Even Harold shifted to Europe.	Harold was among the least likely to shift to Europe.
entailment	Even Carolyn shifted to Australia.	Carolyn was among the least likely to shift to Australia.
entailment	Even Adam wasted time.	Adam was among the least likely to waste time.
entailment	Even Sam bought a house.	Sam was among the least likely to buy a house.
entailment	Even Leslie failed the exam.	Leslie was among the least likely to fail the exam.
entailment	Even Bruce got the scholarship.	Bruce was among the least likely to get the scholarship.
entailment	Even Ben bought a laptop.	Ben was among the least likely to buy a laptop.
entailment	Even Frank bought a house.	Frank was among the least likely to buy a house.
entailment	Even Sophie sold a house.	Sophie was among the least likely to sell a house.
entailment	Even Joe failed the exam.	Joe was among the least likely to fail the exam.
entailment	Even Judith quit the job.	Judith was among the least likely to quit the job.
entailment	Even Karen bought a laptop.	Karen was among the least likely to buy a laptop.
entailment	Even Janet got into a relationship.	Janet was among the least likely to get into a relationship.
entailment	Even Anna wasted time.	Anna was among the least likely to waste time.
entailment	Even Diane got a divorce.	Diane was among the least likely to get a divorce.
entailment	Even Francis shifted to Europe.	Francis was among the least likely to shift to Europe.
entailment	Even Laura won the race.	Laura was among the least likely to win the race.
entailment	Even Keith failed the exam.	Keith was among the least likely to fail the exam.
entailment	Even Alexandra bought a house.	Alexandra was among the least likely to buy a house.
entailment	Even Rachel shifted to Europe.	Rachel was among the least likely to shift to Europe.
entailment	Even Matthew bought a laptop.	Matthew was among the least likely to buy a laptop.
entailment	Even Patricia shifted to Australia.	Patricia was among the least likely to shift to Australia.
entailment	Even Chris got a divorce.	Chris was among the least likely to get a divorce.
entailment	Even Nicole bought a house.	Nicole was among the least likely to buy a house.
entailment	Even Catherine sold a house.	Catherine was among the least likely to sell a house.
entailment	Even Dick quit the job.	Dick was among the least likely to quit the job.
entailment	Even Samuel got into a relationship.	Samuel was among the least likely to get into a relationship.
entailment	Even Ron went to college.	Ron was among the least likely to go to college.
entailment	Even Tim bought a phone.	Tim was among the least likely to buy the phone.
entailment	Even Karen sold a house.	Karen was among the least likely to sell a house.
entailment	Even Philip sold a house.	Philip was among the least likely to sell a house.
entailment	Even Carl got the scholarship.	Carl was among the least likely to get the scholarship.
entailment	Even Emma wasted time.	Emma was among the least likely to waste time.
entailment	Even Ed shifted to China.	Ed was among the least likely to shift to China.
entailment	Even Adam got married.	Adam was among the least likely to get married.
entailment	Even Michael wasted time.	Michael was among the least likely to waste time.
entailment	Even Kathleen went to college.	Kathleen was among the least likely to go to college.
entailment	Even Heather quit the job.	Heather was among the least likely to quit the job.
entailment	Even Christine wasted time.	Christine was among the least likely to waste time.
entailment	Even James wasted time.	James was among the least likely to waste time.
entailment	Even Keith got into a relationship.	Keith was among the least likely to get into a relationship.
entailment	Even Louis got into a relationship.	Louis was among the least likely to get into a relationship.
entailment	Even Patricia quit the job.	Patricia was among the least likely to quit the job.
entailment	Even Sarah wasted time.	Sarah was among the least likely to waste time.
entailment	Even Jay sold a house.	Jay was among the least likely to sell a house.
entailment	Even Claire got into a relationship.	Claire was among the least likely to get into a relationship.
entailment	Even Johnny bought a laptop.	Johnny was among the least likely to buy a laptop.
entailment	Even Lisa shifted to China.	Lisa was among the least likely to shift to China.
entailment	Even Alexander bought a house.	Alexander was among the least likely to buy a house.
entailment	Even Dick bought a phone.	Dick was among the least likely to buy the phone.
entailment	Even Billy bought a house.	Billy was among the least likely to buy a house.
entailment	Even Jason went to college.	Jason was among the least likely to go to college.
entailment	Even Anna bought a house.	Anna was among the least likely to buy a house.
entailment	Even Dave bought a phone.	Dave was among the least likely to buy the phone.
entailment	Even Carol shifted to China.	Carol was among the least likely to shift to China.
entailment	Even Lynn shifted to Europe.	Lynn was among the least likely to shift to Europe.
entailment	Even Andrew shifted to Europe.	Andrew was among the least likely to shift to Europe.
entailment	Even Adam went to college.	Adam was among the least likely to go to college.
entailment	Even Rachel got into a relationship.	Rachel was among the least likely to get into a relationship.
entailment	Even Jeff bought a house.	Jeff was among the least likely to buy a house.
entailment	Even Charlie bought a phone.	Charlie was among the least likely to buy the phone.
entailment	Even Sara got a divorce.	Sara was among the least likely to get a divorce.
entailment	Even Caroline bought a laptop.	Caroline was among the least likely to buy a laptop.
entailment	Even Robert shifted to China.	Robert was among the least likely to shift to China.
entailment	Even Edward got the scholarship.	Edward was among the least likely to get the scholarship.
entailment	Even Elaine went to college.	Elaine was among the least likely to go to college.
entailment	Even Eleanor failed the exam.	Eleanor was among the least likely to fail the exam.
entailment	Even Tom shifted to Europe.	Tom was among the least likely to shift to Europe.
entailment	Even Ashley got a divorce.	Ashley was among the least likely to get a divorce.
entailment	Even Francis got married.	Francis was among the least likely to get married.
entailment	Even Mary got a divorce.	Mary was among the least likely to get a divorce.
entailment	Even Wendy bought a laptop.	Wendy was among the least likely to buy a laptop.
entailment	Even Jimmy sold a house.	Jimmy was among the least likely to sell a house.
entailment	Even John got married.	John was among the least likely to get married.
entailment	Even Cynthia got the scholarship.	Cynthia was among the least likely to get the scholarship.
entailment	Even Edith bought a house.	Edith was among the least likely to buy a house.
entailment	Even Judith shifted to Australia.	Judith was among the least likely to shift to Australia.
entailment	Even Nick went to college.	Nick was among the least likely to go to college.
entailment	Even Andrea won the race.	Andrea was among the least likely to win the race.
entailment	Even Howard got into a relationship.	Howard was among the least likely to get into a relationship.
entailment	Even Tom shifted to China.	Tom was among the least likely to shift to China.
entailment	Even Edith quit the job.	Edith was among the least likely to quit the job.
entailment	Even Judith got the scholarship.	Judith was among the least likely to get the scholarship.
entailment	Even Ruth got a divorce.	Ruth was among the least likely to get a divorce.
entailment	Even Ray bought a laptop.	Ray was among the least likely to buy a laptop.
entailment	Even Lisa shifted to Europe.	Lisa was among the least likely to shift to Europe.
entailment	Even Charlie bought a laptop.	Charlie was among the least likely to buy a laptop.
entailment	Even Andrea bought a laptop.	Andrea was among the least likely to buy a laptop.
entailment	Even Kim bought a laptop.	Kim was among the least likely to buy a laptop.
entailment	Even Bruce bought a phone.	Bruce was among the least likely to buy the phone.
entailment	Even Harold got a divorce.	Harold was among the least likely to get a divorce.
entailment	Even Pamela sold a house.	Pamela was among the least likely to sell a house.
entailment	Even Benjamin got a divorce.	Benjamin was among the least likely to get a divorce.
entailment	Even Barbara failed the exam.	Barbara was among the least likely to fail the exam.
entailment	Even Jane sold a house.	Jane was among the least likely to sell a house.
entailment	Even Anne got into a relationship.	Anne was among the least likely to get into a relationship.
entailment	Even Thomas bought a house.	Thomas was among the least likely to buy a house.
entailment	Even Nicole won the race.	Nicole was among the least likely to win the race.
entailment	Even Leslie bought a house.	Leslie was among the least likely to buy a house.
entailment	Even Eric bought a laptop.	Eric was among the least likely to buy a laptop.
entailment	Even Joe won the race.	Joe was among the least likely to win the race.
entailment	Even Jill got into a relationship.	Jill was among the least likely to get into a relationship.
entailment	Even Matt shifted to China.	Matt was among the least likely to shift to China.
entailment	Even Janet wasted time.	Janet was among the least likely to waste time.
entailment	Even Marie shifted to Europe.	Marie was among the least likely to shift to Europe.
entailment	Even Jimmy shifted to Europe.	Jimmy was among the least likely to shift to Europe.
entailment	Even Barbara shifted to Australia.	Barbara was among the least likely to shift to Australia.
entailment	Even Sarah wasted time.	Sarah was among the least likely to waste time.
entailment	Even Sharon got into a relationship.	Sharon was among the least likely to get into a relationship.
entailment	Even Dick bought a house.	Dick was among the least likely to buy a house.
entailment	Even Sophie won the race.	Sophie was among the least likely to win the race.
entailment	Even Dave won the race.	Dave was among the least likely to win the race.
entailment	Even Tony quit the job.	Tony was among the least likely to quit the job.
entailment	Even Matthew bought a house.	Matthew was among the least likely to buy a house.
entailment	Even Chris shifted to China.	Chris was among the least likely to shift to China.
entailment	Even Suzanne got a divorce.	Suzanne was among the least likely to get a divorce.
entailment	Even Linda wasted time.	Linda was among the least likely to waste time.
entailment	Even Bobby went to college.	Bobby was among the least likely to go to college.
entailment	Even Harry failed the exam.	Harry was among the least likely to fail the exam.
entailment	Even Ian sold a house.	Ian was among the least likely to sell a house.
entailment	Even Susan sold a house.	Susan was among the least likely to sell a house.
entailment	Even Ashley went to college.	Ashley was among the least likely to go to college.
entailment	Even Kathryn shifted to Australia.	Kathryn was among the least likely to shift to Australia.
entailment	Even Marie bought a laptop.	Marie was among the least likely to buy a laptop.
entailment	Even Carl quit the job.	Carl was among the least likely to quit the job.
entailment	Even Bob shifted to Europe.	Bob was among the least likely to shift to Europe.
entailment	Even Mary wasted time.	Mary was among the least likely to waste time.
entailment	Even Greg bought a house.	Greg was among the least likely to buy a house.
entailment	Even Kathy shifted to Europe.	Kathy was among the least likely to shift to Europe.
entailment	Even Wendy went to college.	Wendy was among the least likely to go to college.
entailment	Even Brian wasted time.	Brian was among the least likely to waste time.
entailment	Even Carl bought a phone.	Carl was among the least likely to buy the phone.
entailment	Even Frank got married.	Frank was among the least likely to get married.
entailment	Even Kathy shifted to Australia.	Kathy was among the least likely to shift to Australia.
entailment	Even Carolyn shifted to Europe.	Carolyn was among the least likely to shift to Europe.
entailment	Even Alan shifted to Australia.	Alan was among the least likely to shift to Australia.
entailment	Even Mike shifted to Australia.	Mike was among the least likely to shift to Australia.
entailment	Even Christopher won the race.	Christopher was among the least likely to win the race.
entailment	Even Frederick quit the job.	Frederick was among the least likely to quit the job.
entailment	Even Keith bought a phone.	Keith was among the least likely to buy the phone.
entailment	Even Jill won the race.	Jill was among the least likely to win the race.
entailment	Even Steve won the race.	Steve was among the least likely to win the race.
entailment	Even James won the race.	James was among the least likely to win the race.
entailment	Even Caroline sold a house.	Caroline was among the least likely to sell a house.
entailment	Even Bobby bought a phone.	Bobby was among the least likely to buy the phone.
entailment	Even Stephen won the race.	Stephen was among the least likely to win the race.
entailment	Even Matthew shifted to China.	Matthew was among the least likely to shift to China.
entailment	Even Anne shifted to Europe.	Anne was among the least likely to shift to Europe.
entailment	Even Emma shifted to China.	Emma was among the least likely to shift to China.
entailment	Even Heather bought a laptop.	Heather was among the least likely to buy a laptop.
entailment	Even Jason bought a laptop.	Jason was among the least likely to buy a laptop.
entailment	Even Kathy quit the job.	Kathy was among the least likely to quit the job.
entailment	Even Louise won the race.	Louise was among the least likely to win the race.
entailment	Even Mark got married.	Mark was among the least likely to get married.
entailment	Even Martha shifted to China.	Martha was among the least likely to shift to China.
entailment	Even Jill got a divorce.	Jill was among the least likely to get a divorce.
entailment	Even Gary bought a laptop.	Gary was among the least likely to buy a laptop.
entailment	Even Ed wasted time.	Ed was among the least likely to waste time.
entailment	Even Joseph bought a house.	Joseph was among the least likely to buy a house.
entailment	Even Sarah shifted to China.	Sarah was among the least likely to shift to China.
entailment	Even Robin got the scholarship.	Robin was among the least likely to get the scholarship.
entailment	Even Charles bought a phone.	Charles was among the least likely to buy the phone.
entailment	Even Heather sold a house.	Heather was among the least likely to sell a house.
entailment	Even Scott shifted to Europe.	Scott was among the least likely to shift to Europe.
entailment	Even Elaine wasted time.	Elaine was among the least likely to waste time.
entailment	Even Marie went to college.	Marie was among the least likely to go to college.
entailment	Even Jimmy quit the job.	Jimmy was among the least likely to quit the job.
entailment	Even Caroline got a divorce.	Caroline was among the least likely to get a divorce.
entailment	Even Sara got a divorce.	Sara was among the least likely to get a divorce.
entailment	Even Eric shifted to Europe.	Eric was among the least likely to shift to Europe.
entailment	Even Frank failed the exam.	Frank was among the least likely to fail the exam.
entailment	Even Donald sold a house.	Donald was among the least likely to sell a house.
entailment	Even Jill failed the exam.	Jill was among the least likely to fail the exam.
entailment	Even Ron sold a house.	Ron was among the least likely to sell a house.
entailment	Even John shifted to Europe.	John was among the least likely to shift to Europe.
entailment	Even Nancy bought a laptop.	Nancy was among the least likely to buy a laptop.
entailment	Even Judy quit the job.	Judy was among the least likely to quit the job.
entailment	Even Carol got into a relationship.	Carol was among the least likely to get into a relationship.
entailment	Even Tony shifted to Europe.	Tony was among the least likely to shift to Europe.
entailment	Even Daniel shifted to Europe.	Daniel was among the least likely to shift to Europe.
entailment	Even Kim got the scholarship.	Kim was among the least likely to get the scholarship.
entailment	Even Sandra failed the exam.	Sandra was among the least likely to fail the exam.
entailment	Even Sarah bought a house.	Sarah was among the least likely to buy a house.
entailment	Even Katherine bought a phone.	Katherine was among the least likely to buy the phone.
entailment	Even Grace failed the exam.	Grace was among the least likely to fail the exam.
entailment	Even Caroline failed the exam.	Caroline was among the least likely to fail the exam.
entailment	Even Stephanie shifted to Europe.	Stephanie was among the least likely to shift to Europe.
entailment	Even Grace failed the exam.	Grace was among the least likely to fail the exam.
entailment	Even Margaret shifted to Australia.	Margaret was among the least likely to shift to Australia.
entailment	Even Scott got a divorce.	Scott was among the least likely to get a divorce.
entailment	Even Simon shifted to Australia.	Simon was among the least likely to shift to Australia.
entailment	Even Deborah went to college.	Deborah was among the least likely to go to college.
entailment	Even Kate went to college.	Kate was among the least likely to go to college.
entailment	Even Fiona wasted time.	Fiona was among the least likely to waste time.
entailment	Even Rachel got a divorce.	Rachel was among the least likely to get a divorce.
entailment	Even Margaret went to college.	Margaret was among the least likely to go to college.
entailment	Even Chris shifted to China.	Chris was among the least likely to shift to China.
entailment	Even Grace got a divorce.	Grace was among the least likely to get a divorce.
entailment	Even Marie won the race.	Marie was among the least likely to win the race.
entailment	Even Martin bought a laptop.	Martin was among the least likely to buy a laptop.
entailment	Even Carolyn got a divorce.	Carolyn was among the least likely to get a divorce.
entailment	Even Robert sold a house.	Robert was among the least likely to sell a house.
entailment	Even Daniel bought a laptop.	Daniel was among the least likely to buy a laptop.
entailment	Even Dorothy shifted to China.	Dorothy was among the least likely to shift to China.
entailment	Even Steve went to college.	Steve was among the least likely to go to college.
entailment	Even Colin bought a laptop.	Colin was among the least likely to buy a laptop.
entailment	Even Eric sold a house.	Eric was among the least likely to sell a house.
entailment	Even Annie bought a laptop.	Annie was among the least likely to buy a laptop.
entailment	Even Judy shifted to China.	Judy was among the least likely to shift to China.
entailment	Even Lauren bought a phone.	Lauren was among the least likely to buy the phone.
entailment	Even Alice failed the exam.	Alice was among the least likely to fail the exam.
entailment	Even Betty quit the job.	Betty was among the least likely to quit the job.
entailment	Even Laura got a divorce.	Laura was among the least likely to get a divorce.
entailment	Even Anthony quit the job.	Anthony was among the least likely to quit the job.
entailment	Even Jeff got the scholarship.	Jeff was among the least likely to get the scholarship.
entailment	Even Kathleen failed the exam.	Kathleen was among the least likely to fail the exam.
entailment	Even Edward bought a laptop.	Edward was among the least likely to buy a laptop.
entailment	Even Matthew shifted to Europe.	Matthew was among the least likely to shift to Europe.
entailment	Even Diana went to college.	Diana was among the least likely to go to college.
entailment	Even Sarah quit the job.	Sarah was among the least likely to quit the job.
entailment	Even Charlotte wasted time.	Charlotte was among the least likely to waste time.
entailment	Even Sally shifted to Europe.	Sally was among the least likely to shift to Europe.
entailment	Even Eric quit the job.	Eric was among the least likely to quit the job.
entailment	Even Dorothy sold a house.	Dorothy was among the least likely to sell a house.
entailment	Even Pamela got the scholarship.	Pamela was among the least likely to get the scholarship.
entailment	Even Dorothy wasted time.	Dorothy was among the least likely to waste time.
entailment	Even Michelle went to college.	Michelle was among the least likely to go to college.
entailment	Even Adam shifted to China.	Adam was among the least likely to shift to China.
entailment	Even George bought a laptop.	George was among the least likely to buy a laptop.
entailment	Even Lisa sold a house.	Lisa was among the least likely to sell a house.
entailment	Even Suzanne shifted to Australia.	Suzanne was among the least likely to shift to Australia.
entailment	Even Alexander shifted to Australia.	Alexander was among the least likely to shift to Australia.
entailment	Even Alexander got married.	Alexander was among the least likely to get married.
entailment	Even Jay got a divorce.	Jay was among the least likely to get a divorce.
entailment	Even Donald got the scholarship.	Donald was among the least likely to get the scholarship.
entailment	Even Lynn quit the job.	Lynn was among the least likely to quit the job.
entailment	Even Kelly got a divorce.	Kelly was among the least likely to get a divorce.
entailment	Even Pamela bought a laptop.	Pamela was among the least likely to buy a laptop.
entailment	Even Lisa bought a house.	Lisa was among the least likely to buy a house.
entailment	Even Dorothy went to college.	Dorothy was among the least likely to go to college.
entailment	Even Rose sold a house.	Rose was among the least likely to sell a house.
entailment	Even Rose wasted time.	Rose was among the least likely to waste time.
entailment	Even Rose shifted to China.	Rose was among the least likely to shift to China.
entailment	Even William went to college.	William was among the least likely to go to college.
entailment	Even Charles failed the exam.	Charles was among the least likely to fail the exam.
entailment	Even Andrew sold a house.	Andrew was among the least likely to sell a house.
entailment	Even Jimmy bought a laptop.	Jimmy was among the least likely to buy a laptop.
entailment	Even Linda wasted time.	Linda was among the least likely to waste time.
entailment	Even Harry got married.	Harry was among the least likely to get married.
entailment	Even Joseph got into a relationship.	Joseph was among the least likely to get into a relationship.
entailment	Even Philip won the race.	Philip was among the least likely to win the race.
entailment	Even Ryan got the scholarship.	Ryan was among the least likely to get the scholarship.
entailment	Even Dave sold a house.	Dave was among the least likely to sell a house.
entailment	Even Henry got a divorce.	Henry was among the least likely to get a divorce.
entailment	Even Diana got into a relationship.	Diana was among the least likely to get into a relationship.
entailment	Even Fiona shifted to Australia.	Fiona was among the least likely to shift to Australia.
entailment	Even Brian got the scholarship.	Brian was among the least likely to get the scholarship.
entailment	Even Andrea wasted time.	Andrea was among the least likely to waste time.
entailment	Even Al got married.	Al was among the least likely to get married.
entailment	Even Frances bought a phone.	Frances was among the least likely to buy the phone.
entailment	Even Harold bought a laptop.	Harold was among the least likely to buy a laptop.
entailment	Even Donna wasted time.	Donna was among the least likely to waste time.
entailment	Even Susan shifted to Europe.	Susan was among the least likely to shift to Europe.
entailment	Even Tom bought a phone.	Tom was among the least likely to buy the phone.
entailment	Even Alison got a divorce.	Alison was among the least likely to get a divorce.
entailment	Even Catherine won the race.	Catherine was among the least likely to win the race.
entailment	Even Sara got into a relationship.	Sara was among the least likely to get into a relationship.
entailment	Even Alison bought a phone.	Alison was among the least likely to buy the phone.
entailment	Even Michelle got married.	Michelle was among the least likely to get married.
entailment	Even Sophie quit the job.	Sophie was among the least likely to quit the job.
entailment	Even Pamela bought a phone.	Pamela was among the least likely to buy the phone.
entailment	Even Keith shifted to Australia.	Keith was among the least likely to shift to Australia.
entailment	Even Francis got a divorce.	Francis was among the least likely to get a divorce.
entailment	Even Linda shifted to Europe.	Linda was among the least likely to shift to Europe.
entailment	Even Ian sold a house.	Ian was among the least likely to sell a house.
entailment	Even Edwin bought a phone.	Edwin was among the least likely to buy the phone.
entailment	Even Susan failed the exam.	Susan was among the least likely to fail the exam.
entailment	Even Joe bought a laptop.	Joe was among the least likely to buy a laptop.
entailment	Even Jane shifted to Australia.	Jane was among the least likely to shift to Australia.
entailment	Even Mary shifted to Europe.	Mary was among the least likely to shift to Europe.
entailment	Even Mark went to college.	Mark was among the least likely to go to college.
entailment	Even Arthur failed the exam.	Arthur was among the least likely to fail the exam.
entailment	Even Amanda shifted to Australia.	Amanda was among the least likely to shift to Australia.
entailment	Even Sam got a divorce.	Sam was among the least likely to get a divorce.
entailment	Even Michelle went to college.	Michelle was among the least likely to go to college.
entailment	Even Eleanor got married.	Eleanor was among the least likely to get married.
entailment	Even Jonathan went to college.	Jonathan was among the least likely to go to college.
entailment	Even Diane bought a laptop.	Diane was among the least likely to buy a laptop.
entailment	Even Amy bought a laptop.	Amy was among the least likely to buy a laptop.
entailment	Even Michelle failed the exam.	Michelle was among the least likely to fail the exam.
entailment	Even Nicole bought a house.	Nicole was among the least likely to buy a house.
entailment	Even Elizabeth shifted to China.	Elizabeth was among the least likely to shift to China.
entailment	Even Jonathan sold a house.	Jonathan was among the least likely to sell a house.
entailment	Even Caroline won the race.	Caroline was among the least likely to win the race.
entailment	Even Sandra got the scholarship.	Sandra was among the least likely to get the scholarship.
entailment	Even Henry went to college.	Henry was among the least likely to go to college.
entailment	Even Eleanor bought a laptop.	Eleanor was among the least likely to buy a laptop.
entailment	Even Laura shifted to China.	Laura was among the least likely to shift to China.
entailment	Even Peter failed the exam.	Peter was among the least likely to fail the exam.
entailment	Even Catherine failed the exam.	Catherine was among the least likely to fail the exam.
entailment	Even Christopher bought a house.	Christopher was among the least likely to buy a house.
entailment	Even Leslie got a divorce.	Leslie was among the least likely to get a divorce.
entailment	Even Dave got into a relationship.	Dave was among the least likely to get into a relationship.
entailment	Even Robin bought a phone.	Robin was among the least likely to buy the phone.
entailment	Even Steven got into a relationship.	Steven was among the least likely to get into a relationship.
entailment	Even Andrea went to college.	Andrea was among the least likely to go to college.
entailment	Even Martha bought a phone.	Martha was among the least likely to buy the phone.
entailment	Even Jason got the scholarship.	Jason was among the least likely to get the scholarship.
entailment	Even Andrew won the race.	Andrew was among the least likely to win the race.
entailment	Even Jean got the scholarship.	Jean was among the least likely to get the scholarship.
entailment	Even Charlie bought a phone.	Charlie was among the least likely to buy the phone.
entailment	Even Martin shifted to Europe.	Martin was among the least likely to shift to Europe.
entailment	Even Francis got into a relationship.	Francis was among the least likely to get into a relationship.
entailment	Even Virginia shifted to Europe.	Virginia was among the least likely to shift to Europe.
entailment	Even Steven sold a house.	Steven was among the least likely to sell a house.
entailment	Even Andrea won the race.	Andrea was among the least likely to win the race.
entailment	Even Matt got into a relationship.	Matt was among the least likely to get into a relationship.
entailment	Even John shifted to China.	John was among the least likely to shift to China.
entailment	Even Ann failed the exam.	Ann was among the least likely to fail the exam.
entailment	Even Eleanor bought a house.	Eleanor was among the least likely to buy a house.
entailment	Even Pamela shifted to Australia.	Pamela was among the least likely to shift to Australia.
entailment	Even Jane failed the exam.	Jane was among the least likely to fail the exam.
entailment	Even Harold bought a phone.	Harold was among the least likely to buy the phone.
entailment	Even Suzanne got the scholarship.	Suzanne was among the least likely to get the scholarship.
entailment	Even Evelyn bought a laptop.	Evelyn was among the least likely to buy a laptop.
entailment	Even Florence wasted time.	Florence was among the least likely to waste time.
entailment	Even Edward got into a relationship.	Edward was among the least likely to get into a relationship.
entailment	Even Heather got the scholarship.	Heather was among the least likely to get the scholarship.
entailment	Even Deborah won the race.	Deborah was among the least likely to win the race.
entailment	Even Steven got the scholarship.	Steven was among the least likely to get the scholarship.
entailment	Even Julia shifted to Australia.	Julia was among the least likely to shift to Australia.
entailment	Even Stephen shifted to Europe.	Stephen was among the least likely to shift to Europe.
entailment	Even Charles shifted to China.	Charles was among the least likely to shift to China.
entailment	Even Jay failed the exam.	Jay was among the least likely to fail the exam.
entailment	Even Don shifted to Australia.	Don was among the least likely to shift to Australia.
entailment	Even Louise won the race.	Louise was among the least likely to win the race.
entailment	Even Mark sold a house.	Mark was among the least likely to sell a house.
entailment	Even Lynn sold a house.	Lynn was among the least likely to sell a house.
entailment	Even Victoria bought a house.	Victoria was among the least likely to buy a house.
entailment	Even Amy won the race.	Amy was among the least likely to win the race.
entailment	Even David got the scholarship.	David was among the least likely to get the scholarship.
entailment	Even Florence got the scholarship.	Florence was among the least likely to get the scholarship.
entailment	Even Lawrence got into a relationship.	Lawrence was among the least likely to get into a relationship.
entailment	Even Eric shifted to Australia.	Eric was among the least likely to shift to Australia.
entailment	Even Pamela failed the exam.	Pamela was among the least likely to fail the exam.
entailment	Even Harold wasted time.	Harold was among the least likely to waste time.
entailment	Even Charlotte got into a relationship.	Charlotte was among the least likely to get into a relationship.
entailment	Even Dan bought a house.	Dan was among the least likely to buy a house.
entailment	Even Kelly bought a laptop.	Kelly was among the least likely to buy a laptop.
entailment	Even Charlie bought a phone.	Charlie was among the least likely to buy the phone.
entailment	Even Kathryn sold a house.	Kathryn was among the least likely to sell a house.
entailment	Even Ray shifted to Europe.	Ray was among the least likely to shift to Europe.
entailment	Even Billy wasted time.	Billy was among the least likely to waste time.
entailment	Even Alfred won the race.	Alfred was among the least likely to win the race.
entailment	Even Ken went to college.	Ken was among the least likely to go to college.
entailment	Even Roger shifted to China.	Roger was among the least likely to shift to China.
entailment	Even Paul bought a phone.	Paul was among the least likely to buy the phone.
entailment	Even Thomas quit the job.	Thomas was among the least likely to quit the job.
entailment	Even Elaine shifted to Europe.	Elaine was among the least likely to shift to Europe.
entailment	Even Fiona bought a house.	Fiona was among the least likely to buy a house.
entailment	Even Caroline quit the job.	Caroline was among the least likely to quit the job.
entailment	Even Edwin shifted to Europe.	Edwin was among the least likely to shift to Europe.
entailment	Even Lucy failed the exam.	Lucy was among the least likely to fail the exam.
entailment	Even Al failed the exam.	Al was among the least likely to fail the exam.
entailment	Even Richard bought a house.	Richard was among the least likely to buy a house.
entailment	Even Pamela got a divorce.	Pamela was among the least likely to get a divorce.
entailment	Even Alfred got the scholarship.	Alfred was among the least likely to get the scholarship.
entailment	Even Ray got into a relationship.	Ray was among the least likely to get into a relationship.
entailment	Even Nancy shifted to Europe.	Nancy was among the least likely to shift to Europe.
entailment	Even David wasted time.	David was among the least likely to waste time.
entailment	Even Brian quit the job.	Brian was among the least likely to quit the job.
entailment	Even Patrick wasted time.	Patrick was among the least likely to waste time.
entailment	Even Katherine wasted time.	Katherine was among the least likely to waste time.
entailment	Even Joe bought a laptop.	Joe was among the least likely to buy a laptop.
entailment	Even Elizabeth got married.	Elizabeth was among the least likely to get married.
entailment	Even Matt got into a relationship.	Matt was among the least likely to get into a relationship.
entailment	Even Laura got a divorce.	Laura was among the least likely to get a divorce.
entailment	Even Albert shifted to Australia.	Albert was among the least likely to shift to Australia.
entailment	Even Stephanie got a divorce.	Stephanie was among the least likely to get a divorce.
entailment	Even Judy shifted to China.	Judy was among the least likely to shift to China.
entailment	Even Kevin bought a laptop.	Kevin was among the least likely to buy a laptop.
entailment	Even Diana got into a relationship.	Diana was among the least likely to get into a relationship.
entailment	Even Al shifted to Australia.	Al was among the least likely to shift to Australia.
entailment	Even Barbara sold a house.	Barbara was among the least likely to sell a house.
entailment	Even Stephen bought a laptop.	Stephen was among the least likely to buy a laptop.
entailment	Even Jim failed the exam.	Jim was among the least likely to fail the exam.
entailment	Even Kathy wasted time.	Kathy was among the least likely to waste time.
entailment	Even Keith wasted time.	Keith was among the least likely to waste time.
entailment	Even Jason bought a phone.	Jason was among the least likely to buy the phone.
entailment	Even Benjamin shifted to China.	Benjamin was among the least likely to shift to China.
entailment	Even Chris got the scholarship.	Chris was among the least likely to get the scholarship.
entailment	Even Carol shifted to Europe.	Carol was among the least likely to shift to Europe.
entailment	Even Jack got into a relationship.	Jack was among the least likely to get into a relationship.
entailment	Even Fred bought a laptop.	Fred was among the least likely to buy a laptop.
entailment	Even Paul shifted to Europe.	Paul was among the least likely to shift to Europe.
entailment	Even Henry quit the job.	Henry was among the least likely to quit the job.
entailment	Even Sue shifted to China.	Sue was among the least likely to shift to China.
entailment	Even Harry quit the job.	Harry was among the least likely to quit the job.
entailment	Even Leslie shifted to Europe.	Leslie was among the least likely to shift to Europe.
entailment	Even Jonathan bought a phone.	Jonathan was among the least likely to buy the phone.
entailment	Even Adam got married.	Adam was among the least likely to get married.
entailment	Even Marie bought a laptop.	Marie was among the least likely to buy a laptop.
entailment	Even Louise shifted to Europe.	Louise was among the least likely to shift to Europe.
entailment	Even Nancy got married.	Nancy was among the least likely to get married.
entailment	Even Colin got the scholarship.	Colin was among the least likely to get the scholarship.
entailment	Even Francis bought a phone.	Francis was among the least likely to buy the phone.
entailment	Even Matt shifted to Europe.	Matt was among the least likely to shift to Europe.
entailment	Even Henry went to college.	Henry was among the least likely to go to college.
entailment	Even Ralph wasted time.	Ralph was among the least likely to waste time.
entailment	Even Harriet bought a phone.	Harriet was among the least likely to buy the phone.
entailment	Even Ian failed the exam.	Ian was among the least likely to fail the exam.
entailment	Even Mike won the race.	Mike was among the least likely to win the race.
entailment	Even Jean bought a phone.	Jean was among the least likely to buy the phone.
entailment	Even Barbara shifted to Europe.	Barbara was among the least likely to shift to Europe.
entailment	Even Jack got married.	Jack was among the least likely to get married.
entailment	Even Daniel bought a phone.	Daniel was among the least likely to buy the phone.
entailment	Even Jean won the race.	Jean was among the least likely to win the race.
entailment	Even Jim sold a house.	Jim was among the least likely to sell a house.
entailment	Even Bruce sold a house.	Bruce was among the least likely to sell a house.
entailment	Even Scott got into a relationship.	Scott was among the least likely to get into a relationship.
entailment	Even Sharon wasted time.	Sharon was among the least likely to waste time.
entailment	Even Al bought a laptop.	Al was among the least likely to buy a laptop.
entailment	Even Susan got married.	Susan was among the least likely to get married.
entailment	Even Leslie wasted time.	Leslie was among the least likely to waste time.
entailment	Even Mike got the scholarship.	Mike was among the least likely to get the scholarship.
entailment	Even Karen bought a phone.	Karen was among the least likely to buy the phone.
entailment	Even Gary got married.	Gary was among the least likely to get married.
entailment	Even Marie failed the exam.	Marie was among the least likely to fail the exam.
entailment	Even Ian got the scholarship.	Ian was among the least likely to get the scholarship.
entailment	Even Alan got the scholarship.	Alan was among the least likely to get the scholarship.
entailment	Even Rose shifted to Europe.	Rose was among the least likely to shift to Europe.
entailment	Even Katie bought a laptop.	Katie was among the least likely to buy a laptop.
entailment	Even Caroline went to college.	Caroline was among the least likely to go to college.
entailment	Even Tony bought a phone.	Tony was among the least likely to buy the phone.
entailment	Even Frank quit the job.	Frank was among the least likely to quit the job.
entailment	Even Betty bought a phone.	Betty was among the least likely to buy the phone.
entailment	Even Joe shifted to Australia.	Joe was among the least likely to shift to Australia.
entailment	Even Marilyn shifted to Australia.	Marilyn was among the least likely to shift to Australia.
entailment	Even Julie sold a house.	Julie was among the least likely to sell a house.
entailment	Even Alice shifted to Australia.	Alice was among the least likely to shift to Australia.
entailment	Even William got the scholarship.	William was among the least likely to get the scholarship.
entailment	Even Tom quit the job.	Tom was among the least likely to quit the job.
entailment	Even Kim quit the job.	Kim was among the least likely to quit the job.
entailment	Even Arthur shifted to Europe.	Arthur was among the least likely to shift to Europe.
entailment	Even Joan got married.	Joan was among the least likely to get married.
entailment	Even Lisa quit the job.	Lisa was among the least likely to quit the job.
entailment	Even Matthew shifted to Europe.	Matthew was among the least likely to shift to Europe.
entailment	Even Katie went to college.	Katie was among the least likely to go to college.
entailment	Even Julia wasted time.	Julia was among the least likely to waste time.
entailment	Even Lynn bought a house.	Lynn was among the least likely to buy a house.
entailment	Even Deborah sold a house.	Deborah was among the least likely to sell a house.
entailment	Even Francis got a divorce.	Francis was among the least likely to get a divorce.
entailment	Even Kim sold a house.	Kim was among the least likely to sell a house.
entailment	Even Simon got into a relationship.	Simon was among the least likely to get into a relationship.
entailment	Even Anne wasted time.	Anne was among the least likely to waste time.
entailment	Even Tom got a divorce.	Tom was among the least likely to get a divorce.
entailment	Even Gary bought a phone.	Gary was among the least likely to buy the phone.
entailment	Even Annie bought a laptop.	Annie was among the least likely to buy a laptop.
entailment	Even Diane quit the job.	Diane was among the least likely to quit the job.
entailment	Even Katie bought a house.	Katie was among the least likely to buy a house.
entailment	Even Sam wasted time.	Sam was among the least likely to waste time.
entailment	Even Daniel shifted to Australia.	Daniel was among the least likely to shift to Australia.
entailment	Even Jack got into a relationship.	Jack was among the least likely to get into a relationship.
entailment	Even Marie failed the exam.	Marie was among the least likely to fail the exam.
entailment	Even Jack got the scholarship.	Jack was among the least likely to get the scholarship.
entailment	Even Lauren shifted to China.	Lauren was among the least likely to shift to China.
entailment	Even Patrick got a divorce.	Patrick was among the least likely to get a divorce.
entailment	Even Mary failed the exam.	Mary was among the least likely to fail the exam.
entailment	Even Jason won the race.	Jason was among the least likely to win the race.
entailment	Even Evelyn shifted to Europe.	Evelyn was among the least likely to shift to Europe.
entailment	Even Harriet got married.	Harriet was among the least likely to get married.
entailment	Even Chris sold a house.	Chris was among the least likely to sell a house.
entailment	Even Victoria failed the exam.	Victoria was among the least likely to fail the exam.
entailment	Even Jay bought a phone.	Jay was among the least likely to buy the phone.
entailment	Even Caroline went to college.	Caroline was among the least likely to go to college.
entailment	Even Kenneth bought a house.	Kenneth was among the least likely to buy a house.
entailment	Even Jessica wasted time.	Jessica was among the least likely to waste time.
entailment	Even Walter failed the exam.	Walter was among the least likely to fail the exam.
entailment	Even Bill got a divorce.	Bill was among the least likely to get a divorce.
entailment	Even Judy went to college.	Judy was among the least likely to go to college.
entailment	Even Tom got married.	Tom was among the least likely to get married.
entailment	Even Keith wasted time.	Keith was among the least likely to waste time.
entailment	Even Robin shifted to Australia.	Robin was among the least likely to shift to Australia.
entailment	Even Annie got a divorce.	Annie was among the least likely to get a divorce.
entailment	Even Robert went to college.	Robert was among the least likely to go to college.
entailment	Even Suzanne won the race.	Suzanne was among the least likely to win the race.
entailment	Even Alice bought a house.	Alice was among the least likely to buy a house.
entailment	Even Cynthia got into a relationship.	Cynthia was among the least likely to get into a relationship.
entailment	Even Patricia got a divorce.	Patricia was among the least likely to get a divorce.
entailment	Even Christine shifted to China.	Christine was among the least likely to shift to China.
entailment	Even Emma quit the job.	Emma was among the least likely to quit the job.
entailment	Even Jessica wasted time.	Jessica was among the least likely to waste time.
entailment	Even Roger quit the job.	Roger was among the least likely to quit the job.
entailment	Even Grace shifted to China.	Grace was among the least likely to shift to China.
entailment	Even Evelyn bought a house.	Evelyn was among the least likely to buy a house.
entailment	Even Jonathan won the race.	Jonathan was among the least likely to win the race.
entailment	Even Laura quit the job.	Laura was among the least likely to quit the job.
entailment	Even Hugh sold a house.	Hugh was among the least likely to sell a house.
entailment	Even Simon sold a house.	Simon was among the least likely to sell a house.
entailment	Even Annie shifted to Australia.	Annie was among the least likely to shift to Australia.
entailment	Even Tony failed the exam.	Tony was among the least likely to fail the exam.
entailment	Even Ben quit the job.	Ben was among the least likely to quit the job.
entailment	Even Kathy got married.	Kathy was among the least likely to get married.
entailment	Even Carl got into a relationship.	Carl was among the least likely to get into a relationship.
entailment	Even Edwin won the race.	Edwin was among the least likely to win the race.
entailment	Even Harriet went to college.	Harriet was among the least likely to go to college.
entailment	Even Amy got a divorce.	Amy was among the least likely to get a divorce.
entailment	Even Angela went to college.	Angela was among the least likely to go to college.
entailment	Even Frederick bought a laptop.	Frederick was among the least likely to buy a laptop.
entailment	Even Al shifted to China.	Al was among the least likely to shift to China.
entailment	Even Margaret failed the exam.	Margaret was among the least likely to fail the exam.
entailment	Even Ben won the race.	Ben was among the least likely to win the race.
entailment	Even Ken sold a house.	Ken was among the least likely to sell a house.
entailment	Even Simon shifted to Australia.	Simon was among the least likely to shift to Australia.
entailment	Even Frederick won the race.	Frederick was among the least likely to win the race.
entailment	Even Ian bought a laptop.	Ian was among the least likely to buy a laptop.
entailment	Even Greg got the scholarship.	Greg was among the least likely to get the scholarship.
entailment	Even Henry got into a relationship.	Henry was among the least likely to get into a relationship.
entailment	Even Kim went to college.	Kim was among the least likely to go to college.
entailment	Even Christopher shifted to Europe.	Christopher was among the least likely to shift to Europe.
entailment	Even Jennifer got a divorce.	Jennifer was among the least likely to get a divorce.
entailment	Even Donna won the race.	Donna was among the least likely to win the race.
entailment	Even Harold failed the exam.	Harold was among the least likely to fail the exam.
entailment	Even Stephanie failed the exam.	Stephanie was among the least likely to fail the exam.
entailment	Even James wasted time.	James was among the least likely to waste time.
entailment	Even George got into a relationship.	George was among the least likely to get into a relationship.
entailment	Even Catherine failed the exam.	Catherine was among the least likely to fail the exam.
entailment	Even Louis wasted time.	Louis was among the least likely to waste time.
entailment	Even Ashley wasted time.	Ashley was among the least likely to waste time.
entailment	Even Jay bought a phone.	Jay was among the least likely to buy the phone.
entailment	Even Dan shifted to China.	Dan was among the least likely to shift to China.
entailment	Even Christopher won the race.	Christopher was among the least likely to win the race.
entailment	Even Alison shifted to China.	Alison was among the least likely to shift to China.
entailment	Even Caroline sold a house.	Caroline was among the least likely to sell a house.
entailment	Even Harry bought a laptop.	Harry was among the least likely to buy a laptop.
entailment	Even Howard shifted to China.	Howard was among the least likely to shift to China.
entailment	Even John bought a laptop.	John was among the least likely to buy a laptop.
entailment	Even David bought a phone.	David was among the least likely to buy the phone.
entailment	Even Larry bought a phone.	Larry was among the least likely to buy the phone.
entailment	Even Laura shifted to China.	Laura was among the least likely to shift to China.
entailment	Even Sarah shifted to Europe.	Sarah was among the least likely to shift to Europe.
entailment	Even Ian quit the job.	Ian was among the least likely to quit the job.
entailment	Even Louis shifted to Europe.	Louis was among the least likely to shift to Europe.
entailment	Even Amanda bought a house.	Amanda was among the least likely to buy a house.
entailment	Even Louise bought a laptop.	Louise was among the least likely to buy a laptop.
entailment	Even Martha failed the exam.	Martha was among the least likely to fail the exam.
entailment	Even Jay went to college.	Jay was among the least likely to go to college.
entailment	Even Edward got the scholarship.	Edward was among the least likely to get the scholarship.
entailment	Even Lauren sold a house.	Lauren was among the least likely to sell a house.
entailment	Even Sophie won the race.	Sophie was among the least likely to win the race.
entailment	Even Susan wasted time.	Susan was among the least likely to waste time.
entailment	Even Ann shifted to China.	Ann was among the least likely to shift to China.
entailment	Even Ray shifted to Europe.	Ray was among the least likely to shift to Europe.
entailment	Even Elizabeth got a divorce.	Elizabeth was among the least likely to get a divorce.
entailment	Even Alexandra shifted to Australia.	Alexandra was among the least likely to shift to Australia.
entailment	Even Jean went to college.	Jean was among the least likely to go to college.
entailment	Even Alexander bought a phone.	Alexander was among the least likely to buy the phone.
entailment	Even Melissa quit the job.	Melissa was among the least likely to quit the job.
entailment	Even Ellen bought a house.	Ellen was among the least likely to buy a house.
entailment	Even Sara bought a house.	Sara was among the least likely to buy a house.
entailment	Even Martha shifted to Europe.	Martha was among the least likely to shift to Europe.
entailment	Even Kathryn bought a phone.	Kathryn was among the least likely to buy the phone.
entailment	Even Anthony got into a relationship.	Anthony was among the least likely to get into a relationship.
entailment	Even Lawrence shifted to Europe.	Lawrence was among the least likely to shift to Europe.
entailment	Even Jean wasted time.	Jean was among the least likely to waste time.
entailment	Even Sandra sold a house.	Sandra was among the least likely to sell a house.
entailment	Even Robert went to college.	Robert was among the least likely to go to college.
entailment	Even Louis won the race.	Louis was among the least likely to win the race.
entailment	Even Alexandra shifted to China.	Alexandra was among the least likely to shift to China.
entailment	Even Jim won the race.	Jim was among the least likely to win the race.
entailment	Even Cynthia bought a phone.	Cynthia was among the least likely to buy the phone.
entailment	Even Carolyn bought a house.	Carolyn was among the least likely to buy a house.
entailment	Even Caroline bought a house.	Caroline was among the least likely to buy a house.
entailment	Even James failed the exam.	James was among the least likely to fail the exam.
entailment	Even Tony shifted to Australia.	Tony was among the least likely to shift to Australia.
entailment	Even Ashley bought a laptop.	Ashley was among the least likely to buy a laptop.
entailment	Even Frances shifted to China.	Frances was among the least likely to shift to China.
entailment	Even Jerry went to college.	Jerry was among the least likely to go to college.
entailment	Even Patricia got married.	Patricia was among the least likely to get married.
entailment	Even Martha won the race.	Martha was among the least likely to win the race.
entailment	Even Wendy shifted to Europe.	Wendy was among the least likely to shift to Europe.
entailment	Even Brian failed the exam.	Brian was among the least likely to fail the exam.
entailment	Even Carol wasted time.	Carol was among the least likely to waste time.
entailment	Even Fiona bought a laptop.	Fiona was among the least likely to buy a laptop.
entailment	Even Suzanne wasted time.	Suzanne was among the least likely to waste time.
entailment	Even Harold bought a phone.	Harold was among the least likely to buy the phone.
entailment	Even Jennifer bought a phone.	Jennifer was among the least likely to buy the phone.
entailment	Even Keith got into a relationship.	Keith was among the least likely to get into a relationship.
entailment	Even Rose got into a relationship.	Rose was among the least likely to get into a relationship.
entailment	Even Diana sold a house.	Diana was among the least likely to sell a house.
entailment	Even Ken sold a house.	Ken was among the least likely to sell a house.
entailment	Even Alison got married.	Alison was among the least likely to get married.
entailment	Even Steven failed the exam.	Steven was among the least likely to fail the exam.
entailment	Even Mary shifted to Europe.	Mary was among the least likely to shift to Europe.
entailment	Even Lucy sold a house.	Lucy was among the least likely to sell a house.
entailment	Even Jean bought a house.	Jean was among the least likely to buy a house.
entailment	Even Bob shifted to Europe.	Bob was among the least likely to shift to Europe.
entailment	Even Anna bought a phone.	Anna was among the least likely to buy the phone.
entailment	Even Robert failed the exam.	Robert was among the least likely to fail the exam.
entailment	Even Joan shifted to China.	Joan was among the least likely to shift to China.
entailment	Even Kenneth wasted time.	Kenneth was among the least likely to waste time.
entailment	Even Mike bought a laptop.	Mike was among the least likely to buy a laptop.
entailment	Even Walter quit the job.	Walter was among the least likely to quit the job.
entailment	Even Ralph got into a relationship.	Ralph was among the least likely to get into a relationship.
entailment	Even Harriet shifted to China.	Harriet was among the least likely to shift to China.
entailment	Even Roy failed the exam.	Roy was among the least likely to fail the exam.
entailment	Even Frederick failed the exam.	Frederick was among the least likely to fail the exam.
entailment	Even Arthur wasted time.	Arthur was among the least likely to waste time.
entailment	Even John sold a house.	John was among the least likely to sell a house.
entailment	Even Christopher got into a relationship.	Christopher was among the least likely to get into a relationship.
entailment	Even Emily shifted to Australia.	Emily was among the least likely to shift to Australia.
entailment	Even Anthony got married.	Anthony was among the least likely to get married.
entailment	Even Hugh failed the exam.	Hugh was among the least likely to fail the exam.
entailment	Even Julie got a divorce.	Julie was among the least likely to get a divorce.
entailment	Even Jeff wasted time.	Jeff was among the least likely to waste time.
entailment	Even Ralph got into a relationship.	Ralph was among the least likely to get into a relationship.
entailment	Even Susan got a divorce.	Susan was among the least likely to get a divorce.
entailment	Even Roger failed the exam.	Roger was among the least likely to fail the exam.
entailment	Even Robert shifted to Europe.	Robert was among the least likely to shift to Europe.
entailment	Even Dick shifted to Australia.	Dick was among the least likely to shift to Australia.
entailment	Even Martha got a divorce.	Martha was among the least likely to get a divorce.
entailment	Even Charlie shifted to China.	Charlie was among the least likely to shift to China.
entailment	Even Henry got the scholarship.	Henry was among the least likely to get the scholarship.
entailment	Even Howard got a divorce.	Howard was among the least likely to get a divorce.
entailment	Even Jim shifted to Australia.	Jim was among the least likely to shift to Australia.
entailment	Even Charlotte bought a laptop.	Charlotte was among the least likely to buy a laptop.
entailment	Even Michael wasted time.	Michael was among the least likely to waste time.
entailment	Even Albert got married.	Albert was among the least likely to get married.
entailment	Even Jack bought a laptop.	Jack was among the least likely to buy a laptop.
entailment	Even Helen got a divorce.	Helen was among the least likely to get a divorce.
entailment	Even Billy quit the job.	Billy was among the least likely to quit the job.
entailment	Even Florence won the race.	Florence was among the least likely to win the race.
entailment	Even Harriet wasted time.	Harriet was among the least likely to waste time.
entailment	Even Benjamin bought a house.	Benjamin was among the least likely to buy a house.
entailment	Even Sandra got the scholarship.	Sandra was among the least likely to get the scholarship.
entailment	Even Melissa bought a laptop.	Melissa was among the least likely to buy a laptop.
entailment	Even Bill got married.	Bill was among the least likely to get married.
entailment	Even Carol bought a house.	Carol was among the least likely to buy a house.
entailment	Even Sara shifted to Europe.	Sara was among the least likely to shift to Europe.
entailment	Even Frank got into a relationship.	Frank was among the least likely to get into a relationship.
entailment	Even Matthew went to college.	Matthew was among the least likely to go to college.
entailment	Even Eric shifted to Europe.	Eric was among the least likely to shift to Europe.
entailment	Even Roger got the scholarship.	Roger was among the least likely to get the scholarship.
entailment	Even Michael got a divorce.	Michael was among the least likely to get a divorce.
entailment	Even Charles got married.	Charles was among the least likely to get married.
entailment	Even Jimmy failed the exam.	Jimmy was among the least likely to fail the exam.
entailment	Even Julia failed the exam.	Julia was among the least likely to fail the exam.
entailment	Even Alex failed the exam.	Alex was among the least likely to fail the exam.
entailment	Even Ben bought a house.	Ben was among the least likely to buy a house.
entailment	Even Heather got the scholarship.	Heather was among the least likely to get the scholarship.
entailment	Even Sally wasted time.	Sally was among the least likely to waste time.
entailment	Even Ashley got married.	Ashley was among the least likely to get married.
entailment	Even Lawrence bought a laptop.	Lawrence was among the least likely to buy a laptop.
entailment	Even Jonathan failed the exam.	Jonathan was among the least likely to fail the exam.
entailment	Even Cynthia bought a house.	Cynthia was among the least likely to buy a house.
entailment	Even Ruth bought a laptop.	Ruth was among the least likely to buy a laptop.
entailment	Even David quit the job.	David was among the least likely to quit the job.
entailment	Even Tony shifted to Europe.	Tony was among the least likely to shift to Europe.
entailment	Even Margaret got into a relationship.	Margaret was among the least likely to get into a relationship.
entailment	Even Thomas quit the job.	Thomas was among the least likely to quit the job.
entailment	Even Billy got a divorce.	Billy was among the least likely to get a divorce.
entailment	Even Wendy shifted to Australia.	Wendy was among the least likely to shift to Australia.
entailment	Even William shifted to Australia.	William was among the least likely to shift to Australia.
entailment	Even Evelyn bought a laptop.	Evelyn was among the least likely to buy a laptop.
entailment	Even Helen bought a laptop.	Helen was among the least likely to buy a laptop.
entailment	Even Bruce got into a relationship.	Bruce was among the least likely to get into a relationship.
entailment	Even Jonathan got a divorce.	Jonathan was among the least likely to get a divorce.
entailment	Even Grace got a divorce.	Grace was among the least likely to get a divorce.
entailment	Even Jason got a divorce.	Jason was among the least likely to get a divorce.
entailment	Even Alexandra sold a house.	Alexandra was among the least likely to sell a house.
entailment	Even Carl got a divorce.	Carl was among the least likely to get a divorce.
entailment	Even Frank wasted time.	Frank was among the least likely to waste time.
entailment	Even Lucy bought a phone.	Lucy was among the least likely to buy the phone.
entailment	Even Alexandra bought a phone.	Alexandra was among the least likely to buy the phone.
entailment	Even Sarah wasted time.	Sarah was among the least likely to waste time.
entailment	Even Arthur got married.	Arthur was among the least likely to get married.
entailment	Even Jay shifted to Australia.	Jay was among the least likely to shift to Australia.
entailment	Even Maria won the race.	Maria was among the least likely to win the race.
entailment	Even George shifted to China.	George was among the least likely to shift to China.
entailment	Even Jane failed the exam.	Jane was among the least likely to fail the exam.
entailment	Even Linda bought a phone.	Linda was among the least likely to buy the phone.
entailment	Even Jane bought a phone.	Jane was among the least likely to buy the phone.
entailment	Even Cynthia quit the job.	Cynthia was among the least likely to quit the job.
entailment	Even Donald got the scholarship.	Donald was among the least likely to get the scholarship.
entailment	Even Harold sold a house.	Harold was among the least likely to sell a house.
entailment	Even Sue got the scholarship.	Sue was among the least likely to get the scholarship.
entailment	Even Judith bought a phone.	Judith was among the least likely to buy the phone.
entailment	Even Jessica got into a relationship.	Jessica was among the least likely to get into a relationship.
entailment	Even Lucy went to college.	Lucy was among the least likely to go to college.
entailment	Even Dick shifted to Europe.	Dick was among the least likely to shift to Europe.
entailment	Even Charlotte got married.	Charlotte was among the least likely to get married.
entailment	Even Diana bought a house.	Diana was among the least likely to buy a house.
entailment	Even Laura shifted to Australia.	Laura was among the least likely to shift to Australia.
entailment	Even Ryan sold a house.	Ryan was among the least likely to sell a house.
entailment	Even Alfred bought a laptop.	Alfred was among the least likely to buy a laptop.
entailment	Even Elizabeth got a divorce.	Elizabeth was among the least likely to get a divorce.
entailment	Even Angela shifted to Australia.	Angela was among the least likely to shift to Australia.
entailment	Even Suzanne wasted time.	Suzanne was among the least likely to waste time.
entailment	Even Edwin shifted to Europe.	Edwin was among the least likely to shift to Europe.
entailment	Even Victoria quit the job.	Victoria was among the least likely to quit the job.
entailment	Even Simon went to college.	Simon was among the least likely to go to college.
entailment	Even Louis went to college.	Louis was among the least likely to go to college.
entailment	Even Alice bought a house.	Alice was among the least likely to buy a house.
entailment	Even Laura won the race.	Laura was among the least likely to win the race.
entailment	Even Susan failed the exam.	Susan was among the least likely to fail the exam.
entailment	Even Roy failed the exam.	Roy was among the least likely to fail the exam.
entailment	Even Jason got into a relationship.	Jason was among the least likely to get into a relationship.
entailment	Even Carolyn shifted to Australia.	Carolyn was among the least likely to shift to Australia.
entailment	Even Andrew quit the job.	Andrew was among the least likely to quit the job.
entailment	Even Kenneth wasted time.	Kenneth was among the least likely to waste time.
entailment	Even Julie got into a relationship.	Julie was among the least likely to get into a relationship.
entailment	Even Anna bought a house.	Anna was among the least likely to buy a house.
entailment	Even Alan shifted to Australia.	Alan was among the least likely to shift to Australia.
entailment	Even Judith shifted to Europe.	Judith was among the least likely to shift to Europe.
entailment	Even Joe got into a relationship.	Joe was among the least likely to get into a relationship.
entailment	Even Francis sold a house.	Francis was among the least likely to sell a house.
entailment	Even Johnny went to college.	Johnny was among the least likely to go to college.
entailment	Even Frances got married.	Frances was among the least likely to get married.
entailment	Even Sarah shifted to China.	Sarah was among the least likely to shift to China.
entailment	Even Simon quit the job.	Simon was among the least likely to quit the job.
entailment	Even Marilyn won the race.	Marilyn was among the least likely to win the race.
entailment	Even Charlie shifted to Europe.	Charlie was among the least likely to shift to Europe.
entailment	Even Martin sold a house.	Martin was among the least likely to sell a house.
entailment	Even Linda got a divorce.	Linda was among the least likely to get a divorce.
entailment	Even Cynthia won the race.	Cynthia was among the least likely to win the race.
entailment	Even Al bought a house.	Al was among the least likely to buy a house.
entailment	Even Lawrence failed the exam.	Lawrence was among the least likely to fail the exam.
entailment	Even Charles shifted to Europe.	Charles was among the least likely to shift to Europe.
entailment	Even Sarah failed the exam.	Sarah was among the least likely to fail the exam.
entailment	Even Pamela failed the exam.	Pamela was among the least likely to fail the exam.
entailment	Even Edward shifted to Australia.	Edward was among the least likely to shift to Australia.
entailment	Even Dick got into a relationship.	Dick was among the least likely to get into a relationship.
entailment	Even Carol shifted to Europe.	Carol was among the least likely to shift to Europe.
entailment	Even Andrea shifted to China.	Andrea was among the least likely to shift to China.
entailment	Even Patricia bought a phone.	Patricia was among the least likely to buy the phone.
entailment	Even Tony got a divorce.	Tony was among the least likely to get a divorce.
entailment	Even Frank bought a laptop.	Frank was among the least likely to buy a laptop.
entailment	Even Ruth got a divorce.	Ruth was among the least likely to get a divorce.
entailment	Even Elaine got a divorce.	Elaine was among the least likely to get a divorce.
entailment	Even Sue bought a phone.	Sue was among the least likely to buy the phone.
entailment	Even Evelyn bought a laptop.	Evelyn was among the least likely to buy a laptop.
entailment	Even Kathleen won the race.	Kathleen was among the least likely to win the race.
entailment	Even Mary shifted to Australia.	Mary was among the least likely to shift to Australia.
entailment	Even Jay bought a laptop.	Jay was among the least likely to buy a laptop.
entailment	Even Mike got into a relationship.	Mike was among the least likely to get into a relationship.
entailment	Even Christopher got married.	Christopher was among the least likely to get married.
entailment	Even Karen bought a house.	Karen was among the least likely to buy a house.
entailment	Even Sam got into a relationship.	Sam was among the least likely to get into a relationship.
entailment	Even Bruce shifted to Australia.	Bruce was among the least likely to shift to Australia.
entailment	Even Frank quit the job.	Frank was among the least likely to quit the job.
entailment	Even Edwin won the race.	Edwin was among the least likely to win the race.
entailment	Even Andrew shifted to China.	Andrew was among the least likely to shift to China.
entailment	Even Daniel failed the exam.	Daniel was among the least likely to fail the exam.
entailment	Even Greg won the race.	Greg was among the least likely to win the race.
entailment	Even Helen bought a laptop.	Helen was among the least likely to buy a laptop.
entailment	Even Nick sold a house.	Nick was among the least likely to sell a house.
entailment	Even Bill got married.	Bill was among the least likely to get married.
entailment	Even Frances shifted to Australia.	Frances was among the least likely to shift to Australia.
entailment	Even Sally shifted to China.	Sally was among the least likely to shift to China.
entailment	Even Donald got the scholarship.	Donald was among the least likely to get the scholarship.
entailment	Even Jean quit the job.	Jean was among the least likely to quit the job.
entailment	Even James shifted to Europe.	James was among the least likely to shift to Europe.
entailment	Even Diane shifted to Australia.	Diane was among the least likely to shift to Australia.
entailment	Even Ann got married.	Ann was among the least likely to get married.
entailment	Even Martin got the scholarship.	Martin was among the least likely to get the scholarship.
entailment	Even Rebecca quit the job.	Rebecca was among the least likely to quit the job.
entailment	Even Ann got into a relationship.	Ann was among the least likely to get into a relationship.
entailment	Even Suzanne shifted to Europe.	Suzanne was among the least likely to shift to Europe.
entailment	Even Harriet bought a laptop.	Harriet was among the least likely to buy a laptop.
entailment	Even Scott shifted to Australia.	Scott was among the least likely to shift to Australia.
entailment	Even Wendy quit the job.	Wendy was among the least likely to quit the job.
entailment	Even Stephanie shifted to China.	Stephanie was among the least likely to shift to China.
entailment	Even Claire got married.	Claire was among the least likely to get married.
entailment	Even Alex failed the exam.	Alex was among the least likely to fail the exam.
entailment	Even Dave bought a phone.	Dave was among the least likely to buy the phone.
entailment	Even Alison got a divorce.	Alison was among the least likely to get a divorce.
entailment	Even Robert went to college.	Robert was among the least likely to go to college.
entailment	Even Dave got into a relationship.	Dave was among the least likely to get into a relationship.
entailment	Even Jeff got a divorce.	Jeff was among the least likely to get a divorce.
entailment	Even Larry got the scholarship.	Larry was among the least likely to get the scholarship.
entailment	Even Ben went to college.	Ben was among the least likely to go to college.
entailment	Even Donald bought a phone.	Donald was among the least likely to buy the phone.
entailment	Even Alfred failed the exam.	Alfred was among the least likely to fail the exam.
entailment	Even Andrea shifted to Europe.	Andrea was among the least likely to shift to Europe.
entailment	Even Keith went to college.	Keith was among the least likely to go to college.
entailment	Even John quit the job.	John was among the least likely to quit the job.
entailment	Even Robin shifted to China.	Robin was among the least likely to shift to China.
entailment	Even Sarah got into a relationship.	Sarah was among the least likely to get into a relationship.
entailment	Even Chris won the race.	Chris was among the least likely to win the race.
entailment	Even Amanda failed the exam.	Amanda was among the least likely to fail the exam.
entailment	Even Jay shifted to China.	Jay was among the least likely to shift to China.
entailment	Even Alfred quit the job.	Alfred was among the least likely to quit the job.
entailment	Even Jerry bought a phone.	Jerry was among the least likely to buy the phone.
entailment	Even Barbara bought a laptop.	Barbara was among the least likely to buy a laptop.
entailment	Even Mark shifted to China.	Mark was among the least likely to shift to China.
entailment	Even Fred sold a house.	Fred was among the least likely to sell a house.
entailment	Even Jeff got the scholarship.	Jeff was among the least likely to get the scholarship.
entailment	Even Joe shifted to Australia.	Joe was among the least likely to shift to Australia.
entailment	Even Andrew bought a house.	Andrew was among the least likely to buy a house.
entailment	Even Susan shifted to China.	Susan was among the least likely to shift to China.
entailment	Even Francis got a divorce.	Francis was among the least likely to get a divorce.
