entailment	Ray has 4 credit cards.	Ray has no more than 4 credit cards.
entailment	Adam has 9 matches.	Adam has no more than 9 matches.
entailment	Arthur has 10 brushes.	Arthur has no more than 10 brushes.
entailment	Anne has 2 scissors.	Anne has no more than 2 scissors.
entailment	Ray has 4 cigarettes.	Ray has no more than 4 cigarettes.
entailment	Brian has 2 mirrors.	Brian has no more than 2 mirrors.
entailment	Ellen has 9 photos.	Ellen has no more than 9 photos.
entailment	Leslie has 9 identity cards.	Leslie has no more than 9 identity cards.
entailment	Alexandra has 8 rubbers.	Alexandra has no more than 8 rubbers.
entailment	Patrick has 5 purses.	Patrick has no more than 5 purses.
entailment	Laura has 5 players.	Laura has no more than 5 players.
entailment	Carol has 4 dictionaries.	Carol has no more than 4 dictionaries.
entailment	Kathy has 7 alarm clocks.	Kathy has no more than 7 alarm clocks.
entailment	Mark has 8 players.	Mark has no more than 8 players.
entailment	Daniel has 9 lipsticks.	Daniel has no more than 9 lipsticks.
entailment	Martin has 4 dictionaries.	Martin has no more than 4 dictionaries.
entailment	Deborah has 3 brushes.	Deborah has no more than 3 brushes.
entailment	Maria has 9 magazines.	Maria has no more than 9 magazines.
entailment	Richard has 9 tissues.	Richard has no more than 9 tissues.
entailment	Ian has 10 lighters.	Ian has no more than 10 lighters.
entailment	Laura has 5 scissors.	Laura has no more than 5 scissors.
entailment	Marie has 9 bottles.	Marie has no more than 9 bottles.
entailment	Philip has 2 bottles.	Philip has no more than 2 bottles.
entailment	David has 9 cars.	David has no more than 9 cars.
entailment	Brian has 7 players.	Brian has no more than 7 players.
entailment	Joe has 2 players.	Joe has no more than 2 players.
entailment	Louise has 9 tissues.	Louise has no more than 9 tissues.
entailment	Harriet has 8 banknotes.	Harriet has no more than 8 banknotes.
entailment	Evelyn has 6 clips.	Evelyn has no more than 6 clips.
entailment	Andrew has 8 notebooks.	Andrew has no more than 8 notebooks.
entailment	Jeff has 5 scissors.	Jeff has no more than 5 scissors.
entailment	Scott has 9 watches.	Scott has no more than 9 watches.
entailment	Lucy has 8 newspapers.	Lucy has no more than 8 newspapers.
entailment	Jim has 5 notebooks.	Jim has no more than 5 notebooks.
entailment	Jonathan has 5 umbrellas.	Jonathan has no more than 5 umbrellas.
entailment	Brian has 8 cigarettes.	Brian has no more than 8 cigarettes.
entailment	Edith has 8 postcards.	Edith has no more than 8 postcards.
entailment	Larry has 4 laptops.	Larry has no more than 4 laptops.
entailment	Adam has 5 matches.	Adam has no more than 5 matches.
entailment	Adam has 4 stamps.	Adam has no more than 4 stamps.
entailment	Anthony has 6 bottles.	Anthony has no more than 6 bottles.
entailment	Lucy has 8 toothbrushes.	Lucy has no more than 8 toothbrushes.
entailment	William has 10 mobile phones.	William has no more than 10 mobile phones.
entailment	Nicole has 3 light bulbs.	Nicole has no more than 3 light bulbs.
entailment	Alexander has 10 players.	Alexander has no more than 10 players.
entailment	Rose has 5 dictionaries.	Rose has no more than 5 dictionaries.
entailment	Ruth has 2 mirrors.	Ruth has no more than 2 mirrors.
entailment	Joseph has 6 notebooks.	Joseph has no more than 6 notebooks.
entailment	Rebecca has 7 cigarettes.	Rebecca has no more than 7 cigarettes.
entailment	Alexander has 6 scissors.	Alexander has no more than 6 scissors.
entailment	Edward has 8 stamps.	Edward has no more than 8 stamps.
entailment	Howard has 7 photos.	Howard has no more than 7 photos.
entailment	Thomas has 2 laptops.	Thomas has no more than 2 laptops.
entailment	Rachel has 8 lipsticks.	Rachel has no more than 8 lipsticks.
entailment	Jimmy has 6 headphones.	Jimmy has no more than 6 headphones.
entailment	Alice has 2 postcards.	Alice has no more than 2 postcards.
entailment	Arthur has 7 scissors.	Arthur has no more than 7 scissors.
entailment	Anne has 2 matches.	Anne has no more than 2 matches.
entailment	Gary has 9 cigarettes.	Gary has no more than 9 cigarettes.
entailment	Helen has 7 buttons.	Helen has no more than 7 buttons.
entailment	Ashley has 9 brushes.	Ashley has no more than 9 brushes.
entailment	Louis has 5 matches.	Louis has no more than 5 matches.
entailment	Lisa has 9 cigarettes.	Lisa has no more than 9 cigarettes.
entailment	Matthew has 6 bottles.	Matthew has no more than 6 bottles.
entailment	Rose has 2 lighters.	Rose has no more than 2 lighters.
entailment	Sally has 4 umbrellas.	Sally has no more than 4 umbrellas.
entailment	Sam has 5 scissors.	Sam has no more than 5 scissors.
entailment	Bill has 3 tissues.	Bill has no more than 3 tissues.
entailment	Walter has 4 clips.	Walter has no more than 4 clips.
entailment	Jessica has 10 matches.	Jessica has no more than 10 matches.
entailment	Bill has 10 scissors.	Bill has no more than 10 scissors.
entailment	Virginia has 3 players.	Virginia has no more than 3 players.
entailment	Hugh has 6 cigarettes.	Hugh has no more than 6 cigarettes.
entailment	Eleanor has 3 clips.	Eleanor has no more than 3 clips.
entailment	Arthur has 7 scissors.	Arthur has no more than 7 scissors.
entailment	Fiona has 4 cases.	Fiona has no more than 4 cases.
entailment	Ashley has 4 alarm clocks.	Ashley has no more than 4 alarm clocks.
entailment	Jim has 8 laptops.	Jim has no more than 8 laptops.
entailment	Adam has 8 wallets.	Adam has no more than 8 wallets.
entailment	Peter has 9 light bulbs.	Peter has no more than 9 light bulbs.
entailment	Nick has 7 light bulbs.	Nick has no more than 7 light bulbs.
entailment	Carol has 3 dictionaries.	Carol has no more than 3 dictionaries.
entailment	Ed has 5 postcards.	Ed has no more than 5 postcards.
entailment	Martin has 5 light bulbs.	Martin has no more than 5 light bulbs.
entailment	Marilyn has 9 wallets.	Marilyn has no more than 9 wallets.
entailment	Jonathan has 4 buttons.	Jonathan has no more than 4 buttons.
entailment	Patrick has 4 purses.	Patrick has no more than 4 purses.
entailment	Ben has 8 buttons.	Ben has no more than 8 buttons.
entailment	Alan has 10 tissues.	Alan has no more than 10 tissues.
entailment	William has 4 laptops.	William has no more than 4 laptops.
entailment	Emily has 10 batteries.	Emily has no more than 10 batteries.
entailment	Tim has 5 clips.	Tim has no more than 5 clips.
entailment	Sandra has 4 wallets.	Sandra has no more than 4 wallets.
entailment	Andrew has 8 pencils.	Andrew has no more than 8 pencils.
entailment	Mark has 5 files.	Mark has no more than 5 files.
entailment	Jennifer has 9 pencils.	Jennifer has no more than 9 pencils.
entailment	Linda has 8 watches.	Linda has no more than 8 watches.
entailment	Carl has 6 laptops.	Carl has no more than 6 laptops.
entailment	Pamela has 5 mirrors.	Pamela has no more than 5 mirrors.
entailment	Joe has 3 bottles.	Joe has no more than 3 bottles.
entailment	Carol has 5 purses.	Carol has no more than 5 purses.
entailment	Alfred has 4 mirrors.	Alfred has no more than 4 mirrors.
entailment	Simon has 6 magazines.	Simon has no more than 6 magazines.
entailment	Ben has 9 pencils.	Ben has no more than 9 pencils.
entailment	Robin has 7 mirrors.	Robin has no more than 7 mirrors.
entailment	Sara has 6 dictionaries.	Sara has no more than 6 dictionaries.
entailment	Julie has 3 mirrors.	Julie has no more than 3 mirrors.
entailment	Lucy has 8 alarm clocks.	Lucy has no more than 8 alarm clocks.
entailment	Daniel has 10 photos.	Daniel has no more than 10 photos.
entailment	Susan has 9 tissues.	Susan has no more than 9 tissues.
entailment	Kenneth has 3 lipsticks.	Kenneth has no more than 3 lipsticks.
entailment	Rachel has 3 photos.	Rachel has no more than 3 photos.
entailment	Margaret has 2 mirrors.	Margaret has no more than 2 mirrors.
entailment	Pamela has 7 headphones.	Pamela has no more than 7 headphones.
entailment	Benjamin has 2 glasses.	Benjamin has no more than 2 glasses.
entailment	Mary has 5 combs.	Mary has no more than 5 combs.
entailment	Jane has 6 glasses.	Jane has no more than 6 glasses.
entailment	Sandra has 6 pencils.	Sandra has no more than 6 pencils.
entailment	Matthew has 9 light bulbs.	Matthew has no more than 9 light bulbs.
entailment	Kathryn has 6 pencils.	Kathryn has no more than 6 pencils.
entailment	Ian has 9 pens.	Ian has no more than 9 pens.
entailment	Melissa has 3 light bulbs.	Melissa has no more than 3 light bulbs.
entailment	Bobby has 2 scissors.	Bobby has no more than 2 scissors.
entailment	Victoria has 6 notebooks.	Victoria has no more than 6 notebooks.
entailment	Cynthia has 7 players.	Cynthia has no more than 7 players.
entailment	Janet has 3 alarm clocks.	Janet has no more than 3 alarm clocks.
entailment	Ellen has 3 players.	Ellen has no more than 3 players.
entailment	Anthony has 10 scissors.	Anthony has no more than 10 scissors.
entailment	Judith has 6 alarm clocks.	Judith has no more than 6 alarm clocks.
entailment	Bruce has 9 purses.	Bruce has no more than 9 purses.
entailment	Sue has 10 alarm clocks.	Sue has no more than 10 alarm clocks.
entailment	Joan has 6 clips.	Joan has no more than 6 clips.
entailment	Brian has 8 newspapers.	Brian has no more than 8 newspapers.
entailment	Edwin has 8 matches.	Edwin has no more than 8 matches.
entailment	Jessica has 4 toothbrushes.	Jessica has no more than 4 toothbrushes.
entailment	Dave has 5 pencils.	Dave has no more than 5 pencils.
entailment	Wendy has 8 pens.	Wendy has no more than 8 pens.
entailment	Harry has 5 headphones.	Harry has no more than 5 headphones.
entailment	Julie has 5 wallets.	Julie has no more than 5 wallets.
entailment	Paul has 4 watches.	Paul has no more than 4 watches.
entailment	Jim has 3 rubbers.	Jim has no more than 3 rubbers.
entailment	Eric has 4 cigarettes.	Eric has no more than 4 cigarettes.
entailment	Victoria has 4 toothbrushes.	Victoria has no more than 4 toothbrushes.
entailment	Mark has 10 notebooks.	Mark has no more than 10 notebooks.
entailment	Paul has 3 notebooks.	Paul has no more than 3 notebooks.
entailment	Ken has 6 cameras.	Ken has no more than 6 cameras.
entailment	Mike has 8 newspapers.	Mike has no more than 8 newspapers.
entailment	Emma has 3 watches.	Emma has no more than 3 watches.
entailment	Jennifer has 2 watches.	Jennifer has no more than 2 watches.
entailment	Marie has 6 credit cards.	Marie has no more than 6 credit cards.
entailment	Patrick has 2 alarm clocks.	Patrick has no more than 2 alarm clocks.
entailment	Adam has 5 identity cards.	Adam has no more than 5 identity cards.
entailment	Martha has 10 wallets.	Martha has no more than 10 wallets.
entailment	Albert has 2 lighters.	Albert has no more than 2 lighters.
entailment	Charlie has 2 matches.	Charlie has no more than 2 matches.
entailment	Julia has 3 alarm clocks.	Julia has no more than 3 alarm clocks.
entailment	Chris has 7 lipsticks.	Chris has no more than 7 lipsticks.
entailment	Robert has 4 postcards.	Robert has no more than 4 postcards.
entailment	Julie has 4 watches.	Julie has no more than 4 watches.
entailment	Matt has 10 players.	Matt has no more than 10 players.
entailment	Sally has 7 light bulbs.	Sally has no more than 7 light bulbs.
entailment	Dan has 6 mirrors.	Dan has no more than 6 mirrors.
entailment	Louise has 6 players.	Louise has no more than 6 players.
entailment	Jack has 2 newspapers.	Jack has no more than 2 newspapers.
entailment	Hugh has 9 alarm clocks.	Hugh has no more than 9 alarm clocks.
entailment	Chris has 4 purses.	Chris has no more than 4 purses.
entailment	Elizabeth has 4 identity cards.	Elizabeth has no more than 4 identity cards.
entailment	Diane has 5 files.	Diane has no more than 5 files.
entailment	Larry has 7 batteries.	Larry has no more than 7 batteries.
entailment	Heather has 2 cars.	Heather has no more than 2 cars.
entailment	Leslie has 2 diaries.	Leslie has no more than 2 diaries.
entailment	Tom has 9 toothbrushes.	Tom has no more than 9 toothbrushes.
entailment	Eric has 6 bottles.	Eric has no more than 6 bottles.
entailment	Patricia has 6 buttons.	Patricia has no more than 6 buttons.
entailment	Bobby has 2 stamps.	Bobby has no more than 2 stamps.
entailment	Ray has 7 photos.	Ray has no more than 7 photos.
entailment	Evelyn has 2 scissors.	Evelyn has no more than 2 scissors.
entailment	Carl has 4 laptops.	Carl has no more than 4 laptops.
entailment	Florence has 2 pens.	Florence has no more than 2 pens.
entailment	Samuel has 6 rubbers.	Samuel has no more than 6 rubbers.
entailment	Pamela has 9 newspapers.	Pamela has no more than 9 newspapers.
entailment	Florence has 9 pens.	Florence has no more than 9 pens.
entailment	Kelly has 3 wallets.	Kelly has no more than 3 wallets.
entailment	Jennifer has 5 batteries.	Jennifer has no more than 5 batteries.
entailment	Ashley has 9 cigarettes.	Ashley has no more than 9 cigarettes.
entailment	Peter has 4 players.	Peter has no more than 4 players.
entailment	Tom has 6 toothbrushes.	Tom has no more than 6 toothbrushes.
entailment	Alan has 10 mobile phones.	Alan has no more than 10 mobile phones.
entailment	Benjamin has 5 buttons.	Benjamin has no more than 5 buttons.
entailment	Laura has 4 mirrors.	Laura has no more than 4 mirrors.
entailment	Betty has 10 lighters.	Betty has no more than 10 lighters.
entailment	Kathy has 9 diaries.	Kathy has no more than 9 diaries.
entailment	Walter has 3 batteries.	Walter has no more than 3 batteries.
entailment	Marilyn has 3 postcards.	Marilyn has no more than 3 postcards.
entailment	Ellen has 6 dictionaries.	Ellen has no more than 6 dictionaries.
entailment	Harry has 6 credit cards.	Harry has no more than 6 credit cards.
entailment	Chris has 2 tissues.	Chris has no more than 2 tissues.
entailment	Sandra has 10 pencils.	Sandra has no more than 10 pencils.
entailment	Frances has 10 batteries.	Frances has no more than 10 batteries.
entailment	Anne has 2 combs.	Anne has no more than 2 combs.
entailment	Dorothy has 7 cases.	Dorothy has no more than 7 cases.
entailment	Martha has 8 toothbrushes.	Martha has no more than 8 toothbrushes.
entailment	John has 10 credit cards.	John has no more than 10 credit cards.
entailment	Alice has 6 combs.	Alice has no more than 6 combs.
entailment	Laura has 9 pens.	Laura has no more than 9 pens.
entailment	Sam has 2 headphones.	Sam has no more than 2 headphones.
entailment	Martha has 9 cars.	Martha has no more than 9 cars.
entailment	Alexandra has 3 players.	Alexandra has no more than 3 players.
entailment	Ryan has 4 coins.	Ryan has no more than 4 coins.
entailment	Andrew has 10 magazines.	Andrew has no more than 10 magazines.
entailment	Julie has 5 rubbers.	Julie has no more than 5 rubbers.
entailment	Lisa has 5 cases.	Lisa has no more than 5 cases.
entailment	Bob has 2 coins.	Bob has no more than 2 coins.
entailment	Dave has 4 batteries.	Dave has no more than 4 batteries.
entailment	Richard has 9 banknotes.	Richard has no more than 9 banknotes.
entailment	Harry has 3 files.	Harry has no more than 3 files.
entailment	Catherine has 7 notebooks.	Catherine has no more than 7 notebooks.
entailment	Maria has 8 mobile phones.	Maria has no more than 8 mobile phones.
entailment	Colin has 10 notebooks.	Colin has no more than 10 notebooks.
entailment	John has 9 combs.	John has no more than 9 combs.
entailment	Julie has 2 batteries.	Julie has no more than 2 batteries.
entailment	Paul has 6 brushes.	Paul has no more than 6 brushes.
entailment	Annie has 9 pencils.	Annie has no more than 9 pencils.
entailment	Joe has 7 tissues.	Joe has no more than 7 tissues.
entailment	Dave has 4 rubbers.	Dave has no more than 4 rubbers.
entailment	Alexander has 5 cars.	Alexander has no more than 5 cars.
entailment	Joseph has 5 photos.	Joseph has no more than 5 photos.
entailment	Stephen has 9 magazines.	Stephen has no more than 9 magazines.
entailment	Jennifer has 6 laptops.	Jennifer has no more than 6 laptops.
entailment	Kevin has 3 mirrors.	Kevin has no more than 3 mirrors.
entailment	Jay has 3 postcards.	Jay has no more than 3 postcards.
entailment	Donald has 5 cigarettes.	Donald has no more than 5 cigarettes.
entailment	Howard has 7 stamps.	Howard has no more than 7 stamps.
entailment	Daniel has 6 pens.	Daniel has no more than 6 pens.
entailment	Sara has 9 notebooks.	Sara has no more than 9 notebooks.
entailment	Virginia has 4 lighters.	Virginia has no more than 4 lighters.
entailment	Virginia has 8 files.	Virginia has no more than 8 files.
entailment	Colin has 10 banknotes.	Colin has no more than 10 banknotes.
entailment	Jay has 3 buttons.	Jay has no more than 3 buttons.
entailment	Carl has 10 players.	Carl has no more than 10 players.
entailment	Mark has 6 lipsticks.	Mark has no more than 6 lipsticks.
entailment	Chris has 9 identity cards.	Chris has no more than 9 identity cards.
entailment	Howard has 2 brushes.	Howard has no more than 2 brushes.
entailment	Adam has 4 cases.	Adam has no more than 4 cases.
entailment	Mary has 4 light bulbs.	Mary has no more than 4 light bulbs.
entailment	Katherine has 7 cigarettes.	Katherine has no more than 7 cigarettes.
entailment	Tom has 9 pencils.	Tom has no more than 9 pencils.
entailment	Elizabeth has 7 scissors.	Elizabeth has no more than 7 scissors.
entailment	Walter has 5 notebooks.	Walter has no more than 5 notebooks.
entailment	Frank has 9 pencils.	Frank has no more than 9 pencils.
entailment	Ron has 5 files.	Ron has no more than 5 files.
entailment	Alice has 4 umbrellas.	Alice has no more than 4 umbrellas.
entailment	Jane has 3 light bulbs.	Jane has no more than 3 light bulbs.
entailment	Melissa has 4 photos.	Melissa has no more than 4 photos.
entailment	Albert has 4 coins.	Albert has no more than 4 coins.
entailment	Colin has 9 mirrors.	Colin has no more than 9 mirrors.
entailment	Heather has 3 credit cards.	Heather has no more than 3 credit cards.
entailment	Rachel has 8 batteries.	Rachel has no more than 8 batteries.
entailment	Deborah has 7 pens.	Deborah has no more than 7 pens.
entailment	Fiona has 6 pens.	Fiona has no more than 6 pens.
entailment	Steve has 8 cars.	Steve has no more than 8 cars.
entailment	Mary has 6 clips.	Mary has no more than 6 clips.
entailment	Tim has 3 bottles.	Tim has no more than 3 bottles.
entailment	Frank has 3 lipsticks.	Frank has no more than 3 lipsticks.
entailment	Andrew has 10 combs.	Andrew has no more than 10 combs.
entailment	Robin has 4 matches.	Robin has no more than 4 matches.
entailment	Thomas has 8 identity cards.	Thomas has no more than 8 identity cards.
entailment	Elizabeth has 4 tissues.	Elizabeth has no more than 4 tissues.
entailment	Bob has 2 lighters.	Bob has no more than 2 lighters.
entailment	Carolyn has 6 rubbers.	Carolyn has no more than 6 rubbers.
entailment	Caroline has 3 matches.	Caroline has no more than 3 matches.
entailment	Alfred has 9 headphones.	Alfred has no more than 9 headphones.
entailment	Diana has 4 tissues.	Diana has no more than 4 tissues.
entailment	Tim has 3 files.	Tim has no more than 3 files.
entailment	Henry has 6 buttons.	Henry has no more than 6 buttons.
entailment	Edward has 3 headphones.	Edward has no more than 3 headphones.
entailment	Kim has 2 pens.	Kim has no more than 2 pens.
entailment	Janet has 2 light bulbs.	Janet has no more than 2 light bulbs.
entailment	Leslie has 9 magazines.	Leslie has no more than 9 magazines.
entailment	Ian has 3 credit cards.	Ian has no more than 3 credit cards.
entailment	Anne has 6 stamps.	Anne has no more than 6 stamps.
entailment	Frederick has 4 stamps.	Frederick has no more than 4 stamps.
entailment	Ben has 4 glasses.	Ben has no more than 4 glasses.
entailment	Matt has 8 stamps.	Matt has no more than 8 stamps.
entailment	Sam has 7 light bulbs.	Sam has no more than 7 light bulbs.
entailment	Frederick has 6 watches.	Frederick has no more than 6 watches.
entailment	Lawrence has 6 toothbrushes.	Lawrence has no more than 6 toothbrushes.
entailment	Eric has 10 identity cards.	Eric has no more than 10 identity cards.
entailment	Jay has 2 cameras.	Jay has no more than 2 cameras.
entailment	Elaine has 7 cameras.	Elaine has no more than 7 cameras.
entailment	Barbara has 6 coins.	Barbara has no more than 6 coins.
entailment	Benjamin has 9 glasses.	Benjamin has no more than 9 glasses.
entailment	Daniel has 4 bottles.	Daniel has no more than 4 bottles.
entailment	Andrew has 3 cigarettes.	Andrew has no more than 3 cigarettes.
entailment	Charles has 10 coins.	Charles has no more than 10 coins.
entailment	Jay has 8 coins.	Jay has no more than 8 coins.
entailment	John has 2 files.	John has no more than 2 files.
entailment	Marie has 6 mirrors.	Marie has no more than 6 mirrors.
entailment	Ralph has 7 wallets.	Ralph has no more than 7 wallets.
entailment	Joan has 3 identity cards.	Joan has no more than 3 identity cards.
entailment	Greg has 8 cigarettes.	Greg has no more than 8 cigarettes.
entailment	Mike has 7 matches.	Mike has no more than 7 matches.
entailment	Heather has 5 glasses.	Heather has no more than 5 glasses.
entailment	Susan has 9 pens.	Susan has no more than 9 pens.
entailment	Sally has 8 stamps.	Sally has no more than 8 stamps.
entailment	Roger has 7 banknotes.	Roger has no more than 7 banknotes.
entailment	Ben has 2 light bulbs.	Ben has no more than 2 light bulbs.
entailment	George has 6 newspapers.	George has no more than 6 newspapers.
entailment	Matthew has 4 mobile phones.	Matthew has no more than 4 mobile phones.
entailment	Greg has 3 watches.	Greg has no more than 3 watches.
entailment	Frank has 8 watches.	Frank has no more than 8 watches.
entailment	Florence has 9 laptops.	Florence has no more than 9 laptops.
entailment	Ashley has 2 banknotes.	Ashley has no more than 2 banknotes.
entailment	Adam has 8 brushes.	Adam has no more than 8 brushes.
entailment	Martin has 6 dictionaries.	Martin has no more than 6 dictionaries.
entailment	Laura has 2 glasses.	Laura has no more than 2 glasses.
entailment	Steve has 5 players.	Steve has no more than 5 players.
entailment	Tim has 8 magazines.	Tim has no more than 8 magazines.
entailment	Ron has 6 wallets.	Ron has no more than 6 wallets.
entailment	Lisa has 6 identity cards.	Lisa has no more than 6 identity cards.
entailment	Jill has 6 postcards.	Jill has no more than 6 postcards.
entailment	Bobby has 2 batteries.	Bobby has no more than 2 batteries.
entailment	Bruce has 2 postcards.	Bruce has no more than 2 postcards.
entailment	Lynn has 6 postcards.	Lynn has no more than 6 postcards.
entailment	Ryan has 4 toothbrushes.	Ryan has no more than 4 toothbrushes.
entailment	Joe has 5 players.	Joe has no more than 5 players.
entailment	Gary has 8 players.	Gary has no more than 8 players.
entailment	Nancy has 2 credit cards.	Nancy has no more than 2 credit cards.
entailment	Alice has 6 headphones.	Alice has no more than 6 headphones.
entailment	Richard has 2 files.	Richard has no more than 2 files.
entailment	Kathy has 3 cars.	Kathy has no more than 3 cars.
entailment	Larry has 7 batteries.	Larry has no more than 7 batteries.
entailment	Julie has 6 buttons.	Julie has no more than 6 buttons.
entailment	Barbara has 10 files.	Barbara has no more than 10 files.
entailment	Virginia has 5 cigarettes.	Virginia has no more than 5 cigarettes.
entailment	Elaine has 10 lipsticks.	Elaine has no more than 10 lipsticks.
entailment	Jonathan has 5 batteries.	Jonathan has no more than 5 batteries.
entailment	Patricia has 6 players.	Patricia has no more than 6 players.
entailment	Simon has 6 rubbers.	Simon has no more than 6 rubbers.
entailment	Edith has 7 matches.	Edith has no more than 7 matches.
entailment	Scott has 6 alarm clocks.	Scott has no more than 6 alarm clocks.
entailment	Al has 5 stamps.	Al has no more than 5 stamps.
entailment	Sandra has 5 diaries.	Sandra has no more than 5 diaries.
entailment	Marie has 5 bottles.	Marie has no more than 5 bottles.
entailment	Tim has 10 light bulbs.	Tim has no more than 10 light bulbs.
entailment	Laura has 2 postcards.	Laura has no more than 2 postcards.
entailment	Angela has 7 players.	Angela has no more than 7 players.
entailment	Rachel has 9 coins.	Rachel has no more than 9 coins.
entailment	Catherine has 3 purses.	Catherine has no more than 3 purses.
entailment	Alison has 2 combs.	Alison has no more than 2 combs.
entailment	Billy has 8 lipsticks.	Billy has no more than 8 lipsticks.
entailment	Scott has 9 credit cards.	Scott has no more than 9 credit cards.
entailment	Anne has 3 notebooks.	Anne has no more than 3 notebooks.
entailment	Mike has 9 rubbers.	Mike has no more than 9 rubbers.
entailment	Claire has 5 mirrors.	Claire has no more than 5 mirrors.
entailment	Fiona has 9 umbrellas.	Fiona has no more than 9 umbrellas.
entailment	Jennifer has 3 buttons.	Jennifer has no more than 3 buttons.
entailment	Fiona has 7 cameras.	Fiona has no more than 7 cameras.
entailment	Dan has 2 banknotes.	Dan has no more than 2 banknotes.
entailment	Keith has 9 photos.	Keith has no more than 9 photos.
entailment	Martha has 4 diaries.	Martha has no more than 4 diaries.
entailment	Sue has 4 bottles.	Sue has no more than 4 bottles.
entailment	Leslie has 3 glasses.	Leslie has no more than 3 glasses.
entailment	Emily has 7 credit cards.	Emily has no more than 7 credit cards.
entailment	Christine has 5 identity cards.	Christine has no more than 5 identity cards.
entailment	Alice has 3 headphones.	Alice has no more than 3 headphones.
entailment	Diane has 4 glasses.	Diane has no more than 4 glasses.
entailment	Alan has 8 bottles.	Alan has no more than 8 bottles.
entailment	Caroline has 7 banknotes.	Caroline has no more than 7 banknotes.
entailment	Jennifer has 9 pencils.	Jennifer has no more than 9 pencils.
entailment	Susan has 2 newspapers.	Susan has no more than 2 newspapers.
entailment	Tim has 2 clips.	Tim has no more than 2 clips.
entailment	Ralph has 8 diaries.	Ralph has no more than 8 diaries.
entailment	Matt has 7 players.	Matt has no more than 7 players.
entailment	Victoria has 5 lipsticks.	Victoria has no more than 5 lipsticks.
entailment	Louise has 7 photos.	Louise has no more than 7 photos.
entailment	Deborah has 10 combs.	Deborah has no more than 10 combs.
entailment	Paul has 5 mirrors.	Paul has no more than 5 mirrors.
entailment	Johnny has 6 purses.	Johnny has no more than 6 purses.
entailment	Catherine has 7 brushes.	Catherine has no more than 7 brushes.
entailment	Wendy has 9 photos.	Wendy has no more than 9 photos.
entailment	Steven has 3 cigarettes.	Steven has no more than 3 cigarettes.
entailment	Carolyn has 2 diaries.	Carolyn has no more than 2 diaries.
entailment	Anne has 4 credit cards.	Anne has no more than 4 credit cards.
entailment	Elaine has 9 credit cards.	Elaine has no more than 9 credit cards.
entailment	Christopher has 8 wallets.	Christopher has no more than 8 wallets.
entailment	Joseph has 9 combs.	Joseph has no more than 9 combs.
entailment	Matthew has 10 diaries.	Matthew has no more than 10 diaries.
entailment	Thomas has 9 clips.	Thomas has no more than 9 clips.
entailment	Dan has 3 postcards.	Dan has no more than 3 postcards.
entailment	Charlotte has 7 mirrors.	Charlotte has no more than 7 mirrors.
entailment	Alice has 8 clips.	Alice has no more than 8 clips.
entailment	Kevin has 6 clips.	Kevin has no more than 6 clips.
entailment	Helen has 3 stamps.	Helen has no more than 3 stamps.
entailment	Frederick has 8 credit cards.	Frederick has no more than 8 credit cards.
entailment	Patrick has 2 combs.	Patrick has no more than 2 combs.
entailment	Don has 10 laptops.	Don has no more than 10 laptops.
entailment	Betty has 4 cigarettes.	Betty has no more than 4 cigarettes.
entailment	Al has 2 headphones.	Al has no more than 2 headphones.
entailment	Virginia has 3 buttons.	Virginia has no more than 3 buttons.
entailment	Joe has 4 clips.	Joe has no more than 4 clips.
entailment	Sara has 2 wallets.	Sara has no more than 2 wallets.
entailment	Eric has 5 matches.	Eric has no more than 5 matches.
entailment	Bill has 5 lipsticks.	Bill has no more than 5 lipsticks.
entailment	Martha has 3 mobile phones.	Martha has no more than 3 mobile phones.
entailment	Christine has 2 diaries.	Christine has no more than 2 diaries.
entailment	Chris has 2 pens.	Chris has no more than 2 pens.
entailment	Thomas has 6 pencils.	Thomas has no more than 6 pencils.
entailment	Thomas has 7 magazines.	Thomas has no more than 7 magazines.
entailment	Sophie has 5 mirrors.	Sophie has no more than 5 mirrors.
entailment	Kathy has 3 alarm clocks.	Kathy has no more than 3 alarm clocks.
entailment	Elaine has 10 credit cards.	Elaine has no more than 10 credit cards.
entailment	Jennifer has 3 cars.	Jennifer has no more than 3 cars.
entailment	Frederick has 9 laptops.	Frederick has no more than 9 laptops.
entailment	Harold has 9 cases.	Harold has no more than 9 cases.
entailment	Thomas has 5 identity cards.	Thomas has no more than 5 identity cards.
entailment	Karen has 6 light bulbs.	Karen has no more than 6 light bulbs.
entailment	Tim has 10 wallets.	Tim has no more than 10 wallets.
entailment	Ed has 9 cigarettes.	Ed has no more than 9 cigarettes.
entailment	Rose has 9 bottles.	Rose has no more than 9 bottles.
entailment	Laura has 4 pens.	Laura has no more than 4 pens.
entailment	Katie has 7 wallets.	Katie has no more than 7 wallets.
entailment	Julie has 5 stamps.	Julie has no more than 5 stamps.
entailment	Ben has 9 laptops.	Ben has no more than 9 laptops.
entailment	Diane has 9 postcards.	Diane has no more than 9 postcards.
entailment	Carol has 7 matches.	Carol has no more than 7 matches.
entailment	Marie has 2 notebooks.	Marie has no more than 2 notebooks.
entailment	Alan has 2 purses.	Alan has no more than 2 purses.
entailment	Evelyn has 7 mirrors.	Evelyn has no more than 7 mirrors.
entailment	Virginia has 5 credit cards.	Virginia has no more than 5 credit cards.
entailment	Jay has 3 scissors.	Jay has no more than 3 scissors.
entailment	Jonathan has 5 light bulbs.	Jonathan has no more than 5 light bulbs.
entailment	Linda has 5 diaries.	Linda has no more than 5 diaries.
entailment	Louis has 4 laptops.	Louis has no more than 4 laptops.
entailment	Alex has 10 credit cards.	Alex has no more than 10 credit cards.
entailment	Martha has 4 pencils.	Martha has no more than 4 pencils.
entailment	Jane has 4 watches.	Jane has no more than 4 watches.
entailment	Jane has 3 tissues.	Jane has no more than 3 tissues.
entailment	Ruth has 8 magazines.	Ruth has no more than 8 magazines.
entailment	Steven has 6 cigarettes.	Steven has no more than 6 cigarettes.
entailment	Leslie has 7 cigarettes.	Leslie has no more than 7 cigarettes.
entailment	Stephanie has 7 diaries.	Stephanie has no more than 7 diaries.
entailment	Ben has 4 postcards.	Ben has no more than 4 postcards.
entailment	Jerry has 3 buttons.	Jerry has no more than 3 buttons.
entailment	Benjamin has 6 pencils.	Benjamin has no more than 6 pencils.
entailment	Anna has 4 identity cards.	Anna has no more than 4 identity cards.
entailment	Leslie has 8 glasses.	Leslie has no more than 8 glasses.
entailment	Arthur has 4 mobile phones.	Arthur has no more than 4 mobile phones.
entailment	Eleanor has 6 batteries.	Eleanor has no more than 6 batteries.
entailment	Louis has 4 magazines.	Louis has no more than 4 magazines.
entailment	Sandra has 7 light bulbs.	Sandra has no more than 7 light bulbs.
entailment	Jonathan has 4 mirrors.	Jonathan has no more than 4 mirrors.
entailment	Ray has 9 magazines.	Ray has no more than 9 magazines.
entailment	Cynthia has 2 tissues.	Cynthia has no more than 2 tissues.
entailment	Harry has 3 glasses.	Harry has no more than 3 glasses.
entailment	Dan has 4 headphones.	Dan has no more than 4 headphones.
entailment	Kelly has 9 matches.	Kelly has no more than 9 matches.
entailment	Betty has 3 bottles.	Betty has no more than 3 bottles.
entailment	Amy has 8 brushes.	Amy has no more than 8 brushes.
entailment	Steven has 10 glasses.	Steven has no more than 10 glasses.
entailment	Charlie has 4 cigarettes.	Charlie has no more than 4 cigarettes.
entailment	Kathryn has 7 lipsticks.	Kathryn has no more than 7 lipsticks.
entailment	Andrew has 5 players.	Andrew has no more than 5 players.
entailment	Caroline has 7 photos.	Caroline has no more than 7 photos.
entailment	Helen has 10 lipsticks.	Helen has no more than 10 lipsticks.
entailment	Eric has 6 headphones.	Eric has no more than 6 headphones.
entailment	Steven has 9 coins.	Steven has no more than 9 coins.
entailment	Roy has 4 dictionaries.	Roy has no more than 4 dictionaries.
entailment	George has 9 tissues.	George has no more than 9 tissues.
entailment	David has 2 combs.	David has no more than 2 combs.
entailment	Janet has 8 cases.	Janet has no more than 8 cases.
entailment	Jessica has 5 laptops.	Jessica has no more than 5 laptops.
entailment	Christine has 6 lipsticks.	Christine has no more than 6 lipsticks.
entailment	Jim has 7 matches.	Jim has no more than 7 matches.
entailment	Benjamin has 2 watches.	Benjamin has no more than 2 watches.
entailment	Patrick has 5 lighters.	Patrick has no more than 5 lighters.
entailment	Al has 5 buttons.	Al has no more than 5 buttons.
entailment	Nancy has 8 clips.	Nancy has no more than 8 clips.
entailment	Steve has 8 purses.	Steve has no more than 8 purses.
entailment	Laura has 8 cameras.	Laura has no more than 8 cameras.
entailment	Alexander has 6 purses.	Alexander has no more than 6 purses.
entailment	Sam has 4 rubbers.	Sam has no more than 4 rubbers.
entailment	Elaine has 10 banknotes.	Elaine has no more than 10 banknotes.
entailment	Walter has 10 mirrors.	Walter has no more than 10 mirrors.
entailment	Dorothy has 7 cameras.	Dorothy has no more than 7 cameras.
entailment	Elizabeth has 2 mobile phones.	Elizabeth has no more than 2 mobile phones.
entailment	Ruth has 3 combs.	Ruth has no more than 3 combs.
entailment	Charlotte has 2 credit cards.	Charlotte has no more than 2 credit cards.
entailment	Alex has 4 laptops.	Alex has no more than 4 laptops.
entailment	Sharon has 3 laptops.	Sharon has no more than 3 laptops.
entailment	Frank has 6 players.	Frank has no more than 6 players.
entailment	Adam has 2 identity cards.	Adam has no more than 2 identity cards.
entailment	Nicole has 2 purses.	Nicole has no more than 2 purses.
entailment	Scott has 6 laptops.	Scott has no more than 6 laptops.
entailment	Wendy has 4 mirrors.	Wendy has no more than 4 mirrors.
entailment	Jonathan has 7 tissues.	Jonathan has no more than 7 tissues.
entailment	Elizabeth has 6 brushes.	Elizabeth has no more than 6 brushes.
entailment	Ralph has 3 banknotes.	Ralph has no more than 3 banknotes.
entailment	George has 2 clips.	George has no more than 2 clips.
entailment	Marilyn has 10 clips.	Marilyn has no more than 10 clips.
entailment	Kim has 4 magazines.	Kim has no more than 4 magazines.
entailment	Jane has 5 purses.	Jane has no more than 5 purses.
entailment	Wendy has 8 light bulbs.	Wendy has no more than 8 light bulbs.
entailment	Dick has 4 magazines.	Dick has no more than 4 magazines.
entailment	Diana has 8 cases.	Diana has no more than 8 cases.
entailment	Jennifer has 9 toothbrushes.	Jennifer has no more than 9 toothbrushes.
entailment	Ashley has 4 lighters.	Ashley has no more than 4 lighters.
entailment	Kathryn has 8 watches.	Kathryn has no more than 8 watches.
entailment	Sophie has 10 wallets.	Sophie has no more than 10 wallets.
entailment	Ashley has 2 scissors.	Ashley has no more than 2 scissors.
entailment	Rebecca has 9 laptops.	Rebecca has no more than 9 laptops.
entailment	Sally has 9 cases.	Sally has no more than 9 cases.
entailment	Billy has 8 stamps.	Billy has no more than 8 stamps.
entailment	Thomas has 4 mirrors.	Thomas has no more than 4 mirrors.
entailment	Heather has 3 bottles.	Heather has no more than 3 bottles.
entailment	Linda has 9 glasses.	Linda has no more than 9 glasses.
entailment	Elizabeth has 10 wallets.	Elizabeth has no more than 10 wallets.
entailment	Suzanne has 9 brushes.	Suzanne has no more than 9 brushes.
entailment	Charles has 7 lipsticks.	Charles has no more than 7 lipsticks.
entailment	Hugh has 5 files.	Hugh has no more than 5 files.
entailment	Tim has 5 photos.	Tim has no more than 5 photos.
entailment	Virginia has 7 wallets.	Virginia has no more than 7 wallets.
entailment	Harold has 4 stamps.	Harold has no more than 4 stamps.
entailment	Peter has 10 clips.	Peter has no more than 10 clips.
entailment	Judith has 7 newspapers.	Judith has no more than 7 newspapers.
entailment	Edith has 3 toothbrushes.	Edith has no more than 3 toothbrushes.
entailment	James has 3 pens.	James has no more than 3 pens.
entailment	Michael has 7 laptops.	Michael has no more than 7 laptops.
entailment	Elaine has 7 glasses.	Elaine has no more than 7 glasses.
entailment	Anne has 5 light bulbs.	Anne has no more than 5 light bulbs.
entailment	Ian has 2 cameras.	Ian has no more than 2 cameras.
entailment	Kathy has 7 notebooks.	Kathy has no more than 7 notebooks.
entailment	Edwin has 3 tissues.	Edwin has no more than 3 tissues.
entailment	Elaine has 6 umbrellas.	Elaine has no more than 6 umbrellas.
entailment	James has 7 cigarettes.	James has no more than 7 cigarettes.
entailment	Alexander has 7 matches.	Alexander has no more than 7 matches.
entailment	Carl has 6 brushes.	Carl has no more than 6 brushes.
entailment	David has 7 lighters.	David has no more than 7 lighters.
entailment	Chris has 9 bottles.	Chris has no more than 9 bottles.
entailment	Michael has 7 coins.	Michael has no more than 7 coins.
entailment	Karen has 4 wallets.	Karen has no more than 4 wallets.
entailment	Johnny has 8 mobile phones.	Johnny has no more than 8 mobile phones.
entailment	Gary has 2 newspapers.	Gary has no more than 2 newspapers.
entailment	Alan has 9 batteries.	Alan has no more than 9 batteries.
entailment	Edith has 7 magazines.	Edith has no more than 7 magazines.
entailment	Tom has 9 buttons.	Tom has no more than 9 buttons.
entailment	Jill has 2 stamps.	Jill has no more than 2 stamps.
entailment	Carolyn has 10 buttons.	Carolyn has no more than 10 buttons.
entailment	Kevin has 7 tissues.	Kevin has no more than 7 tissues.
entailment	Evelyn has 5 buttons.	Evelyn has no more than 5 buttons.
entailment	Suzanne has 4 wallets.	Suzanne has no more than 4 wallets.
entailment	Judith has 10 banknotes.	Judith has no more than 10 banknotes.
entailment	Emily has 7 brushes.	Emily has no more than 7 brushes.
entailment	Carol has 5 batteries.	Carol has no more than 5 batteries.
entailment	Frank has 7 lighters.	Frank has no more than 7 lighters.
entailment	Edward has 5 mobile phones.	Edward has no more than 5 mobile phones.
entailment	Edith has 2 pencils.	Edith has no more than 2 pencils.
entailment	Tony has 10 lipsticks.	Tony has no more than 10 lipsticks.
entailment	Colin has 7 batteries.	Colin has no more than 7 batteries.
entailment	Angela has 2 umbrellas.	Angela has no more than 2 umbrellas.
entailment	Carol has 2 light bulbs.	Carol has no more than 2 light bulbs.
entailment	Daniel has 5 postcards.	Daniel has no more than 5 postcards.
entailment	Alison has 10 mirrors.	Alison has no more than 10 mirrors.
entailment	Diana has 4 brushes.	Diana has no more than 4 brushes.
entailment	Roger has 3 credit cards.	Roger has no more than 3 credit cards.
entailment	Steve has 4 tissues.	Steve has no more than 4 tissues.
entailment	Bob has 8 newspapers.	Bob has no more than 8 newspapers.
entailment	Jennifer has 5 cameras.	Jennifer has no more than 5 cameras.
entailment	Eric has 8 bottles.	Eric has no more than 8 bottles.
entailment	Kevin has 8 lighters.	Kevin has no more than 8 lighters.
entailment	Louise has 7 scissors.	Louise has no more than 7 scissors.
entailment	Evelyn has 8 identity cards.	Evelyn has no more than 8 identity cards.
entailment	Peter has 6 cigarettes.	Peter has no more than 6 cigarettes.
entailment	Anna has 3 mobile phones.	Anna has no more than 3 mobile phones.
entailment	Alex has 8 glasses.	Alex has no more than 8 glasses.
entailment	Dan has 2 postcards.	Dan has no more than 2 postcards.
entailment	Chris has 7 mobile phones.	Chris has no more than 7 mobile phones.
entailment	Thomas has 10 scissors.	Thomas has no more than 10 scissors.
entailment	Kathy has 9 scissors.	Kathy has no more than 9 scissors.
entailment	Kim has 6 mirrors.	Kim has no more than 6 mirrors.
entailment	Kevin has 8 identity cards.	Kevin has no more than 8 identity cards.
entailment	Marilyn has 8 watches.	Marilyn has no more than 8 watches.
entailment	Nancy has 8 purses.	Nancy has no more than 8 purses.
entailment	Larry has 8 alarm clocks.	Larry has no more than 8 alarm clocks.
entailment	Maria has 7 cars.	Maria has no more than 7 cars.
entailment	Jim has 8 pens.	Jim has no more than 8 pens.
entailment	Joseph has 9 batteries.	Joseph has no more than 9 batteries.
entailment	Thomas has 3 watches.	Thomas has no more than 3 watches.
entailment	Lauren has 8 watches.	Lauren has no more than 8 watches.
entailment	Roy has 8 light bulbs.	Roy has no more than 8 light bulbs.
entailment	Rose has 6 files.	Rose has no more than 6 files.
entailment	Billy has 6 wallets.	Billy has no more than 6 wallets.
entailment	Frank has 2 watches.	Frank has no more than 2 watches.
entailment	Harry has 3 laptops.	Harry has no more than 3 laptops.
entailment	Martin has 3 glasses.	Martin has no more than 3 glasses.
entailment	Andrea has 8 laptops.	Andrea has no more than 8 laptops.
entailment	Evelyn has 8 stamps.	Evelyn has no more than 8 stamps.
entailment	Dick has 2 banknotes.	Dick has no more than 2 banknotes.
entailment	Philip has 3 pencils.	Philip has no more than 3 pencils.
entailment	George has 8 banknotes.	George has no more than 8 banknotes.
entailment	Maria has 4 tissues.	Maria has no more than 4 tissues.
entailment	Sophie has 10 bottles.	Sophie has no more than 10 bottles.
entailment	Marie has 2 tissues.	Marie has no more than 2 tissues.
entailment	Louise has 2 glasses.	Louise has no more than 2 glasses.
entailment	Ron has 6 files.	Ron has no more than 6 files.
entailment	Cynthia has 2 wallets.	Cynthia has no more than 2 wallets.
entailment	Joseph has 9 pencils.	Joseph has no more than 9 pencils.
entailment	Steve has 10 stamps.	Steve has no more than 10 stamps.
entailment	Sophie has 10 players.	Sophie has no more than 10 players.
entailment	Suzanne has 8 laptops.	Suzanne has no more than 8 laptops.
entailment	Jonathan has 4 diaries.	Jonathan has no more than 4 diaries.
entailment	Jeff has 9 lighters.	Jeff has no more than 9 lighters.
entailment	Deborah has 7 stamps.	Deborah has no more than 7 stamps.
entailment	Edwin has 8 notebooks.	Edwin has no more than 8 notebooks.
entailment	John has 9 light bulbs.	John has no more than 9 light bulbs.
entailment	Thomas has 2 glasses.	Thomas has no more than 2 glasses.
entailment	Victoria has 10 brushes.	Victoria has no more than 10 brushes.
entailment	Sue has 8 cars.	Sue has no more than 8 cars.
entailment	Alfred has 5 photos.	Alfred has no more than 5 photos.
entailment	Henry has 6 matches.	Henry has no more than 6 matches.
entailment	Lauren has 5 files.	Lauren has no more than 5 files.
entailment	Ben has 3 dictionaries.	Ben has no more than 3 dictionaries.
entailment	Fiona has 5 alarm clocks.	Fiona has no more than 5 alarm clocks.
entailment	Alexandra has 7 scissors.	Alexandra has no more than 7 scissors.
entailment	Edward has 3 glasses.	Edward has no more than 3 glasses.
entailment	Diana has 10 lighters.	Diana has no more than 10 lighters.
entailment	Florence has 9 postcards.	Florence has no more than 9 postcards.
entailment	Ed has 10 pencils.	Ed has no more than 10 pencils.
entailment	Elizabeth has 7 rubbers.	Elizabeth has no more than 7 rubbers.
entailment	Bob has 9 cars.	Bob has no more than 9 cars.
entailment	Billy has 8 watches.	Billy has no more than 8 watches.
entailment	Kenneth has 7 light bulbs.	Kenneth has no more than 7 light bulbs.
entailment	Alfred has 4 watches.	Alfred has no more than 4 watches.
entailment	Carolyn has 9 alarm clocks.	Carolyn has no more than 9 alarm clocks.
entailment	Matthew has 7 banknotes.	Matthew has no more than 7 banknotes.
entailment	Alison has 5 photos.	Alison has no more than 5 photos.
entailment	Lynn has 9 clips.	Lynn has no more than 9 clips.
entailment	Andrea has 8 dictionaries.	Andrea has no more than 8 dictionaries.
entailment	Jay has 10 headphones.	Jay has no more than 10 headphones.
entailment	Thomas has 3 lighters.	Thomas has no more than 3 lighters.
entailment	Betty has 6 identity cards.	Betty has no more than 6 identity cards.
entailment	Matthew has 5 mirrors.	Matthew has no more than 5 mirrors.
entailment	Bruce has 9 cameras.	Bruce has no more than 9 cameras.
entailment	Melissa has 7 watches.	Melissa has no more than 7 watches.
entailment	Eleanor has 6 matches.	Eleanor has no more than 6 matches.
entailment	Arthur has 8 umbrellas.	Arthur has no more than 8 umbrellas.
entailment	John has 4 newspapers.	John has no more than 4 newspapers.
entailment	Donald has 7 cars.	Donald has no more than 7 cars.
entailment	Julia has 5 identity cards.	Julia has no more than 5 identity cards.
entailment	Richard has 10 glasses.	Richard has no more than 10 glasses.
entailment	Helen has 9 stamps.	Helen has no more than 9 stamps.
entailment	Rebecca has 8 magazines.	Rebecca has no more than 8 magazines.
entailment	Daniel has 8 diaries.	Daniel has no more than 8 diaries.
entailment	George has 3 watches.	George has no more than 3 watches.
entailment	Frederick has 9 purses.	Frederick has no more than 9 purses.
entailment	Tony has 5 alarm clocks.	Tony has no more than 5 alarm clocks.
entailment	Jill has 7 rubbers.	Jill has no more than 7 rubbers.
entailment	Dorothy has 2 files.	Dorothy has no more than 2 files.
entailment	Melissa has 2 pens.	Melissa has no more than 2 pens.
entailment	Judith has 5 stamps.	Judith has no more than 5 stamps.
entailment	Jennifer has 10 brushes.	Jennifer has no more than 10 brushes.
entailment	Helen has 8 credit cards.	Helen has no more than 8 credit cards.
entailment	Edith has 2 matches.	Edith has no more than 2 matches.
entailment	Bill has 4 toothbrushes.	Bill has no more than 4 toothbrushes.
entailment	Scott has 4 credit cards.	Scott has no more than 4 credit cards.
entailment	Judith has 2 batteries.	Judith has no more than 2 batteries.
entailment	Andrea has 4 light bulbs.	Andrea has no more than 4 light bulbs.
entailment	Lucy has 8 coins.	Lucy has no more than 8 coins.
entailment	Victoria has 2 pens.	Victoria has no more than 2 pens.
entailment	Larry has 8 glasses.	Larry has no more than 8 glasses.
entailment	Kathy has 10 cameras.	Kathy has no more than 10 cameras.
entailment	Richard has 10 combs.	Richard has no more than 10 combs.
entailment	Scott has 3 clips.	Scott has no more than 3 clips.
entailment	Carolyn has 4 cameras.	Carolyn has no more than 4 cameras.
entailment	Sharon has 3 identity cards.	Sharon has no more than 3 identity cards.
entailment	James has 3 scissors.	James has no more than 3 scissors.
entailment	Melissa has 3 alarm clocks.	Melissa has no more than 3 alarm clocks.
entailment	Ben has 10 players.	Ben has no more than 10 players.
entailment	Roger has 10 cases.	Roger has no more than 10 cases.
entailment	Bob has 10 light bulbs.	Bob has no more than 10 light bulbs.
entailment	Louise has 5 clips.	Louise has no more than 5 clips.
entailment	Richard has 6 cases.	Richard has no more than 6 cases.
entailment	Kathryn has 4 postcards.	Kathryn has no more than 4 postcards.
entailment	Rebecca has 5 pens.	Rebecca has no more than 5 pens.
entailment	Sophie has 2 headphones.	Sophie has no more than 2 headphones.
entailment	Louise has 7 cases.	Louise has no more than 7 cases.
entailment	Billy has 9 cameras.	Billy has no more than 9 cameras.
entailment	Jessica has 3 light bulbs.	Jessica has no more than 3 light bulbs.
entailment	Florence has 8 alarm clocks.	Florence has no more than 8 alarm clocks.
entailment	Harriet has 4 cases.	Harriet has no more than 4 cases.
entailment	Martin has 10 umbrellas.	Martin has no more than 10 umbrellas.
entailment	Thomas has 10 credit cards.	Thomas has no more than 10 credit cards.
entailment	Ruth has 2 postcards.	Ruth has no more than 2 postcards.
entailment	Janet has 8 mobile phones.	Janet has no more than 8 mobile phones.
entailment	Brian has 8 purses.	Brian has no more than 8 purses.
entailment	Dorothy has 4 buttons.	Dorothy has no more than 4 buttons.
entailment	Simon has 3 glasses.	Simon has no more than 3 glasses.
entailment	Matt has 7 headphones.	Matt has no more than 7 headphones.
entailment	John has 7 headphones.	John has no more than 7 headphones.
entailment	Kim has 6 wallets.	Kim has no more than 6 wallets.
entailment	Johnny has 8 pencils.	Johnny has no more than 8 pencils.
entailment	William has 9 purses.	William has no more than 9 purses.
entailment	Alan has 10 mobile phones.	Alan has no more than 10 mobile phones.
entailment	Catherine has 6 scissors.	Catherine has no more than 6 scissors.
entailment	Lynn has 4 players.	Lynn has no more than 4 players.
entailment	Gary has 10 postcards.	Gary has no more than 10 postcards.
entailment	Greg has 9 cases.	Greg has no more than 9 cases.
entailment	Alexandra has 6 buttons.	Alexandra has no more than 6 buttons.
entailment	Billy has 9 banknotes.	Billy has no more than 9 banknotes.
entailment	Maria has 10 mobile phones.	Maria has no more than 10 mobile phones.
entailment	Anthony has 7 pens.	Anthony has no more than 7 pens.
entailment	Elaine has 5 cameras.	Elaine has no more than 5 cameras.
entailment	Linda has 9 watches.	Linda has no more than 9 watches.
entailment	Alan has 6 cameras.	Alan has no more than 6 cameras.
entailment	Billy has 5 coins.	Billy has no more than 5 coins.
entailment	Janet has 9 laptops.	Janet has no more than 9 laptops.
entailment	Jane has 8 postcards.	Jane has no more than 8 postcards.
entailment	Louis has 2 rubbers.	Louis has no more than 2 rubbers.
entailment	Carolyn has 8 cases.	Carolyn has no more than 8 cases.
entailment	Jonathan has 10 files.	Jonathan has no more than 10 files.
entailment	Grace has 10 postcards.	Grace has no more than 10 postcards.
entailment	Kathryn has 3 players.	Kathryn has no more than 3 players.
entailment	Melissa has 9 mirrors.	Melissa has no more than 9 mirrors.
entailment	Amanda has 8 pencils.	Amanda has no more than 8 pencils.
entailment	Amy has 9 stamps.	Amy has no more than 9 stamps.
entailment	Kelly has 7 mirrors.	Kelly has no more than 7 mirrors.
entailment	Dorothy has 8 diaries.	Dorothy has no more than 8 diaries.
entailment	Ron has 8 lipsticks.	Ron has no more than 8 lipsticks.
entailment	Ed has 4 cameras.	Ed has no more than 4 cameras.
entailment	Rose has 8 laptops.	Rose has no more than 8 laptops.
entailment	Pamela has 10 cameras.	Pamela has no more than 10 cameras.
entailment	Melissa has 2 cars.	Melissa has no more than 2 cars.
entailment	Tony has 10 identity cards.	Tony has no more than 10 identity cards.
entailment	Richard has 4 clips.	Richard has no more than 4 clips.
entailment	Charles has 2 light bulbs.	Charles has no more than 2 light bulbs.
entailment	Alison has 9 mobile phones.	Alison has no more than 9 mobile phones.
entailment	Alfred has 10 banknotes.	Alfred has no more than 10 banknotes.
entailment	Pamela has 8 light bulbs.	Pamela has no more than 8 light bulbs.
entailment	Bobby has 7 cars.	Bobby has no more than 7 cars.
entailment	Colin has 8 brushes.	Colin has no more than 8 brushes.
entailment	Anthony has 9 magazines.	Anthony has no more than 9 magazines.
entailment	Annie has 7 postcards.	Annie has no more than 7 postcards.
entailment	Donald has 2 identity cards.	Donald has no more than 2 identity cards.
entailment	David has 5 wallets.	David has no more than 5 wallets.
entailment	Charles has 6 cigarettes.	Charles has no more than 6 cigarettes.
entailment	Sandra has 5 headphones.	Sandra has no more than 5 headphones.
entailment	Billy has 8 wallets.	Billy has no more than 8 wallets.
entailment	Kim has 6 notebooks.	Kim has no more than 6 notebooks.
entailment	Harriet has 7 cigarettes.	Harriet has no more than 7 cigarettes.
entailment	Harry has 5 clips.	Harry has no more than 5 clips.
entailment	Betty has 3 buttons.	Betty has no more than 3 buttons.
entailment	Scott has 3 cases.	Scott has no more than 3 cases.
entailment	Adam has 4 purses.	Adam has no more than 4 purses.
entailment	Deborah has 9 pencils.	Deborah has no more than 9 pencils.
entailment	Diane has 5 purses.	Diane has no more than 5 purses.
entailment	Grace has 10 laptops.	Grace has no more than 10 laptops.
entailment	Heather has 4 bottles.	Heather has no more than 4 bottles.
entailment	George has 8 umbrellas.	George has no more than 8 umbrellas.
entailment	Marilyn has 7 light bulbs.	Marilyn has no more than 7 light bulbs.
entailment	Jack has 4 photos.	Jack has no more than 4 photos.
entailment	Michelle has 9 matches.	Michelle has no more than 9 matches.
entailment	Sally has 3 glasses.	Sally has no more than 3 glasses.
entailment	Don has 8 bottles.	Don has no more than 8 bottles.
entailment	Sarah has 2 combs.	Sarah has no more than 2 combs.
entailment	Kate has 9 matches.	Kate has no more than 9 matches.
entailment	Lauren has 5 newspapers.	Lauren has no more than 5 newspapers.
entailment	Emily has 10 postcards.	Emily has no more than 10 postcards.
entailment	Robin has 8 cameras.	Robin has no more than 8 cameras.
entailment	Ruth has 2 cameras.	Ruth has no more than 2 cameras.
entailment	Kate has 9 combs.	Kate has no more than 9 combs.
entailment	Wendy has 7 pens.	Wendy has no more than 7 pens.
entailment	Ellen has 3 lighters.	Ellen has no more than 3 lighters.
entailment	Julie has 3 combs.	Julie has no more than 3 combs.
entailment	Carl has 8 banknotes.	Carl has no more than 8 banknotes.
entailment	Ruth has 7 tissues.	Ruth has no more than 7 tissues.
entailment	Alfred has 9 wallets.	Alfred has no more than 9 wallets.
entailment	Emma has 5 clips.	Emma has no more than 5 clips.
entailment	Linda has 4 cameras.	Linda has no more than 4 cameras.
entailment	Jane has 7 cases.	Jane has no more than 7 cases.
entailment	Lawrence has 9 players.	Lawrence has no more than 9 players.
entailment	Louise has 4 postcards.	Louise has no more than 4 postcards.
entailment	Grace has 8 banknotes.	Grace has no more than 8 banknotes.
entailment	Bruce has 6 pens.	Bruce has no more than 6 pens.
entailment	Susan has 6 alarm clocks.	Susan has no more than 6 alarm clocks.
entailment	Sandra has 8 identity cards.	Sandra has no more than 8 identity cards.
entailment	Louis has 8 magazines.	Louis has no more than 8 magazines.
entailment	Ashley has 6 mobile phones.	Ashley has no more than 6 mobile phones.
entailment	Don has 2 postcards.	Don has no more than 2 postcards.
entailment	Steve has 10 credit cards.	Steve has no more than 10 credit cards.
entailment	Ruth has 7 glasses.	Ruth has no more than 7 glasses.
entailment	Patrick has 6 identity cards.	Patrick has no more than 6 identity cards.
entailment	Walter has 7 umbrellas.	Walter has no more than 7 umbrellas.
entailment	Francis has 10 umbrellas.	Francis has no more than 10 umbrellas.
entailment	Ryan has 2 glasses.	Ryan has no more than 2 glasses.
entailment	Diana has 5 alarm clocks.	Diana has no more than 5 alarm clocks.
entailment	Frances has 5 wallets.	Frances has no more than 5 wallets.
entailment	Carl has 8 glasses.	Carl has no more than 8 glasses.
entailment	Alexandra has 5 lipsticks.	Alexandra has no more than 5 lipsticks.
entailment	Michael has 7 combs.	Michael has no more than 7 combs.
entailment	Mike has 10 mirrors.	Mike has no more than 10 mirrors.
entailment	Katherine has 5 photos.	Katherine has no more than 5 photos.
entailment	Simon has 2 lighters.	Simon has no more than 2 lighters.
entailment	Frank has 10 identity cards.	Frank has no more than 10 identity cards.
entailment	Ruth has 10 rubbers.	Ruth has no more than 10 rubbers.
entailment	Paul has 3 cigarettes.	Paul has no more than 3 cigarettes.
entailment	Barbara has 7 umbrellas.	Barbara has no more than 7 umbrellas.
entailment	Fred has 7 purses.	Fred has no more than 7 purses.
entailment	Ron has 8 toothbrushes.	Ron has no more than 8 toothbrushes.
entailment	Ralph has 6 brushes.	Ralph has no more than 6 brushes.
entailment	Ben has 4 batteries.	Ben has no more than 4 batteries.
entailment	Kim has 9 bottles.	Kim has no more than 9 bottles.
entailment	Catherine has 10 combs.	Catherine has no more than 10 combs.
entailment	Frederick has 3 toothbrushes.	Frederick has no more than 3 toothbrushes.
entailment	Anna has 2 watches.	Anna has no more than 2 watches.
entailment	Ralph has 8 postcards.	Ralph has no more than 8 postcards.
entailment	Charlotte has 10 pencils.	Charlotte has no more than 10 pencils.
entailment	Ann has 3 batteries.	Ann has no more than 3 batteries.
entailment	Harriet has 6 cameras.	Harriet has no more than 6 cameras.
entailment	Jessica has 5 credit cards.	Jessica has no more than 5 credit cards.
entailment	Grace has 4 coins.	Grace has no more than 4 coins.
entailment	Billy has 8 umbrellas.	Billy has no more than 8 umbrellas.
entailment	Sophie has 7 photos.	Sophie has no more than 7 photos.
entailment	Bobby has 5 umbrellas.	Bobby has no more than 5 umbrellas.
entailment	Kathryn has 9 matches.	Kathryn has no more than 9 matches.
entailment	Lauren has 7 combs.	Lauren has no more than 7 combs.
entailment	Jean has 4 laptops.	Jean has no more than 4 laptops.
entailment	Anthony has 2 alarm clocks.	Anthony has no more than 2 alarm clocks.
entailment	Matthew has 7 stamps.	Matthew has no more than 7 stamps.
entailment	Greg has 3 purses.	Greg has no more than 3 purses.
entailment	Kenneth has 5 lipsticks.	Kenneth has no more than 5 lipsticks.
entailment	Henry has 5 coins.	Henry has no more than 5 coins.
entailment	Harriet has 9 cigarettes.	Harriet has no more than 9 cigarettes.
entailment	Dan has 8 stamps.	Dan has no more than 8 stamps.
entailment	Grace has 9 photos.	Grace has no more than 9 photos.
entailment	Victoria has 9 newspapers.	Victoria has no more than 9 newspapers.
entailment	Carol has 5 lighters.	Carol has no more than 5 lighters.
entailment	Daniel has 5 light bulbs.	Daniel has no more than 5 light bulbs.
entailment	Emily has 6 cameras.	Emily has no more than 6 cameras.
entailment	Amy has 4 dictionaries.	Amy has no more than 4 dictionaries.
entailment	Jim has 6 mobile phones.	Jim has no more than 6 mobile phones.
entailment	Alexandra has 2 cigarettes.	Alexandra has no more than 2 cigarettes.
entailment	Carol has 7 buttons.	Carol has no more than 7 buttons.
entailment	Albert has 6 cigarettes.	Albert has no more than 6 cigarettes.
entailment	Alex has 8 notebooks.	Alex has no more than 8 notebooks.
entailment	Eleanor has 4 batteries.	Eleanor has no more than 4 batteries.
entailment	Adam has 9 notebooks.	Adam has no more than 9 notebooks.
entailment	Virginia has 5 scissors.	Virginia has no more than 5 scissors.
entailment	Christine has 10 coins.	Christine has no more than 10 coins.
entailment	Janet has 10 scissors.	Janet has no more than 10 scissors.
entailment	Johnny has 4 light bulbs.	Johnny has no more than 4 light bulbs.
entailment	Lynn has 10 light bulbs.	Lynn has no more than 10 light bulbs.
entailment	Jay has 5 bottles.	Jay has no more than 5 bottles.
entailment	Joe has 7 matches.	Joe has no more than 7 matches.
entailment	Frances has 9 players.	Frances has no more than 9 players.
entailment	Donna has 4 toothbrushes.	Donna has no more than 4 toothbrushes.
entailment	Christine has 3 cameras.	Christine has no more than 3 cameras.
entailment	Dick has 6 files.	Dick has no more than 6 files.
entailment	Harriet has 5 headphones.	Harriet has no more than 5 headphones.
entailment	Lisa has 2 cigarettes.	Lisa has no more than 2 cigarettes.
entailment	Patricia has 7 coins.	Patricia has no more than 7 coins.
entailment	Alexander has 7 tissues.	Alexander has no more than 7 tissues.
entailment	Charlotte has 6 scissors.	Charlotte has no more than 6 scissors.
entailment	Edward has 4 rubbers.	Edward has no more than 4 rubbers.
entailment	Deborah has 7 clips.	Deborah has no more than 7 clips.
entailment	Ruth has 7 cameras.	Ruth has no more than 7 cameras.
entailment	Sue has 9 stamps.	Sue has no more than 9 stamps.
entailment	Stephen has 10 laptops.	Stephen has no more than 10 laptops.
entailment	Daniel has 9 brushes.	Daniel has no more than 9 brushes.
entailment	Eric has 6 diaries.	Eric has no more than 6 diaries.
entailment	Lawrence has 4 diaries.	Lawrence has no more than 4 diaries.
entailment	Richard has 6 umbrellas.	Richard has no more than 6 umbrellas.
entailment	Nancy has 6 buttons.	Nancy has no more than 6 buttons.
entailment	Donald has 5 alarm clocks.	Donald has no more than 5 alarm clocks.
entailment	Victoria has 2 pens.	Victoria has no more than 2 pens.
entailment	Catherine has 5 umbrellas.	Catherine has no more than 5 umbrellas.
entailment	Emma has 5 glasses.	Emma has no more than 5 glasses.
entailment	Sophie has 8 lipsticks.	Sophie has no more than 8 lipsticks.
entailment	Katherine has 10 buttons.	Katherine has no more than 10 buttons.
entailment	Francis has 2 postcards.	Francis has no more than 2 postcards.
entailment	Elizabeth has 9 rubbers.	Elizabeth has no more than 9 rubbers.
entailment	Julia has 4 rubbers.	Julia has no more than 4 rubbers.
entailment	Jim has 8 combs.	Jim has no more than 8 combs.
entailment	Elaine has 4 stamps.	Elaine has no more than 4 stamps.
entailment	Sara has 9 pens.	Sara has no more than 9 pens.
entailment	Harold has 4 rubbers.	Harold has no more than 4 rubbers.
entailment	Henry has 7 wallets.	Henry has no more than 7 wallets.
entailment	Adam has 7 matches.	Adam has no more than 7 matches.
entailment	Paul has 8 players.	Paul has no more than 8 players.
entailment	Bobby has 6 cameras.	Bobby has no more than 6 cameras.
entailment	Victoria has 7 cases.	Victoria has no more than 7 cases.
entailment	Catherine has 3 combs.	Catherine has no more than 3 combs.
entailment	Martin has 9 dictionaries.	Martin has no more than 9 dictionaries.
entailment	George has 9 light bulbs.	George has no more than 9 light bulbs.
entailment	Lynn has 8 players.	Lynn has no more than 8 players.
entailment	Alan has 3 bottles.	Alan has no more than 3 bottles.
entailment	Gary has 8 batteries.	Gary has no more than 8 batteries.
entailment	Ben has 8 photos.	Ben has no more than 8 photos.
entailment	Jill has 7 cigarettes.	Jill has no more than 7 cigarettes.
entailment	Daniel has 5 lighters.	Daniel has no more than 5 lighters.
entailment	Richard has 7 mirrors.	Richard has no more than 7 mirrors.
entailment	Marie has 2 newspapers.	Marie has no more than 2 newspapers.
entailment	Ray has 7 players.	Ray has no more than 7 players.
entailment	Sally has 4 pens.	Sally has no more than 4 pens.
entailment	Donald has 5 diaries.	Donald has no more than 5 diaries.
entailment	John has 9 magazines.	John has no more than 9 magazines.
entailment	Alison has 5 headphones.	Alison has no more than 5 headphones.
entailment	Bruce has 3 mobile phones.	Bruce has no more than 3 mobile phones.
entailment	Joseph has 6 alarm clocks.	Joseph has no more than 6 alarm clocks.
entailment	Robert has 3 headphones.	Robert has no more than 3 headphones.
entailment	Jessica has 10 buttons.	Jessica has no more than 10 buttons.
entailment	Louis has 9 players.	Louis has no more than 9 players.
entailment	Carolyn has 4 dictionaries.	Carolyn has no more than 4 dictionaries.
entailment	Jennifer has 7 matches.	Jennifer has no more than 7 matches.
entailment	Christine has 7 bottles.	Christine has no more than 7 bottles.
entailment	David has 7 batteries.	David has no more than 7 batteries.
entailment	Daniel has 4 cases.	Daniel has no more than 4 cases.
entailment	Elaine has 5 cases.	Elaine has no more than 5 cases.
entailment	Ashley has 5 magazines.	Ashley has no more than 5 magazines.
entailment	Linda has 6 credit cards.	Linda has no more than 6 credit cards.
entailment	Claire has 8 toothbrushes.	Claire has no more than 8 toothbrushes.
entailment	Joseph has 8 stamps.	Joseph has no more than 8 stamps.
entailment	Donald has 9 cases.	Donald has no more than 9 cases.
entailment	Helen has 9 clips.	Helen has no more than 9 clips.
entailment	Robin has 3 credit cards.	Robin has no more than 3 credit cards.
entailment	Billy has 2 banknotes.	Billy has no more than 2 banknotes.
entailment	Jonathan has 2 bottles.	Jonathan has no more than 2 bottles.
entailment	Barbara has 8 brushes.	Barbara has no more than 8 brushes.
entailment	Sandra has 6 umbrellas.	Sandra has no more than 6 umbrellas.
entailment	Gary has 9 players.	Gary has no more than 9 players.
entailment	Benjamin has 2 coins.	Benjamin has no more than 2 coins.
entailment	Karen has 7 identity cards.	Karen has no more than 7 identity cards.
entailment	Fiona has 4 cases.	Fiona has no more than 4 cases.
entailment	Amanda has 7 umbrellas.	Amanda has no more than 7 umbrellas.
entailment	Louise has 2 coins.	Louise has no more than 2 coins.
entailment	Lauren has 7 notebooks.	Lauren has no more than 7 notebooks.
entailment	Sue has 4 pencils.	Sue has no more than 4 pencils.
entailment	Judy has 8 toothbrushes.	Judy has no more than 8 toothbrushes.
entailment	Hugh has 7 headphones.	Hugh has no more than 7 headphones.
entailment	Emily has 8 files.	Emily has no more than 8 files.
entailment	Johnny has 3 rubbers.	Johnny has no more than 3 rubbers.
entailment	Christine has 10 photos.	Christine has no more than 10 photos.
entailment	Keith has 9 batteries.	Keith has no more than 9 batteries.
entailment	Lucy has 7 pencils.	Lucy has no more than 7 pencils.
entailment	Judy has 3 coins.	Judy has no more than 3 coins.
entailment	Albert has 4 lipsticks.	Albert has no more than 4 lipsticks.
entailment	Alice has 2 cameras.	Alice has no more than 2 cameras.
entailment	Billy has 2 pencils.	Billy has no more than 2 pencils.
entailment	Alice has 6 lighters.	Alice has no more than 6 lighters.
entailment	Louis has 3 buttons.	Louis has no more than 3 buttons.
entailment	Albert has 10 clips.	Albert has no more than 10 clips.
entailment	Florence has 2 stamps.	Florence has no more than 2 stamps.
entailment	Diana has 5 lipsticks.	Diana has no more than 5 lipsticks.
entailment	Nicole has 3 matches.	Nicole has no more than 3 matches.
entailment	Alexander has 6 cases.	Alexander has no more than 6 cases.
entailment	Kate has 3 cameras.	Kate has no more than 3 cameras.
entailment	Katherine has 4 stamps.	Katherine has no more than 4 stamps.
entailment	Jill has 5 magazines.	Jill has no more than 5 magazines.
entailment	Stephanie has 2 cars.	Stephanie has no more than 2 cars.
entailment	Anthony has 8 notebooks.	Anthony has no more than 8 notebooks.
entailment	Don has 3 wallets.	Don has no more than 3 wallets.
entailment	Elaine has 2 banknotes.	Elaine has no more than 2 banknotes.
entailment	Virginia has 9 mobile phones.	Virginia has no more than 9 mobile phones.
entailment	Kelly has 8 toothbrushes.	Kelly has no more than 8 toothbrushes.
entailment	Howard has 8 pencils.	Howard has no more than 8 pencils.
entailment	Marie has 9 players.	Marie has no more than 9 players.
entailment	Dick has 7 tissues.	Dick has no more than 7 tissues.
entailment	Linda has 10 pens.	Linda has no more than 10 pens.
entailment	Amanda has 7 cigarettes.	Amanda has no more than 7 cigarettes.
entailment	Frank has 8 buttons.	Frank has no more than 8 buttons.
entailment	Lynn has 6 pens.	Lynn has no more than 6 pens.
entailment	Marie has 6 stamps.	Marie has no more than 6 stamps.
entailment	Robin has 7 mirrors.	Robin has no more than 7 mirrors.
entailment	Chris has 3 stamps.	Chris has no more than 3 stamps.
entailment	Alex has 8 alarm clocks.	Alex has no more than 8 alarm clocks.
entailment	Joan has 7 lighters.	Joan has no more than 7 lighters.
entailment	Ruth has 7 magazines.	Ruth has no more than 7 magazines.
entailment	Greg has 8 matches.	Greg has no more than 8 matches.
entailment	Alice has 9 players.	Alice has no more than 9 players.
entailment	Wendy has 5 dictionaries.	Wendy has no more than 5 dictionaries.
entailment	Kathleen has 3 glasses.	Kathleen has no more than 3 glasses.
entailment	Scott has 5 diaries.	Scott has no more than 5 diaries.
entailment	Rose has 10 lighters.	Rose has no more than 10 lighters.
entailment	Sandra has 3 tissues.	Sandra has no more than 3 tissues.
entailment	Susan has 2 rubbers.	Susan has no more than 2 rubbers.
entailment	Edward has 4 rubbers.	Edward has no more than 4 rubbers.
entailment	Al has 7 pens.	Al has no more than 7 pens.
entailment	Kenneth has 6 notebooks.	Kenneth has no more than 6 notebooks.
entailment	Adam has 3 magazines.	Adam has no more than 3 magazines.
entailment	Florence has 2 watches.	Florence has no more than 2 watches.
entailment	Joseph has 7 matches.	Joseph has no more than 7 matches.
entailment	Mark has 8 batteries.	Mark has no more than 8 batteries.
entailment	Donald has 2 lighters.	Donald has no more than 2 lighters.
entailment	Carl has 9 magazines.	Carl has no more than 9 magazines.
entailment	James has 7 brushes.	James has no more than 7 brushes.
entailment	Linda has 4 alarm clocks.	Linda has no more than 4 alarm clocks.
entailment	Kim has 8 glasses.	Kim has no more than 8 glasses.
entailment	Katherine has 9 lipsticks.	Katherine has no more than 9 lipsticks.
entailment	Rebecca has 5 wallets.	Rebecca has no more than 5 wallets.
entailment	William has 2 banknotes.	William has no more than 2 banknotes.
entailment	Kathleen has 8 files.	Kathleen has no more than 8 files.
