entailment	Al is monotonous.	Al is tedious.
entailment	Paul is humble.	Paul is meek.
entailment	Rebecca is reluctant.	Rebecca is cautious.
entailment	Sarah is impartial.	Sarah is just.
entailment	Catherine is just.	Catherine is honest.
entailment	Amanda is frantic.	Amanda is violent.
entailment	Jessica is destructive.	Jessica is catastrophic.
entailment	Ken is destructive.	Ken is catastrophic.
entailment	Leslie is candid.	Leslie is honest.
entailment	Wendy is hasty.	Wendy is abrupt.
entailment	Julie is thrifty.	Julie is frugal.
entailment	Frederick is impious.	Frederick is irreligious.
entailment	Jim is callous.	Jim is unfeeling.
entailment	Sandra is jaded.	Sandra is tired.
entailment	Nancy is tenacious.	Nancy is stubborn.
entailment	Jim is just.	Jim is honest.
entailment	Jennifer is incompetent.	Jennifer is inefficient.
entailment	Lauren is wicked.	Lauren is immoral.
entailment	Dave is taciturn.	Dave is reserved.
entailment	Catherine is offensive.	Catherine is abhorrent.
entailment	Janet is humble.	Janet is meek.
entailment	Frank is taciturn.	Frank is reserved.
entailment	David is calm.	David is peaceful.
entailment	Judy is liberal.	Judy is magnanimous.
entailment	Evelyn is careful.	Evelyn is cautious.
entailment	John is transparent.	John is clear.
entailment	Louise is jaded.	Louise is tired.
entailment	Adam is irrepressible.	Adam is irresistible.
entailment	Alexandra is blunt.	Alexandra is insensitive.
entailment	Donald is timid.	Donald is diffident.
entailment	Tim is genuine.	Tim is candid.
entailment	Eric is superficial.	Eric is shallow.
entailment	Lisa is calm.	Lisa is peaceful.
entailment	Jack is incompetent.	Jack is inefficient.
entailment	Rebecca is reluctant.	Rebecca is cautious.
entailment	Brian is impartial.	Brian is just.
entailment	Katherine is imminent.	Katherine is impending.
entailment	Alexandra is confident.	Alexandra is bold.
entailment	Marie is jaded.	Marie is tired.
entailment	Jean is frivolous.	Jean is petty.
entailment	Sally is taciturn.	Sally is reserved.
entailment	Deborah is interesting.	Deborah is exciting.
entailment	Ruth is calm.	Ruth is peaceful.
entailment	Charlotte is liable.	Charlotte is accountable.
entailment	Ray is tranquil.	Ray is peaceful.
entailment	Alex is imminent.	Alex is impending.
entailment	Martin is feeble.	Martin is weak.
entailment	Martin is batty.	Martin is mad.
entailment	Lauren is humble.	Lauren is meek.
entailment	Emily is blunt.	Emily is insensitive.
entailment	Arthur is docile.	Arthur is pliable.
entailment	Christopher is batty.	Christopher is mad.
entailment	Jack is superficial.	Jack is shallow.
entailment	Sharon is lenient.	Sharon is compassionate.
entailment	Alexandra is shrewd.	Alexandra is cunning.
entailment	Larry is stranger.	Larry is unknown.
entailment	Sam is frantic.	Sam is violent.
entailment	Annie is trenchant.	Annie is assertive.
entailment	Anne is treacherous.	Anne is dishonest.
entailment	Larry is optimist.	Larry is idealist.
entailment	Louise is winsome.	Louise is appealing.
entailment	Carolyn is just.	Carolyn is honest.
entailment	Andrew is irrepressible.	Andrew is irresistible.
entailment	Lauren is coarse.	Lauren is bawdy.
entailment	Rachel is trenchant.	Rachel is assertive.
entailment	Rose is jaded.	Rose is tired.
entailment	Donald is haughty.	Donald is arrogant.
entailment	Robert is indifferent.	Robert is equitable.
entailment	Daniel is gorgeous.	Daniel is magnificent.
entailment	Dick is enormous.	Dick is colossal.
entailment	Bobby is novice.	Bobby is tyro.
entailment	Frank is candid.	Frank is honest.
entailment	Frederick is gorgeous.	Frederick is magnificent.
entailment	Peter is tranquil.	Peter is peaceful.
entailment	Sue is sycophant.	Sue is toady.
entailment	Sally is callous.	Sally is unfeeling.
entailment	Charles is confident.	Charles is bold.
entailment	Sue is feeble.	Sue is weak.
entailment	Florence is tranquil.	Florence is peaceful.
entailment	Stephen is lenient.	Stephen is compassionate.
entailment	Joe is keen.	Joe is sharp.
entailment	Daniel is batty.	Daniel is mad.
entailment	Florence is brittle.	Florence is breakable.
entailment	Philip is fanatical.	Philip is narrow-minded.
entailment	Kathryn is confident.	Kathryn is bold.
entailment	Catherine is frivolous.	Catherine is petty.
entailment	Alison is bold.	Alison is adventurous.
entailment	Annie is brittle.	Annie is breakable.
entailment	Caroline is novice.	Caroline is tyro.
entailment	Wendy is candid.	Wendy is honest.
entailment	Jimmy is blunt.	Jimmy is insensitive.
entailment	Tim is callous.	Tim is unfeeling.
entailment	Sara is impartial.	Sara is just.
entailment	Jerry is nonchalant.	Jerry is indifferent.
entailment	Gary is bold.	Gary is adventurous.
entailment	Frances is precarious.	Frances is doubtful.
entailment	Paul is tumultuous.	Paul is violent.
entailment	Jim is lenient.	Jim is compassionate.
entailment	Harold is humble.	Harold is meek.
entailment	Howard is pompous.	Howard is haughty.
entailment	Ellen is enormous.	Ellen is colossal.
entailment	Diane is frivolous.	Diane is petty.
entailment	Robin is bold.	Robin is adventurous.
entailment	Annie is eccentric.	Annie is strange.
entailment	Samuel is jubilant.	Samuel is rejoicing.
entailment	Maria is hasty.	Maria is abrupt.
entailment	Stephen is tumultuous.	Stephen is violent.
entailment	Ruth is equivocal.	Ruth is ambiguous.
entailment	David is pompous.	David is haughty.
entailment	Sharon is modest.	Sharon is humble.
entailment	Ellen is sacred.	Ellen is holy.
entailment	Greg is just.	Greg is honest.
entailment	Jay is hasty.	Jay is abrupt.
entailment	Tony is tenacious.	Tony is stubborn.
entailment	Cynthia is barbarous.	Cynthia is brutal.
entailment	Dorothy is capable.	Dorothy is competent.
entailment	Bobby is benevolent.	Bobby is generous.
entailment	Caroline is indigent.	Caroline is destitute.
entailment	Anthony is genuine.	Anthony is candid.
entailment	Ashley is rebellious.	Ashley is restless.
entailment	Colin is transparent.	Colin is clear.
entailment	Kenneth is just.	Kenneth is honest.
entailment	Martha is wicked.	Martha is immoral.
entailment	Wendy is docile.	Wendy is pliable.
entailment	Kathryn is impious.	Kathryn is irreligious.
entailment	Jay is monotonous.	Jay is tedious.
entailment	Pamela is capable.	Pamela is competent.
entailment	John is tumultuous.	John is violent.
entailment	Philip is jaded.	Philip is tired.
entailment	Scott is genuine.	Scott is candid.
entailment	Ian is wicked.	Ian is immoral.
entailment	Lisa is copious.	Lisa is abundant.
entailment	Evelyn is timid.	Evelyn is diffident.
entailment	Helen is batty.	Helen is mad.
entailment	Margaret is timid.	Margaret is diffident.
entailment	Anne is benevolent.	Anne is generous.
entailment	Albert is optimist.	Albert is idealist.
entailment	Mark is humble.	Mark is meek.
entailment	Carolyn is eccentric.	Carolyn is strange.
entailment	Lisa is shrewd.	Lisa is cunning.
entailment	Rachel is tenacious.	Rachel is stubborn.
entailment	Sally is alien.	Sally is foreigner.
entailment	Thomas is ruthless.	Thomas is remorseless.
entailment	Simon is impious.	Simon is irreligious.
entailment	Linda is benign.	Linda is favorable.
entailment	Helen is feeble.	Helen is weak.
entailment	Marie is wicked.	Marie is immoral.
entailment	Andrew is docile.	Andrew is pliable.
entailment	David is liberal.	David is magnanimous.
entailment	Annie is monotonous.	Annie is tedious.
entailment	Roy is alien.	Roy is foreigner.
entailment	Alexander is barbarous.	Alexander is brutal.
entailment	Kathryn is alien.	Kathryn is foreigner.
entailment	Katie is shrewd.	Katie is cunning.
entailment	Lauren is candid.	Lauren is honest.
entailment	Donald is confident.	Donald is bold.
entailment	Florence is fragile.	Florence is weak.
entailment	Carl is indigent.	Carl is destitute.
entailment	Cynthia is fanatical.	Cynthia is narrow-minded.
entailment	Jim is pompous.	Jim is haughty.
entailment	Elizabeth is careful.	Elizabeth is cautious.
entailment	Jack is brittle.	Jack is breakable.
entailment	Larry is optimist.	Larry is idealist.
entailment	Daniel is hasty.	Daniel is abrupt.
entailment	Anthony is stranger.	Anthony is unknown.
entailment	Pamela is winsome.	Pamela is appealing.
entailment	Ralph is coarse.	Ralph is bawdy.
entailment	Tony is indigent.	Tony is destitute.
entailment	Robert is benevolent.	Robert is generous.
entailment	Paul is frivolous.	Paul is petty.
entailment	Sharon is humble.	Sharon is meek.
entailment	Carol is incompetent.	Carol is inefficient.
entailment	Lawrence is timid.	Lawrence is diffident.
entailment	Paul is thrifty.	Paul is frugal.
entailment	Nicole is ruthless.	Nicole is remorseless.
entailment	Kelly is winsome.	Kelly is appealing.
entailment	Dorothy is wicked.	Dorothy is immoral.
entailment	Jennifer is keen.	Jennifer is sharp.
entailment	Joan is equivocal.	Joan is ambiguous.
entailment	Matthew is copious.	Matthew is abundant.
entailment	Deborah is imminent.	Deborah is impending.
entailment	James is destructive.	James is catastrophic.
entailment	Christopher is indifferent.	Christopher is equitable.
entailment	Bobby is jubilant.	Bobby is rejoicing.
entailment	Johnny is calm.	Johnny is peaceful.
entailment	Ron is venerable.	Ron is honored.
entailment	Thomas is benevolent.	Thomas is generous.
entailment	Bruce is eccentric.	Bruce is strange.
entailment	Christopher is treacherous.	Christopher is dishonest.
entailment	Dan is judicious.	Dan is thoughtful.
entailment	Elizabeth is taciturn.	Elizabeth is reserved.
entailment	Walter is imminent.	Walter is impending.
entailment	Daniel is rebellious.	Daniel is restless.
entailment	Harriet is genuine.	Harriet is candid.
entailment	Joseph is impious.	Joseph is irreligious.
entailment	Patrick is stranger.	Patrick is unknown.
entailment	Alison is callous.	Alison is unfeeling.
entailment	Carl is liberal.	Carl is magnanimous.
entailment	Charlie is impartial.	Charlie is just.
entailment	Helen is celebrated.	Helen is acclaimed.
entailment	Jim is tenacious.	Jim is stubborn.
entailment	Karen is pompous.	Karen is haughty.
entailment	Ron is jubilant.	Ron is rejoicing.
entailment	Bob is rebellious.	Bob is restless.
entailment	Daniel is ruthless.	Daniel is remorseless.
entailment	Ann is batty.	Ann is mad.
entailment	Carl is jaded.	Carl is tired.
entailment	Donna is eager.	Donna is keen.
entailment	Albert is careful.	Albert is cautious.
entailment	Kathleen is copious.	Kathleen is abundant.
entailment	Heather is calm.	Heather is peaceful.
entailment	Mark is capable.	Mark is competent.
entailment	Alfred is gorgeous.	Alfred is magnificent.
entailment	Frank is liable.	Frank is accountable.
entailment	James is candid.	James is honest.
entailment	Mary is tenacious.	Mary is stubborn.
entailment	Michelle is imminent.	Michelle is impending.
entailment	Lisa is reluctant.	Lisa is cautious.
entailment	Amanda is frantic.	Amanda is violent.
entailment	Jane is capable.	Jane is competent.
entailment	Johnny is gorgeous.	Johnny is magnificent.
entailment	Jimmy is treacherous.	Jimmy is dishonest.
entailment	Sophie is enormous.	Sophie is colossal.
entailment	Anna is feeble.	Anna is weak.
entailment	Howard is coarse.	Howard is bawdy.
entailment	Mark is bawdy.	Mark is coarse.
entailment	Lucy is optimist.	Lucy is idealist.
entailment	Andrea is fragile.	Andrea is weak.
entailment	Stephen is ruthless.	Stephen is remorseless.
entailment	Elizabeth is hasty.	Elizabeth is abrupt.
entailment	Matthew is winsome.	Matthew is appealing.
entailment	Paul is frantic.	Paul is violent.
entailment	Edith is dwarf.	Edith is diminutive.
entailment	Steve is fragile.	Steve is weak.
entailment	Dorothy is copious.	Dorothy is abundant.
entailment	Hugh is superficial.	Hugh is shallow.
entailment	Christopher is celebrated.	Christopher is acclaimed.
entailment	Charlotte is reluctant.	Charlotte is cautious.
entailment	Frederick is timid.	Frederick is diffident.
entailment	Sarah is wicked.	Sarah is immoral.
entailment	Sharon is novice.	Sharon is tyro.
entailment	Janet is ruthless.	Janet is remorseless.
entailment	Annie is irrepressible.	Annie is irresistible.
entailment	Amy is ruthless.	Amy is remorseless.
entailment	Sue is fragile.	Sue is weak.
entailment	Jean is transparent.	Jean is clear.
entailment	Tim is barbarous.	Tim is brutal.
entailment	Ryan is incompetent.	Ryan is inefficient.
entailment	Ed is batty.	Ed is mad.
entailment	Lucy is dwarf.	Lucy is diminutive.
entailment	Billy is thrifty.	Billy is frugal.
entailment	Tony is copious.	Tony is abundant.
entailment	Amanda is imminent.	Amanda is impending.
entailment	Kathryn is pompous.	Kathryn is haughty.
entailment	Mark is capable.	Mark is competent.
entailment	Michelle is benevolent.	Michelle is generous.
entailment	Mark is gorgeous.	Mark is magnificent.
entailment	Walter is benevolent.	Walter is generous.
entailment	Louis is barbarous.	Louis is brutal.
entailment	Elaine is optimist.	Elaine is idealist.
entailment	Charlie is eccentric.	Charlie is strange.
entailment	Christopher is placid.	Christopher is tranquil.
entailment	Dick is savage.	Dick is wild.
entailment	Edwin is shrewd.	Edwin is cunning.
entailment	Frances is batty.	Frances is mad.
entailment	Grace is calm.	Grace is peaceful.
entailment	Annie is stranger.	Annie is unknown.
entailment	Elaine is tumultuous.	Elaine is violent.
entailment	Tom is novice.	Tom is tyro.
entailment	Leslie is frivolous.	Leslie is petty.
entailment	Dan is sycophant.	Dan is toady.
entailment	Angela is monotonous.	Angela is tedious.
entailment	Karen is liable.	Karen is accountable.
entailment	Florence is trenchant.	Florence is assertive.
entailment	Jonathan is brittle.	Jonathan is breakable.
entailment	Jill is alien.	Jill is foreigner.
entailment	Claire is fanatical.	Claire is narrow-minded.
entailment	Carl is savage.	Carl is wild.
entailment	Ellen is hasty.	Ellen is abrupt.
entailment	Bobby is blunt.	Bobby is insensitive.
entailment	Louise is humble.	Louise is meek.
entailment	Carl is modest.	Carl is humble.
entailment	Al is liable.	Al is accountable.
entailment	Frank is eccentric.	Frank is strange.
entailment	Diana is docile.	Diana is pliable.
entailment	Alex is interesting.	Alex is exciting.
entailment	Alison is jaded.	Alison is tired.
entailment	Edward is batty.	Edward is mad.
entailment	Karen is monotonous.	Karen is tedious.
entailment	Eric is reluctant.	Eric is cautious.
entailment	Sally is capable.	Sally is competent.
entailment	Katie is eager.	Katie is keen.
entailment	Colin is modest.	Colin is humble.
entailment	Thomas is transparent.	Thomas is clear.
entailment	Linda is liable.	Linda is accountable.
entailment	Dorothy is benign.	Dorothy is favorable.
entailment	Jim is pompous.	Jim is haughty.
entailment	Kathy is eager.	Kathy is keen.
entailment	George is batty.	George is mad.
entailment	Angela is venerable.	Angela is honored.
entailment	Walter is careful.	Walter is cautious.
entailment	Ed is celebrated.	Ed is acclaimed.
entailment	Carolyn is taciturn.	Carolyn is reserved.
entailment	Pamela is jovial.	Pamela is frolicsome.
entailment	Philip is liable.	Philip is accountable.
entailment	Sophie is reluctant.	Sophie is cautious.
entailment	Harry is bold.	Harry is adventurous.
entailment	Lauren is precarious.	Lauren is doubtful.
entailment	Victoria is careful.	Victoria is cautious.
entailment	Ron is confident.	Ron is bold.
entailment	Sharon is venerable.	Sharon is honored.
entailment	Benjamin is docile.	Benjamin is pliable.
entailment	Jay is imminent.	Jay is impending.
entailment	Suzanne is confident.	Suzanne is bold.
entailment	Michelle is feeble.	Michelle is weak.
entailment	Thomas is lenient.	Thomas is compassionate.
entailment	Ruth is keen.	Ruth is sharp.
entailment	Leslie is feeble.	Leslie is weak.
entailment	Laura is just.	Laura is honest.
entailment	Rose is callous.	Rose is unfeeling.
entailment	Peter is benevolent.	Peter is generous.
entailment	Rachel is hasty.	Rachel is abrupt.
entailment	Charles is stranger.	Charles is unknown.
entailment	Eleanor is timid.	Eleanor is diffident.
entailment	Grace is frantic.	Grace is violent.
entailment	Ben is calm.	Ben is peaceful.
entailment	Sophie is careful.	Sophie is cautious.
entailment	Kathy is savage.	Kathy is wild.
entailment	Diane is shrewd.	Diane is cunning.
entailment	Anne is savage.	Anne is wild.
entailment	Steven is coarse.	Steven is bawdy.
entailment	Frederick is novice.	Frederick is tyro.
entailment	Kathleen is novice.	Kathleen is tyro.
entailment	Andrew is celebrated.	Andrew is acclaimed.
entailment	Helen is blunt.	Helen is insensitive.
entailment	Jim is monotonous.	Jim is tedious.
entailment	Sophie is eager.	Sophie is keen.
entailment	Harriet is bawdy.	Harriet is coarse.
entailment	Lisa is nonchalant.	Lisa is indifferent.
entailment	Sandra is monotonous.	Sandra is tedious.
entailment	Michael is ruthless.	Michael is remorseless.
entailment	Simon is hasty.	Simon is abrupt.
entailment	Jack is just.	Jack is honest.
entailment	Bill is confident.	Bill is bold.
entailment	Howard is bawdy.	Howard is coarse.
entailment	Ralph is jovial.	Ralph is frolicsome.
entailment	Patrick is barbarous.	Patrick is brutal.
entailment	Jonathan is judicious.	Jonathan is thoughtful.
entailment	Bill is tumultuous.	Bill is violent.
entailment	Eric is frivolous.	Eric is petty.
entailment	John is frivolous.	John is petty.
entailment	Jill is confident.	Jill is bold.
entailment	Fiona is alien.	Fiona is foreigner.
entailment	Benjamin is keen.	Benjamin is sharp.
entailment	Cynthia is bawdy.	Cynthia is coarse.
entailment	Sally is gracious.	Sally is courteous.
entailment	Eric is fanatical.	Eric is narrow-minded.
entailment	Laura is coarse.	Laura is bawdy.
entailment	Catherine is jovial.	Catherine is frolicsome.
entailment	Evelyn is humble.	Evelyn is meek.
entailment	Walter is bawdy.	Walter is coarse.
entailment	Matthew is judicious.	Matthew is thoughtful.
entailment	Bobby is pompous.	Bobby is haughty.
entailment	Dan is imminent.	Dan is impending.
entailment	Katherine is wicked.	Katherine is immoral.
entailment	Simon is fanatical.	Simon is narrow-minded.
entailment	Martha is capable.	Martha is competent.
entailment	Steve is sycophant.	Steve is toady.
entailment	Judith is impious.	Judith is irreligious.
entailment	Scott is copious.	Scott is abundant.
entailment	Frederick is docile.	Frederick is pliable.
entailment	Ian is incompetent.	Ian is inefficient.
entailment	Rebecca is haughty.	Rebecca is arrogant.
entailment	Sam is fanatical.	Sam is narrow-minded.
entailment	Dan is keen.	Dan is sharp.
entailment	Anne is benevolent.	Anne is generous.
entailment	Walter is tumultuous.	Walter is violent.
entailment	George is lenient.	George is compassionate.
entailment	Tom is callous.	Tom is unfeeling.
entailment	Walter is monotonous.	Walter is tedious.
entailment	Louis is taciturn.	Louis is reserved.
entailment	Helen is dwarf.	Helen is diminutive.
entailment	Martha is novice.	Martha is tyro.
entailment	Louis is wicked.	Louis is immoral.
entailment	Colin is capable.	Colin is competent.
entailment	Jeff is offensive.	Jeff is abhorrent.
entailment	Rose is keen.	Rose is sharp.
entailment	Heather is shrewd.	Heather is cunning.
entailment	Edward is copious.	Edward is abundant.
entailment	Susan is barbarous.	Susan is brutal.
entailment	Helen is irrepressible.	Helen is irresistible.
entailment	Alice is frivolous.	Alice is petty.
entailment	Dick is imminent.	Dick is impending.
entailment	Nancy is calm.	Nancy is peaceful.
entailment	Martin is celebrated.	Martin is acclaimed.
entailment	Larry is coarse.	Larry is bawdy.
entailment	Carol is thrifty.	Carol is frugal.
entailment	Cynthia is eager.	Cynthia is keen.
entailment	Carolyn is optimist.	Carolyn is idealist.
entailment	Margaret is fanatical.	Margaret is narrow-minded.
entailment	Robin is monotonous.	Robin is tedious.
entailment	Anna is equivocal.	Anna is ambiguous.
entailment	Jeff is placid.	Jeff is tranquil.
entailment	Ryan is stranger.	Ryan is unknown.
entailment	Eric is just.	Eric is honest.
entailment	Kate is careful.	Kate is cautious.
entailment	Heather is calm.	Heather is peaceful.
entailment	Karen is frivolous.	Karen is petty.
entailment	Benjamin is alien.	Benjamin is foreigner.
entailment	Diane is optimist.	Diane is idealist.
entailment	Wendy is precarious.	Wendy is doubtful.
entailment	William is frantic.	William is violent.
entailment	Louis is coarse.	Louis is bawdy.
entailment	Robin is careful.	Robin is cautious.
entailment	Carl is superficial.	Carl is shallow.
entailment	Florence is eager.	Florence is keen.
entailment	Jane is pompous.	Jane is haughty.
entailment	Joe is ruthless.	Joe is remorseless.
entailment	Elaine is gracious.	Elaine is courteous.
entailment	Caroline is liberal.	Caroline is magnanimous.
entailment	Nick is careful.	Nick is cautious.
entailment	George is confident.	George is bold.
entailment	Bruce is benevolent.	Bruce is generous.
entailment	John is hasty.	John is abrupt.
entailment	Elizabeth is shrewd.	Elizabeth is cunning.
entailment	Judith is lenient.	Judith is compassionate.
entailment	Ruth is celebrated.	Ruth is acclaimed.
entailment	Fiona is hasty.	Fiona is abrupt.
entailment	Colin is interesting.	Colin is exciting.
entailment	Leslie is fragile.	Leslie is weak.
entailment	Charlotte is capable.	Charlotte is competent.
entailment	Thomas is callous.	Thomas is unfeeling.
entailment	Jason is impious.	Jason is irreligious.
entailment	Julie is jubilant.	Julie is rejoicing.
entailment	Stephen is shrewd.	Stephen is cunning.
entailment	Jeff is eccentric.	Jeff is strange.
entailment	Mike is monotonous.	Mike is tedious.
entailment	Dan is interesting.	Dan is exciting.
entailment	Janet is destructive.	Janet is catastrophic.
entailment	Grace is stranger.	Grace is unknown.
entailment	Stephanie is frivolous.	Stephanie is petty.
entailment	Julie is celebrated.	Julie is acclaimed.
entailment	Barbara is wicked.	Barbara is immoral.
entailment	Caroline is liberal.	Caroline is magnanimous.
entailment	Claire is indigent.	Claire is destitute.
entailment	Dan is offensive.	Dan is abhorrent.
entailment	Dick is timid.	Dick is diffident.
entailment	Stephanie is destructive.	Stephanie is catastrophic.
entailment	Scott is confident.	Scott is bold.
entailment	Diane is confident.	Diane is bold.
entailment	Edwin is liberal.	Edwin is magnanimous.
entailment	Martha is precarious.	Martha is doubtful.
entailment	Kevin is tenacious.	Kevin is stubborn.
entailment	Virginia is impartial.	Virginia is just.
entailment	Colin is careful.	Colin is cautious.
entailment	Emily is monotonous.	Emily is tedious.
entailment	Matt is rebellious.	Matt is restless.
entailment	Emma is savage.	Emma is wild.
entailment	Ray is ruthless.	Ray is remorseless.
entailment	Pamela is bold.	Pamela is adventurous.
entailment	Ruth is impartial.	Ruth is just.
entailment	Eric is ruthless.	Eric is remorseless.
entailment	Henry is venerable.	Henry is honored.
entailment	Matt is bawdy.	Matt is coarse.
entailment	Colin is pompous.	Colin is haughty.
entailment	Mary is barbarous.	Mary is brutal.
entailment	Lucy is blunt.	Lucy is insensitive.
entailment	Sandra is capable.	Sandra is competent.
entailment	Sandra is lenient.	Sandra is compassionate.
entailment	William is judicious.	William is thoughtful.
entailment	Paul is coarse.	Paul is bawdy.
entailment	Wendy is alien.	Wendy is foreigner.
entailment	Bruce is wicked.	Bruce is immoral.
entailment	Carolyn is imminent.	Carolyn is impending.
entailment	Alison is gracious.	Alison is courteous.
entailment	Eric is tranquil.	Eric is peaceful.
entailment	Kenneth is feeble.	Kenneth is weak.
entailment	Steve is nonchalant.	Steve is indifferent.
entailment	Dorothy is jaded.	Dorothy is tired.
entailment	Al is enormous.	Al is colossal.
entailment	Charlie is monotonous.	Charlie is tedious.
entailment	Sara is nonchalant.	Sara is indifferent.
entailment	Frederick is optimist.	Frederick is idealist.
entailment	Evelyn is dwarf.	Evelyn is diminutive.
entailment	Lucy is incompetent.	Lucy is inefficient.
entailment	Walter is frivolous.	Walter is petty.
entailment	Martin is offensive.	Martin is abhorrent.
entailment	Jerry is liable.	Jerry is accountable.
entailment	Ann is reluctant.	Ann is cautious.
entailment	Jay is gorgeous.	Jay is magnificent.
entailment	Alfred is offensive.	Alfred is abhorrent.
entailment	Dave is trenchant.	Dave is assertive.
entailment	Evelyn is benign.	Evelyn is favorable.
entailment	Jay is batty.	Jay is mad.
entailment	Jonathan is wicked.	Jonathan is immoral.
entailment	Andrew is fanatical.	Andrew is narrow-minded.
entailment	Lawrence is bold.	Lawrence is adventurous.
entailment	Suzanne is wicked.	Suzanne is immoral.
entailment	Annie is equivocal.	Annie is ambiguous.
entailment	Jonathan is transparent.	Jonathan is clear.
entailment	Louis is transparent.	Louis is clear.
entailment	Arthur is sacred.	Arthur is holy.
entailment	Andrea is interesting.	Andrea is exciting.
entailment	Marilyn is just.	Marilyn is honest.
entailment	Barbara is placid.	Barbara is tranquil.
entailment	Henry is careful.	Henry is cautious.
entailment	Diane is stranger.	Diane is unknown.
entailment	Eleanor is taciturn.	Eleanor is reserved.
entailment	Donna is nonchalant.	Donna is indifferent.
entailment	Judith is placid.	Judith is tranquil.
entailment	Emma is hasty.	Emma is abrupt.
entailment	Alexandra is pompous.	Alexandra is haughty.
entailment	Matt is jubilant.	Matt is rejoicing.
entailment	Roger is benevolent.	Roger is generous.
entailment	Peter is benign.	Peter is favorable.
entailment	Samuel is jovial.	Samuel is frolicsome.
entailment	John is imminent.	John is impending.
entailment	Nicole is alien.	Nicole is foreigner.
entailment	Kevin is blunt.	Kevin is insensitive.
entailment	Ann is gorgeous.	Ann is magnificent.
entailment	Florence is lenient.	Florence is compassionate.
entailment	Carol is gorgeous.	Carol is magnificent.
entailment	Laura is feeble.	Laura is weak.
entailment	Ron is thrifty.	Ron is frugal.
entailment	Steve is thrifty.	Steve is frugal.
entailment	Andrew is incompetent.	Andrew is inefficient.
entailment	Ed is sycophant.	Ed is toady.
entailment	Laura is irrepressible.	Laura is irresistible.
entailment	Billy is bawdy.	Billy is coarse.
entailment	Janet is benevolent.	Janet is generous.
entailment	Donald is keen.	Donald is sharp.
entailment	Jack is frivolous.	Jack is petty.
entailment	Lucy is jovial.	Lucy is frolicsome.
entailment	Donald is fragile.	Donald is weak.
entailment	Don is impartial.	Don is just.
entailment	Greg is stranger.	Greg is unknown.
entailment	Al is hasty.	Al is abrupt.
entailment	Karen is jovial.	Karen is frolicsome.
entailment	Kelly is genuine.	Kelly is candid.
entailment	Peter is impious.	Peter is irreligious.
entailment	Katherine is callous.	Katherine is unfeeling.
entailment	James is placid.	James is tranquil.
entailment	Louise is offensive.	Louise is abhorrent.
entailment	Joseph is modest.	Joseph is humble.
entailment	Louise is placid.	Louise is tranquil.
entailment	Alice is confident.	Alice is bold.
entailment	Andrew is capable.	Andrew is competent.
entailment	Alex is candid.	Alex is honest.
entailment	Ashley is eager.	Ashley is keen.
entailment	Barbara is frantic.	Barbara is violent.
entailment	Alice is transparent.	Alice is clear.
entailment	Tom is novice.	Tom is tyro.
entailment	Christine is lenient.	Christine is compassionate.
entailment	Paul is fanatical.	Paul is narrow-minded.
entailment	Jeff is reluctant.	Jeff is cautious.
entailment	Tim is docile.	Tim is pliable.
entailment	Nick is just.	Nick is honest.
entailment	Ray is nonchalant.	Ray is indifferent.
entailment	Brian is tenacious.	Brian is stubborn.
entailment	Kenneth is transparent.	Kenneth is clear.
entailment	Jean is fragile.	Jean is weak.
entailment	Kelly is imminent.	Kelly is impending.
entailment	Kathy is offensive.	Kathy is abhorrent.
entailment	Julia is thrifty.	Julia is frugal.
entailment	Kate is sycophant.	Kate is toady.
entailment	Sue is humble.	Sue is meek.
entailment	Bruce is gracious.	Bruce is courteous.
entailment	Robert is confident.	Robert is bold.
entailment	Victoria is candid.	Victoria is honest.
entailment	Fred is monotonous.	Fred is tedious.
entailment	Jeff is frantic.	Jeff is violent.
entailment	Ken is alien.	Ken is foreigner.
entailment	Claire is sycophant.	Claire is toady.
entailment	Julia is novice.	Julia is tyro.
entailment	Joseph is confident.	Joseph is bold.
entailment	Al is winsome.	Al is appealing.
entailment	Bruce is confident.	Bruce is bold.
entailment	Donna is timid.	Donna is diffident.
entailment	Howard is gracious.	Howard is courteous.
entailment	Katie is superficial.	Katie is shallow.
entailment	Melissa is interesting.	Melissa is exciting.
entailment	Tim is genuine.	Tim is candid.
entailment	Mark is stranger.	Mark is unknown.
entailment	Steven is irrepressible.	Steven is irresistible.
entailment	Jonathan is keen.	Jonathan is sharp.
entailment	Stephanie is rebellious.	Stephanie is restless.
entailment	Kenneth is treacherous.	Kenneth is dishonest.
entailment	Francis is destructive.	Francis is catastrophic.
entailment	David is taciturn.	David is reserved.
entailment	Jessica is irrepressible.	Jessica is irresistible.
entailment	Lawrence is treacherous.	Lawrence is dishonest.
entailment	Sue is bawdy.	Sue is coarse.
entailment	Walter is lenient.	Walter is compassionate.
entailment	Tony is equivocal.	Tony is ambiguous.
entailment	Rebecca is callous.	Rebecca is unfeeling.
entailment	Anthony is frivolous.	Anthony is petty.
entailment	Sophie is ruthless.	Sophie is remorseless.
entailment	Ellen is frantic.	Ellen is violent.
entailment	Sam is docile.	Sam is pliable.
entailment	Jonathan is liable.	Jonathan is accountable.
entailment	Colin is thrifty.	Colin is frugal.
entailment	Martha is docile.	Martha is pliable.
entailment	Rose is ruthless.	Rose is remorseless.
entailment	Brian is transparent.	Brian is clear.
entailment	Charles is shrewd.	Charles is cunning.
entailment	Charlotte is just.	Charlotte is honest.
entailment	Emma is placid.	Emma is tranquil.
entailment	Greg is barbarous.	Greg is brutal.
entailment	Tim is tenacious.	Tim is stubborn.
entailment	Nicole is eccentric.	Nicole is strange.
entailment	Melissa is ruthless.	Melissa is remorseless.
entailment	Donna is rebellious.	Donna is restless.
entailment	Caroline is incompetent.	Caroline is inefficient.
entailment	Alexandra is capable.	Alexandra is competent.
entailment	Jimmy is destructive.	Jimmy is catastrophic.
entailment	Sally is liberal.	Sally is magnanimous.
entailment	Alexandra is feeble.	Alexandra is weak.
entailment	Ray is imminent.	Ray is impending.
entailment	Al is bold.	Al is adventurous.
entailment	Matthew is batty.	Matthew is mad.
entailment	Roy is haughty.	Roy is arrogant.
entailment	Ryan is offensive.	Ryan is abhorrent.
entailment	Virginia is gorgeous.	Virginia is magnificent.
entailment	Jimmy is jovial.	Jimmy is frolicsome.
entailment	Virginia is eccentric.	Virginia is strange.
entailment	Steven is brittle.	Steven is breakable.
entailment	Howard is tranquil.	Howard is peaceful.
entailment	Jean is bold.	Jean is adventurous.
entailment	Harriet is careful.	Harriet is cautious.
entailment	Christopher is just.	Christopher is honest.
entailment	George is reluctant.	George is cautious.
entailment	Stephanie is bold.	Stephanie is adventurous.
entailment	Charles is genuine.	Charles is candid.
entailment	Peter is barbarous.	Peter is brutal.
entailment	Ian is irrepressible.	Ian is irresistible.
entailment	Mike is bold.	Mike is adventurous.
entailment	Ralph is novice.	Ralph is tyro.
entailment	Anthony is frantic.	Anthony is violent.
entailment	Lisa is nonchalant.	Lisa is indifferent.
entailment	Eric is just.	Eric is honest.
entailment	Greg is equivocal.	Greg is ambiguous.
entailment	Pamela is jaded.	Pamela is tired.
entailment	Alison is modest.	Alison is humble.
entailment	Edwin is barbarous.	Edwin is brutal.
entailment	Susan is humble.	Susan is meek.
entailment	Julie is sycophant.	Julie is toady.
entailment	Donna is precarious.	Donna is doubtful.
entailment	Elaine is benevolent.	Elaine is generous.
entailment	Kathleen is confident.	Kathleen is bold.
entailment	Susan is liable.	Susan is accountable.
entailment	Francis is alien.	Francis is foreigner.
entailment	Frances is destructive.	Frances is catastrophic.
entailment	Edith is sacred.	Edith is holy.
entailment	Harriet is dwarf.	Harriet is diminutive.
entailment	Jack is jaded.	Jack is tired.
entailment	Sam is equivocal.	Sam is ambiguous.
entailment	Jeff is brittle.	Jeff is breakable.
entailment	Francis is tenacious.	Francis is stubborn.
entailment	Francis is capable.	Francis is competent.
entailment	Ann is tumultuous.	Ann is violent.
entailment	Steve is venerable.	Steve is honored.
entailment	Stephanie is placid.	Stephanie is tranquil.
entailment	Evelyn is eager.	Evelyn is keen.
entailment	Victoria is thrifty.	Victoria is frugal.
entailment	Paul is hasty.	Paul is abrupt.
entailment	Ryan is copious.	Ryan is abundant.
entailment	Charles is careful.	Charles is cautious.
entailment	Thomas is ruthless.	Thomas is remorseless.
entailment	Arthur is just.	Arthur is honest.
entailment	Dan is eager.	Dan is keen.
entailment	Dorothy is genuine.	Dorothy is candid.
entailment	Jessica is just.	Jessica is honest.
entailment	Samuel is liberal.	Samuel is magnanimous.
entailment	Ron is indifferent.	Ron is equitable.
entailment	Louise is lenient.	Louise is compassionate.
entailment	David is impious.	David is irreligious.
entailment	Maria is interesting.	Maria is exciting.
entailment	Marie is pompous.	Marie is haughty.
entailment	Richard is sycophant.	Richard is toady.
entailment	Grace is taciturn.	Grace is reserved.
entailment	Jason is batty.	Jason is mad.
entailment	Laura is lenient.	Laura is compassionate.
entailment	Judy is confident.	Judy is bold.
entailment	Sarah is jovial.	Sarah is frolicsome.
entailment	Louise is benign.	Louise is favorable.
entailment	George is indifferent.	George is equitable.
entailment	Claire is batty.	Claire is mad.
entailment	Billy is treacherous.	Billy is dishonest.
entailment	Carolyn is imminent.	Carolyn is impending.
entailment	Sandra is frivolous.	Sandra is petty.
entailment	Ashley is shrewd.	Ashley is cunning.
entailment	Michelle is jubilant.	Michelle is rejoicing.
entailment	Al is hasty.	Al is abrupt.
entailment	Matthew is coarse.	Matthew is bawdy.
entailment	Kathleen is jaded.	Kathleen is tired.
entailment	Adam is trenchant.	Adam is assertive.
entailment	Katie is sycophant.	Katie is toady.
entailment	Sharon is just.	Sharon is honest.
entailment	Samuel is eager.	Samuel is keen.
entailment	Charlie is barbarous.	Charlie is brutal.
entailment	Amanda is benign.	Amanda is favorable.
entailment	Kathleen is eager.	Kathleen is keen.
entailment	Ralph is judicious.	Ralph is thoughtful.
entailment	Dan is careful.	Dan is cautious.
entailment	Benjamin is irrepressible.	Benjamin is irresistible.
entailment	Louise is liberal.	Louise is magnanimous.
entailment	Angela is nonchalant.	Angela is indifferent.
entailment	Francis is alien.	Francis is foreigner.
entailment	Eric is timid.	Eric is diffident.
entailment	Peter is offensive.	Peter is abhorrent.
entailment	Alan is jubilant.	Alan is rejoicing.
entailment	James is rebellious.	James is restless.
entailment	Eleanor is hasty.	Eleanor is abrupt.
entailment	Fiona is transparent.	Fiona is clear.
entailment	Donald is blunt.	Donald is insensitive.
entailment	Marie is novice.	Marie is tyro.
entailment	Nick is equivocal.	Nick is ambiguous.
entailment	Maria is enormous.	Maria is colossal.
entailment	Mark is wicked.	Mark is immoral.
entailment	Scott is treacherous.	Scott is dishonest.
entailment	Harry is savage.	Harry is wild.
entailment	Rose is superficial.	Rose is shallow.
entailment	Sally is liable.	Sally is accountable.
entailment	Leslie is nonchalant.	Leslie is indifferent.
entailment	Roger is impious.	Roger is irreligious.
entailment	Ken is barbarous.	Ken is brutal.
entailment	Ann is indigent.	Ann is destitute.
entailment	Jimmy is sycophant.	Jimmy is toady.
entailment	Lucy is taciturn.	Lucy is reserved.
entailment	Ray is jubilant.	Ray is rejoicing.
entailment	Donald is nonchalant.	Donald is indifferent.
entailment	Eric is alien.	Eric is foreigner.
entailment	Andrea is sacred.	Andrea is holy.
entailment	Tony is timid.	Tony is diffident.
entailment	Al is judicious.	Al is thoughtful.
entailment	Kate is batty.	Kate is mad.
entailment	Christine is modest.	Christine is humble.
entailment	Sue is transparent.	Sue is clear.
entailment	Elaine is gracious.	Elaine is courteous.
entailment	Robert is judicious.	Robert is thoughtful.
entailment	Maria is eccentric.	Maria is strange.
entailment	Sharon is feeble.	Sharon is weak.
entailment	Rose is just.	Rose is honest.
entailment	Stephanie is ruthless.	Stephanie is remorseless.
entailment	Robert is haughty.	Robert is arrogant.
entailment	Grace is genuine.	Grace is candid.
entailment	Larry is fanatical.	Larry is narrow-minded.
entailment	Elaine is monotonous.	Elaine is tedious.
entailment	Tom is tranquil.	Tom is peaceful.
entailment	Lisa is genuine.	Lisa is candid.
entailment	Suzanne is optimist.	Suzanne is idealist.
entailment	Rebecca is candid.	Rebecca is honest.
entailment	Donald is enormous.	Donald is colossal.
entailment	Alice is blunt.	Alice is insensitive.
entailment	Ann is wicked.	Ann is immoral.
entailment	Elizabeth is indifferent.	Elizabeth is equitable.
entailment	Don is nonchalant.	Don is indifferent.
entailment	Leslie is just.	Leslie is honest.
entailment	Lauren is irrepressible.	Lauren is irresistible.
entailment	Joe is impious.	Joe is irreligious.
entailment	Michael is ruthless.	Michael is remorseless.
entailment	James is hasty.	James is abrupt.
entailment	Harold is lenient.	Harold is compassionate.
entailment	Al is nonchalant.	Al is indifferent.
entailment	Sophie is wicked.	Sophie is immoral.
entailment	Stephanie is liable.	Stephanie is accountable.
entailment	Diane is batty.	Diane is mad.
entailment	Amanda is precarious.	Amanda is doubtful.
entailment	Colin is timid.	Colin is diffident.
entailment	Alan is timid.	Alan is diffident.
entailment	Evelyn is indigent.	Evelyn is destitute.
entailment	Simon is bawdy.	Simon is coarse.
entailment	Elizabeth is pompous.	Elizabeth is haughty.
entailment	Janet is destructive.	Janet is catastrophic.
entailment	Paul is capable.	Paul is competent.
entailment	Kathleen is jovial.	Kathleen is frolicsome.
entailment	Hugh is alien.	Hugh is foreigner.
entailment	Mike is feeble.	Mike is weak.
entailment	Kathryn is coarse.	Kathryn is bawdy.
entailment	Virginia is superficial.	Virginia is shallow.
entailment	Nancy is benevolent.	Nancy is generous.
entailment	Roy is bawdy.	Roy is coarse.
entailment	Roy is lenient.	Roy is compassionate.
entailment	Alan is wicked.	Alan is immoral.
entailment	Larry is modest.	Larry is humble.
entailment	Virginia is dwarf.	Virginia is diminutive.
entailment	Charlotte is dwarf.	Charlotte is diminutive.
entailment	Sarah is impious.	Sarah is irreligious.
entailment	Rebecca is bold.	Rebecca is adventurous.
entailment	Samuel is docile.	Samuel is pliable.
entailment	Anthony is rebellious.	Anthony is restless.
entailment	Alexandra is winsome.	Alexandra is appealing.
entailment	Kathryn is benevolent.	Kathryn is generous.
entailment	Alison is stranger.	Alison is unknown.
entailment	Peter is tenacious.	Peter is stubborn.
entailment	Cynthia is careful.	Cynthia is cautious.
entailment	Jay is fanatical.	Jay is narrow-minded.
entailment	Ralph is treacherous.	Ralph is dishonest.
entailment	Andrew is capable.	Andrew is competent.
entailment	Christine is equivocal.	Christine is ambiguous.
entailment	Jason is fragile.	Jason is weak.
entailment	Jimmy is irrepressible.	Jimmy is irresistible.
entailment	Carolyn is hasty.	Carolyn is abrupt.
entailment	Jimmy is stranger.	Jimmy is unknown.
entailment	Laura is eager.	Laura is keen.
entailment	Leslie is optimist.	Leslie is idealist.
entailment	Katherine is eager.	Katherine is keen.
entailment	Thomas is careful.	Thomas is cautious.
entailment	Amanda is equivocal.	Amanda is ambiguous.
entailment	Diana is sacred.	Diana is holy.
entailment	Richard is incompetent.	Richard is inefficient.
entailment	Bill is feeble.	Bill is weak.
entailment	Sara is placid.	Sara is tranquil.
entailment	Lauren is genuine.	Lauren is candid.
entailment	Dorothy is stranger.	Dorothy is unknown.
entailment	Scott is jaded.	Scott is tired.
entailment	Nicole is destructive.	Nicole is catastrophic.
entailment	Emily is tenacious.	Emily is stubborn.
entailment	Edward is superficial.	Edward is shallow.
entailment	Andrew is stranger.	Andrew is unknown.
entailment	Ryan is alien.	Ryan is foreigner.
entailment	Sophie is capable.	Sophie is competent.
entailment	Steve is novice.	Steve is tyro.
entailment	Florence is just.	Florence is honest.
entailment	Ellen is optimist.	Ellen is idealist.
entailment	Bobby is copious.	Bobby is abundant.
entailment	Julia is judicious.	Julia is thoughtful.
entailment	Sue is confident.	Sue is bold.
entailment	Anthony is incompetent.	Anthony is inefficient.
entailment	George is fanatical.	George is narrow-minded.
entailment	Harriet is docile.	Harriet is pliable.
entailment	Robert is jubilant.	Robert is rejoicing.
entailment	Florence is feeble.	Florence is weak.
entailment	Peter is modest.	Peter is humble.
entailment	Sara is bold.	Sara is adventurous.
entailment	Diane is impious.	Diane is irreligious.
entailment	Jay is benign.	Jay is favorable.
entailment	Angela is enormous.	Angela is colossal.
entailment	Howard is callous.	Howard is unfeeling.
entailment	Susan is benign.	Susan is favorable.
entailment	Alice is just.	Alice is honest.
entailment	Sally is venerable.	Sally is honored.
entailment	Leslie is hasty.	Leslie is abrupt.
entailment	Katie is impious.	Katie is irreligious.
entailment	Kathleen is placid.	Kathleen is tranquil.
entailment	Barbara is fanatical.	Barbara is narrow-minded.
entailment	Michael is placid.	Michael is tranquil.
entailment	Jason is feeble.	Jason is weak.
entailment	Jay is blunt.	Jay is insensitive.
entailment	Howard is candid.	Howard is honest.
entailment	Bob is bawdy.	Bob is coarse.
entailment	Jerry is brittle.	Jerry is breakable.
entailment	Patrick is liberal.	Patrick is magnanimous.
entailment	Victoria is barbarous.	Victoria is brutal.
entailment	Ed is placid.	Ed is tranquil.
entailment	Katherine is ruthless.	Katherine is remorseless.
entailment	Emily is capable.	Emily is competent.
entailment	Henry is sycophant.	Henry is toady.
entailment	Margaret is humble.	Margaret is meek.
entailment	Michael is winsome.	Michael is appealing.
entailment	Michelle is candid.	Michelle is honest.
entailment	Jack is jaded.	Jack is tired.
entailment	Howard is candid.	Howard is honest.
entailment	Nancy is batty.	Nancy is mad.
entailment	Tony is stranger.	Tony is unknown.
entailment	Stephanie is interesting.	Stephanie is exciting.
entailment	Thomas is alien.	Thomas is foreigner.
entailment	Keith is jubilant.	Keith is rejoicing.
entailment	Scott is taciturn.	Scott is reserved.
entailment	Diane is dwarf.	Diane is diminutive.
entailment	Samuel is equivocal.	Samuel is ambiguous.
entailment	Kathy is eccentric.	Kathy is strange.
entailment	Heather is haughty.	Heather is arrogant.
entailment	Edith is jaded.	Edith is tired.
entailment	Charles is rebellious.	Charles is restless.
entailment	Stephanie is lenient.	Stephanie is compassionate.
entailment	Peter is gorgeous.	Peter is magnificent.
entailment	Alex is wicked.	Alex is immoral.
entailment	Ken is jaded.	Ken is tired.
entailment	Francis is genuine.	Francis is candid.
entailment	Colin is gorgeous.	Colin is magnificent.
entailment	Samuel is monotonous.	Samuel is tedious.
entailment	Kate is judicious.	Kate is thoughtful.
entailment	Kathleen is destructive.	Kathleen is catastrophic.
entailment	Al is timid.	Al is diffident.
entailment	Marilyn is barbarous.	Marilyn is brutal.
entailment	Samuel is treacherous.	Samuel is dishonest.
entailment	William is liable.	William is accountable.
entailment	Kathryn is equivocal.	Kathryn is ambiguous.
entailment	Christopher is brittle.	Christopher is breakable.
entailment	Charles is irrepressible.	Charles is irresistible.
entailment	Rebecca is alien.	Rebecca is foreigner.
entailment	Thomas is benign.	Thomas is favorable.
entailment	Sophie is coarse.	Sophie is bawdy.
entailment	Grace is transparent.	Grace is clear.
entailment	Frederick is eager.	Frederick is keen.
entailment	Katie is copious.	Katie is abundant.
entailment	Charles is monotonous.	Charles is tedious.
entailment	Jennifer is timid.	Jennifer is diffident.
entailment	Sandra is jaded.	Sandra is tired.
entailment	Kelly is haughty.	Kelly is arrogant.
entailment	Kevin is judicious.	Kevin is thoughtful.
entailment	Rebecca is frantic.	Rebecca is violent.
entailment	Julie is liberal.	Julie is magnanimous.
entailment	Bill is docile.	Bill is pliable.
entailment	Susan is timid.	Susan is diffident.
entailment	Jill is jovial.	Jill is frolicsome.
entailment	Chris is nonchalant.	Chris is indifferent.
entailment	Jennifer is haughty.	Jennifer is arrogant.
entailment	Nancy is copious.	Nancy is abundant.
entailment	Ian is lenient.	Ian is compassionate.
entailment	Alex is winsome.	Alex is appealing.
entailment	Karen is lenient.	Karen is compassionate.
entailment	Judith is blunt.	Judith is insensitive.
entailment	Don is indigent.	Don is destitute.
entailment	Lucy is keen.	Lucy is sharp.
entailment	Jean is brittle.	Jean is breakable.
entailment	Sally is transparent.	Sally is clear.
entailment	Kathy is pompous.	Kathy is haughty.
entailment	Sam is indigent.	Sam is destitute.
entailment	Paul is transparent.	Paul is clear.
entailment	Ed is lenient.	Ed is compassionate.
entailment	Stephanie is celebrated.	Stephanie is acclaimed.
entailment	Julie is benign.	Julie is favorable.
entailment	Eric is lenient.	Eric is compassionate.
entailment	Charles is monotonous.	Charles is tedious.
entailment	Harriet is lenient.	Harriet is compassionate.
entailment	Anna is celebrated.	Anna is acclaimed.
entailment	Kelly is placid.	Kelly is tranquil.
entailment	Sally is precarious.	Sally is doubtful.
entailment	Samuel is enormous.	Samuel is colossal.
entailment	Ryan is pompous.	Ryan is haughty.
entailment	Barbara is eccentric.	Barbara is strange.
entailment	Martha is interesting.	Martha is exciting.
entailment	Ashley is savage.	Ashley is wild.
entailment	Harry is keen.	Harry is sharp.
entailment	Ralph is dwarf.	Ralph is diminutive.
entailment	Stephanie is just.	Stephanie is honest.
entailment	Robin is pompous.	Robin is haughty.
entailment	Rose is stranger.	Rose is unknown.
entailment	Andrea is benign.	Andrea is favorable.
entailment	Alfred is hasty.	Alfred is abrupt.
entailment	Patrick is treacherous.	Patrick is dishonest.
entailment	Simon is imminent.	Simon is impending.
entailment	Edwin is wicked.	Edwin is immoral.
entailment	Paul is imminent.	Paul is impending.
entailment	Katherine is nonchalant.	Katherine is indifferent.
entailment	Richard is modest.	Richard is humble.
entailment	Roger is copious.	Roger is abundant.
entailment	Alison is frivolous.	Alison is petty.
entailment	Ralph is destructive.	Ralph is catastrophic.
entailment	Walter is coarse.	Walter is bawdy.
entailment	Lauren is just.	Lauren is honest.
entailment	Albert is bawdy.	Albert is coarse.
entailment	Anna is tranquil.	Anna is peaceful.
entailment	Elizabeth is precarious.	Elizabeth is doubtful.
entailment	Tom is winsome.	Tom is appealing.
entailment	Evelyn is callous.	Evelyn is unfeeling.
entailment	Kathy is novice.	Kathy is tyro.
entailment	Caroline is taciturn.	Caroline is reserved.
entailment	Kevin is enormous.	Kevin is colossal.
entailment	Tony is frivolous.	Tony is petty.
entailment	Albert is gracious.	Albert is courteous.
entailment	Michael is shrewd.	Michael is cunning.
entailment	Anthony is ruthless.	Anthony is remorseless.
entailment	Howard is venerable.	Howard is honored.
entailment	Donna is interesting.	Donna is exciting.
entailment	Kathryn is jaded.	Kathryn is tired.
entailment	Sandra is confident.	Sandra is bold.
entailment	Susan is humble.	Susan is meek.
entailment	Scott is jubilant.	Scott is rejoicing.
entailment	Stephanie is savage.	Stephanie is wild.
entailment	Charlie is sycophant.	Charlie is toady.
entailment	Kim is dwarf.	Kim is diminutive.
entailment	Keith is tenacious.	Keith is stubborn.
entailment	Steven is genuine.	Steven is candid.
entailment	Keith is jovial.	Keith is frolicsome.
entailment	Jay is pompous.	Jay is haughty.
entailment	Rebecca is impious.	Rebecca is irreligious.
entailment	Susan is modest.	Susan is humble.
entailment	Jim is eager.	Jim is keen.
entailment	Frederick is alien.	Frederick is foreigner.
entailment	Amanda is tumultuous.	Amanda is violent.
entailment	Sue is stranger.	Sue is unknown.
entailment	Brian is winsome.	Brian is appealing.
entailment	Diane is frivolous.	Diane is petty.
entailment	Charlotte is winsome.	Charlotte is appealing.
entailment	Sally is sacred.	Sally is holy.
entailment	Harry is indifferent.	Harry is equitable.
entailment	Cynthia is transparent.	Cynthia is clear.
entailment	Francis is copious.	Francis is abundant.
entailment	Andrew is batty.	Andrew is mad.
entailment	James is coarse.	James is bawdy.
entailment	Hugh is rebellious.	Hugh is restless.
entailment	Ray is celebrated.	Ray is acclaimed.
entailment	Annie is optimist.	Annie is idealist.
entailment	Johnny is treacherous.	Johnny is dishonest.
entailment	Diane is hasty.	Diane is abrupt.
entailment	Eleanor is reluctant.	Eleanor is cautious.
entailment	Sophie is gracious.	Sophie is courteous.
