contradiction	Does Pamela look distressed? No.	Pamela looks distressed.
contradiction	Does Carolyn hear the announcement? No.	Carolyn hears the announcement.
contradiction	Does Kenneth give the money? No.	Kenneth gives the money.
contradiction	Does Bill call the number? No.	Bill calls the number.
contradiction	Does Billy think correctly? No.	Billy thinks correctly.
contradiction	Does Jean keep the change? No.	Jean keeps the change.
contradiction	Does Don know the solution? No.	Don knows the solution.
contradiction	Does Sarah find the key? No.	Sarah finds the key.
contradiction	Does Jeff work at office? No.	Jeff works at office.
contradiction	Does Alex look distressed? No.	Alex looks distressed.
contradiction	Does Bill start the match? No.	Bill starts the match.
contradiction	Does Heather play basketball? No.	Heather plays basketball.
contradiction	Does Nicole call the number? No.	Nicole calls the number.
contradiction	Does Lauren think correctly? No.	Lauren thinks correctly.
contradiction	Does Jane talk nonsense? No.	Jane talks nonsense.
contradiction	Does Helen start the match? No.	Helen starts the match.
contradiction	Does Henry see the clock? No.	Henry sees the clock.
contradiction	Does Alice know the solution? No.	Alice knows the solution.
contradiction	Does David turn the light? No.	David turns the light.
contradiction	Does Diana look distressed? No.	Diana looks distressed.
contradiction	Does Don feel sad? No.	Don feels sad.
contradiction	Does Lauren keep the change? No.	Lauren keeps the change.
contradiction	Does Lauren say the truth? No.	Lauren says the truth.
contradiction	Does Ben show the presentation? No.	Ben shows the presentation.
contradiction	Does Lucy feel sad? No.	Lucy feels sad.
contradiction	Does Jim leave the house? No.	Jim leaves the house.
contradiction	Does Andrea help the stranger? No.	Andrea helps the stranger.
contradiction	Does Fiona tell the truth? No.	Fiona tells the truth.
contradiction	Does Thomas talk nonsense? No.	Thomas talks nonsense.
contradiction	Does Sharon make paintings? No.	Sharon makes paintings.
contradiction	Does Andrew find the key? No.	Andrew finds the key.
contradiction	Does Dorothy show the presentation? No.	Dorothy shows the presentation.
contradiction	Does Christopher hear the announcement? No.	Christopher hears the announcement.
contradiction	Does Jean begin the game? No.	Jean begins the game.
contradiction	Does Fred say the truth? No.	Fred says the truth.
contradiction	Does David live in a hostel? No.	David lives in a hostel.
contradiction	Does Kathy feel sad? No.	Kathy feels sad.
contradiction	Does Ralph use the money? No.	Ralph uses the money.
contradiction	Does Grace play basketball? No.	Grace plays basketball.
contradiction	Does Helen call the number? No.	Helen calls the number.
contradiction	Does Steven live in a hostel? No.	Steven lives in a hostel.
contradiction	Does Linda know the solution? No.	Linda knows the solution.
contradiction	Does David know the solution? No.	David knows the solution.
contradiction	Does Scott tell the truth? No.	Scott tells the truth.
contradiction	Does Jason find the key? No.	Jason finds the key.
contradiction	Does Karen know the solution? No.	Karen knows the solution.
contradiction	Does Michelle begin the game? No.	Michelle begins the game.
contradiction	Does Michelle go to school? No.	Michelle goes to school.
contradiction	Does Francis give the money? No.	Francis gives the money.
contradiction	Does Ashley start the match? No.	Ashley starts the match.
contradiction	Does Emma move the table? No.	Emma moves the table.
contradiction	Does Joe keep the change? No.	Joe keeps the change.
contradiction	Does Ron talk nonsense? No.	Ron talks nonsense.
contradiction	Does Edward leave the house? No.	Edward leaves the house.
contradiction	Does Ryan say the truth? No.	Ryan says the truth.
contradiction	Does Daniel help the stranger? No.	Daniel helps the stranger.
contradiction	Does Billy tell the truth? No.	Billy tells the truth.
contradiction	Does Carol show the presentation? No.	Carol shows the presentation.
contradiction	Does Cynthia call the number? No.	Cynthia calls the number.
contradiction	Does Louis live in a hostel? No.	Louis lives in a hostel.
contradiction	Does Kate help the stranger? No.	Kate helps the stranger.
contradiction	Does Julia come home? No.	Julia comes home.
contradiction	Does Amanda ask the question? No.	Amanda asks the question.
contradiction	Does Ken give the money? No.	Ken gives the money.
contradiction	Does Marilyn look distressed? No.	Marilyn looks distressed.
contradiction	Does Katherine move the table? No.	Katherine moves the table.
contradiction	Does Sandra come home? No.	Sandra comes home.
contradiction	Does John play basketball? No.	John plays basketball.
contradiction	Does Edward know the solution? No.	Edward knows the solution.
contradiction	Does Donald help the stranger? No.	Donald helps the stranger.
contradiction	Does Carolyn run a marathon? No.	Carolyn runs a marathon.
contradiction	Does Chris begin the game? No.	Chris begins the game.
contradiction	Does Christine like football? No.	Christine likes football.
contradiction	Does Barbara start the match? No.	Barbara starts the match.
contradiction	Does Dorothy start the match? No.	Dorothy starts the match.
contradiction	Does John find the key? No.	John finds the key.
contradiction	Does Colin start the match? No.	Colin starts the match.
contradiction	Does David run a marathon? No.	David runs a marathon.
contradiction	Does Donald go to school? No.	Donald goes to school.
contradiction	Does Edwin give the money? No.	Edwin gives the money.
contradiction	Does Fiona keep the change? No.	Fiona keeps the change.
contradiction	Does Al think correctly? No.	Al thinks correctly.
contradiction	Does Mark know the solution? No.	Mark knows the solution.
contradiction	Does Paul find the key? No.	Paul finds the key.
contradiction	Does Mark turn the light? No.	Mark turns the light.
contradiction	Does Jack help the stranger? No.	Jack helps the stranger.
contradiction	Does Jonathan feel sad? No.	Jonathan feels sad.
contradiction	Does Kate run a marathon? No.	Kate runs a marathon.
contradiction	Does Catherine come home? No.	Catherine comes home.
contradiction	Does Jonathan run a marathon? No.	Jonathan runs a marathon.
contradiction	Does Johnny turn the light? No.	Johnny turns the light.
contradiction	Does Nick ask the question? No.	Nick asks the question.
contradiction	Does Jill look distressed? No.	Jill looks distressed.
contradiction	Does Samuel help the stranger? No.	Samuel helps the stranger.
contradiction	Does Julie live in a hostel? No.	Julie lives in a hostel.
contradiction	Does Alexander think correctly? No.	Alexander thinks correctly.
contradiction	Does Jennifer tell the truth? No.	Jennifer tells the truth.
contradiction	Does Carl see the clock? No.	Carl sees the clock.
contradiction	Does Dave make paintings? No.	Dave makes paintings.
contradiction	Does Christopher show the presentation? No.	Christopher shows the presentation.
contradiction	Does Kathryn keep the change? No.	Kathryn keeps the change.
contradiction	Does Ellen show the presentation? No.	Ellen shows the presentation.
contradiction	Does Edward use the money? No.	Edward uses the money.
contradiction	Does Ben come home? No.	Ben comes home.
contradiction	Does Nancy run a marathon? No.	Nancy runs a marathon.
contradiction	Does Victoria run a marathon? No.	Victoria runs a marathon.
contradiction	Does Carolyn call the number? No.	Carolyn calls the number.
contradiction	Does Adam like football? No.	Adam likes football.
contradiction	Does Ray help the stranger? No.	Ray helps the stranger.
contradiction	Does Peter feel sad? No.	Peter feels sad.
contradiction	Does Steve leave the house? No.	Steve leaves the house.
contradiction	Does Arthur know the solution? No.	Arthur knows the solution.
contradiction	Does Dave find the key? No.	Dave finds the key.
contradiction	Does Andrea move the table? No.	Andrea moves the table.
contradiction	Does Donna show the presentation? No.	Donna shows the presentation.
contradiction	Does George find the key? No.	George finds the key.
contradiction	Does Ruth work at office? No.	Ruth works at office.
contradiction	Does Joseph play basketball? No.	Joseph plays basketball.
contradiction	Does Charlotte make paintings? No.	Charlotte makes paintings.
contradiction	Does Ruth run a marathon? No.	Ruth runs a marathon.
contradiction	Does Joseph go to school? No.	Joseph goes to school.
contradiction	Does Nick work at office? No.	Nick works at office.
contradiction	Does Jean give the money? No.	Jean gives the money.
contradiction	Does Chris move the table? No.	Chris moves the table.
contradiction	Does Angela move the table? No.	Angela moves the table.
contradiction	Does Robin live in a hostel? No.	Robin lives in a hostel.
contradiction	Does Lawrence keep the change? No.	Lawrence keeps the change.
contradiction	Does Sue make paintings? No.	Sue makes paintings.
contradiction	Does Matthew leave the house? No.	Matthew leaves the house.
contradiction	Does Diane give the money? No.	Diane gives the money.
contradiction	Does Samuel ask the question? No.	Samuel asks the question.
contradiction	Does Jerry go to school? No.	Jerry goes to school.
contradiction	Does Janet give the money? No.	Janet gives the money.
contradiction	Does Lynn keep the change? No.	Lynn keeps the change.
contradiction	Does Edwin look distressed? No.	Edwin looks distressed.
contradiction	Does Ron call the number? No.	Ron calls the number.
contradiction	Does Adam run a marathon? No.	Adam runs a marathon.
contradiction	Does Bill play basketball? No.	Bill plays basketball.
contradiction	Does Ashley start the match? No.	Ashley starts the match.
contradiction	Does Joseph show the presentation? No.	Joseph shows the presentation.
contradiction	Does Rose feel sad? No.	Rose feels sad.
contradiction	Does Joseph think correctly? No.	Joseph thinks correctly.
contradiction	Does Sally look distressed? No.	Sally looks distressed.
contradiction	Does Caroline call the number? No.	Caroline calls the number.
contradiction	Does Lisa come home? No.	Lisa comes home.
contradiction	Does Jill start the match? No.	Jill starts the match.
contradiction	Does Anthony help the stranger? No.	Anthony helps the stranger.
contradiction	Does Jill play basketball? No.	Jill plays basketball.
contradiction	Does Rachel work at office? No.	Rachel works at office.
contradiction	Does Carolyn keep the change? No.	Carolyn keeps the change.
contradiction	Does Kathryn make paintings? No.	Kathryn makes paintings.
contradiction	Does Jean leave the house? No.	Jean leaves the house.
contradiction	Does Ron run a marathon? No.	Ron runs a marathon.
contradiction	Does Mark look distressed? No.	Mark looks distressed.
contradiction	Does Ralph know the solution? No.	Ralph knows the solution.
contradiction	Does Suzanne look distressed? No.	Suzanne looks distressed.
contradiction	Does Carl tell the truth? No.	Carl tells the truth.
contradiction	Does Rachel give the money? No.	Rachel gives the money.
contradiction	Does Victoria tell the truth? No.	Victoria tells the truth.
contradiction	Does Nicole go to school? No.	Nicole goes to school.
contradiction	Does Maria start the match? No.	Maria starts the match.
contradiction	Does Victoria move the table? No.	Victoria moves the table.
contradiction	Does Alex go to school? No.	Alex goes to school.
contradiction	Does Alison know the solution? No.	Alison knows the solution.
contradiction	Does Brian help the stranger? No.	Brian helps the stranger.
contradiction	Does Kim help the stranger? No.	Kim helps the stranger.
contradiction	Does Diana find the key? No.	Diana finds the key.
contradiction	Does Ashley leave the house? No.	Ashley leaves the house.
contradiction	Does Emma hear the announcement? No.	Emma hears the announcement.
contradiction	Does Anne hear the announcement? No.	Anne hears the announcement.
contradiction	Does Michael think correctly? No.	Michael thinks correctly.
contradiction	Does Gary come home? No.	Gary comes home.
contradiction	Does Lucy live in a hostel? No.	Lucy lives in a hostel.
contradiction	Does Julie begin the game? No.	Julie begins the game.
contradiction	Does Ashley begin the game? No.	Ashley begins the game.
contradiction	Does Lisa turn the light? No.	Lisa turns the light.
contradiction	Does Alex tell the truth? No.	Alex tells the truth.
contradiction	Does Jason work at office? No.	Jason works at office.
contradiction	Does Jim come home? No.	Jim comes home.
contradiction	Does Tony talk nonsense? No.	Tony talks nonsense.
contradiction	Does Adam help the stranger? No.	Adam helps the stranger.
contradiction	Does Katherine tell the truth? No.	Katherine tells the truth.
contradiction	Does Evelyn play basketball? No.	Evelyn plays basketball.
contradiction	Does Anna run a marathon? No.	Anna runs a marathon.
contradiction	Does Jimmy hear the announcement? No.	Jimmy hears the announcement.
contradiction	Does Julie begin the game? No.	Julie begins the game.
contradiction	Does Fred say the truth? No.	Fred says the truth.
contradiction	Does Edward talk nonsense? No.	Edward talks nonsense.
contradiction	Does Laura start the match? No.	Laura starts the match.
contradiction	Does Bob call the number? No.	Bob calls the number.
contradiction	Does Sophie go to school? No.	Sophie goes to school.
contradiction	Does Jean use the money? No.	Jean uses the money.
contradiction	Does Ron see the clock? No.	Ron sees the clock.
contradiction	Does Heather feel sad? No.	Heather feels sad.
contradiction	Does Harry start the match? No.	Harry starts the match.
contradiction	Does Leslie ask the question? No.	Leslie asks the question.
contradiction	Does Suzanne go to school? No.	Suzanne goes to school.
contradiction	Does Charles think correctly? No.	Charles thinks correctly.
contradiction	Does Julie hear the announcement? No.	Julie hears the announcement.
contradiction	Does Louise keep the change? No.	Louise keeps the change.
contradiction	Does Harriet ask the question? No.	Harriet asks the question.
contradiction	Does Jane say the truth? No.	Jane says the truth.
contradiction	Does Andrew move the table? No.	Andrew moves the table.
contradiction	Does George know the solution? No.	George knows the solution.
contradiction	Does Ken see the clock? No.	Ken sees the clock.
contradiction	Does Chris come home? No.	Chris comes home.
contradiction	Does Patrick think correctly? No.	Patrick thinks correctly.
contradiction	Does Lauren tell the truth? No.	Lauren tells the truth.
contradiction	Does Christopher find the key? No.	Christopher finds the key.
contradiction	Does Robert move the table? No.	Robert moves the table.
contradiction	Does Kenneth look distressed? No.	Kenneth looks distressed.
contradiction	Does Sara start the match? No.	Sara starts the match.
contradiction	Does Peter know the solution? No.	Peter knows the solution.
contradiction	Does Diane play basketball? No.	Diane plays basketball.
contradiction	Does Bob look distressed? No.	Bob looks distressed.
contradiction	Does Sara feel sad? No.	Sara feels sad.
contradiction	Does Charlie live in a hostel? No.	Charlie lives in a hostel.
contradiction	Does Ron hear the announcement? No.	Ron hears the announcement.
contradiction	Does Donna start the match? No.	Donna starts the match.
contradiction	Does Harold play basketball? No.	Harold plays basketball.
contradiction	Does Bobby hear the announcement? No.	Bobby hears the announcement.
contradiction	Does Philip talk nonsense? No.	Philip talks nonsense.
contradiction	Does Barbara make paintings? No.	Barbara makes paintings.
contradiction	Does Dorothy move the table? No.	Dorothy moves the table.
contradiction	Does Anthony call the number? No.	Anthony calls the number.
contradiction	Does Anna say the truth? No.	Anna says the truth.
contradiction	Does Jennifer leave the house? No.	Jennifer leaves the house.
contradiction	Does Heather see the clock? No.	Heather sees the clock.
contradiction	Does Deborah leave the house? No.	Deborah leaves the house.
contradiction	Does Ryan like football? No.	Ryan likes football.
contradiction	Does Jennifer turn the light? No.	Jennifer turns the light.
contradiction	Does Samuel use the money? No.	Samuel uses the money.
contradiction	Does Mike come home? No.	Mike comes home.
contradiction	Does Kevin work at office? No.	Kevin works at office.
contradiction	Does Sandra like football? No.	Sandra likes football.
contradiction	Does Kathy give the money? No.	Kathy gives the money.
contradiction	Does Marilyn start the match? No.	Marilyn starts the match.
contradiction	Does Eric use the money? No.	Eric uses the money.
contradiction	Does Ken look distressed? No.	Ken looks distressed.
contradiction	Does Rebecca start the match? No.	Rebecca starts the match.
contradiction	Does Jay keep the change? No.	Jay keeps the change.
contradiction	Does Suzanne find the key? No.	Suzanne finds the key.
contradiction	Does Roger keep the change? No.	Roger keeps the change.
contradiction	Does Joe come home? No.	Joe comes home.
contradiction	Does Bill look distressed? No.	Bill looks distressed.
contradiction	Does Albert like football? No.	Albert likes football.
contradiction	Does Michael work at office? No.	Michael works at office.
contradiction	Does Janet move the table? No.	Janet moves the table.
contradiction	Does David turn the light? No.	David turns the light.
contradiction	Does James say the truth? No.	James says the truth.
contradiction	Does Sara find the key? No.	Sara finds the key.
contradiction	Does Billy make paintings? No.	Billy makes paintings.
contradiction	Does Kelly look distressed? No.	Kelly looks distressed.
contradiction	Does George help the stranger? No.	George helps the stranger.
contradiction	Does Virginia tell the truth? No.	Virginia tells the truth.
contradiction	Does Karen use the money? No.	Karen uses the money.
contradiction	Does Bob turn the light? No.	Bob turns the light.
contradiction	Does Louise move the table? No.	Louise moves the table.
contradiction	Does Kim like football? No.	Kim likes football.
contradiction	Does Joan leave the house? No.	Joan leaves the house.
contradiction	Does Kathleen leave the house? No.	Kathleen leaves the house.
contradiction	Does Ed turn the light? No.	Ed turns the light.
contradiction	Does Simon move the table? No.	Simon moves the table.
contradiction	Does Adam ask the question? No.	Adam asks the question.
contradiction	Does Alison hear the announcement? No.	Alison hears the announcement.
contradiction	Does David see the clock? No.	David sees the clock.
contradiction	Does Charlotte think correctly? No.	Charlotte thinks correctly.
contradiction	Does Melissa turn the light? No.	Melissa turns the light.
contradiction	Does Lisa ask the question? No.	Lisa asks the question.
contradiction	Does Jane find the key? No.	Jane finds the key.
contradiction	Does Kathy see the clock? No.	Kathy sees the clock.
contradiction	Does Frances leave the house? No.	Frances leaves the house.
contradiction	Does Edward go to school? No.	Edward goes to school.
contradiction	Does Judy see the clock? No.	Judy sees the clock.
contradiction	Does Joan like football? No.	Joan likes football.
contradiction	Does Marie begin the game? No.	Marie begins the game.
contradiction	Does Frances move the table? No.	Frances moves the table.
contradiction	Does Larry give the money? No.	Larry gives the money.
contradiction	Does Edith think correctly? No.	Edith thinks correctly.
contradiction	Does Alan feel sad? No.	Alan feels sad.
contradiction	Does Frances show the presentation? No.	Frances shows the presentation.
contradiction	Does Rachel give the money? No.	Rachel gives the money.
contradiction	Does James talk nonsense? No.	James talks nonsense.
contradiction	Does Amy move the table? No.	Amy moves the table.
contradiction	Does Alice work at office? No.	Alice works at office.
contradiction	Does Emma give the money? No.	Emma gives the money.
contradiction	Does Jack run a marathon? No.	Jack runs a marathon.
contradiction	Does Al find the key? No.	Al finds the key.
contradiction	Does Matthew start the match? No.	Matthew starts the match.
contradiction	Does Karen start the match? No.	Karen starts the match.
contradiction	Does Roger go to school? No.	Roger goes to school.
contradiction	Does Steven work at office? No.	Steven works at office.
contradiction	Does Linda run a marathon? No.	Linda runs a marathon.
contradiction	Does Michelle like football? No.	Michelle likes football.
contradiction	Does Joseph look distressed? No.	Joseph looks distressed.
contradiction	Does Edwin live in a hostel? No.	Edwin lives in a hostel.
contradiction	Does Deborah see the clock? No.	Deborah sees the clock.
contradiction	Does Leslie give the money? No.	Leslie gives the money.
contradiction	Does Chris help the stranger? No.	Chris helps the stranger.
contradiction	Does Nick start the match? No.	Nick starts the match.
contradiction	Does Maria tell the truth? No.	Maria tells the truth.
contradiction	Does Edith feel sad? No.	Edith feels sad.
contradiction	Does Kim begin the game? No.	Kim begins the game.
contradiction	Does Harry think correctly? No.	Harry thinks correctly.
contradiction	Does Harry know the solution? No.	Harry knows the solution.
contradiction	Does Dorothy like football? No.	Dorothy likes football.
contradiction	Does Christine move the table? No.	Christine moves the table.
contradiction	Does Catherine work at office? No.	Catherine works at office.
contradiction	Does Margaret go to school? No.	Margaret goes to school.
contradiction	Does Barbara feel sad? No.	Barbara feels sad.
contradiction	Does Katie help the stranger? No.	Katie helps the stranger.
contradiction	Does Mike show the presentation? No.	Mike shows the presentation.
contradiction	Does Kate say the truth? No.	Kate says the truth.
contradiction	Does Jimmy like football? No.	Jimmy likes football.
contradiction	Does Amy show the presentation? No.	Amy shows the presentation.
contradiction	Does Annie show the presentation? No.	Annie shows the presentation.
contradiction	Does Thomas turn the light? No.	Thomas turns the light.
contradiction	Does Rebecca begin the game? No.	Rebecca begins the game.
contradiction	Does Katherine talk nonsense? No.	Katherine talks nonsense.
contradiction	Does Kim look distressed? No.	Kim looks distressed.
contradiction	Does Donna show the presentation? No.	Donna shows the presentation.
contradiction	Does William look distressed? No.	William looks distressed.
contradiction	Does Jack talk nonsense? No.	Jack talks nonsense.
contradiction	Does Virginia hear the announcement? No.	Virginia hears the announcement.
contradiction	Does Gary find the key? No.	Gary finds the key.
contradiction	Does Nick play basketball? No.	Nick plays basketball.
contradiction	Does Lynn look distressed? No.	Lynn looks distressed.
contradiction	Does Jean think correctly? No.	Jean thinks correctly.
contradiction	Does Angela move the table? No.	Angela moves the table.
contradiction	Does Patricia see the clock? No.	Patricia sees the clock.
contradiction	Does Louise see the clock? No.	Louise sees the clock.
contradiction	Does Edwin like football? No.	Edwin likes football.
contradiction	Does Annie think correctly? No.	Annie thinks correctly.
contradiction	Does Florence move the table? No.	Florence moves the table.
contradiction	Does Diane see the clock? No.	Diane sees the clock.
contradiction	Does Chris live in a hostel? No.	Chris lives in a hostel.
contradiction	Does Sue go to school? No.	Sue goes to school.
contradiction	Does Emily turn the light? No.	Emily turns the light.
contradiction	Does Robert turn the light? No.	Robert turns the light.
contradiction	Does Anne give the money? No.	Anne gives the money.
contradiction	Does Angela begin the game? No.	Angela begins the game.
contradiction	Does Amanda think correctly? No.	Amanda thinks correctly.
contradiction	Does Harriet leave the house? No.	Harriet leaves the house.
contradiction	Does Julie keep the change? No.	Julie keeps the change.
contradiction	Does Carolyn call the number? No.	Carolyn calls the number.
contradiction	Does Rebecca hear the announcement? No.	Rebecca hears the announcement.
contradiction	Does Kathleen show the presentation? No.	Kathleen shows the presentation.
contradiction	Does Stephanie talk nonsense? No.	Stephanie talks nonsense.
contradiction	Does Ken run a marathon? No.	Ken runs a marathon.
contradiction	Does Emma work at office? No.	Emma works at office.
contradiction	Does Lawrence go to school? No.	Lawrence goes to school.
contradiction	Does Helen start the match? No.	Helen starts the match.
contradiction	Does Jim turn the light? No.	Jim turns the light.
contradiction	Does Colin give the money? No.	Colin gives the money.
contradiction	Does Matt leave the house? No.	Matt leaves the house.
contradiction	Does Scott call the number? No.	Scott calls the number.
contradiction	Does Karen begin the game? No.	Karen begins the game.
contradiction	Does Jonathan tell the truth? No.	Jonathan tells the truth.
contradiction	Does Edward start the match? No.	Edward starts the match.
contradiction	Does Charlie look distressed? No.	Charlie looks distressed.
contradiction	Does Frank begin the game? No.	Frank begins the game.
contradiction	Does Ruth work at office? No.	Ruth works at office.
contradiction	Does Eric come home? No.	Eric comes home.
contradiction	Does Emma like football? No.	Emma likes football.
contradiction	Does Richard talk nonsense? No.	Richard talks nonsense.
contradiction	Does Harry go to school? No.	Harry goes to school.
contradiction	Does Jane know the solution? No.	Jane knows the solution.
contradiction	Does Al make paintings? No.	Al makes paintings.
contradiction	Does Emily live in a hostel? No.	Emily lives in a hostel.
contradiction	Does Virginia say the truth? No.	Virginia says the truth.
contradiction	Does Katherine see the clock? No.	Katherine sees the clock.
contradiction	Does John talk nonsense? No.	John talks nonsense.
contradiction	Does Alexandra make paintings? No.	Alexandra makes paintings.
contradiction	Does Elizabeth think correctly? No.	Elizabeth thinks correctly.
contradiction	Does Stephen help the stranger? No.	Stephen helps the stranger.
contradiction	Does Annie turn the light? No.	Annie turns the light.
contradiction	Does Kathryn say the truth? No.	Kathryn says the truth.
contradiction	Does Andrea play basketball? No.	Andrea plays basketball.
contradiction	Does Jay ask the question? No.	Jay asks the question.
contradiction	Does Linda help the stranger? No.	Linda helps the stranger.
contradiction	Does Melissa talk nonsense? No.	Melissa talks nonsense.
contradiction	Does Alfred tell the truth? No.	Alfred tells the truth.
contradiction	Does Virginia go to school? No.	Virginia goes to school.
contradiction	Does Ed come home? No.	Ed comes home.
contradiction	Does Carol look distressed? No.	Carol looks distressed.
contradiction	Does Harriet come home? No.	Harriet comes home.
contradiction	Does Bobby call the number? No.	Bobby calls the number.
contradiction	Does Stephen like football? No.	Stephen likes football.
contradiction	Does Kate live in a hostel? No.	Kate lives in a hostel.
contradiction	Does Philip tell the truth? No.	Philip tells the truth.
contradiction	Does Francis feel sad? No.	Francis feels sad.
contradiction	Does Mark see the clock? No.	Mark sees the clock.
contradiction	Does Harriet tell the truth? No.	Harriet tells the truth.
contradiction	Does Carol play basketball? No.	Carol plays basketball.
contradiction	Does Alexandra start the match? No.	Alexandra starts the match.
contradiction	Does Ian ask the question? No.	Ian asks the question.
contradiction	Does Kevin run a marathon? No.	Kevin runs a marathon.
contradiction	Does Tim talk nonsense? No.	Tim talks nonsense.
contradiction	Does Larry turn the light? No.	Larry turns the light.
contradiction	Does Janet say the truth? No.	Janet says the truth.
contradiction	Does Wendy say the truth? No.	Wendy says the truth.
contradiction	Does Maria talk nonsense? No.	Maria talks nonsense.
contradiction	Does Christopher give the money? No.	Christopher gives the money.
contradiction	Does Ryan call the number? No.	Ryan calls the number.
contradiction	Does Chris call the number? No.	Chris calls the number.
contradiction	Does Billy feel sad? No.	Billy feels sad.
contradiction	Does Tom come home? No.	Tom comes home.
contradiction	Does Martin start the match? No.	Martin starts the match.
contradiction	Does Melissa find the key? No.	Melissa finds the key.
contradiction	Does Frances give the money? No.	Frances gives the money.
contradiction	Does Louis play basketball? No.	Louis plays basketball.
contradiction	Does Henry keep the change? No.	Henry keeps the change.
contradiction	Does Tom find the key? No.	Tom finds the key.
contradiction	Does Alison come home? No.	Alison comes home.
contradiction	Does Robert use the money? No.	Robert uses the money.
contradiction	Does Jean talk nonsense? No.	Jean talks nonsense.
contradiction	Does Martin go to school? No.	Martin goes to school.
contradiction	Does Thomas help the stranger? No.	Thomas helps the stranger.
contradiction	Does Michael come home? No.	Michael comes home.
contradiction	Does Sophie begin the game? No.	Sophie begins the game.
contradiction	Does Ed say the truth? No.	Ed says the truth.
contradiction	Does Dan tell the truth? No.	Dan tells the truth.
contradiction	Does Edwin leave the house? No.	Edwin leaves the house.
contradiction	Does Eric look distressed? No.	Eric looks distressed.
contradiction	Does Sophie know the solution? No.	Sophie knows the solution.
contradiction	Does Anne leave the house? No.	Anne leaves the house.
contradiction	Does Roger work at office? No.	Roger works at office.
contradiction	Does Sarah say the truth? No.	Sarah says the truth.
contradiction	Does Jay go to school? No.	Jay goes to school.
contradiction	Does Sarah run a marathon? No.	Sarah runs a marathon.
contradiction	Does Judy show the presentation? No.	Judy shows the presentation.
contradiction	Does Edward think correctly? No.	Edward thinks correctly.
contradiction	Does James live in a hostel? No.	James lives in a hostel.
contradiction	Does Jason go to school? No.	Jason goes to school.
contradiction	Does Angela turn the light? No.	Angela turns the light.
contradiction	Does Walter find the key? No.	Walter finds the key.
contradiction	Does Grace come home? No.	Grace comes home.
contradiction	Does Emma show the presentation? No.	Emma shows the presentation.
contradiction	Does Jill start the match? No.	Jill starts the match.
contradiction	Does Gary start the match? No.	Gary starts the match.
contradiction	Does Donna call the number? No.	Donna calls the number.
contradiction	Does Howard talk nonsense? No.	Howard talks nonsense.
contradiction	Does Katie keep the change? No.	Katie keeps the change.
contradiction	Does James tell the truth? No.	James tells the truth.
contradiction	Does Ruth hear the announcement? No.	Ruth hears the announcement.
contradiction	Does Mark make paintings? No.	Mark makes paintings.
contradiction	Does Patricia give the money? No.	Patricia gives the money.
contradiction	Does Rebecca make paintings? No.	Rebecca makes paintings.
contradiction	Does Alice go to school? No.	Alice goes to school.
contradiction	Does Sara use the money? No.	Sara uses the money.
contradiction	Does Janet see the clock? No.	Janet sees the clock.
contradiction	Does Greg go to school? No.	Greg goes to school.
contradiction	Does Lisa go to school? No.	Lisa goes to school.
contradiction	Does Martha think correctly? No.	Martha thinks correctly.
contradiction	Does Adam make paintings? No.	Adam makes paintings.
contradiction	Does Frances make paintings? No.	Frances makes paintings.
contradiction	Does Kevin start the match? No.	Kevin starts the match.
contradiction	Does Heather go to school? No.	Heather goes to school.
contradiction	Does Kate find the key? No.	Kate finds the key.
contradiction	Does Rebecca feel sad? No.	Rebecca feels sad.
contradiction	Does Ellen come home? No.	Ellen comes home.
contradiction	Does Jennifer run a marathon? No.	Jennifer runs a marathon.
contradiction	Does Kathy go to school? No.	Kathy goes to school.
contradiction	Does Anna find the key? No.	Anna finds the key.
contradiction	Does Johnny look distressed? No.	Johnny looks distressed.
contradiction	Does Lucy use the money? No.	Lucy uses the money.
contradiction	Does Frederick ask the question? No.	Frederick asks the question.
contradiction	Does David ask the question? No.	David asks the question.
contradiction	Does Carol help the stranger? No.	Carol helps the stranger.
contradiction	Does Tom find the key? No.	Tom finds the key.
contradiction	Does Rachel leave the house? No.	Rachel leaves the house.
contradiction	Does Judy give the money? No.	Judy gives the money.
contradiction	Does Benjamin make paintings? No.	Benjamin makes paintings.
contradiction	Does Donald help the stranger? No.	Donald helps the stranger.
contradiction	Does Marilyn help the stranger? No.	Marilyn helps the stranger.
contradiction	Does Billy come home? No.	Billy comes home.
contradiction	Does Mary keep the change? No.	Mary keeps the change.
contradiction	Does Angela use the money? No.	Angela uses the money.
contradiction	Does Wendy show the presentation? No.	Wendy shows the presentation.
contradiction	Does Ellen turn the light? No.	Ellen turns the light.
contradiction	Does Evelyn give the money? No.	Evelyn gives the money.
contradiction	Does Wendy live in a hostel? No.	Wendy lives in a hostel.
contradiction	Does Annie live in a hostel? No.	Annie lives in a hostel.
contradiction	Does Chris say the truth? No.	Chris says the truth.
contradiction	Does Albert leave the house? No.	Albert leaves the house.
contradiction	Does Sam say the truth? No.	Sam says the truth.
contradiction	Does Alexandra live in a hostel? No.	Alexandra lives in a hostel.
contradiction	Does John move the table? No.	John moves the table.
contradiction	Does Peter find the key? No.	Peter finds the key.
contradiction	Does Karen tell the truth? No.	Karen tells the truth.
contradiction	Does Margaret move the table? No.	Margaret moves the table.
contradiction	Does Kathryn make paintings? No.	Kathryn makes paintings.
contradiction	Does Margaret ask the question? No.	Margaret asks the question.
contradiction	Does William begin the game? No.	William begins the game.
contradiction	Does Amanda move the table? No.	Amanda moves the table.
contradiction	Does Christopher like football? No.	Christopher likes football.
contradiction	Does Amanda give the money? No.	Amanda gives the money.
contradiction	Does Roy turn the light? No.	Roy turns the light.
contradiction	Does Jonathan run a marathon? No.	Jonathan runs a marathon.
contradiction	Does Ian give the money? No.	Ian gives the money.
contradiction	Does Wendy find the key? No.	Wendy finds the key.
contradiction	Does Patrick come home? No.	Patrick comes home.
contradiction	Does Sara show the presentation? No.	Sara shows the presentation.
contradiction	Does Ian play basketball? No.	Ian plays basketball.
contradiction	Does Mike tell the truth? No.	Mike tells the truth.
contradiction	Does Evelyn begin the game? No.	Evelyn begins the game.
contradiction	Does Ron look distressed? No.	Ron looks distressed.
contradiction	Does Carol come home? No.	Carol comes home.
contradiction	Does Catherine live in a hostel? No.	Catherine lives in a hostel.
contradiction	Does Marie help the stranger? No.	Marie helps the stranger.
contradiction	Does Fiona run a marathon? No.	Fiona runs a marathon.
contradiction	Does Alex feel sad? No.	Alex feels sad.
contradiction	Does Christopher start the match? No.	Christopher starts the match.
contradiction	Does Marilyn start the match? No.	Marilyn starts the match.
contradiction	Does Peter work at office? No.	Peter works at office.
contradiction	Does Janet see the clock? No.	Janet sees the clock.
contradiction	Does Barbara like football? No.	Barbara likes football.
contradiction	Does Fiona tell the truth? No.	Fiona tells the truth.
contradiction	Does Marie like football? No.	Marie likes football.
contradiction	Does Matthew say the truth? No.	Matthew says the truth.
contradiction	Does Leslie move the table? No.	Leslie moves the table.
contradiction	Does Jeff play basketball? No.	Jeff plays basketball.
contradiction	Does Dave move the table? No.	Dave moves the table.
contradiction	Does Ellen feel sad? No.	Ellen feels sad.
contradiction	Does Stephanie look distressed? No.	Stephanie looks distressed.
contradiction	Does Diana go to school? No.	Diana goes to school.
contradiction	Does Jill call the number? No.	Jill calls the number.
contradiction	Does Carolyn know the solution? No.	Carolyn knows the solution.
contradiction	Does Edith give the money? No.	Edith gives the money.
contradiction	Does Louis like football? No.	Louis likes football.
contradiction	Does Sharon call the number? No.	Sharon calls the number.
contradiction	Does Judy give the money? No.	Judy gives the money.
contradiction	Does Catherine turn the light? No.	Catherine turns the light.
contradiction	Does Jack use the money? No.	Jack uses the money.
contradiction	Does Donna leave the house? No.	Donna leaves the house.
contradiction	Does Lucy tell the truth? No.	Lucy tells the truth.
contradiction	Does Ann keep the change? No.	Ann keeps the change.
contradiction	Does Bob work at office? No.	Bob works at office.
contradiction	Does Judy look distressed? No.	Judy looks distressed.
contradiction	Does Grace make paintings? No.	Grace makes paintings.
contradiction	Does Angela turn the light? No.	Angela turns the light.
contradiction	Does Anna work at office? No.	Anna works at office.
contradiction	Does Robin tell the truth? No.	Robin tells the truth.
contradiction	Does Albert run a marathon? No.	Albert runs a marathon.
contradiction	Does Joan leave the house? No.	Joan leaves the house.
contradiction	Does Betty say the truth? No.	Betty says the truth.
contradiction	Does Alfred give the money? No.	Alfred gives the money.
contradiction	Does Adam keep the change? No.	Adam keeps the change.
contradiction	Does Billy think correctly? No.	Billy thinks correctly.
contradiction	Does Elaine go to school? No.	Elaine goes to school.
contradiction	Does Colin look distressed? No.	Colin looks distressed.
contradiction	Does Samuel begin the game? No.	Samuel begins the game.
contradiction	Does Jerry move the table? No.	Jerry moves the table.
contradiction	Does Fred use the money? No.	Fred uses the money.
contradiction	Does Kathy make paintings? No.	Kathy makes paintings.
contradiction	Does Deborah keep the change? No.	Deborah keeps the change.
contradiction	Does Sharon see the clock? No.	Sharon sees the clock.
contradiction	Does Donna like football? No.	Donna likes football.
contradiction	Does Daniel live in a hostel? No.	Daniel lives in a hostel.
contradiction	Does Christine begin the game? No.	Christine begins the game.
contradiction	Does Frederick live in a hostel? No.	Frederick lives in a hostel.
contradiction	Does Judy help the stranger? No.	Judy helps the stranger.
contradiction	Does Benjamin start the match? No.	Benjamin starts the match.
contradiction	Does Susan like football? No.	Susan likes football.
contradiction	Does John call the number? No.	John calls the number.
contradiction	Does Diana move the table? No.	Diana moves the table.
contradiction	Does Dan know the solution? No.	Dan knows the solution.
contradiction	Does Bob go to school? No.	Bob goes to school.
contradiction	Does Frank know the solution? No.	Frank knows the solution.
contradiction	Does Anthony think correctly? No.	Anthony thinks correctly.
contradiction	Does Dan ask the question? No.	Dan asks the question.
contradiction	Does Judith live in a hostel? No.	Judith lives in a hostel.
contradiction	Does Elaine look distressed? No.	Elaine looks distressed.
contradiction	Does Nancy call the number? No.	Nancy calls the number.
contradiction	Does Richard find the key? No.	Richard finds the key.
contradiction	Does Susan feel sad? No.	Susan feels sad.
contradiction	Does Christine move the table? No.	Christine moves the table.
contradiction	Does Laura give the money? No.	Laura gives the money.
contradiction	Does Edith call the number? No.	Edith calls the number.
contradiction	Does Marie go to school? No.	Marie goes to school.
contradiction	Does Frances think correctly? No.	Frances thinks correctly.
contradiction	Does Richard begin the game? No.	Richard begins the game.
contradiction	Does Charles go to school? No.	Charles goes to school.
contradiction	Does Ann go to school? No.	Ann goes to school.
contradiction	Does Maria start the match? No.	Maria starts the match.
contradiction	Does Billy ask the question? No.	Billy asks the question.
contradiction	Does Ben talk nonsense? No.	Ben talks nonsense.
contradiction	Does Sally turn the light? No.	Sally turns the light.
contradiction	Does Robin turn the light? No.	Robin turns the light.
contradiction	Does Alexandra use the money? No.	Alexandra uses the money.
contradiction	Does Stephen like football? No.	Stephen likes football.
contradiction	Does Kathy ask the question? No.	Kathy asks the question.
contradiction	Does Kim come home? No.	Kim comes home.
contradiction	Does Betty hear the announcement? No.	Betty hears the announcement.
contradiction	Does Ben hear the announcement? No.	Ben hears the announcement.
contradiction	Does Elaine live in a hostel? No.	Elaine lives in a hostel.
contradiction	Does Julia go to school? No.	Julia goes to school.
contradiction	Does Amy feel sad? No.	Amy feels sad.
contradiction	Does Jeff find the key? No.	Jeff finds the key.
contradiction	Does Catherine tell the truth? No.	Catherine tells the truth.
contradiction	Does Andrew know the solution? No.	Andrew knows the solution.
contradiction	Does Amy say the truth? No.	Amy says the truth.
contradiction	Does Julie start the match? No.	Julie starts the match.
contradiction	Does Evelyn say the truth? No.	Evelyn says the truth.
contradiction	Does William keep the change? No.	William keeps the change.
contradiction	Does Jean ask the question? No.	Jean asks the question.
contradiction	Does Deborah go to school? No.	Deborah goes to school.
contradiction	Does Keith talk nonsense? No.	Keith talks nonsense.
contradiction	Does Alexander know the solution? No.	Alexander knows the solution.
contradiction	Does Suzanne start the match? No.	Suzanne starts the match.
contradiction	Does Florence hear the announcement? No.	Florence hears the announcement.
contradiction	Does Edward tell the truth? No.	Edward tells the truth.
contradiction	Does Albert work at office? No.	Albert works at office.
contradiction	Does Johnny feel sad? No.	Johnny feels sad.
contradiction	Does Alexander help the stranger? No.	Alexander helps the stranger.
contradiction	Does Joe use the money? No.	Joe uses the money.
contradiction	Does Jonathan see the clock? No.	Jonathan sees the clock.
contradiction	Does Stephen start the match? No.	Stephen starts the match.
contradiction	Does Mark use the money? No.	Mark uses the money.
contradiction	Does Steve give the money? No.	Steve gives the money.
contradiction	Does Kevin keep the change? No.	Kevin keeps the change.
contradiction	Does David find the key? No.	David finds the key.
contradiction	Does Tim help the stranger? No.	Tim helps the stranger.
contradiction	Does Carl look distressed? No.	Carl looks distressed.
contradiction	Does Grace work at office? No.	Grace works at office.
contradiction	Does Albert say the truth? No.	Albert says the truth.
contradiction	Does Walter talk nonsense? No.	Walter talks nonsense.
contradiction	Does Lynn think correctly? No.	Lynn thinks correctly.
contradiction	Does Daniel come home? No.	Daniel comes home.
contradiction	Does Suzanne leave the house? No.	Suzanne leaves the house.
contradiction	Does Ray play basketball? No.	Ray plays basketball.
contradiction	Does Sharon live in a hostel? No.	Sharon lives in a hostel.
contradiction	Does Christine ask the question? No.	Christine asks the question.
contradiction	Does Jonathan see the clock? No.	Jonathan sees the clock.
contradiction	Does Annie use the money? No.	Annie uses the money.
contradiction	Does Jack keep the change? No.	Jack keeps the change.
contradiction	Does Hugh make paintings? No.	Hugh makes paintings.
contradiction	Does Julie run a marathon? No.	Julie runs a marathon.
contradiction	Does Alan feel sad? No.	Alan feels sad.
contradiction	Does Peter show the presentation? No.	Peter shows the presentation.
contradiction	Does Florence start the match? No.	Florence starts the match.
contradiction	Does David look distressed? No.	David looks distressed.
contradiction	Does Sam think correctly? No.	Sam thinks correctly.
contradiction	Does Leslie call the number? No.	Leslie calls the number.
contradiction	Does Pamela call the number? No.	Pamela calls the number.
contradiction	Does Jean tell the truth? No.	Jean tells the truth.
contradiction	Does Jim tell the truth? No.	Jim tells the truth.
contradiction	Does Katie begin the game? No.	Katie begins the game.
contradiction	Does Andrew work at office? No.	Andrew works at office.
contradiction	Does Maria run a marathon? No.	Maria runs a marathon.
contradiction	Does Annie come home? No.	Annie comes home.
contradiction	Does Larry think correctly? No.	Larry thinks correctly.
contradiction	Does Greg leave the house? No.	Greg leaves the house.
contradiction	Does Kelly say the truth? No.	Kelly says the truth.
contradiction	Does Fred think correctly? No.	Fred thinks correctly.
contradiction	Does Martin leave the house? No.	Martin leaves the house.
contradiction	Does Keith run a marathon? No.	Keith runs a marathon.
contradiction	Does Albert tell the truth? No.	Albert tells the truth.
contradiction	Does Claire talk nonsense? No.	Claire talks nonsense.
contradiction	Does Johnny play basketball? No.	Johnny plays basketball.
contradiction	Does Kathleen move the table? No.	Kathleen moves the table.
contradiction	Does Edward look distressed? No.	Edward looks distressed.
contradiction	Does Anna find the key? No.	Anna finds the key.
contradiction	Does Betty hear the announcement? No.	Betty hears the announcement.
contradiction	Does Hugh live in a hostel? No.	Hugh lives in a hostel.
contradiction	Does Walter show the presentation? No.	Walter shows the presentation.
contradiction	Does Linda make paintings? No.	Linda makes paintings.
contradiction	Does Lisa give the money? No.	Lisa gives the money.
contradiction	Does Adam live in a hostel? No.	Adam lives in a hostel.
contradiction	Does Catherine work at office? No.	Catherine works at office.
contradiction	Does Harold like football? No.	Harold likes football.
contradiction	Does Scott say the truth? No.	Scott says the truth.
contradiction	Does Deborah keep the change? No.	Deborah keeps the change.
contradiction	Does Anne know the solution? No.	Anne knows the solution.
contradiction	Does Bruce give the money? No.	Bruce gives the money.
contradiction	Does Margaret help the stranger? No.	Margaret helps the stranger.
contradiction	Does Elaine start the match? No.	Elaine starts the match.
contradiction	Does Amy call the number? No.	Amy calls the number.
contradiction	Does Linda help the stranger? No.	Linda helps the stranger.
contradiction	Does Leslie work at office? No.	Leslie works at office.
contradiction	Does Andrew show the presentation? No.	Andrew shows the presentation.
contradiction	Does Emily see the clock? No.	Emily sees the clock.
contradiction	Does George call the number? No.	George calls the number.
contradiction	Does Ryan turn the light? No.	Ryan turns the light.
contradiction	Does Ralph know the solution? No.	Ralph knows the solution.
contradiction	Does Florence tell the truth? No.	Florence tells the truth.
contradiction	Does Ben keep the change? No.	Ben keeps the change.
contradiction	Does Kathryn go to school? No.	Kathryn goes to school.
contradiction	Does Alexandra know the solution? No.	Alexandra knows the solution.
contradiction	Does Edward call the number? No.	Edward calls the number.
contradiction	Does Katherine live in a hostel? No.	Katherine lives in a hostel.
contradiction	Does Peter help the stranger? No.	Peter helps the stranger.
contradiction	Does Frederick say the truth? No.	Frederick says the truth.
contradiction	Does John call the number? No.	John calls the number.
contradiction	Does Julie ask the question? No.	Julie asks the question.
contradiction	Does Walter give the money? No.	Walter gives the money.
contradiction	Does Jeff think correctly? No.	Jeff thinks correctly.
contradiction	Does Edith see the clock? No.	Edith sees the clock.
contradiction	Does Eleanor see the clock? No.	Eleanor sees the clock.
contradiction	Does Helen help the stranger? No.	Helen helps the stranger.
contradiction	Does Johnny begin the game? No.	Johnny begins the game.
contradiction	Does Philip live in a hostel? No.	Philip lives in a hostel.
contradiction	Does Anthony move the table? No.	Anthony moves the table.
contradiction	Does Jerry hear the announcement? No.	Jerry hears the announcement.
contradiction	Does John keep the change? No.	John keeps the change.
contradiction	Does Anne work at office? No.	Anne works at office.
contradiction	Does Francis run a marathon? No.	Francis runs a marathon.
contradiction	Does Bill begin the game? No.	Bill begins the game.
contradiction	Does Sara tell the truth? No.	Sara tells the truth.
contradiction	Does Jane make paintings? No.	Jane makes paintings.
contradiction	Does Elizabeth see the clock? No.	Elizabeth sees the clock.
contradiction	Does Caroline start the match? No.	Caroline starts the match.
contradiction	Does Dorothy turn the light? No.	Dorothy turns the light.
contradiction	Does Jay live in a hostel? No.	Jay lives in a hostel.
contradiction	Does Donna tell the truth? No.	Donna tells the truth.
contradiction	Does Philip show the presentation? No.	Philip shows the presentation.
contradiction	Does Samuel live in a hostel? No.	Samuel lives in a hostel.
contradiction	Does Frederick start the match? No.	Frederick starts the match.
contradiction	Does Lisa go to school? No.	Lisa goes to school.
contradiction	Does Mike make paintings? No.	Mike makes paintings.
contradiction	Does Fred like football? No.	Fred likes football.
contradiction	Does Amy work at office? No.	Amy works at office.
contradiction	Does Anthony hear the announcement? No.	Anthony hears the announcement.
contradiction	Does Lauren work at office? No.	Lauren works at office.
contradiction	Does Alexandra start the match? No.	Alexandra starts the match.
contradiction	Does Virginia call the number? No.	Virginia calls the number.
contradiction	Does Betty live in a hostel? No.	Betty lives in a hostel.
contradiction	Does Eric tell the truth? No.	Eric tells the truth.
contradiction	Does Laura tell the truth? No.	Laura tells the truth.
contradiction	Does Benjamin come home? No.	Benjamin comes home.
contradiction	Does Jill work at office? No.	Jill works at office.
contradiction	Does Lisa think correctly? No.	Lisa thinks correctly.
contradiction	Does Johnny keep the change? No.	Johnny keeps the change.
contradiction	Does Martin call the number? No.	Martin calls the number.
contradiction	Does Linda begin the game? No.	Linda begins the game.
contradiction	Does Leslie work at office? No.	Leslie works at office.
contradiction	Does Patricia like football? No.	Patricia likes football.
contradiction	Does Samuel find the key? No.	Samuel finds the key.
contradiction	Does Ryan feel sad? No.	Ryan feels sad.
contradiction	Does Al say the truth? No.	Al says the truth.
contradiction	Does Alison work at office? No.	Alison works at office.
contradiction	Does Frances find the key? No.	Frances finds the key.
contradiction	Does Martin feel sad? No.	Martin feels sad.
contradiction	Does Maria go to school? No.	Maria goes to school.
contradiction	Does Harry know the solution? No.	Harry knows the solution.
contradiction	Does Kathy ask the question? No.	Kathy asks the question.
contradiction	Does Kate make paintings? No.	Kate makes paintings.
contradiction	Does Benjamin leave the house? No.	Benjamin leaves the house.
contradiction	Does Victoria use the money? No.	Victoria uses the money.
contradiction	Does Carl show the presentation? No.	Carl shows the presentation.
contradiction	Does Lucy come home? No.	Lucy comes home.
contradiction	Does Alexander feel sad? No.	Alexander feels sad.
contradiction	Does Rose begin the game? No.	Rose begins the game.
contradiction	Does Frederick turn the light? No.	Frederick turns the light.
contradiction	Does Joan live in a hostel? No.	Joan lives in a hostel.
contradiction	Does Leslie make paintings? No.	Leslie makes paintings.
contradiction	Does Jennifer tell the truth? No.	Jennifer tells the truth.
contradiction	Does Matt feel sad? No.	Matt feels sad.
contradiction	Does Harry begin the game? No.	Harry begins the game.
contradiction	Does Albert know the solution? No.	Albert knows the solution.
contradiction	Does Jerry use the money? No.	Jerry uses the money.
contradiction	Does Ralph call the number? No.	Ralph calls the number.
contradiction	Does Alfred leave the house? No.	Alfred leaves the house.
contradiction	Does Nancy show the presentation? No.	Nancy shows the presentation.
contradiction	Does Patrick turn the light? No.	Patrick turns the light.
contradiction	Does Pamela use the money? No.	Pamela uses the money.
contradiction	Does Virginia help the stranger? No.	Virginia helps the stranger.
contradiction	Does Lisa feel sad? No.	Lisa feels sad.
contradiction	Does Linda come home? No.	Linda comes home.
contradiction	Does Joseph turn the light? No.	Joseph turns the light.
contradiction	Does Howard begin the game? No.	Howard begins the game.
contradiction	Does Sam live in a hostel? No.	Sam lives in a hostel.
contradiction	Does Johnny give the money? No.	Johnny gives the money.
contradiction	Does Christopher hear the announcement? No.	Christopher hears the announcement.
contradiction	Does Sandra show the presentation? No.	Sandra shows the presentation.
contradiction	Does Patrick call the number? No.	Patrick calls the number.
contradiction	Does Kate make paintings? No.	Kate makes paintings.
contradiction	Does Sally turn the light? No.	Sally turns the light.
contradiction	Does Suzanne work at office? No.	Suzanne works at office.
contradiction	Does Ray like football? No.	Ray likes football.
contradiction	Does Victoria tell the truth? No.	Victoria tells the truth.
contradiction	Does Lisa use the money? No.	Lisa uses the money.
contradiction	Does Barbara keep the change? No.	Barbara keeps the change.
contradiction	Does Ed keep the change? No.	Ed keeps the change.
contradiction	Does Jay give the money? No.	Jay gives the money.
contradiction	Does Jay say the truth? No.	Jay says the truth.
contradiction	Does Robin tell the truth? No.	Robin tells the truth.
contradiction	Does Bruce look distressed? No.	Bruce looks distressed.
contradiction	Does Alex like football? No.	Alex likes football.
contradiction	Does Simon look distressed? No.	Simon looks distressed.
contradiction	Does David use the money? No.	David uses the money.
contradiction	Does Heather run a marathon? No.	Heather runs a marathon.
contradiction	Does Marilyn hear the announcement? No.	Marilyn hears the announcement.
contradiction	Does Frederick like football? No.	Frederick likes football.
contradiction	Does Ben move the table? No.	Ben moves the table.
contradiction	Does Andrew show the presentation? No.	Andrew shows the presentation.
contradiction	Does Fred turn the light? No.	Fred turns the light.
contradiction	Does Tony leave the house? No.	Tony leaves the house.
contradiction	Does Eric tell the truth? No.	Eric tells the truth.
contradiction	Does Jeff ask the question? No.	Jeff asks the question.
contradiction	Does Adam talk nonsense? No.	Adam talks nonsense.
contradiction	Does Judith use the money? No.	Judith uses the money.
contradiction	Does Francis feel sad? No.	Francis feels sad.
contradiction	Does Nancy give the money? No.	Nancy gives the money.
contradiction	Does Katherine ask the question? No.	Katherine asks the question.
contradiction	Does Anna tell the truth? No.	Anna tells the truth.
contradiction	Does Roy go to school? No.	Roy goes to school.
contradiction	Does Ed turn the light? No.	Ed turns the light.
contradiction	Does Greg give the money? No.	Greg gives the money.
contradiction	Does Harry hear the announcement? No.	Harry hears the announcement.
contradiction	Does Bob begin the game? No.	Bob begins the game.
contradiction	Does Frederick start the match? No.	Frederick starts the match.
contradiction	Does Grace leave the house? No.	Grace leaves the house.
contradiction	Does Melissa make paintings? No.	Melissa makes paintings.
contradiction	Does Harriet say the truth? No.	Harriet says the truth.
contradiction	Does Joe start the match? No.	Joe starts the match.
contradiction	Does Ian tell the truth? No.	Ian tells the truth.
contradiction	Does Sally help the stranger? No.	Sally helps the stranger.
contradiction	Does Lucy think correctly? No.	Lucy thinks correctly.
contradiction	Does Samuel start the match? No.	Samuel starts the match.
contradiction	Does Al play basketball? No.	Al plays basketball.
contradiction	Does Daniel like football? No.	Daniel likes football.
contradiction	Does Victoria hear the announcement? No.	Victoria hears the announcement.
contradiction	Does Jimmy run a marathon? No.	Jimmy runs a marathon.
contradiction	Does Sharon know the solution? No.	Sharon knows the solution.
contradiction	Does Alexandra move the table? No.	Alexandra moves the table.
contradiction	Does Lisa think correctly? No.	Lisa thinks correctly.
contradiction	Does Anna play basketball? No.	Anna plays basketball.
contradiction	Does Richard turn the light? No.	Richard turns the light.
contradiction	Does Emily know the solution? No.	Emily knows the solution.
contradiction	Does Ann talk nonsense? No.	Ann talks nonsense.
contradiction	Does Karen go to school? No.	Karen goes to school.
contradiction	Does Emma live in a hostel? No.	Emma lives in a hostel.
contradiction	Does Richard come home? No.	Richard comes home.
contradiction	Does Roy tell the truth? No.	Roy tells the truth.
contradiction	Does Kenneth work at office? No.	Kenneth works at office.
contradiction	Does Matt move the table? No.	Matt moves the table.
contradiction	Does Robin look distressed? No.	Robin looks distressed.
contradiction	Does Nancy like football? No.	Nancy likes football.
contradiction	Does Louise see the clock? No.	Louise sees the clock.
contradiction	Does Dorothy find the key? No.	Dorothy finds the key.
contradiction	Does Carolyn run a marathon? No.	Carolyn runs a marathon.
contradiction	Does Edwin know the solution? No.	Edwin knows the solution.
contradiction	Does Bobby go to school? No.	Bobby goes to school.
contradiction	Does Claire give the money? No.	Claire gives the money.
contradiction	Does Steve leave the house? No.	Steve leaves the house.
contradiction	Does Tony hear the announcement? No.	Tony hears the announcement.
contradiction	Does Kim say the truth? No.	Kim says the truth.
contradiction	Does Alison leave the house? No.	Alison leaves the house.
contradiction	Does Kenneth know the solution? No.	Kenneth knows the solution.
contradiction	Does Anne play basketball? No.	Anne plays basketball.
contradiction	Does Diane say the truth? No.	Diane says the truth.
contradiction	Does Carol use the money? No.	Carol uses the money.
contradiction	Does Elaine live in a hostel? No.	Elaine lives in a hostel.
contradiction	Does Simon hear the announcement? No.	Simon hears the announcement.
contradiction	Does Mary ask the question? No.	Mary asks the question.
contradiction	Does Benjamin like football? No.	Benjamin likes football.
contradiction	Does Walter talk nonsense? No.	Walter talks nonsense.
contradiction	Does Lisa think correctly? No.	Lisa thinks correctly.
contradiction	Does Pamela start the match? No.	Pamela starts the match.
contradiction	Does Benjamin ask the question? No.	Benjamin asks the question.
contradiction	Does Don go to school? No.	Don goes to school.
contradiction	Does Patricia like football? No.	Patricia likes football.
contradiction	Does Albert look distressed? No.	Albert looks distressed.
contradiction	Does Stephanie say the truth? No.	Stephanie says the truth.
contradiction	Does Larry leave the house? No.	Larry leaves the house.
contradiction	Does Virginia go to school? No.	Virginia goes to school.
contradiction	Does Angela find the key? No.	Angela finds the key.
contradiction	Does Betty come home? No.	Betty comes home.
contradiction	Does William move the table? No.	William moves the table.
contradiction	Does Kathy help the stranger? No.	Kathy helps the stranger.
contradiction	Does Alan start the match? No.	Alan starts the match.
contradiction	Does Virginia look distressed? No.	Virginia looks distressed.
contradiction	Does William look distressed? No.	William looks distressed.
contradiction	Does Pamela help the stranger? No.	Pamela helps the stranger.
contradiction	Does Diana tell the truth? No.	Diana tells the truth.
contradiction	Does Philip talk nonsense? No.	Philip talks nonsense.
contradiction	Does Julie see the clock? No.	Julie sees the clock.
contradiction	Does Fiona play basketball? No.	Fiona plays basketball.
contradiction	Does Alison turn the light? No.	Alison turns the light.
contradiction	Does Ralph call the number? No.	Ralph calls the number.
contradiction	Does Frederick keep the change? No.	Frederick keeps the change.
contradiction	Does Daniel think correctly? No.	Daniel thinks correctly.
contradiction	Does Kathryn leave the house? No.	Kathryn leaves the house.
contradiction	Does Mark call the number? No.	Mark calls the number.
contradiction	Does Benjamin know the solution? No.	Benjamin knows the solution.
contradiction	Does Jonathan ask the question? No.	Jonathan asks the question.
contradiction	Does Alex keep the change? No.	Alex keeps the change.
contradiction	Does Henry keep the change? No.	Henry keeps the change.
contradiction	Does Nancy start the match? No.	Nancy starts the match.
contradiction	Does Maria turn the light? No.	Maria turns the light.
contradiction	Does Florence use the money? No.	Florence uses the money.
contradiction	Does Alice turn the light? No.	Alice turns the light.
contradiction	Does Martin say the truth? No.	Martin says the truth.
contradiction	Does Martha know the solution? No.	Martha knows the solution.
contradiction	Does Stephanie start the match? No.	Stephanie starts the match.
contradiction	Does Joan help the stranger? No.	Joan helps the stranger.
contradiction	Does Katie call the number? No.	Katie calls the number.
contradiction	Does Andrew give the money? No.	Andrew gives the money.
contradiction	Does Billy ask the question? No.	Billy asks the question.
contradiction	Does Ryan help the stranger? No.	Ryan helps the stranger.
contradiction	Does Martha like football? No.	Martha likes football.
contradiction	Does Rose see the clock? No.	Rose sees the clock.
contradiction	Does Sandra give the money? No.	Sandra gives the money.
contradiction	Does Florence move the table? No.	Florence moves the table.
contradiction	Does Laura go to school? No.	Laura goes to school.
contradiction	Does Judy begin the game? No.	Judy begins the game.
contradiction	Does Michael say the truth? No.	Michael says the truth.
contradiction	Does Adam help the stranger? No.	Adam helps the stranger.
contradiction	Does Richard look distressed? No.	Richard looks distressed.
contradiction	Does Sue leave the house? No.	Sue leaves the house.
contradiction	Does Jessica go to school? No.	Jessica goes to school.
contradiction	Does Gary play basketball? No.	Gary plays basketball.
contradiction	Does Ray know the solution? No.	Ray knows the solution.
contradiction	Does Jeff move the table? No.	Jeff moves the table.
contradiction	Does Joseph give the money? No.	Joseph gives the money.
contradiction	Does Alfred think correctly? No.	Alfred thinks correctly.
contradiction	Does Howard make paintings? No.	Howard makes paintings.
contradiction	Does Louis ask the question? No.	Louis asks the question.
contradiction	Does Jennifer feel sad? No.	Jennifer feels sad.
contradiction	Does Anna live in a hostel? No.	Anna lives in a hostel.
contradiction	Does Frederick go to school? No.	Frederick goes to school.
contradiction	Does Alfred think correctly? No.	Alfred thinks correctly.
contradiction	Does Robin use the money? No.	Robin uses the money.
contradiction	Does Michelle help the stranger? No.	Michelle helps the stranger.
contradiction	Does Emma know the solution? No.	Emma knows the solution.
contradiction	Does Simon know the solution? No.	Simon knows the solution.
contradiction	Does Edward call the number? No.	Edward calls the number.
contradiction	Does Anne say the truth? No.	Anne says the truth.
contradiction	Does Elizabeth play basketball? No.	Elizabeth plays basketball.
contradiction	Does George go to school? No.	George goes to school.
contradiction	Does Jack tell the truth? No.	Jack tells the truth.
contradiction	Does Fiona go to school? No.	Fiona goes to school.
contradiction	Does Hugh play basketball? No.	Hugh plays basketball.
contradiction	Does Laura say the truth? No.	Laura says the truth.
contradiction	Does Robin play basketball? No.	Robin plays basketball.
contradiction	Does Alison say the truth? No.	Alison says the truth.
contradiction	Does David feel sad? No.	David feels sad.
contradiction	Does Jean leave the house? No.	Jean leaves the house.
contradiction	Does Peter move the table? No.	Peter moves the table.
contradiction	Does Carl make paintings? No.	Carl makes paintings.
contradiction	Does David find the key? No.	David finds the key.
contradiction	Does Alice tell the truth? No.	Alice tells the truth.
contradiction	Does Christopher leave the house? No.	Christopher leaves the house.
contradiction	Does Robert move the table? No.	Robert moves the table.
contradiction	Does Harriet look distressed? No.	Harriet looks distressed.
contradiction	Does Donna make paintings? No.	Donna makes paintings.
contradiction	Does Stephanie work at office? No.	Stephanie works at office.
contradiction	Does Jill tell the truth? No.	Jill tells the truth.
contradiction	Does Virginia tell the truth? No.	Virginia tells the truth.
contradiction	Does Joseph say the truth? No.	Joseph says the truth.
contradiction	Does Billy help the stranger? No.	Billy helps the stranger.
contradiction	Does Jessica hear the announcement? No.	Jessica hears the announcement.
contradiction	Does Kate move the table? No.	Kate moves the table.
contradiction	Does Dorothy make paintings? No.	Dorothy makes paintings.
contradiction	Does Simon find the key? No.	Simon finds the key.
contradiction	Does Martha call the number? No.	Martha calls the number.
contradiction	Does Philip keep the change? No.	Philip keeps the change.
contradiction	Does Lynn like football? No.	Lynn likes football.
contradiction	Does Fiona turn the light? No.	Fiona turns the light.
contradiction	Does Simon find the key? No.	Simon finds the key.
contradiction	Does Johnny feel sad? No.	Johnny feels sad.
contradiction	Does Jennifer make paintings? No.	Jennifer makes paintings.
contradiction	Does Jim keep the change? No.	Jim keeps the change.
contradiction	Does Frank say the truth? No.	Frank says the truth.
contradiction	Does Frank show the presentation? No.	Frank shows the presentation.
contradiction	Does Christopher know the solution? No.	Christopher knows the solution.
contradiction	Does Wendy show the presentation? No.	Wendy shows the presentation.
contradiction	Does Carol start the match? No.	Carol starts the match.
contradiction	Does Jonathan turn the light? No.	Jonathan turns the light.
contradiction	Does Anne live in a hostel? No.	Anne lives in a hostel.
contradiction	Does Claire live in a hostel? No.	Claire lives in a hostel.
contradiction	Does Fiona know the solution? No.	Fiona knows the solution.
contradiction	Does Jennifer come home? No.	Jennifer comes home.
contradiction	Does Carolyn use the money? No.	Carolyn uses the money.
contradiction	Does Jim like football? No.	Jim likes football.
contradiction	Does Al play basketball? No.	Al plays basketball.
contradiction	Does James see the clock? No.	James sees the clock.
contradiction	Does Kevin like football? No.	Kevin likes football.
contradiction	Does William think correctly? No.	William thinks correctly.
contradiction	Does Edward think correctly? No.	Edward thinks correctly.
contradiction	Does Robin keep the change? No.	Robin keeps the change.
contradiction	Does Sandra play basketball? No.	Sandra plays basketball.
contradiction	Does Nick live in a hostel? No.	Nick lives in a hostel.
contradiction	Does Carolyn keep the change? No.	Carolyn keeps the change.
contradiction	Does Rachel turn the light? No.	Rachel turns the light.
contradiction	Does Tim find the key? No.	Tim finds the key.
contradiction	Does Steven ask the question? No.	Steven asks the question.
contradiction	Does Rebecca show the presentation? No.	Rebecca shows the presentation.
contradiction	Does Judith like football? No.	Judith likes football.
contradiction	Does Jonathan leave the house? No.	Jonathan leaves the house.
contradiction	Does Dan start the match? No.	Dan starts the match.
contradiction	Does Kim ask the question? No.	Kim asks the question.
contradiction	Does Amanda give the money? No.	Amanda gives the money.
contradiction	Does Simon call the number? No.	Simon calls the number.
contradiction	Does Bruce think correctly? No.	Bruce thinks correctly.
contradiction	Does Judith leave the house? No.	Judith leaves the house.
contradiction	Does Lynn leave the house? No.	Lynn leaves the house.
contradiction	Does Amy look distressed? No.	Amy looks distressed.
contradiction	Does Deborah make paintings? No.	Deborah makes paintings.
