contradiction	Albert is a tailor.	Albert is not a tailor.
contradiction	Cynthia is a tailor.	Cynthia is not a tailor.
contradiction	Sue is a firefighter.	Sue is not a firefighter.
contradiction	Catherine is a dietitian.	Catherine is not a dietitian.
contradiction	Emily is a model.	Emily is not a model.
contradiction	Gary is a model.	Gary is not a model.
contradiction	Maria is a chef.	Maria is not a chef.
contradiction	John is a writer.	John is not a writer.
contradiction	Johnny is a butler.	Johnny is not a butler.
contradiction	Mike is a librarian.	Mike is not a librarian.
contradiction	Andrea is a mechanic.	Andrea is not a mechanic.
contradiction	Jonathan is an engineer.	Jonathan is not an engineer.
contradiction	Jennifer is a tailor.	Jennifer is not a tailor.
contradiction	Victoria is a farmer.	Victoria is not a farmer.
contradiction	Richard is a police officer.	Richard is not a police officer.
contradiction	Jean is a professor.	Jean is not a professor.
contradiction	Kim is a lawyer.	Kim is not a lawyer.
contradiction	Pamela is a hairdresser.	Pamela is not a hairdresser.
contradiction	George is a librarian.	George is not a librarian.
contradiction	Claire is an accountant.	Claire is not an accountant.
contradiction	Bob is an author.	Bob is not an author.
contradiction	Laura is a cook.	Laura is not a cook.
contradiction	Katherine is a police officer.	Katherine is not a police officer.
contradiction	Margaret is a professor.	Margaret is not a professor.
contradiction	Christopher is a secretary.	Christopher is not a secretary.
contradiction	Eleanor is an engineer.	Eleanor is not an engineer.
contradiction	Nancy is a chef.	Nancy is not a chef.
contradiction	Tom is a dentist.	Tom is not a dentist.
contradiction	Matthew is a physician.	Matthew is not a physician.
contradiction	Bob is a scientist.	Bob is not a scientist.
contradiction	Emily is a scientist.	Emily is not a scientist.
contradiction	Jay is a dentist.	Jay is not a dentist.
contradiction	Ryan is a librarian.	Ryan is not a librarian.
contradiction	Joan is a tailor.	Joan is not a tailor.
contradiction	Dan is a hairdresser.	Dan is not a hairdresser.
contradiction	Patricia is a model.	Patricia is not a model.
contradiction	Al is a designer.	Al is not a designer.
contradiction	Rachel is an artist.	Rachel is not an artist.
contradiction	Roger is an author.	Roger is not an author.
contradiction	Joe is a cook.	Joe is not a cook.
contradiction	Kathryn is a professor.	Kathryn is not a professor.
contradiction	John is a professor.	John is not a professor.
contradiction	Mike is a scientist.	Mike is not a scientist.
contradiction	Angela is a nurse.	Angela is not a nurse.
contradiction	Tim is a designer.	Tim is not a designer.
contradiction	Carol is a lawyer.	Carol is not a lawyer.
contradiction	Gary is a cook.	Gary is not a cook.
contradiction	Stephanie is a journalist.	Stephanie is not a journalist.
contradiction	Bobby is a journalist.	Bobby is not a journalist.
contradiction	Ashley is an aviator.	Ashley is not an aviator.
contradiction	Adam is an architect.	Adam is not an architect.
contradiction	Francis is a physician.	Francis is not a physician.
contradiction	Fred is a butler.	Fred is not a butler.
contradiction	Dick is a cook.	Dick is not a cook.
contradiction	Sharon is an engineer.	Sharon is not an engineer.
contradiction	Annie is a nurse.	Annie is not a nurse.
contradiction	Jill is a chef.	Jill is not a chef.
contradiction	Susan is a cook.	Susan is not a cook.
contradiction	Claire is a writer.	Claire is not a writer.
contradiction	Ralph is a professor.	Ralph is not a professor.
contradiction	Jessica is an artist.	Jessica is not an artist.
contradiction	Eleanor is a chef.	Eleanor is not a chef.
contradiction	Adam is a cook.	Adam is not a cook.
contradiction	Christine is a physician.	Christine is not a physician.
contradiction	Alice is a tailor.	Alice is not a tailor.
contradiction	Sophie is a lecturer.	Sophie is not a lecturer.
contradiction	Edward is a firefighter.	Edward is not a firefighter.
contradiction	Henry is an actor.	Henry is not an actor.
contradiction	Jill is a firefighter.	Jill is not a firefighter.
contradiction	Richard is a tailor.	Richard is not a tailor.
contradiction	Jeff is a cook.	Jeff is not a cook.
contradiction	Mary is a physician.	Mary is not a physician.
contradiction	Ron is a librarian.	Ron is not a librarian.
contradiction	Christopher is a lecturer.	Christopher is not a lecturer.
contradiction	Joseph is an actor.	Joseph is not an actor.
contradiction	Kevin is a nurse.	Kevin is not a nurse.
contradiction	Alison is a lecturer.	Alison is not a lecturer.
contradiction	Michael is a dietitian.	Michael is not a dietitian.
contradiction	Lawrence is a librarian.	Lawrence is not a librarian.
contradiction	Johnny is a butler.	Johnny is not a butler.
contradiction	Rachel is a lecturer.	Rachel is not a lecturer.
contradiction	Steven is an electrician.	Steven is not an electrician.
contradiction	Julie is a plumber.	Julie is not a plumber.
contradiction	Kevin is a writer.	Kevin is not a writer.
contradiction	Edwin is an electrician.	Edwin is not an electrician.
contradiction	Kathryn is an author.	Kathryn is not an author.
contradiction	Jason is a designer.	Jason is not a designer.
contradiction	Diana is a chef.	Diana is not a chef.
contradiction	Amanda is a tailor.	Amanda is not a tailor.
contradiction	Billy is an economist.	Billy is not an economist.
contradiction	Andrea is an electrician.	Andrea is not an electrician.
contradiction	Anthony is a librarian.	Anthony is not a librarian.
contradiction	Chris is an economist.	Chris is not an economist.
contradiction	Chris is a secretary.	Chris is not a secretary.
contradiction	Charles is a farmer.	Charles is not a farmer.
contradiction	Eric is a physician.	Eric is not a physician.
contradiction	Stephen is a firefighter.	Stephen is not a firefighter.
contradiction	Alan is an aviator.	Alan is not an aviator.
contradiction	Joan is a designer.	Joan is not a designer.
contradiction	Elizabeth is a professor.	Elizabeth is not a professor.
contradiction	Tim is a cook.	Tim is not a cook.
contradiction	Gary is a secretary.	Gary is not a secretary.
contradiction	Keith is a dentist.	Keith is not a dentist.
contradiction	Evelyn is a scientist.	Evelyn is not a scientist.
contradiction	Leslie is an engineer.	Leslie is not an engineer.
contradiction	Sally is a model.	Sally is not a model.
contradiction	Suzanne is a teacher.	Suzanne is not a teacher.
contradiction	James is an artist.	James is not an artist.
contradiction	Kate is a physician.	Kate is not a physician.
contradiction	Elizabeth is a secretary.	Elizabeth is not a secretary.
contradiction	Kelly is a mechanic.	Kelly is not a mechanic.
contradiction	Don is a designer.	Don is not a designer.
contradiction	Suzanne is an engineer.	Suzanne is not an engineer.
contradiction	Adam is an artist.	Adam is not an artist.
contradiction	Tony is an aviator.	Tony is not an aviator.
contradiction	Lynn is a firefighter.	Lynn is not a firefighter.
contradiction	Frances is a scientist.	Frances is not a scientist.
contradiction	Emma is an architect.	Emma is not an architect.
contradiction	Caroline is a teacher.	Caroline is not a teacher.
contradiction	Rebecca is a designer.	Rebecca is not a designer.
contradiction	Michelle is an aviator.	Michelle is not an aviator.
contradiction	Dan is a nurse.	Dan is not a nurse.
contradiction	Elaine is a scientist.	Elaine is not a scientist.
contradiction	Donald is a physician.	Donald is not a physician.
contradiction	Victoria is a designer.	Victoria is not a designer.
contradiction	Harold is a journalist.	Harold is not a journalist.
contradiction	Mark is a designer.	Mark is not a designer.
contradiction	Jill is a tailor.	Jill is not a tailor.
contradiction	Brian is a physician.	Brian is not a physician.
contradiction	Pamela is a physician.	Pamela is not a physician.
contradiction	Stephanie is a farmer.	Stephanie is not a farmer.
contradiction	Jessica is an author.	Jessica is not an author.
contradiction	Sharon is a farmer.	Sharon is not a farmer.
contradiction	Nancy is a nurse.	Nancy is not a nurse.
contradiction	Julia is an artist.	Julia is not an artist.
contradiction	Margaret is a physician.	Margaret is not a physician.
contradiction	Ian is an author.	Ian is not an author.
contradiction	Joseph is a butler.	Joseph is not a butler.
contradiction	Paul is a chef.	Paul is not a chef.
contradiction	Larry is an economist.	Larry is not an economist.
contradiction	Lynn is a butler.	Lynn is not a butler.
contradiction	Laura is a chef.	Laura is not a chef.
contradiction	Margaret is an artist.	Margaret is not an artist.
contradiction	Simon is a professor.	Simon is not a professor.
contradiction	Ben is an accountant.	Ben is not an accountant.
contradiction	Thomas is a lecturer.	Thomas is not a lecturer.
contradiction	Fred is a professor.	Fred is not a professor.
contradiction	Dick is a dietitian.	Dick is not a dietitian.
contradiction	Kathy is a farmer.	Kathy is not a farmer.
contradiction	Stephanie is an actor.	Stephanie is not an actor.
contradiction	Adam is a lecturer.	Adam is not a lecturer.
contradiction	Amy is an artist.	Amy is not an artist.
contradiction	Steven is an artist.	Steven is not an artist.
contradiction	Lucy is a writer.	Lucy is not a writer.
contradiction	Samuel is a designer.	Samuel is not a designer.
contradiction	Harold is an aviator.	Harold is not an aviator.
contradiction	Mary is a librarian.	Mary is not a librarian.
contradiction	Joe is a scientist.	Joe is not a scientist.
contradiction	Fred is an accountant.	Fred is not an accountant.
contradiction	Janet is an aviator.	Janet is not an aviator.
contradiction	Wendy is an artist.	Wendy is not an artist.
contradiction	Suzanne is a judge.	Suzanne is not a judge.
contradiction	Brian is a cook.	Brian is not a cook.
contradiction	Alexandra is a butler.	Alexandra is not a butler.
contradiction	Dave is a police officer.	Dave is not a police officer.
contradiction	Dick is a dentist.	Dick is not a dentist.
contradiction	Jimmy is an accountant.	Jimmy is not an accountant.
contradiction	Michael is a designer.	Michael is not a designer.
contradiction	Julia is an actor.	Julia is not an actor.
contradiction	Tony is a model.	Tony is not a model.
contradiction	Harold is a chef.	Harold is not a chef.
contradiction	Angela is a plumber.	Angela is not a plumber.
contradiction	Kathryn is an artist.	Kathryn is not an artist.
contradiction	Scott is an economist.	Scott is not an economist.
contradiction	Linda is an economist.	Linda is not an economist.
contradiction	Jennifer is a judge.	Jennifer is not a judge.
contradiction	Victoria is a plumber.	Victoria is not a plumber.
contradiction	Virginia is a secretary.	Virginia is not a secretary.
contradiction	Eleanor is an artist.	Eleanor is not an artist.
contradiction	Edith is a plumber.	Edith is not a plumber.
contradiction	Jim is a dentist.	Jim is not a dentist.
contradiction	Matt is an engineer.	Matt is not an engineer.
contradiction	Jerry is a hairdresser.	Jerry is not a hairdresser.
contradiction	Robert is a physician.	Robert is not a physician.
contradiction	Frances is an engineer.	Frances is not an engineer.
contradiction	Elizabeth is a farmer.	Elizabeth is not a farmer.
contradiction	Carolyn is a farmer.	Carolyn is not a farmer.
contradiction	Alex is a writer.	Alex is not a writer.
contradiction	Caroline is a librarian.	Caroline is not a librarian.
contradiction	Chris is an aviator.	Chris is not an aviator.
contradiction	Donald is a judge.	Donald is not a judge.
contradiction	Johnny is a writer.	Johnny is not a writer.
contradiction	Johnny is a cook.	Johnny is not a cook.
contradiction	Anthony is a butler.	Anthony is not a butler.
contradiction	Maria is a teacher.	Maria is not a teacher.
contradiction	Greg is a dentist.	Greg is not a dentist.
contradiction	Helen is an economist.	Helen is not an economist.
contradiction	Katherine is a chef.	Katherine is not a chef.
contradiction	Ian is a judge.	Ian is not a judge.
contradiction	Robert is a physician.	Robert is not a physician.
contradiction	Jack is a butler.	Jack is not a butler.
contradiction	Fiona is a dentist.	Fiona is not a dentist.
contradiction	Christopher is a teacher.	Christopher is not a teacher.
contradiction	Amy is a nurse.	Amy is not a nurse.
contradiction	Florence is a photographer.	Florence is not a photographer.
contradiction	Wendy is a professor.	Wendy is not a professor.
contradiction	Nancy is a police officer.	Nancy is not a police officer.
contradiction	Tony is a plumber.	Tony is not a plumber.
contradiction	Tony is a journalist.	Tony is not a journalist.
contradiction	Kenneth is an aviator.	Kenneth is not an aviator.
contradiction	Heather is a writer.	Heather is not a writer.
contradiction	Bill is a physician.	Bill is not a physician.
contradiction	Martin is a model.	Martin is not a model.
contradiction	Jim is a dentist.	Jim is not a dentist.
contradiction	Hugh is a plumber.	Hugh is not a plumber.
contradiction	Colin is a teacher.	Colin is not a teacher.
contradiction	Samuel is an engineer.	Samuel is not an engineer.
contradiction	Amanda is a professor.	Amanda is not a professor.
contradiction	Larry is an economist.	Larry is not an economist.
contradiction	Scott is an engineer.	Scott is not an engineer.
contradiction	Steve is a mechanic.	Steve is not a mechanic.
contradiction	Howard is a photographer.	Howard is not a photographer.
contradiction	Don is a tailor.	Don is not a tailor.
contradiction	Alfred is a dentist.	Alfred is not a dentist.
contradiction	Alison is a nurse.	Alison is not a nurse.
contradiction	Jane is an accountant.	Jane is not an accountant.
contradiction	Simon is a mechanic.	Simon is not a mechanic.
contradiction	Alexander is a model.	Alexander is not a model.
contradiction	Paul is a journalist.	Paul is not a journalist.
contradiction	Florence is a photographer.	Florence is not a photographer.
contradiction	Sue is a secretary.	Sue is not a secretary.
contradiction	George is a hairdresser.	George is not a hairdresser.
contradiction	Louise is a lecturer.	Louise is not a lecturer.
contradiction	Samuel is a farmer.	Samuel is not a farmer.
contradiction	Robert is a plumber.	Robert is not a plumber.
contradiction	Annie is a teacher.	Annie is not a teacher.
contradiction	Matt is a photographer.	Matt is not a photographer.
contradiction	Sally is a lawyer.	Sally is not a lawyer.
contradiction	Greg is an artist.	Greg is not an artist.
contradiction	Matthew is a judge.	Matthew is not a judge.
contradiction	Diane is a hairdresser.	Diane is not a hairdresser.
contradiction	James is a journalist.	James is not a journalist.
contradiction	Fred is an actor.	Fred is not an actor.
contradiction	Florence is an author.	Florence is not an author.
contradiction	Leslie is an artist.	Leslie is not an artist.
contradiction	Sara is a cook.	Sara is not a cook.
contradiction	Gary is a photographer.	Gary is not a photographer.
contradiction	Frances is a tailor.	Frances is not a tailor.
contradiction	Dave is a mechanic.	Dave is not a mechanic.
contradiction	Julia is a scientist.	Julia is not a scientist.
contradiction	Kenneth is a farmer.	Kenneth is not a farmer.
contradiction	Claire is a hairdresser.	Claire is not a hairdresser.
contradiction	Andrew is a chef.	Andrew is not a chef.
contradiction	Sarah is a secretary.	Sarah is not a secretary.
contradiction	Colin is a photographer.	Colin is not a photographer.
contradiction	Virginia is a hairdresser.	Virginia is not a hairdresser.
contradiction	Grace is an electrician.	Grace is not an electrician.
contradiction	Charles is a butler.	Charles is not a butler.
contradiction	Judith is an author.	Judith is not an author.
contradiction	Eleanor is a dietitian.	Eleanor is not a dietitian.
contradiction	Claire is an architect.	Claire is not an architect.
contradiction	Alexander is a photographer.	Alexander is not a photographer.
contradiction	Janet is a hairdresser.	Janet is not a hairdresser.
contradiction	Julia is a firefighter.	Julia is not a firefighter.
contradiction	Bob is a cook.	Bob is not a cook.
contradiction	Alex is a butler.	Alex is not a butler.
contradiction	Victoria is a judge.	Victoria is not a judge.
contradiction	Marilyn is a professor.	Marilyn is not a professor.
contradiction	Andrea is a dentist.	Andrea is not a dentist.
contradiction	Pamela is a dietitian.	Pamela is not a dietitian.
contradiction	Don is a secretary.	Don is not a secretary.
contradiction	Anna is an artist.	Anna is not an artist.
contradiction	Tim is a professor.	Tim is not a professor.
contradiction	Catherine is an actor.	Catherine is not an actor.
contradiction	Paul is a photographer.	Paul is not a photographer.
contradiction	Dorothy is a dietitian.	Dorothy is not a dietitian.
contradiction	Thomas is a police officer.	Thomas is not a police officer.
contradiction	Deborah is a farmer.	Deborah is not a farmer.
contradiction	Carl is an electrician.	Carl is not an electrician.
contradiction	Harriet is a mechanic.	Harriet is not a mechanic.
contradiction	Scott is an artist.	Scott is not an artist.
contradiction	Eric is an economist.	Eric is not an economist.
contradiction	Richard is a writer.	Richard is not a writer.
contradiction	Kathy is a firefighter.	Kathy is not a firefighter.
contradiction	Betty is a judge.	Betty is not a judge.
contradiction	Alfred is a professor.	Alfred is not a professor.
contradiction	Ben is a scientist.	Ben is not a scientist.
contradiction	Ashley is a lecturer.	Ashley is not a lecturer.
contradiction	Katie is a teacher.	Katie is not a teacher.
contradiction	Charles is a hairdresser.	Charles is not a hairdresser.
contradiction	Walter is a professor.	Walter is not a professor.
contradiction	Bobby is a judge.	Bobby is not a judge.
contradiction	Colin is an artist.	Colin is not an artist.
contradiction	Kathleen is a farmer.	Kathleen is not a farmer.
contradiction	Angela is a physician.	Angela is not a physician.
contradiction	Billy is an architect.	Billy is not an architect.
contradiction	Dick is an actor.	Dick is not an actor.
contradiction	Harriet is a judge.	Harriet is not a judge.
contradiction	Bob is a dentist.	Bob is not a dentist.
contradiction	Charlotte is a police officer.	Charlotte is not a police officer.
contradiction	Tom is an aviator.	Tom is not an aviator.
contradiction	Jeff is an electrician.	Jeff is not an electrician.
contradiction	Frederick is an actor.	Frederick is not an actor.
contradiction	Steve is a firefighter.	Steve is not a firefighter.
contradiction	Sara is a dietitian.	Sara is not a dietitian.
contradiction	Julia is a dietitian.	Julia is not a dietitian.
contradiction	Anthony is a professor.	Anthony is not a professor.
contradiction	Marilyn is a professor.	Marilyn is not a professor.
contradiction	Matt is an engineer.	Matt is not an engineer.
contradiction	Sandra is a police officer.	Sandra is not a police officer.
contradiction	Pamela is a nurse.	Pamela is not a nurse.
contradiction	Johnny is a writer.	Johnny is not a writer.
contradiction	Philip is a librarian.	Philip is not a librarian.
contradiction	Ken is a teacher.	Ken is not a teacher.
contradiction	Jason is a tailor.	Jason is not a tailor.
contradiction	Frank is a lawyer.	Frank is not a lawyer.
contradiction	Leslie is a model.	Leslie is not a model.
contradiction	George is a mechanic.	George is not a mechanic.
contradiction	Charlotte is a farmer.	Charlotte is not a farmer.
contradiction	Rachel is a model.	Rachel is not a model.
contradiction	Joan is a scientist.	Joan is not a scientist.
contradiction	Dick is a butler.	Dick is not a butler.
contradiction	Sue is an author.	Sue is not an author.
contradiction	Sue is a hairdresser.	Sue is not a hairdresser.
contradiction	Eric is a journalist.	Eric is not a journalist.
contradiction	Margaret is a farmer.	Margaret is not a farmer.
contradiction	Sue is a judge.	Sue is not a judge.
contradiction	Judy is a model.	Judy is not a model.
contradiction	Deborah is a mechanic.	Deborah is not a mechanic.
contradiction	Alice is a mechanic.	Alice is not a mechanic.
contradiction	George is a judge.	George is not a judge.
contradiction	Tim is an accountant.	Tim is not an accountant.
contradiction	Ralph is a professor.	Ralph is not a professor.
contradiction	Tony is a cook.	Tony is not a cook.
contradiction	David is a plumber.	David is not a plumber.
contradiction	Simon is a police officer.	Simon is not a police officer.
contradiction	Louis is a dietitian.	Louis is not a dietitian.
contradiction	Joseph is a judge.	Joseph is not a judge.
contradiction	Martin is a dentist.	Martin is not a dentist.
contradiction	Christopher is a writer.	Christopher is not a writer.
contradiction	Edith is a cook.	Edith is not a cook.
contradiction	Tony is a mechanic.	Tony is not a mechanic.
contradiction	Katherine is a lawyer.	Katherine is not a lawyer.
contradiction	Albert is a photographer.	Albert is not a photographer.
contradiction	Diana is a lawyer.	Diana is not a lawyer.
contradiction	Stephanie is an economist.	Stephanie is not an economist.
contradiction	Bob is a lawyer.	Bob is not a lawyer.
contradiction	Dave is a dietitian.	Dave is not a dietitian.
contradiction	Joan is an author.	Joan is not an author.
contradiction	Andrew is a chef.	Andrew is not a chef.
contradiction	Tim is an architect.	Tim is not an architect.
contradiction	Adam is a dietitian.	Adam is not a dietitian.
contradiction	Anna is a nurse.	Anna is not a nurse.
contradiction	Diane is a writer.	Diane is not a writer.
contradiction	Margaret is an aviator.	Margaret is not an aviator.
contradiction	Ray is a journalist.	Ray is not a journalist.
contradiction	Helen is an engineer.	Helen is not an engineer.
contradiction	Betty is a professor.	Betty is not a professor.
contradiction	Peter is an economist.	Peter is not an economist.
contradiction	Marilyn is a lecturer.	Marilyn is not a lecturer.
contradiction	Gary is an engineer.	Gary is not an engineer.
contradiction	Heather is an accountant.	Heather is not an accountant.
contradiction	Kathy is an actor.	Kathy is not an actor.
contradiction	Sophie is a lecturer.	Sophie is not a lecturer.
contradiction	Judy is an actor.	Judy is not an actor.
contradiction	Maria is a cook.	Maria is not a cook.
contradiction	Dan is a police officer.	Dan is not a police officer.
contradiction	Johnny is a professor.	Johnny is not a professor.
contradiction	Nicole is an actor.	Nicole is not an actor.
contradiction	Jay is a firefighter.	Jay is not a firefighter.
contradiction	Henry is a lawyer.	Henry is not a lawyer.
contradiction	Kenneth is an accountant.	Kenneth is not an accountant.
contradiction	Rachel is a designer.	Rachel is not a designer.
contradiction	Kevin is a librarian.	Kevin is not a librarian.
contradiction	Greg is an aviator.	Greg is not an aviator.
contradiction	Jay is a lawyer.	Jay is not a lawyer.
contradiction	Bruce is a farmer.	Bruce is not a farmer.
contradiction	Jonathan is a teacher.	Jonathan is not a teacher.
contradiction	Dick is a butler.	Dick is not a butler.
contradiction	Julia is an architect.	Julia is not an architect.
contradiction	Stephanie is a lecturer.	Stephanie is not a lecturer.
contradiction	Matt is a scientist.	Matt is not a scientist.
contradiction	Lawrence is a dentist.	Lawrence is not a dentist.
contradiction	Peter is a professor.	Peter is not a professor.
contradiction	Stephanie is an aviator.	Stephanie is not an aviator.
contradiction	Florence is a police officer.	Florence is not a police officer.
contradiction	Jennifer is a secretary.	Jennifer is not a secretary.
contradiction	Marilyn is an author.	Marilyn is not an author.
contradiction	Jane is a model.	Jane is not a model.
contradiction	Harold is a cook.	Harold is not a cook.
contradiction	Richard is a dietitian.	Richard is not a dietitian.
contradiction	Alexander is a cook.	Alexander is not a cook.
contradiction	Ron is a writer.	Ron is not a writer.
contradiction	Eleanor is a mechanic.	Eleanor is not a mechanic.
contradiction	Pamela is a farmer.	Pamela is not a farmer.
contradiction	Jeff is a journalist.	Jeff is not a journalist.
contradiction	Maria is an artist.	Maria is not an artist.
contradiction	Donald is a plumber.	Donald is not a plumber.
contradiction	Carolyn is a secretary.	Carolyn is not a secretary.
contradiction	Kim is a hairdresser.	Kim is not a hairdresser.
contradiction	Catherine is a librarian.	Catherine is not a librarian.
contradiction	Charlie is a hairdresser.	Charlie is not a hairdresser.
contradiction	Pamela is a librarian.	Pamela is not a librarian.
contradiction	Kenneth is an accountant.	Kenneth is not an accountant.
contradiction	Edward is a chef.	Edward is not a chef.
contradiction	Judy is an aviator.	Judy is not an aviator.
contradiction	Simon is a scientist.	Simon is not a scientist.
contradiction	Edwin is a cook.	Edwin is not a cook.
contradiction	Judy is an economist.	Judy is not an economist.
contradiction	Michael is a plumber.	Michael is not a plumber.
contradiction	Roger is a dietitian.	Roger is not a dietitian.
contradiction	Lauren is a mechanic.	Lauren is not a mechanic.
contradiction	Bob is an author.	Bob is not an author.
contradiction	Matthew is an artist.	Matthew is not an artist.
contradiction	Donald is a professor.	Donald is not a professor.
contradiction	Pamela is a model.	Pamela is not a model.
contradiction	Alexander is a cook.	Alexander is not a cook.
contradiction	Nicole is a butler.	Nicole is not a butler.
contradiction	Edwin is a firefighter.	Edwin is not a firefighter.
contradiction	Marilyn is an electrician.	Marilyn is not an electrician.
contradiction	Michelle is an artist.	Michelle is not an artist.
contradiction	Joseph is an electrician.	Joseph is not an electrician.
contradiction	Kelly is a writer.	Kelly is not a writer.
contradiction	Leslie is an accountant.	Leslie is not an accountant.
contradiction	Albert is a judge.	Albert is not a judge.
contradiction	Harry is a lecturer.	Harry is not a lecturer.
contradiction	Joseph is a physician.	Joseph is not a physician.
contradiction	Sue is a designer.	Sue is not a designer.
contradiction	Harry is a secretary.	Harry is not a secretary.
contradiction	Rebecca is a firefighter.	Rebecca is not a firefighter.
contradiction	Nicole is a farmer.	Nicole is not a farmer.
contradiction	Kelly is a firefighter.	Kelly is not a firefighter.
contradiction	Barbara is an economist.	Barbara is not an economist.
contradiction	Alison is a scientist.	Alison is not a scientist.
contradiction	Daniel is a plumber.	Daniel is not a plumber.
contradiction	Jerry is a writer.	Jerry is not a writer.
contradiction	Carolyn is a tailor.	Carolyn is not a tailor.
contradiction	Billy is a judge.	Billy is not a judge.
contradiction	Stephanie is a designer.	Stephanie is not a designer.
contradiction	Carolyn is an actor.	Carolyn is not an actor.
contradiction	Jerry is an electrician.	Jerry is not an electrician.
contradiction	Maria is a journalist.	Maria is not a journalist.
contradiction	Pamela is a journalist.	Pamela is not a journalist.
contradiction	Dave is a cook.	Dave is not a cook.
contradiction	Joe is a plumber.	Joe is not a plumber.
contradiction	Samuel is a writer.	Samuel is not a writer.
contradiction	Ryan is an engineer.	Ryan is not an engineer.
contradiction	Albert is a journalist.	Albert is not a journalist.
contradiction	Kim is a dietitian.	Kim is not a dietitian.
contradiction	Jessica is an author.	Jessica is not an author.
contradiction	Paul is an author.	Paul is not an author.
contradiction	Fred is a designer.	Fred is not a designer.
contradiction	Grace is a scientist.	Grace is not a scientist.
contradiction	Jonathan is an electrician.	Jonathan is not an electrician.
contradiction	Ed is a cook.	Ed is not a cook.
contradiction	Florence is a dentist.	Florence is not a dentist.
contradiction	Chris is a secretary.	Chris is not a secretary.
contradiction	Harriet is an aviator.	Harriet is not an aviator.
contradiction	Barbara is an actor.	Barbara is not an actor.
contradiction	Simon is a dietitian.	Simon is not a dietitian.
contradiction	Alison is an economist.	Alison is not an economist.
contradiction	Al is a firefighter.	Al is not a firefighter.
contradiction	Suzanne is an engineer.	Suzanne is not an engineer.
contradiction	Adam is an aviator.	Adam is not an aviator.
contradiction	Ed is a mechanic.	Ed is not a mechanic.
contradiction	Carl is a butler.	Carl is not a butler.
contradiction	Marilyn is a dentist.	Marilyn is not a dentist.
contradiction	Andrew is a judge.	Andrew is not a judge.
contradiction	Dorothy is a secretary.	Dorothy is not a secretary.
contradiction	Martin is a farmer.	Martin is not a farmer.
contradiction	Joseph is an artist.	Joseph is not an artist.
contradiction	Rachel is an accountant.	Rachel is not an accountant.
contradiction	Kelly is a scientist.	Kelly is not a scientist.
contradiction	Rachel is a cook.	Rachel is not a cook.
contradiction	Marie is a lawyer.	Marie is not a lawyer.
contradiction	Victoria is a writer.	Victoria is not a writer.
contradiction	Judy is an author.	Judy is not an author.
contradiction	Greg is a nurse.	Greg is not a nurse.
contradiction	Eric is a writer.	Eric is not a writer.
contradiction	Rose is a physician.	Rose is not a physician.
contradiction	Alice is an accountant.	Alice is not an accountant.
contradiction	Grace is a tailor.	Grace is not a tailor.
contradiction	Lawrence is an economist.	Lawrence is not an economist.
contradiction	Alice is a professor.	Alice is not a professor.
contradiction	Fiona is an actor.	Fiona is not an actor.
contradiction	Martin is an aviator.	Martin is not an aviator.
contradiction	Heather is a mechanic.	Heather is not a mechanic.
contradiction	Carl is a physician.	Carl is not a physician.
contradiction	Eric is a cook.	Eric is not a cook.
contradiction	Barbara is a designer.	Barbara is not a designer.
contradiction	Carol is an actor.	Carol is not an actor.
contradiction	Robin is a journalist.	Robin is not a journalist.
contradiction	Mary is a photographer.	Mary is not a photographer.
contradiction	Suzanne is a lawyer.	Suzanne is not a lawyer.
contradiction	Johnny is a photographer.	Johnny is not a photographer.
contradiction	Rebecca is a teacher.	Rebecca is not a teacher.
contradiction	Jack is a dentist.	Jack is not a dentist.
contradiction	Alex is a judge.	Alex is not a judge.
contradiction	Ryan is a lecturer.	Ryan is not a lecturer.
contradiction	Dan is a model.	Dan is not a model.
contradiction	Alex is a scientist.	Alex is not a scientist.
contradiction	Emily is a plumber.	Emily is not a plumber.
contradiction	Marilyn is a dentist.	Marilyn is not a dentist.
contradiction	Sandra is a designer.	Sandra is not a designer.
contradiction	Ray is a lecturer.	Ray is not a lecturer.
contradiction	Julie is a tailor.	Julie is not a tailor.
contradiction	Andrea is a mechanic.	Andrea is not a mechanic.
contradiction	Rose is an actor.	Rose is not an actor.
contradiction	Dave is a secretary.	Dave is not a secretary.
contradiction	Jean is a nurse.	Jean is not a nurse.
contradiction	Albert is an architect.	Albert is not an architect.
contradiction	Lynn is a secretary.	Lynn is not a secretary.
contradiction	Jason is a lecturer.	Jason is not a lecturer.
contradiction	Jane is a photographer.	Jane is not a photographer.
contradiction	Bruce is a chef.	Bruce is not a chef.
contradiction	Frances is an actor.	Frances is not an actor.
contradiction	Arthur is a lawyer.	Arthur is not a lawyer.
contradiction	Benjamin is a physician.	Benjamin is not a physician.
contradiction	Dave is a photographer.	Dave is not a photographer.
contradiction	Francis is a writer.	Francis is not a writer.
contradiction	Rebecca is a scientist.	Rebecca is not a scientist.
contradiction	Jessica is a chef.	Jessica is not a chef.
contradiction	Heather is a butler.	Heather is not a butler.
contradiction	Diane is a tailor.	Diane is not a tailor.
contradiction	Sandra is an economist.	Sandra is not an economist.
contradiction	Jimmy is a secretary.	Jimmy is not a secretary.
contradiction	Anna is a dentist.	Anna is not a dentist.
contradiction	David is a firefighter.	David is not a firefighter.
contradiction	Keith is a tailor.	Keith is not a tailor.
contradiction	Alfred is an actor.	Alfred is not an actor.
contradiction	Judy is an economist.	Judy is not an economist.
contradiction	Emma is a firefighter.	Emma is not a firefighter.
contradiction	Deborah is a mechanic.	Deborah is not a mechanic.
contradiction	Frank is a hairdresser.	Frank is not a hairdresser.
contradiction	Don is a hairdresser.	Don is not a hairdresser.
contradiction	Ryan is a nurse.	Ryan is not a nurse.
contradiction	Ann is a model.	Ann is not a model.
contradiction	Edward is an actor.	Edward is not an actor.
contradiction	Annie is a cook.	Annie is not a cook.
contradiction	Jonathan is a secretary.	Jonathan is not a secretary.
contradiction	Steve is a police officer.	Steve is not a police officer.
contradiction	Nicole is a mechanic.	Nicole is not a mechanic.
contradiction	Francis is a secretary.	Francis is not a secretary.
contradiction	Roy is a nurse.	Roy is not a nurse.
contradiction	Judy is an accountant.	Judy is not an accountant.
contradiction	Richard is a teacher.	Richard is not a teacher.
contradiction	Katie is a lecturer.	Katie is not a lecturer.
contradiction	Ellen is a secretary.	Ellen is not a secretary.
contradiction	Francis is an economist.	Francis is not an economist.
contradiction	Keith is an aviator.	Keith is not an aviator.
contradiction	Kate is an engineer.	Kate is not an engineer.
contradiction	Albert is a librarian.	Albert is not a librarian.
contradiction	Martin is an artist.	Martin is not an artist.
contradiction	Diana is a farmer.	Diana is not a farmer.
contradiction	Albert is an economist.	Albert is not an economist.
contradiction	Al is a police officer.	Al is not a police officer.
contradiction	Stephen is a dietitian.	Stephen is not a dietitian.
contradiction	Diana is a model.	Diana is not a model.
contradiction	Patrick is an architect.	Patrick is not an architect.
contradiction	Daniel is a police officer.	Daniel is not a police officer.
contradiction	Paul is a lawyer.	Paul is not a lawyer.
contradiction	Edwin is a police officer.	Edwin is not a police officer.
contradiction	Marie is an economist.	Marie is not an economist.
contradiction	Alison is a lecturer.	Alison is not a lecturer.
contradiction	Bruce is an accountant.	Bruce is not an accountant.
contradiction	Alison is an economist.	Alison is not an economist.
contradiction	Henry is a nurse.	Henry is not a nurse.
contradiction	Betty is an actor.	Betty is not an actor.
contradiction	Frederick is a journalist.	Frederick is not a journalist.
contradiction	Michelle is a professor.	Michelle is not a professor.
contradiction	Arthur is a designer.	Arthur is not a designer.
contradiction	Jim is a judge.	Jim is not a judge.
contradiction	Elizabeth is a tailor.	Elizabeth is not a tailor.
contradiction	Nicole is a farmer.	Nicole is not a farmer.
contradiction	Catherine is a firefighter.	Catherine is not a firefighter.
contradiction	Wendy is a teacher.	Wendy is not a teacher.
contradiction	Barbara is a chef.	Barbara is not a chef.
contradiction	Diana is a teacher.	Diana is not a teacher.
contradiction	Marilyn is an actor.	Marilyn is not an actor.
contradiction	Alex is a lecturer.	Alex is not a lecturer.
contradiction	Jason is a plumber.	Jason is not a plumber.
contradiction	Grace is a scientist.	Grace is not a scientist.
contradiction	Ann is a mechanic.	Ann is not a mechanic.
contradiction	Kathy is a butler.	Kathy is not a butler.
contradiction	Edwin is a police officer.	Edwin is not a police officer.
contradiction	Donald is a designer.	Donald is not a designer.
contradiction	Hugh is a firefighter.	Hugh is not a firefighter.
contradiction	Leslie is a firefighter.	Leslie is not a firefighter.
contradiction	Sandra is a farmer.	Sandra is not a farmer.
contradiction	Charles is an accountant.	Charles is not an accountant.
contradiction	Larry is a physician.	Larry is not a physician.
contradiction	Eleanor is a lawyer.	Eleanor is not a lawyer.
contradiction	Amy is a lecturer.	Amy is not a lecturer.
contradiction	Ray is a butler.	Ray is not a butler.
contradiction	Charlie is an artist.	Charlie is not an artist.
contradiction	Ben is a nurse.	Ben is not a nurse.
contradiction	Jimmy is a physician.	Jimmy is not a physician.
contradiction	Kevin is a secretary.	Kevin is not a secretary.
contradiction	Caroline is a physician.	Caroline is not a physician.
contradiction	Harold is a hairdresser.	Harold is not a hairdresser.
contradiction	Stephanie is an economist.	Stephanie is not an economist.
contradiction	Maria is a scientist.	Maria is not a scientist.
contradiction	Julia is an economist.	Julia is not an economist.
contradiction	Emma is an architect.	Emma is not an architect.
contradiction	Michelle is a librarian.	Michelle is not a librarian.
contradiction	Arthur is an economist.	Arthur is not an economist.
contradiction	Kathryn is a professor.	Kathryn is not a professor.
contradiction	Donald is a tailor.	Donald is not a tailor.
contradiction	Ben is a mechanic.	Ben is not a mechanic.
contradiction	Larry is a dietitian.	Larry is not a dietitian.
contradiction	Robert is a cook.	Robert is not a cook.
contradiction	Pamela is a dentist.	Pamela is not a dentist.
contradiction	Henry is a police officer.	Henry is not a police officer.
contradiction	Angela is an economist.	Angela is not an economist.
contradiction	Angela is a dentist.	Angela is not a dentist.
contradiction	Ellen is a lawyer.	Ellen is not a lawyer.
contradiction	Margaret is a firefighter.	Margaret is not a firefighter.
contradiction	Joe is a plumber.	Joe is not a plumber.
contradiction	Ashley is an engineer.	Ashley is not an engineer.
contradiction	Cynthia is a chef.	Cynthia is not a chef.
contradiction	Rachel is an artist.	Rachel is not an artist.
contradiction	Jane is a journalist.	Jane is not a journalist.
contradiction	Frank is a hairdresser.	Frank is not a hairdresser.
contradiction	Catherine is a plumber.	Catherine is not a plumber.
contradiction	Charles is an author.	Charles is not an author.
contradiction	Jean is an electrician.	Jean is not an electrician.
contradiction	Richard is a professor.	Richard is not a professor.
contradiction	Katherine is an artist.	Katherine is not an artist.
contradiction	Roy is a judge.	Roy is not a judge.
contradiction	Evelyn is an accountant.	Evelyn is not an accountant.
contradiction	Judith is a plumber.	Judith is not a plumber.
contradiction	Stephanie is a teacher.	Stephanie is not a teacher.
contradiction	Jason is a designer.	Jason is not a designer.
contradiction	Steven is a secretary.	Steven is not a secretary.
contradiction	Judy is an engineer.	Judy is not an engineer.
contradiction	Walter is a cook.	Walter is not a cook.
contradiction	Ellen is an engineer.	Ellen is not an engineer.
contradiction	Jason is a model.	Jason is not a model.
contradiction	Samuel is an artist.	Samuel is not an artist.
contradiction	Victoria is a nurse.	Victoria is not a nurse.
contradiction	Ian is an author.	Ian is not an author.
contradiction	Andrew is an actor.	Andrew is not an actor.
contradiction	Anna is an accountant.	Anna is not an accountant.
contradiction	Lucy is a journalist.	Lucy is not a journalist.
contradiction	Edwin is a lecturer.	Edwin is not a lecturer.
contradiction	Emily is an actor.	Emily is not an actor.
contradiction	Bill is a professor.	Bill is not a professor.
contradiction	Sue is a police officer.	Sue is not a police officer.
contradiction	Adam is a photographer.	Adam is not a photographer.
contradiction	Eleanor is a police officer.	Eleanor is not a police officer.
contradiction	Matt is a writer.	Matt is not a writer.
contradiction	Scott is a lecturer.	Scott is not a lecturer.
contradiction	Evelyn is an economist.	Evelyn is not an economist.
contradiction	Judith is a cook.	Judith is not a cook.
contradiction	John is a nurse.	John is not a nurse.
contradiction	David is a lecturer.	David is not a lecturer.
contradiction	Jimmy is a physician.	Jimmy is not a physician.
contradiction	Eric is a secretary.	Eric is not a secretary.
contradiction	Jimmy is an engineer.	Jimmy is not an engineer.
contradiction	Kevin is a mechanic.	Kevin is not a mechanic.
contradiction	Catherine is a dentist.	Catherine is not a dentist.
contradiction	Harold is a hairdresser.	Harold is not a hairdresser.
contradiction	Karen is a designer.	Karen is not a designer.
contradiction	Henry is a librarian.	Henry is not a librarian.
contradiction	Walter is a journalist.	Walter is not a journalist.
contradiction	Ken is a tailor.	Ken is not a tailor.
contradiction	Virginia is a plumber.	Virginia is not a plumber.
contradiction	Louis is a hairdresser.	Louis is not a hairdresser.
contradiction	Al is a hairdresser.	Al is not a hairdresser.
contradiction	Matthew is a secretary.	Matthew is not a secretary.
contradiction	Ryan is a scientist.	Ryan is not a scientist.
contradiction	Richard is a plumber.	Richard is not a plumber.
contradiction	Adam is a nurse.	Adam is not a nurse.
contradiction	Jimmy is a photographer.	Jimmy is not a photographer.
contradiction	Betty is a tailor.	Betty is not a tailor.
contradiction	Tim is a designer.	Tim is not a designer.
contradiction	Ron is a librarian.	Ron is not a librarian.
contradiction	Katherine is a writer.	Katherine is not a writer.
contradiction	Suzanne is a teacher.	Suzanne is not a teacher.
contradiction	Grace is an engineer.	Grace is not an engineer.
contradiction	Dorothy is a cook.	Dorothy is not a cook.
contradiction	Louise is a butler.	Louise is not a butler.
contradiction	Laura is a nurse.	Laura is not a nurse.
contradiction	Tony is a nurse.	Tony is not a nurse.
contradiction	Jennifer is a butler.	Jennifer is not a butler.
contradiction	Sandra is a mechanic.	Sandra is not a mechanic.
contradiction	Frederick is a nurse.	Frederick is not a nurse.
contradiction	Michelle is a photographer.	Michelle is not a photographer.
contradiction	Paul is a police officer.	Paul is not a police officer.
contradiction	Karen is a lawyer.	Karen is not a lawyer.
contradiction	Carol is a model.	Carol is not a model.
contradiction	Ann is a designer.	Ann is not a designer.
contradiction	Jason is a butler.	Jason is not a butler.
contradiction	Bob is a firefighter.	Bob is not a firefighter.
contradiction	Robert is an actor.	Robert is not an actor.
contradiction	Jeff is an aviator.	Jeff is not an aviator.
contradiction	Nancy is a secretary.	Nancy is not a secretary.
contradiction	Mike is a police officer.	Mike is not a police officer.
contradiction	Bobby is a judge.	Bobby is not a judge.
contradiction	Alison is a journalist.	Alison is not a journalist.
contradiction	Ruth is a secretary.	Ruth is not a secretary.
contradiction	Kelly is a butler.	Kelly is not a butler.
contradiction	Howard is a lecturer.	Howard is not a lecturer.
contradiction	Tim is a model.	Tim is not a model.
contradiction	Martin is a chef.	Martin is not a chef.
contradiction	Judy is a professor.	Judy is not a professor.
contradiction	Lauren is an accountant.	Lauren is not an accountant.
contradiction	Keith is a cook.	Keith is not a cook.
contradiction	Tom is a journalist.	Tom is not a journalist.
contradiction	Christopher is a farmer.	Christopher is not a farmer.
contradiction	Robin is a firefighter.	Robin is not a firefighter.
contradiction	Katherine is a lecturer.	Katherine is not a lecturer.
contradiction	Al is a designer.	Al is not a designer.
contradiction	Jack is a dentist.	Jack is not a dentist.
contradiction	Keith is an aviator.	Keith is not an aviator.
contradiction	Grace is a mechanic.	Grace is not a mechanic.
contradiction	Janet is a teacher.	Janet is not a teacher.
contradiction	Ed is a hairdresser.	Ed is not a hairdresser.
contradiction	Louis is a photographer.	Louis is not a photographer.
contradiction	Ed is an author.	Ed is not an author.
contradiction	Fred is a writer.	Fred is not a writer.
contradiction	Jay is an aviator.	Jay is not an aviator.
contradiction	Lisa is a lawyer.	Lisa is not a lawyer.
contradiction	Ashley is a cook.	Ashley is not a cook.
contradiction	Sandra is a physician.	Sandra is not a physician.
contradiction	Michael is a dietitian.	Michael is not a dietitian.
contradiction	Sam is a butler.	Sam is not a butler.
contradiction	Bill is an economist.	Bill is not an economist.
contradiction	Scott is a dietitian.	Scott is not a dietitian.
contradiction	Tom is a farmer.	Tom is not a farmer.
contradiction	Robert is an accountant.	Robert is not an accountant.
contradiction	Annie is a professor.	Annie is not a professor.
contradiction	Susan is an engineer.	Susan is not an engineer.
contradiction	Anthony is a lecturer.	Anthony is not a lecturer.
contradiction	Sandra is a butler.	Sandra is not a butler.
contradiction	Martha is a dentist.	Martha is not a dentist.
contradiction	Kevin is a writer.	Kevin is not a writer.
contradiction	Edward is a journalist.	Edward is not a journalist.
contradiction	Alan is a dentist.	Alan is not a dentist.
contradiction	Greg is a model.	Greg is not a model.
contradiction	Chris is an aviator.	Chris is not an aviator.
contradiction	Patrick is a tailor.	Patrick is not a tailor.
contradiction	Howard is an economist.	Howard is not an economist.
contradiction	Mike is an actor.	Mike is not an actor.
contradiction	Robin is a scientist.	Robin is not a scientist.
contradiction	Jean is a farmer.	Jean is not a farmer.
contradiction	Anne is an aviator.	Anne is not an aviator.
contradiction	Diana is an engineer.	Diana is not an engineer.
contradiction	Jennifer is a mechanic.	Jennifer is not a mechanic.
contradiction	Henry is an electrician.	Henry is not an electrician.
contradiction	Steven is a lecturer.	Steven is not a lecturer.
contradiction	Heather is a judge.	Heather is not a judge.
contradiction	Tom is a firefighter.	Tom is not a firefighter.
contradiction	Sara is a photographer.	Sara is not a photographer.
contradiction	Jerry is an artist.	Jerry is not an artist.
contradiction	Kelly is a photographer.	Kelly is not a photographer.
contradiction	Joe is an engineer.	Joe is not an engineer.
contradiction	Greg is a mechanic.	Greg is not a mechanic.
contradiction	Catherine is an actor.	Catherine is not an actor.
contradiction	Elaine is a butler.	Elaine is not a butler.
contradiction	Chris is a hairdresser.	Chris is not a hairdresser.
contradiction	James is a librarian.	James is not a librarian.
contradiction	Ron is a scientist.	Ron is not a scientist.
contradiction	Anna is an author.	Anna is not an author.
contradiction	Judy is a librarian.	Judy is not a librarian.
contradiction	Greg is a journalist.	Greg is not a journalist.
contradiction	Bob is a farmer.	Bob is not a farmer.
contradiction	Mary is an architect.	Mary is not an architect.
contradiction	Eric is a journalist.	Eric is not a journalist.
contradiction	Frank is a dentist.	Frank is not a dentist.
contradiction	Eric is a secretary.	Eric is not a secretary.
contradiction	Walter is a judge.	Walter is not a judge.
contradiction	Heather is a farmer.	Heather is not a farmer.
contradiction	Rebecca is a lawyer.	Rebecca is not a lawyer.
contradiction	Jimmy is a farmer.	Jimmy is not a farmer.
contradiction	Kathleen is a cook.	Kathleen is not a cook.
contradiction	Eric is an engineer.	Eric is not an engineer.
contradiction	Hugh is a physician.	Hugh is not a physician.
contradiction	Jennifer is an accountant.	Jennifer is not an accountant.
contradiction	Ken is a hairdresser.	Ken is not a hairdresser.
contradiction	Sara is a plumber.	Sara is not a plumber.
contradiction	Bill is a dietitian.	Bill is not a dietitian.
contradiction	Lawrence is a mechanic.	Lawrence is not a mechanic.
contradiction	Charlotte is a model.	Charlotte is not a model.
contradiction	Catherine is a designer.	Catherine is not a designer.
contradiction	Gary is a lecturer.	Gary is not a lecturer.
contradiction	Ken is a physician.	Ken is not a physician.
contradiction	Steven is a secretary.	Steven is not a secretary.
contradiction	Jennifer is a librarian.	Jennifer is not a librarian.
contradiction	Anna is a tailor.	Anna is not a tailor.
contradiction	George is a plumber.	George is not a plumber.
contradiction	Marie is a plumber.	Marie is not a plumber.
contradiction	Philip is an artist.	Philip is not an artist.
contradiction	Victoria is an artist.	Victoria is not an artist.
contradiction	Jean is a farmer.	Jean is not a farmer.
contradiction	Nicole is a cook.	Nicole is not a cook.
contradiction	Rose is a mechanic.	Rose is not a mechanic.
contradiction	Arthur is a farmer.	Arthur is not a farmer.
contradiction	Patricia is a hairdresser.	Patricia is not a hairdresser.
contradiction	Judy is a judge.	Judy is not a judge.
contradiction	Bob is an aviator.	Bob is not an aviator.
contradiction	Wendy is a lawyer.	Wendy is not a lawyer.
contradiction	Roger is a dietitian.	Roger is not a dietitian.
contradiction	Philip is an architect.	Philip is not an architect.
contradiction	Mark is a mechanic.	Mark is not a mechanic.
contradiction	John is a police officer.	John is not a police officer.
contradiction	Paul is a judge.	Paul is not a judge.
contradiction	Leslie is an architect.	Leslie is not an architect.
contradiction	Katherine is a police officer.	Katherine is not a police officer.
contradiction	Maria is a model.	Maria is not a model.
contradiction	Lauren is a model.	Lauren is not a model.
contradiction	Bob is a dietitian.	Bob is not a dietitian.
contradiction	Louis is a farmer.	Louis is not a farmer.
contradiction	John is a journalist.	John is not a journalist.
contradiction	Lynn is a judge.	Lynn is not a judge.
contradiction	Walter is a butler.	Walter is not a butler.
contradiction	Michael is a chef.	Michael is not a chef.
contradiction	Julia is a nurse.	Julia is not a nurse.
contradiction	Linda is a dentist.	Linda is not a dentist.
contradiction	Ruth is an electrician.	Ruth is not an electrician.
contradiction	Larry is a dietitian.	Larry is not a dietitian.
contradiction	Kevin is a chef.	Kevin is not a chef.
contradiction	Kevin is a librarian.	Kevin is not a librarian.
contradiction	Louis is a hairdresser.	Louis is not a hairdresser.
contradiction	Alison is a secretary.	Alison is not a secretary.
contradiction	Kathleen is an artist.	Kathleen is not an artist.
contradiction	Jessica is a professor.	Jessica is not a professor.
contradiction	Michael is a scientist.	Michael is not a scientist.
contradiction	Bob is a chef.	Bob is not a chef.
contradiction	Barbara is an accountant.	Barbara is not an accountant.
contradiction	Lisa is an architect.	Lisa is not an architect.
contradiction	Howard is a cook.	Howard is not a cook.
contradiction	Howard is a judge.	Howard is not a judge.
contradiction	Ben is a model.	Ben is not a model.
contradiction	Amanda is a professor.	Amanda is not a professor.
contradiction	Patrick is a lawyer.	Patrick is not a lawyer.
contradiction	Johnny is an engineer.	Johnny is not an engineer.
contradiction	Judith is an engineer.	Judith is not an engineer.
contradiction	Al is a writer.	Al is not a writer.
contradiction	Maria is an electrician.	Maria is not an electrician.
contradiction	James is a secretary.	James is not a secretary.
contradiction	Dan is a plumber.	Dan is not a plumber.
contradiction	Dan is a police officer.	Dan is not a police officer.
contradiction	Angela is a photographer.	Angela is not a photographer.
contradiction	Claire is a librarian.	Claire is not a librarian.
contradiction	Carolyn is a chef.	Carolyn is not a chef.
contradiction	Jean is a plumber.	Jean is not a plumber.
contradiction	Ray is an artist.	Ray is not an artist.
contradiction	Judy is a nurse.	Judy is not a nurse.
contradiction	John is a hairdresser.	John is not a hairdresser.
contradiction	Michael is a tailor.	Michael is not a tailor.
contradiction	Linda is a hairdresser.	Linda is not a hairdresser.
contradiction	Jim is a nurse.	Jim is not a nurse.
contradiction	Benjamin is a lawyer.	Benjamin is not a lawyer.
contradiction	Simon is a designer.	Simon is not a designer.
contradiction	Thomas is a model.	Thomas is not a model.
contradiction	Laura is a judge.	Laura is not a judge.
contradiction	Alexandra is a firefighter.	Alexandra is not a firefighter.
contradiction	Margaret is a mechanic.	Margaret is not a mechanic.
contradiction	Jack is a physician.	Jack is not a physician.
contradiction	Sam is an author.	Sam is not an author.
contradiction	James is an electrician.	James is not an electrician.
contradiction	Bill is an engineer.	Bill is not an engineer.
contradiction	Rachel is a judge.	Rachel is not a judge.
contradiction	Nicole is an aviator.	Nicole is not an aviator.
contradiction	Margaret is a tailor.	Margaret is not a tailor.
contradiction	Sarah is a butler.	Sarah is not a butler.
contradiction	Virginia is a cook.	Virginia is not a cook.
contradiction	Christopher is an architect.	Christopher is not an architect.
contradiction	Ellen is a dentist.	Ellen is not a dentist.
contradiction	Julie is an accountant.	Julie is not an accountant.
contradiction	Wendy is a chef.	Wendy is not a chef.
contradiction	Amy is a journalist.	Amy is not a journalist.
contradiction	Adam is a mechanic.	Adam is not a mechanic.
contradiction	Kelly is an accountant.	Kelly is not an accountant.
contradiction	Richard is a physician.	Richard is not a physician.
contradiction	Anne is a mechanic.	Anne is not a mechanic.
contradiction	Claire is an artist.	Claire is not an artist.
contradiction	Mary is an author.	Mary is not an author.
contradiction	Adam is a designer.	Adam is not a designer.
contradiction	Julia is a butler.	Julia is not a butler.
contradiction	Walter is a librarian.	Walter is not a librarian.
contradiction	Caroline is a physician.	Caroline is not a physician.
contradiction	Laura is a butler.	Laura is not a butler.
contradiction	Edith is a mechanic.	Edith is not a mechanic.
contradiction	James is a photographer.	James is not a photographer.
contradiction	Christopher is an architect.	Christopher is not an architect.
contradiction	Daniel is a professor.	Daniel is not a professor.
contradiction	Lisa is an accountant.	Lisa is not an accountant.
contradiction	Jack is a professor.	Jack is not a professor.
contradiction	Joseph is a farmer.	Joseph is not a farmer.
contradiction	John is a plumber.	John is not a plumber.
contradiction	Andrea is a cook.	Andrea is not a cook.
contradiction	Kathy is a lawyer.	Kathy is not a lawyer.
contradiction	Ian is a librarian.	Ian is not a librarian.
contradiction	Jim is a nurse.	Jim is not a nurse.
contradiction	Louis is an aviator.	Louis is not an aviator.
contradiction	Jill is a nurse.	Jill is not a nurse.
contradiction	Nancy is a mechanic.	Nancy is not a mechanic.
contradiction	Alex is a physician.	Alex is not a physician.
contradiction	William is a butler.	William is not a butler.
contradiction	Ken is a professor.	Ken is not a professor.
contradiction	Evelyn is a lecturer.	Evelyn is not a lecturer.
contradiction	Dorothy is a scientist.	Dorothy is not a scientist.
contradiction	Matt is a hairdresser.	Matt is not a hairdresser.
contradiction	Eleanor is a police officer.	Eleanor is not a police officer.
contradiction	Roger is a lecturer.	Roger is not a lecturer.
contradiction	Ryan is a scientist.	Ryan is not a scientist.
contradiction	Louise is an engineer.	Louise is not an engineer.
contradiction	Leslie is a librarian.	Leslie is not a librarian.
contradiction	Harold is a police officer.	Harold is not a police officer.
contradiction	Joan is an accountant.	Joan is not an accountant.
contradiction	Bobby is an aviator.	Bobby is not an aviator.
contradiction	Scott is an economist.	Scott is not an economist.
contradiction	Louis is a nurse.	Louis is not a nurse.
contradiction	Caroline is a lawyer.	Caroline is not a lawyer.
contradiction	Arthur is a scientist.	Arthur is not a scientist.
contradiction	Jay is a chef.	Jay is not a chef.
contradiction	Sue is a firefighter.	Sue is not a firefighter.
contradiction	Louise is a judge.	Louise is not a judge.
contradiction	Dick is an author.	Dick is not an author.
contradiction	Gary is an accountant.	Gary is not an accountant.
contradiction	Martin is an artist.	Martin is not an artist.
contradiction	George is an artist.	George is not an artist.
contradiction	Martin is an accountant.	Martin is not an accountant.
contradiction	Stephanie is a lecturer.	Stephanie is not a lecturer.
contradiction	Ralph is a butler.	Ralph is not a butler.
contradiction	Grace is a tailor.	Grace is not a tailor.
contradiction	Patrick is a judge.	Patrick is not a judge.
contradiction	Edward is a lawyer.	Edward is not a lawyer.
contradiction	Billy is a nurse.	Billy is not a nurse.
contradiction	Carl is an accountant.	Carl is not an accountant.
contradiction	Elizabeth is a mechanic.	Elizabeth is not a mechanic.
contradiction	Ralph is a police officer.	Ralph is not a police officer.
contradiction	Kathy is an architect.	Kathy is not an architect.
contradiction	Alex is a teacher.	Alex is not a teacher.
contradiction	Gary is a teacher.	Gary is not a teacher.
contradiction	Charles is a dentist.	Charles is not a dentist.
contradiction	Dorothy is a journalist.	Dorothy is not a journalist.
contradiction	Bill is a lawyer.	Bill is not a lawyer.
contradiction	Don is a plumber.	Don is not a plumber.
contradiction	Diane is a journalist.	Diane is not a journalist.
contradiction	Tom is a secretary.	Tom is not a secretary.
contradiction	Linda is a cook.	Linda is not a cook.
contradiction	Carol is a physician.	Carol is not a physician.
contradiction	Ken is a tailor.	Ken is not a tailor.
contradiction	Gary is a hairdresser.	Gary is not a hairdresser.
contradiction	Frank is an electrician.	Frank is not an electrician.
contradiction	Nancy is a teacher.	Nancy is not a teacher.
contradiction	Elaine is a farmer.	Elaine is not a farmer.
contradiction	Peter is an electrician.	Peter is not an electrician.
contradiction	Katherine is an architect.	Katherine is not an architect.
contradiction	Kenneth is a physician.	Kenneth is not a physician.
contradiction	Suzanne is a teacher.	Suzanne is not a teacher.
contradiction	Amy is a mechanic.	Amy is not a mechanic.
contradiction	Steve is a lecturer.	Steve is not a lecturer.
contradiction	Scott is a dentist.	Scott is not a dentist.
contradiction	Jay is a dentist.	Jay is not a dentist.
contradiction	Simon is a photographer.	Simon is not a photographer.
contradiction	Edwin is a plumber.	Edwin is not a plumber.
contradiction	Charles is a teacher.	Charles is not a teacher.
contradiction	Mark is a model.	Mark is not a model.
contradiction	David is a teacher.	David is not a teacher.
contradiction	Jennifer is a firefighter.	Jennifer is not a firefighter.
contradiction	Kate is a scientist.	Kate is not a scientist.
contradiction	Francis is a butler.	Francis is not a butler.
contradiction	Robin is a librarian.	Robin is not a librarian.
contradiction	David is a farmer.	David is not a farmer.
contradiction	Gary is a nurse.	Gary is not a nurse.
contradiction	Linda is a secretary.	Linda is not a secretary.
contradiction	Andrea is a journalist.	Andrea is not a journalist.
contradiction	Jessica is a judge.	Jessica is not a judge.
contradiction	Roy is a lawyer.	Roy is not a lawyer.
contradiction	Frederick is a judge.	Frederick is not a judge.
contradiction	Stephanie is a tailor.	Stephanie is not a tailor.
contradiction	Annie is a lawyer.	Annie is not a lawyer.
contradiction	Henry is a lawyer.	Henry is not a lawyer.
contradiction	Tim is a plumber.	Tim is not a plumber.
contradiction	Arthur is a journalist.	Arthur is not a journalist.
contradiction	Anthony is a teacher.	Anthony is not a teacher.
contradiction	Diana is a scientist.	Diana is not a scientist.
contradiction	Alexandra is a plumber.	Alexandra is not a plumber.
contradiction	Marilyn is an artist.	Marilyn is not an artist.
contradiction	Andrew is an accountant.	Andrew is not an accountant.
contradiction	Alan is an electrician.	Alan is not an electrician.
contradiction	Ralph is a cook.	Ralph is not a cook.
contradiction	Gary is a designer.	Gary is not a designer.
contradiction	Chris is an architect.	Chris is not an architect.
contradiction	Scott is a hairdresser.	Scott is not a hairdresser.
contradiction	Henry is a librarian.	Henry is not a librarian.
contradiction	Robert is a lawyer.	Robert is not a lawyer.
contradiction	Dick is a police officer.	Dick is not a police officer.
contradiction	Annie is a lawyer.	Annie is not a lawyer.
contradiction	Jane is a farmer.	Jane is not a farmer.
contradiction	Julia is an actor.	Julia is not an actor.
contradiction	George is a dentist.	George is not a dentist.
contradiction	Roger is an author.	Roger is not an author.
contradiction	Claire is a dietitian.	Claire is not a dietitian.
contradiction	Kathryn is a lawyer.	Kathryn is not a lawyer.
contradiction	Albert is a secretary.	Albert is not a secretary.
