entailment	Ben has 3 dollars. He received 7 more dollars.	Ben now has 10 dollars.
entailment	Jane has 7 dollars. She received 3 more dollars.	Jane now has 10 dollars.
entailment	Suzanne has 10 dollars. She received 2 more dollars.	Suzanne now has 12 dollars.
entailment	Anna has 9 dollars. She received 5 more dollars.	Anna now has 14 dollars.
entailment	Edward has 3 dollars. He received 10 more dollars.	Edward now has 13 dollars.
entailment	Christopher has 6 dollars. He received 8 more dollars.	Christopher now has 14 dollars.
entailment	Edward has 10 dollars. He received 6 more dollars.	Edward now has 16 dollars.
entailment	Albert has 3 dollars. He received 10 more dollars.	Albert now has 13 dollars.
entailment	John has 3 dollars. He received 8 more dollars.	John now has 11 dollars.
entailment	Joe has 2 dollars. He received 7 more dollars.	Joe now has 9 dollars.
entailment	Lisa has 7 dollars. She received 4 more dollars.	Lisa now has 11 dollars.
entailment	Simon has 7 dollars. He received 2 more dollars.	Simon now has 9 dollars.
entailment	Lisa has 2 dollars. She received 4 more dollars.	Lisa now has 6 dollars.
entailment	Diane has 6 dollars. She received 10 more dollars.	Diane now has 16 dollars.
entailment	Ruth has 4 dollars. She received 8 more dollars.	Ruth now has 12 dollars.
entailment	Diana has 3 dollars. She received 5 more dollars.	Diana now has 8 dollars.
entailment	Rose has 2 dollars. She received 3 more dollars.	Rose now has 5 dollars.
entailment	Jennifer has 10 dollars. She received 5 more dollars.	Jennifer now has 15 dollars.
entailment	Sarah has 6 dollars. She received 9 more dollars.	Sarah now has 15 dollars.
entailment	Jeff has 8 dollars. He received 10 more dollars.	Jeff now has 18 dollars.
entailment	Sarah has 2 dollars. She received 10 more dollars.	Sarah now has 12 dollars.
entailment	Dave has 7 dollars. He received 2 more dollars.	Dave now has 9 dollars.
entailment	Eric has 10 dollars. He received 5 more dollars.	Eric now has 15 dollars.
entailment	Harriet has 9 dollars. She received 7 more dollars.	Harriet now has 16 dollars.
entailment	Jeff has 9 dollars. He received 5 more dollars.	Jeff now has 14 dollars.
entailment	Bob has 7 dollars. He received 4 more dollars.	Bob now has 11 dollars.
entailment	Angela has 8 dollars. She received 6 more dollars.	Angela now has 14 dollars.
entailment	Kim has 5 dollars. She received 7 more dollars.	Kim now has 12 dollars.
entailment	Barbara has 8 dollars. She received 7 more dollars.	Barbara now has 15 dollars.
entailment	Kathleen has 8 dollars. She received 4 more dollars.	Kathleen now has 12 dollars.
entailment	Michael has 4 dollars. He received 9 more dollars.	Michael now has 13 dollars.
entailment	Harriet has 4 dollars. She received 5 more dollars.	Harriet now has 9 dollars.
entailment	Angela has 5 dollars. She received 3 more dollars.	Angela now has 8 dollars.
entailment	Jay has 6 dollars. He received 8 more dollars.	Jay now has 14 dollars.
entailment	Judy has 10 dollars. She received 6 more dollars.	Judy now has 16 dollars.
entailment	Steven has 9 dollars. He received 4 more dollars.	Steven now has 13 dollars.
entailment	Edward has 5 dollars. He received 2 more dollars.	Edward now has 7 dollars.
entailment	Samuel has 10 dollars. He received 3 more dollars.	Samuel now has 13 dollars.
entailment	Richard has 9 dollars. He received 7 more dollars.	Richard now has 16 dollars.
entailment	Lisa has 2 dollars. She received 10 more dollars.	Lisa now has 12 dollars.
entailment	Christopher has 2 dollars. He received 7 more dollars.	Christopher now has 9 dollars.
entailment	Judith has 5 dollars. She received 8 more dollars.	Judith now has 13 dollars.
entailment	Julie has 2 dollars. She received 4 more dollars.	Julie now has 6 dollars.
entailment	Hugh has 6 dollars. He received 10 more dollars.	Hugh now has 16 dollars.
entailment	Kathy has 6 dollars. She received 5 more dollars.	Kathy now has 11 dollars.
entailment	Melissa has 7 dollars. She received 2 more dollars.	Melissa now has 9 dollars.
entailment	Amy has 8 dollars. She received 3 more dollars.	Amy now has 11 dollars.
entailment	Roger has 2 dollars. He received 6 more dollars.	Roger now has 8 dollars.
entailment	Keith has 6 dollars. He received 8 more dollars.	Keith now has 14 dollars.
entailment	Christopher has 9 dollars. He received 10 more dollars.	Christopher now has 19 dollars.
entailment	Paul has 6 dollars. He received 9 more dollars.	Paul now has 15 dollars.
entailment	Alice has 3 dollars. She received 5 more dollars.	Alice now has 8 dollars.
entailment	Lucy has 4 dollars. She received 9 more dollars.	Lucy now has 13 dollars.
entailment	Donna has 2 dollars. She received 7 more dollars.	Donna now has 9 dollars.
entailment	Patricia has 9 dollars. She received 7 more dollars.	Patricia now has 16 dollars.
entailment	Martha has 4 dollars. She received 9 more dollars.	Martha now has 13 dollars.
entailment	Sam has 6 dollars. He received 3 more dollars.	Sam now has 9 dollars.
entailment	Bill has 7 dollars. He received 6 more dollars.	Bill now has 13 dollars.
entailment	Louise has 7 dollars. She received 10 more dollars.	Louise now has 17 dollars.
entailment	Patricia has 9 dollars. She received 7 more dollars.	Patricia now has 16 dollars.
entailment	Alice has 6 dollars. She received 10 more dollars.	Alice now has 16 dollars.
entailment	Ian has 4 dollars. He received 10 more dollars.	Ian now has 14 dollars.
entailment	George has 3 dollars. He received 7 more dollars.	George now has 10 dollars.
entailment	Sally has 5 dollars. She received 6 more dollars.	Sally now has 11 dollars.
entailment	Alexander has 2 dollars. He received 3 more dollars.	Alexander now has 5 dollars.
entailment	Martha has 2 dollars. She received 10 more dollars.	Martha now has 12 dollars.
entailment	Roy has 3 dollars. He received 9 more dollars.	Roy now has 12 dollars.
entailment	Ralph has 2 dollars. He received 4 more dollars.	Ralph now has 6 dollars.
entailment	Bobby has 7 dollars. He received 2 more dollars.	Bobby now has 9 dollars.
entailment	Evelyn has 5 dollars. She received 4 more dollars.	Evelyn now has 9 dollars.
entailment	Roger has 3 dollars. He received 2 more dollars.	Roger now has 5 dollars.
entailment	Patrick has 10 dollars. He received 4 more dollars.	Patrick now has 14 dollars.
entailment	Margaret has 4 dollars. She received 3 more dollars.	Margaret now has 7 dollars.
entailment	Frances has 6 dollars. She received 3 more dollars.	Frances now has 9 dollars.
entailment	Richard has 8 dollars. He received 10 more dollars.	Richard now has 18 dollars.
entailment	Ben has 5 dollars. He received 3 more dollars.	Ben now has 8 dollars.
entailment	Sandra has 5 dollars. She received 9 more dollars.	Sandra now has 14 dollars.
entailment	Gary has 8 dollars. He received 5 more dollars.	Gary now has 13 dollars.
entailment	Hugh has 5 dollars. He received 6 more dollars.	Hugh now has 11 dollars.
entailment	Kenneth has 6 dollars. He received 3 more dollars.	Kenneth now has 9 dollars.
entailment	Ashley has 6 dollars. She received 8 more dollars.	Ashley now has 14 dollars.
entailment	Rachel has 5 dollars. She received 10 more dollars.	Rachel now has 15 dollars.
entailment	Alexandra has 5 dollars. She received 6 more dollars.	Alexandra now has 11 dollars.
entailment	Albert has 8 dollars. He received 3 more dollars.	Albert now has 11 dollars.
entailment	Edith has 8 dollars. She received 10 more dollars.	Edith now has 18 dollars.
entailment	Louise has 8 dollars. She received 3 more dollars.	Louise now has 11 dollars.
entailment	Christopher has 10 dollars. He received 4 more dollars.	Christopher now has 14 dollars.
entailment	Eric has 7 dollars. He received 5 more dollars.	Eric now has 12 dollars.
entailment	Bill has 6 dollars. He received 10 more dollars.	Bill now has 16 dollars.
entailment	Sarah has 2 dollars. She received 5 more dollars.	Sarah now has 7 dollars.
entailment	Elizabeth has 9 dollars. She received 3 more dollars.	Elizabeth now has 12 dollars.
entailment	Frances has 2 dollars. She received 10 more dollars.	Frances now has 12 dollars.
entailment	Kelly has 7 dollars. She received 8 more dollars.	Kelly now has 15 dollars.
entailment	Edith has 6 dollars. She received 2 more dollars.	Edith now has 8 dollars.
entailment	Emily has 8 dollars. She received 4 more dollars.	Emily now has 12 dollars.
entailment	Ralph has 7 dollars. He received 8 more dollars.	Ralph now has 15 dollars.
entailment	Charles has 3 dollars. He received 2 more dollars.	Charles now has 5 dollars.
entailment	Kathleen has 2 dollars. She received 7 more dollars.	Kathleen now has 9 dollars.
entailment	Al has 4 dollars. He received 5 more dollars.	Al now has 9 dollars.
entailment	Kate has 9 dollars. She received 10 more dollars.	Kate now has 19 dollars.
entailment	Ed has 5 dollars. He received 3 more dollars.	Ed now has 8 dollars.
entailment	Arthur has 7 dollars. He received 10 more dollars.	Arthur now has 17 dollars.
entailment	Edwin has 4 dollars. He received 9 more dollars.	Edwin now has 13 dollars.
entailment	Susan has 4 dollars. She received 5 more dollars.	Susan now has 9 dollars.
entailment	Jennifer has 8 dollars. She received 7 more dollars.	Jennifer now has 15 dollars.
entailment	Bill has 7 dollars. He received 4 more dollars.	Bill now has 11 dollars.
entailment	William has 9 dollars. He received 6 more dollars.	William now has 15 dollars.
entailment	Sue has 7 dollars. She received 4 more dollars.	Sue now has 11 dollars.
entailment	Joan has 2 dollars. She received 7 more dollars.	Joan now has 9 dollars.
entailment	Lisa has 2 dollars. She received 9 more dollars.	Lisa now has 11 dollars.
entailment	Louis has 5 dollars. He received 8 more dollars.	Louis now has 13 dollars.
entailment	Diana has 6 dollars. She received 7 more dollars.	Diana now has 13 dollars.
entailment	Janet has 8 dollars. She received 3 more dollars.	Janet now has 11 dollars.
entailment	Bruce has 6 dollars. He received 4 more dollars.	Bruce now has 10 dollars.
entailment	Susan has 3 dollars. She received 2 more dollars.	Susan now has 5 dollars.
entailment	Edith has 6 dollars. She received 4 more dollars.	Edith now has 10 dollars.
entailment	Keith has 9 dollars. He received 7 more dollars.	Keith now has 16 dollars.
entailment	Kathryn has 10 dollars. She received 7 more dollars.	Kathryn now has 17 dollars.
entailment	Keith has 7 dollars. He received 6 more dollars.	Keith now has 13 dollars.
entailment	Sam has 7 dollars. He received 3 more dollars.	Sam now has 10 dollars.
entailment	Helen has 9 dollars. She received 5 more dollars.	Helen now has 14 dollars.
entailment	Barbara has 6 dollars. She received 7 more dollars.	Barbara now has 13 dollars.
entailment	Dan has 10 dollars. He received 4 more dollars.	Dan now has 14 dollars.
entailment	Chris has 4 dollars. He received 7 more dollars.	Chris now has 11 dollars.
entailment	Joe has 7 dollars. He received 9 more dollars.	Joe now has 16 dollars.
entailment	Karen has 6 dollars. She received 3 more dollars.	Karen now has 9 dollars.
entailment	Fiona has 7 dollars. She received 4 more dollars.	Fiona now has 11 dollars.
entailment	Ed has 6 dollars. He received 9 more dollars.	Ed now has 15 dollars.
entailment	Lauren has 10 dollars. She received 2 more dollars.	Lauren now has 12 dollars.
entailment	Kathryn has 10 dollars. She received 9 more dollars.	Kathryn now has 19 dollars.
entailment	Ann has 6 dollars. She received 9 more dollars.	Ann now has 15 dollars.
entailment	Alice has 3 dollars. She received 9 more dollars.	Alice now has 12 dollars.
entailment	Stephen has 5 dollars. He received 7 more dollars.	Stephen now has 12 dollars.
entailment	Laura has 10 dollars. She received 6 more dollars.	Laura now has 16 dollars.
entailment	Lucy has 6 dollars. She received 9 more dollars.	Lucy now has 15 dollars.
entailment	Gary has 8 dollars. He received 2 more dollars.	Gary now has 10 dollars.
entailment	Alan has 8 dollars. He received 9 more dollars.	Alan now has 17 dollars.
entailment	Gary has 2 dollars. He received 7 more dollars.	Gary now has 9 dollars.
entailment	Kevin has 4 dollars. He received 5 more dollars.	Kevin now has 9 dollars.
entailment	Howard has 3 dollars. He received 7 more dollars.	Howard now has 10 dollars.
entailment	Alison has 9 dollars. She received 5 more dollars.	Alison now has 14 dollars.
entailment	Frederick has 9 dollars. He received 5 more dollars.	Frederick now has 14 dollars.
entailment	Samuel has 4 dollars. He received 2 more dollars.	Samuel now has 6 dollars.
entailment	Mary has 7 dollars. She received 3 more dollars.	Mary now has 10 dollars.
entailment	Tim has 7 dollars. He received 10 more dollars.	Tim now has 17 dollars.
entailment	Bruce has 10 dollars. He received 4 more dollars.	Bruce now has 14 dollars.
entailment	Peter has 6 dollars. He received 10 more dollars.	Peter now has 16 dollars.
entailment	Sue has 10 dollars. She received 3 more dollars.	Sue now has 13 dollars.
entailment	Michael has 2 dollars. He received 8 more dollars.	Michael now has 10 dollars.
entailment	Benjamin has 5 dollars. He received 3 more dollars.	Benjamin now has 8 dollars.
entailment	Kim has 9 dollars. She received 5 more dollars.	Kim now has 14 dollars.
entailment	Sue has 9 dollars. She received 7 more dollars.	Sue now has 16 dollars.
entailment	Ashley has 7 dollars. She received 6 more dollars.	Ashley now has 13 dollars.
entailment	Jeff has 4 dollars. He received 2 more dollars.	Jeff now has 6 dollars.
entailment	Robert has 5 dollars. He received 8 more dollars.	Robert now has 13 dollars.
entailment	Claire has 6 dollars. She received 10 more dollars.	Claire now has 16 dollars.
entailment	Janet has 7 dollars. She received 5 more dollars.	Janet now has 12 dollars.
entailment	Leslie has 3 dollars. She received 4 more dollars.	Leslie now has 7 dollars.
entailment	Alison has 6 dollars. She received 10 more dollars.	Alison now has 16 dollars.
entailment	Ralph has 6 dollars. He received 9 more dollars.	Ralph now has 15 dollars.
entailment	Roger has 9 dollars. He received 2 more dollars.	Roger now has 11 dollars.
entailment	Tony has 6 dollars. He received 5 more dollars.	Tony now has 11 dollars.
entailment	Edward has 3 dollars. He received 7 more dollars.	Edward now has 10 dollars.
entailment	Grace has 2 dollars. She received 9 more dollars.	Grace now has 11 dollars.
entailment	Edward has 6 dollars. He received 9 more dollars.	Edward now has 15 dollars.
entailment	Joan has 3 dollars. She received 6 more dollars.	Joan now has 9 dollars.
entailment	Sue has 5 dollars. She received 2 more dollars.	Sue now has 7 dollars.
entailment	Caroline has 5 dollars. She received 10 more dollars.	Caroline now has 15 dollars.
entailment	Ralph has 10 dollars. He received 3 more dollars.	Ralph now has 13 dollars.
entailment	Deborah has 2 dollars. She received 9 more dollars.	Deborah now has 11 dollars.
entailment	Kathleen has 8 dollars. She received 2 more dollars.	Kathleen now has 10 dollars.
entailment	Harriet has 2 dollars. She received 4 more dollars.	Harriet now has 6 dollars.
entailment	Anthony has 4 dollars. He received 6 more dollars.	Anthony now has 10 dollars.
entailment	Alex has 2 dollars. He received 7 more dollars.	Alex now has 9 dollars.
entailment	Helen has 10 dollars. She received 9 more dollars.	Helen now has 19 dollars.
entailment	Annie has 6 dollars. She received 3 more dollars.	Annie now has 9 dollars.
entailment	Sue has 7 dollars. She received 8 more dollars.	Sue now has 15 dollars.
entailment	Kelly has 5 dollars. She received 7 more dollars.	Kelly now has 12 dollars.
entailment	Louise has 7 dollars. She received 10 more dollars.	Louise now has 17 dollars.
entailment	Lisa has 8 dollars. She received 7 more dollars.	Lisa now has 15 dollars.
entailment	Donna has 5 dollars. She received 8 more dollars.	Donna now has 13 dollars.
entailment	David has 8 dollars. He received 3 more dollars.	David now has 11 dollars.
entailment	Laura has 9 dollars. She received 3 more dollars.	Laura now has 12 dollars.
entailment	Andrew has 8 dollars. He received 3 more dollars.	Andrew now has 11 dollars.
entailment	Emily has 9 dollars. She received 4 more dollars.	Emily now has 13 dollars.
entailment	Wendy has 7 dollars. She received 10 more dollars.	Wendy now has 17 dollars.
entailment	Roy has 6 dollars. He received 2 more dollars.	Roy now has 8 dollars.
entailment	Ruth has 6 dollars. She received 10 more dollars.	Ruth now has 16 dollars.
entailment	Larry has 4 dollars. He received 2 more dollars.	Larry now has 6 dollars.
entailment	David has 6 dollars. He received 5 more dollars.	David now has 11 dollars.
entailment	Lisa has 5 dollars. She received 2 more dollars.	Lisa now has 7 dollars.
entailment	Philip has 7 dollars. He received 9 more dollars.	Philip now has 16 dollars.
entailment	Michelle has 7 dollars. She received 3 more dollars.	Michelle now has 10 dollars.
entailment	Martin has 10 dollars. He received 7 more dollars.	Martin now has 17 dollars.
entailment	Barbara has 8 dollars. She received 2 more dollars.	Barbara now has 10 dollars.
entailment	Sandra has 9 dollars. She received 6 more dollars.	Sandra now has 15 dollars.
entailment	Julie has 2 dollars. She received 9 more dollars.	Julie now has 11 dollars.
entailment	Arthur has 5 dollars. He received 10 more dollars.	Arthur now has 15 dollars.
entailment	Edwin has 4 dollars. He received 9 more dollars.	Edwin now has 13 dollars.
entailment	Melissa has 5 dollars. She received 2 more dollars.	Melissa now has 7 dollars.
entailment	Donna has 5 dollars. She received 8 more dollars.	Donna now has 13 dollars.
entailment	Suzanne has 6 dollars. She received 2 more dollars.	Suzanne now has 8 dollars.
entailment	Edwin has 10 dollars. He received 6 more dollars.	Edwin now has 16 dollars.
entailment	Rachel has 6 dollars. She received 10 more dollars.	Rachel now has 16 dollars.
entailment	Mike has 8 dollars. He received 10 more dollars.	Mike now has 18 dollars.
entailment	Helen has 9 dollars. She received 7 more dollars.	Helen now has 16 dollars.
entailment	Tom has 6 dollars. He received 8 more dollars.	Tom now has 14 dollars.
entailment	Lisa has 4 dollars. She received 7 more dollars.	Lisa now has 11 dollars.
entailment	Brian has 6 dollars. He received 4 more dollars.	Brian now has 10 dollars.
entailment	Lisa has 4 dollars. She received 3 more dollars.	Lisa now has 7 dollars.
entailment	Benjamin has 8 dollars. He received 10 more dollars.	Benjamin now has 18 dollars.
entailment	Albert has 6 dollars. He received 10 more dollars.	Albert now has 16 dollars.
entailment	Marie has 8 dollars. She received 6 more dollars.	Marie now has 14 dollars.
entailment	Ben has 4 dollars. He received 9 more dollars.	Ben now has 13 dollars.
entailment	Katie has 9 dollars. She received 5 more dollars.	Katie now has 14 dollars.
entailment	Ashley has 3 dollars. She received 6 more dollars.	Ashley now has 9 dollars.
entailment	Kevin has 6 dollars. He received 7 more dollars.	Kevin now has 13 dollars.
entailment	Charlie has 9 dollars. He received 6 more dollars.	Charlie now has 15 dollars.
entailment	Daniel has 5 dollars. He received 4 more dollars.	Daniel now has 9 dollars.
entailment	Bob has 5 dollars. He received 4 more dollars.	Bob now has 9 dollars.
entailment	Edwin has 8 dollars. He received 7 more dollars.	Edwin now has 15 dollars.
entailment	Ron has 6 dollars. He received 2 more dollars.	Ron now has 8 dollars.
entailment	Nancy has 5 dollars. She received 10 more dollars.	Nancy now has 15 dollars.
entailment	Kenneth has 3 dollars. He received 8 more dollars.	Kenneth now has 11 dollars.
entailment	Ralph has 10 dollars. He received 6 more dollars.	Ralph now has 16 dollars.
entailment	Jennifer has 9 dollars. She received 7 more dollars.	Jennifer now has 16 dollars.
entailment	Virginia has 8 dollars. She received 10 more dollars.	Virginia now has 18 dollars.
entailment	Harold has 8 dollars. He received 9 more dollars.	Harold now has 17 dollars.
entailment	Sophie has 4 dollars. She received 3 more dollars.	Sophie now has 7 dollars.
entailment	Francis has 9 dollars. He received 7 more dollars.	Francis now has 16 dollars.
entailment	Al has 2 dollars. He received 10 more dollars.	Al now has 12 dollars.
entailment	Greg has 5 dollars. He received 4 more dollars.	Greg now has 9 dollars.
entailment	Joseph has 8 dollars. He received 2 more dollars.	Joseph now has 10 dollars.
entailment	Ben has 7 dollars. He received 5 more dollars.	Ben now has 12 dollars.
entailment	Amy has 6 dollars. She received 3 more dollars.	Amy now has 9 dollars.
entailment	Larry has 7 dollars. He received 2 more dollars.	Larry now has 9 dollars.
entailment	Simon has 6 dollars. He received 5 more dollars.	Simon now has 11 dollars.
entailment	Don has 8 dollars. He received 3 more dollars.	Don now has 11 dollars.
entailment	Jimmy has 6 dollars. He received 3 more dollars.	Jimmy now has 9 dollars.
entailment	Gary has 2 dollars. He received 8 more dollars.	Gary now has 10 dollars.
entailment	Tom has 6 dollars. He received 9 more dollars.	Tom now has 15 dollars.
entailment	Catherine has 4 dollars. She received 3 more dollars.	Catherine now has 7 dollars.
entailment	Hugh has 7 dollars. He received 3 more dollars.	Hugh now has 10 dollars.
entailment	Katherine has 10 dollars. She received 4 more dollars.	Katherine now has 14 dollars.
entailment	Harold has 10 dollars. He received 3 more dollars.	Harold now has 13 dollars.
entailment	Johnny has 7 dollars. He received 3 more dollars.	Johnny now has 10 dollars.
entailment	Tim has 3 dollars. He received 5 more dollars.	Tim now has 8 dollars.
entailment	Edith has 9 dollars. She received 3 more dollars.	Edith now has 12 dollars.
entailment	Anthony has 6 dollars. He received 9 more dollars.	Anthony now has 15 dollars.
entailment	Stephanie has 2 dollars. She received 3 more dollars.	Stephanie now has 5 dollars.
entailment	Eleanor has 2 dollars. She received 7 more dollars.	Eleanor now has 9 dollars.
entailment	Kathy has 9 dollars. She received 7 more dollars.	Kathy now has 16 dollars.
entailment	Betty has 8 dollars. She received 5 more dollars.	Betty now has 13 dollars.
entailment	Julie has 8 dollars. She received 9 more dollars.	Julie now has 17 dollars.
entailment	Sue has 10 dollars. She received 7 more dollars.	Sue now has 17 dollars.
entailment	Marilyn has 6 dollars. She received 10 more dollars.	Marilyn now has 16 dollars.
entailment	James has 9 dollars. He received 5 more dollars.	James now has 14 dollars.
entailment	Florence has 5 dollars. She received 4 more dollars.	Florence now has 9 dollars.
entailment	Lucy has 7 dollars. She received 5 more dollars.	Lucy now has 12 dollars.
entailment	Fiona has 4 dollars. She received 9 more dollars.	Fiona now has 13 dollars.
entailment	Linda has 5 dollars. She received 3 more dollars.	Linda now has 8 dollars.
entailment	Judith has 2 dollars. She received 7 more dollars.	Judith now has 9 dollars.
entailment	Ryan has 5 dollars. He received 7 more dollars.	Ryan now has 12 dollars.
entailment	Scott has 2 dollars. He received 5 more dollars.	Scott now has 7 dollars.
entailment	Eleanor has 8 dollars. She received 5 more dollars.	Eleanor now has 13 dollars.
entailment	Barbara has 9 dollars. She received 6 more dollars.	Barbara now has 15 dollars.
entailment	Nicole has 8 dollars. She received 5 more dollars.	Nicole now has 13 dollars.
entailment	Alex has 8 dollars. He received 9 more dollars.	Alex now has 17 dollars.
entailment	Robin has 2 dollars. She received 5 more dollars.	Robin now has 7 dollars.
entailment	Mark has 2 dollars. He received 9 more dollars.	Mark now has 11 dollars.
entailment	Martha has 6 dollars. She received 8 more dollars.	Martha now has 14 dollars.
entailment	Margaret has 4 dollars. She received 7 more dollars.	Margaret now has 11 dollars.
entailment	Roy has 8 dollars. He received 7 more dollars.	Roy now has 15 dollars.
entailment	Anna has 5 dollars. She received 4 more dollars.	Anna now has 9 dollars.
entailment	Dave has 8 dollars. He received 10 more dollars.	Dave now has 18 dollars.
entailment	Bill has 8 dollars. He received 7 more dollars.	Bill now has 15 dollars.
entailment	Suzanne has 8 dollars. She received 9 more dollars.	Suzanne now has 17 dollars.
entailment	Kathleen has 3 dollars. She received 2 more dollars.	Kathleen now has 5 dollars.
entailment	Ben has 7 dollars. He received 10 more dollars.	Ben now has 17 dollars.
entailment	Victoria has 3 dollars. She received 9 more dollars.	Victoria now has 12 dollars.
entailment	John has 2 dollars. He received 4 more dollars.	John now has 6 dollars.
entailment	Alex has 9 dollars. He received 4 more dollars.	Alex now has 13 dollars.
entailment	Charles has 5 dollars. He received 7 more dollars.	Charles now has 12 dollars.
entailment	Melissa has 9 dollars. She received 4 more dollars.	Melissa now has 13 dollars.
entailment	Heather has 3 dollars. She received 6 more dollars.	Heather now has 9 dollars.
entailment	Nancy has 8 dollars. She received 5 more dollars.	Nancy now has 13 dollars.
entailment	Michelle has 4 dollars. She received 10 more dollars.	Michelle now has 14 dollars.
entailment	Amanda has 3 dollars. She received 4 more dollars.	Amanda now has 7 dollars.
entailment	James has 9 dollars. He received 8 more dollars.	James now has 17 dollars.
entailment	Robin has 6 dollars. She received 4 more dollars.	Robin now has 10 dollars.
entailment	Melissa has 9 dollars. She received 6 more dollars.	Melissa now has 15 dollars.
entailment	Katherine has 10 dollars. She received 8 more dollars.	Katherine now has 18 dollars.
entailment	Mary has 5 dollars. She received 6 more dollars.	Mary now has 11 dollars.
entailment	Karen has 8 dollars. She received 6 more dollars.	Karen now has 14 dollars.
entailment	Joan has 10 dollars. She received 6 more dollars.	Joan now has 16 dollars.
entailment	Barbara has 3 dollars. She received 6 more dollars.	Barbara now has 9 dollars.
entailment	Ryan has 5 dollars. He received 2 more dollars.	Ryan now has 7 dollars.
entailment	Marie has 9 dollars. She received 10 more dollars.	Marie now has 19 dollars.
entailment	Kate has 8 dollars. She received 9 more dollars.	Kate now has 17 dollars.
entailment	Elizabeth has 4 dollars. She received 6 more dollars.	Elizabeth now has 10 dollars.
entailment	Colin has 2 dollars. He received 10 more dollars.	Colin now has 12 dollars.
entailment	Thomas has 4 dollars. He received 2 more dollars.	Thomas now has 6 dollars.
entailment	Alison has 10 dollars. She received 9 more dollars.	Alison now has 19 dollars.
entailment	Charlie has 5 dollars. He received 8 more dollars.	Charlie now has 13 dollars.
entailment	Jack has 7 dollars. He received 6 more dollars.	Jack now has 13 dollars.
entailment	Harriet has 5 dollars. She received 10 more dollars.	Harriet now has 15 dollars.
entailment	Lauren has 8 dollars. She received 5 more dollars.	Lauren now has 13 dollars.
entailment	Alexander has 9 dollars. He received 7 more dollars.	Alexander now has 16 dollars.
entailment	Benjamin has 5 dollars. He received 3 more dollars.	Benjamin now has 8 dollars.
entailment	Kenneth has 10 dollars. He received 4 more dollars.	Kenneth now has 14 dollars.
entailment	Ben has 4 dollars. He received 5 more dollars.	Ben now has 9 dollars.
entailment	Nick has 6 dollars. He received 2 more dollars.	Nick now has 8 dollars.
entailment	Laura has 8 dollars. She received 10 more dollars.	Laura now has 18 dollars.
entailment	Sara has 2 dollars. She received 6 more dollars.	Sara now has 8 dollars.
entailment	Ralph has 2 dollars. He received 10 more dollars.	Ralph now has 12 dollars.
entailment	John has 10 dollars. He received 8 more dollars.	John now has 18 dollars.
entailment	Andrea has 7 dollars. She received 6 more dollars.	Andrea now has 13 dollars.
entailment	Sam has 8 dollars. He received 6 more dollars.	Sam now has 14 dollars.
entailment	Donna has 4 dollars. She received 6 more dollars.	Donna now has 10 dollars.
entailment	Sam has 9 dollars. He received 10 more dollars.	Sam now has 19 dollars.
entailment	Steve has 10 dollars. He received 5 more dollars.	Steve now has 15 dollars.
entailment	Mike has 6 dollars. He received 10 more dollars.	Mike now has 16 dollars.
entailment	Patrick has 2 dollars. He received 5 more dollars.	Patrick now has 7 dollars.
entailment	Patrick has 9 dollars. He received 5 more dollars.	Patrick now has 14 dollars.
entailment	Harold has 8 dollars. He received 3 more dollars.	Harold now has 11 dollars.
entailment	Diane has 9 dollars. She received 7 more dollars.	Diane now has 16 dollars.
entailment	Alfred has 4 dollars. He received 5 more dollars.	Alfred now has 9 dollars.
entailment	Kathleen has 2 dollars. She received 6 more dollars.	Kathleen now has 8 dollars.
entailment	Roy has 4 dollars. He received 10 more dollars.	Roy now has 14 dollars.
entailment	Kathryn has 8 dollars. She received 2 more dollars.	Kathryn now has 10 dollars.
entailment	Marie has 6 dollars. She received 5 more dollars.	Marie now has 11 dollars.
entailment	Bill has 3 dollars. He received 10 more dollars.	Bill now has 13 dollars.
entailment	Nancy has 2 dollars. She received 4 more dollars.	Nancy now has 6 dollars.
entailment	Louis has 10 dollars. He received 6 more dollars.	Louis now has 16 dollars.
entailment	Cynthia has 9 dollars. She received 7 more dollars.	Cynthia now has 16 dollars.
entailment	Martha has 6 dollars. She received 9 more dollars.	Martha now has 15 dollars.
entailment	Carl has 2 dollars. He received 5 more dollars.	Carl now has 7 dollars.
entailment	Alexander has 5 dollars. He received 7 more dollars.	Alexander now has 12 dollars.
entailment	Amy has 5 dollars. She received 9 more dollars.	Amy now has 14 dollars.
entailment	Walter has 10 dollars. He received 5 more dollars.	Walter now has 15 dollars.
entailment	Martin has 7 dollars. He received 8 more dollars.	Martin now has 15 dollars.
entailment	Ron has 6 dollars. He received 2 more dollars.	Ron now has 8 dollars.
entailment	Anna has 5 dollars. She received 6 more dollars.	Anna now has 11 dollars.
entailment	Robin has 7 dollars. She received 8 more dollars.	Robin now has 15 dollars.
entailment	Roy has 9 dollars. He received 7 more dollars.	Roy now has 16 dollars.
entailment	Carl has 5 dollars. He received 4 more dollars.	Carl now has 9 dollars.
entailment	Marilyn has 4 dollars. She received 10 more dollars.	Marilyn now has 14 dollars.
entailment	Claire has 10 dollars. She received 3 more dollars.	Claire now has 13 dollars.
entailment	Alan has 7 dollars. He received 8 more dollars.	Alan now has 15 dollars.
entailment	Ruth has 4 dollars. She received 6 more dollars.	Ruth now has 10 dollars.
entailment	Stephanie has 10 dollars. She received 2 more dollars.	Stephanie now has 12 dollars.
entailment	Victoria has 6 dollars. She received 7 more dollars.	Victoria now has 13 dollars.
entailment	Patrick has 2 dollars. He received 3 more dollars.	Patrick now has 5 dollars.
entailment	Wendy has 3 dollars. She received 4 more dollars.	Wendy now has 7 dollars.
entailment	Alfred has 10 dollars. He received 8 more dollars.	Alfred now has 18 dollars.
entailment	Bruce has 8 dollars. He received 7 more dollars.	Bruce now has 15 dollars.
entailment	Bobby has 9 dollars. He received 8 more dollars.	Bobby now has 17 dollars.
entailment	Carol has 5 dollars. She received 7 more dollars.	Carol now has 12 dollars.
entailment	Judy has 8 dollars. She received 10 more dollars.	Judy now has 18 dollars.
entailment	Ed has 7 dollars. He received 4 more dollars.	Ed now has 11 dollars.
entailment	Laura has 2 dollars. She received 4 more dollars.	Laura now has 6 dollars.
entailment	Ken has 6 dollars. He received 4 more dollars.	Ken now has 10 dollars.
entailment	Andrew has 4 dollars. He received 6 more dollars.	Andrew now has 10 dollars.
entailment	Philip has 6 dollars. He received 8 more dollars.	Philip now has 14 dollars.
entailment	Helen has 4 dollars. She received 5 more dollars.	Helen now has 9 dollars.
entailment	Bob has 8 dollars. He received 3 more dollars.	Bob now has 11 dollars.
entailment	Edwin has 6 dollars. He received 4 more dollars.	Edwin now has 10 dollars.
entailment	Keith has 7 dollars. He received 6 more dollars.	Keith now has 13 dollars.
entailment	Paul has 2 dollars. He received 9 more dollars.	Paul now has 11 dollars.
entailment	Al has 3 dollars. He received 8 more dollars.	Al now has 11 dollars.
entailment	Annie has 2 dollars. She received 8 more dollars.	Annie now has 10 dollars.
entailment	Wendy has 7 dollars. She received 8 more dollars.	Wendy now has 15 dollars.
entailment	Cynthia has 8 dollars. She received 4 more dollars.	Cynthia now has 12 dollars.
entailment	Adam has 3 dollars. He received 7 more dollars.	Adam now has 10 dollars.
entailment	Kathleen has 8 dollars. She received 10 more dollars.	Kathleen now has 18 dollars.
entailment	Rachel has 3 dollars. She received 2 more dollars.	Rachel now has 5 dollars.
entailment	Alfred has 2 dollars. He received 4 more dollars.	Alfred now has 6 dollars.
entailment	Marie has 8 dollars. She received 9 more dollars.	Marie now has 17 dollars.
entailment	Jay has 8 dollars. He received 9 more dollars.	Jay now has 17 dollars.
entailment	Bob has 2 dollars. He received 3 more dollars.	Bob now has 5 dollars.
entailment	Bruce has 3 dollars. He received 9 more dollars.	Bruce now has 12 dollars.
entailment	Michelle has 7 dollars. She received 4 more dollars.	Michelle now has 11 dollars.
entailment	Hugh has 7 dollars. He received 10 more dollars.	Hugh now has 17 dollars.
entailment	Frances has 8 dollars. She received 3 more dollars.	Frances now has 11 dollars.
entailment	Nick has 9 dollars. He received 6 more dollars.	Nick now has 15 dollars.
entailment	Ralph has 3 dollars. He received 5 more dollars.	Ralph now has 8 dollars.
entailment	Michelle has 5 dollars. She received 7 more dollars.	Michelle now has 12 dollars.
entailment	Emma has 5 dollars. She received 6 more dollars.	Emma now has 11 dollars.
entailment	Tony has 5 dollars. He received 4 more dollars.	Tony now has 9 dollars.
entailment	Catherine has 9 dollars. She received 6 more dollars.	Catherine now has 15 dollars.
entailment	Sam has 8 dollars. He received 3 more dollars.	Sam now has 11 dollars.
entailment	Mark has 4 dollars. He received 2 more dollars.	Mark now has 6 dollars.
entailment	Katherine has 8 dollars. She received 6 more dollars.	Katherine now has 14 dollars.
entailment	Louis has 4 dollars. He received 6 more dollars.	Louis now has 10 dollars.
entailment	Christine has 5 dollars. She received 4 more dollars.	Christine now has 9 dollars.
entailment	Joseph has 5 dollars. He received 7 more dollars.	Joseph now has 12 dollars.
entailment	Linda has 8 dollars. She received 5 more dollars.	Linda now has 13 dollars.
entailment	Greg has 3 dollars. He received 10 more dollars.	Greg now has 13 dollars.
entailment	Evelyn has 3 dollars. She received 2 more dollars.	Evelyn now has 5 dollars.
entailment	Karen has 8 dollars. She received 7 more dollars.	Karen now has 15 dollars.
entailment	Stephanie has 4 dollars. She received 3 more dollars.	Stephanie now has 7 dollars.
entailment	Jean has 9 dollars. She received 2 more dollars.	Jean now has 11 dollars.
entailment	Bob has 2 dollars. He received 3 more dollars.	Bob now has 5 dollars.
entailment	Lucy has 3 dollars. She received 7 more dollars.	Lucy now has 10 dollars.
entailment	Steven has 7 dollars. He received 2 more dollars.	Steven now has 9 dollars.
entailment	Joe has 2 dollars. He received 6 more dollars.	Joe now has 8 dollars.
entailment	Charles has 9 dollars. He received 7 more dollars.	Charles now has 16 dollars.
entailment	Claire has 3 dollars. She received 9 more dollars.	Claire now has 12 dollars.
entailment	Kate has 7 dollars. She received 9 more dollars.	Kate now has 16 dollars.
entailment	Susan has 5 dollars. She received 7 more dollars.	Susan now has 12 dollars.
entailment	Rachel has 2 dollars. She received 3 more dollars.	Rachel now has 5 dollars.
entailment	Kim has 8 dollars. She received 5 more dollars.	Kim now has 13 dollars.
entailment	Sophie has 8 dollars. She received 2 more dollars.	Sophie now has 10 dollars.
entailment	Kelly has 2 dollars. She received 9 more dollars.	Kelly now has 11 dollars.
entailment	Ann has 4 dollars. She received 2 more dollars.	Ann now has 6 dollars.
entailment	Matt has 3 dollars. He received 9 more dollars.	Matt now has 12 dollars.
entailment	Jack has 6 dollars. He received 4 more dollars.	Jack now has 10 dollars.
entailment	Jimmy has 8 dollars. He received 3 more dollars.	Jimmy now has 11 dollars.
entailment	Mike has 10 dollars. He received 2 more dollars.	Mike now has 12 dollars.
entailment	Sandra has 9 dollars. She received 5 more dollars.	Sandra now has 14 dollars.
entailment	Claire has 6 dollars. She received 10 more dollars.	Claire now has 16 dollars.
entailment	Nicole has 5 dollars. She received 3 more dollars.	Nicole now has 8 dollars.
entailment	Kevin has 2 dollars. He received 6 more dollars.	Kevin now has 8 dollars.
entailment	Judy has 7 dollars. She received 5 more dollars.	Judy now has 12 dollars.
entailment	Dan has 4 dollars. He received 3 more dollars.	Dan now has 7 dollars.
entailment	Chris has 8 dollars. He received 10 more dollars.	Chris now has 18 dollars.
entailment	Linda has 8 dollars. She received 6 more dollars.	Linda now has 14 dollars.
entailment	Marilyn has 3 dollars. She received 4 more dollars.	Marilyn now has 7 dollars.
entailment	Emma has 10 dollars. She received 9 more dollars.	Emma now has 19 dollars.
entailment	Judith has 2 dollars. She received 5 more dollars.	Judith now has 7 dollars.
entailment	Michelle has 5 dollars. She received 6 more dollars.	Michelle now has 11 dollars.
entailment	Evelyn has 8 dollars. She received 6 more dollars.	Evelyn now has 14 dollars.
entailment	Carl has 4 dollars. He received 9 more dollars.	Carl now has 13 dollars.
entailment	Jonathan has 5 dollars. He received 8 more dollars.	Jonathan now has 13 dollars.
entailment	Lauren has 4 dollars. She received 7 more dollars.	Lauren now has 11 dollars.
entailment	Brian has 6 dollars. He received 7 more dollars.	Brian now has 13 dollars.
entailment	Fred has 2 dollars. He received 5 more dollars.	Fred now has 7 dollars.
entailment	Linda has 6 dollars. She received 7 more dollars.	Linda now has 13 dollars.
entailment	Scott has 8 dollars. He received 6 more dollars.	Scott now has 14 dollars.
entailment	Robin has 2 dollars. She received 3 more dollars.	Robin now has 5 dollars.
entailment	Grace has 10 dollars. She received 6 more dollars.	Grace now has 16 dollars.
entailment	Bob has 8 dollars. He received 9 more dollars.	Bob now has 17 dollars.
entailment	Helen has 3 dollars. She received 5 more dollars.	Helen now has 8 dollars.
entailment	Greg has 2 dollars. He received 3 more dollars.	Greg now has 5 dollars.
entailment	Kenneth has 2 dollars. He received 6 more dollars.	Kenneth now has 8 dollars.
entailment	Harold has 4 dollars. He received 2 more dollars.	Harold now has 6 dollars.
entailment	Thomas has 4 dollars. He received 9 more dollars.	Thomas now has 13 dollars.
entailment	Sue has 4 dollars. She received 7 more dollars.	Sue now has 11 dollars.
entailment	Patricia has 5 dollars. She received 7 more dollars.	Patricia now has 12 dollars.
entailment	Martin has 2 dollars. He received 5 more dollars.	Martin now has 7 dollars.
entailment	Roy has 5 dollars. He received 7 more dollars.	Roy now has 12 dollars.
entailment	George has 7 dollars. He received 5 more dollars.	George now has 12 dollars.
entailment	Ron has 2 dollars. He received 8 more dollars.	Ron now has 10 dollars.
entailment	Angela has 6 dollars. She received 10 more dollars.	Angela now has 16 dollars.
entailment	Walter has 4 dollars. He received 10 more dollars.	Walter now has 14 dollars.
entailment	Grace has 8 dollars. She received 7 more dollars.	Grace now has 15 dollars.
entailment	Eleanor has 2 dollars. She received 8 more dollars.	Eleanor now has 10 dollars.
entailment	Marie has 2 dollars. She received 6 more dollars.	Marie now has 8 dollars.
entailment	Charlie has 4 dollars. He received 2 more dollars.	Charlie now has 6 dollars.
entailment	Jean has 10 dollars. She received 7 more dollars.	Jean now has 17 dollars.
entailment	William has 4 dollars. He received 3 more dollars.	William now has 7 dollars.
entailment	Judith has 9 dollars. She received 5 more dollars.	Judith now has 14 dollars.
entailment	Jerry has 7 dollars. He received 8 more dollars.	Jerry now has 15 dollars.
entailment	Kelly has 10 dollars. She received 2 more dollars.	Kelly now has 12 dollars.
entailment	Nick has 6 dollars. He received 9 more dollars.	Nick now has 15 dollars.
entailment	John has 10 dollars. He received 3 more dollars.	John now has 13 dollars.
entailment	Marie has 8 dollars. She received 9 more dollars.	Marie now has 17 dollars.
entailment	Wendy has 4 dollars. She received 8 more dollars.	Wendy now has 12 dollars.
entailment	Angela has 6 dollars. She received 7 more dollars.	Angela now has 13 dollars.
entailment	Grace has 3 dollars. She received 10 more dollars.	Grace now has 13 dollars.
entailment	Betty has 4 dollars. She received 8 more dollars.	Betty now has 12 dollars.
entailment	Maria has 7 dollars. She received 2 more dollars.	Maria now has 9 dollars.
entailment	Diane has 3 dollars. She received 8 more dollars.	Diane now has 11 dollars.
entailment	Edward has 2 dollars. He received 8 more dollars.	Edward now has 10 dollars.
entailment	Emma has 3 dollars. She received 5 more dollars.	Emma now has 8 dollars.
entailment	Kathryn has 5 dollars. She received 10 more dollars.	Kathryn now has 15 dollars.
entailment	Matthew has 7 dollars. He received 3 more dollars.	Matthew now has 10 dollars.
entailment	Karen has 4 dollars. She received 8 more dollars.	Karen now has 12 dollars.
entailment	Edward has 3 dollars. He received 7 more dollars.	Edward now has 10 dollars.
entailment	Alex has 8 dollars. He received 2 more dollars.	Alex now has 10 dollars.
entailment	Kathy has 2 dollars. She received 3 more dollars.	Kathy now has 5 dollars.
entailment	Eric has 9 dollars. He received 7 more dollars.	Eric now has 16 dollars.
entailment	Elizabeth has 4 dollars. She received 7 more dollars.	Elizabeth now has 11 dollars.
entailment	Alfred has 8 dollars. He received 5 more dollars.	Alfred now has 13 dollars.
entailment	Edith has 7 dollars. She received 9 more dollars.	Edith now has 16 dollars.
entailment	Stephanie has 3 dollars. She received 4 more dollars.	Stephanie now has 7 dollars.
entailment	Marilyn has 3 dollars. She received 4 more dollars.	Marilyn now has 7 dollars.
entailment	Charlotte has 9 dollars. She received 7 more dollars.	Charlotte now has 16 dollars.
entailment	Kevin has 10 dollars. He received 3 more dollars.	Kevin now has 13 dollars.
entailment	Bob has 5 dollars. He received 4 more dollars.	Bob now has 9 dollars.
entailment	Steven has 5 dollars. He received 10 more dollars.	Steven now has 15 dollars.
entailment	Sara has 8 dollars. She received 6 more dollars.	Sara now has 14 dollars.
entailment	Martin has 9 dollars. He received 8 more dollars.	Martin now has 17 dollars.
entailment	Amy has 4 dollars. She received 8 more dollars.	Amy now has 12 dollars.
entailment	Johnny has 6 dollars. He received 7 more dollars.	Johnny now has 13 dollars.
entailment	Jessica has 3 dollars. She received 6 more dollars.	Jessica now has 9 dollars.
entailment	Diana has 5 dollars. She received 9 more dollars.	Diana now has 14 dollars.
entailment	Susan has 6 dollars. She received 10 more dollars.	Susan now has 16 dollars.
entailment	Samuel has 10 dollars. He received 8 more dollars.	Samuel now has 18 dollars.
entailment	Julie has 7 dollars. She received 4 more dollars.	Julie now has 11 dollars.
entailment	Ralph has 3 dollars. He received 7 more dollars.	Ralph now has 10 dollars.
entailment	Judith has 8 dollars. She received 5 more dollars.	Judith now has 13 dollars.
entailment	Heather has 5 dollars. She received 8 more dollars.	Heather now has 13 dollars.
entailment	Pamela has 5 dollars. She received 8 more dollars.	Pamela now has 13 dollars.
entailment	Julia has 8 dollars. She received 10 more dollars.	Julia now has 18 dollars.
entailment	Kathleen has 4 dollars. She received 3 more dollars.	Kathleen now has 7 dollars.
entailment	Helen has 4 dollars. She received 3 more dollars.	Helen now has 7 dollars.
entailment	Rebecca has 9 dollars. She received 6 more dollars.	Rebecca now has 15 dollars.
entailment	Adam has 2 dollars. He received 9 more dollars.	Adam now has 11 dollars.
entailment	Philip has 3 dollars. He received 9 more dollars.	Philip now has 12 dollars.
entailment	Joseph has 4 dollars. He received 10 more dollars.	Joseph now has 14 dollars.
entailment	Lynn has 4 dollars. She received 7 more dollars.	Lynn now has 11 dollars.
entailment	Rose has 10 dollars. She received 7 more dollars.	Rose now has 17 dollars.
entailment	Annie has 5 dollars. She received 3 more dollars.	Annie now has 8 dollars.
entailment	Pamela has 2 dollars. She received 3 more dollars.	Pamela now has 5 dollars.
entailment	David has 6 dollars. He received 4 more dollars.	David now has 10 dollars.
entailment	Martha has 2 dollars. She received 6 more dollars.	Martha now has 8 dollars.
entailment	Thomas has 9 dollars. He received 6 more dollars.	Thomas now has 15 dollars.
entailment	Anne has 10 dollars. She received 9 more dollars.	Anne now has 19 dollars.
entailment	Christopher has 4 dollars. He received 3 more dollars.	Christopher now has 7 dollars.
entailment	Thomas has 6 dollars. He received 3 more dollars.	Thomas now has 9 dollars.
entailment	Carol has 7 dollars. She received 3 more dollars.	Carol now has 10 dollars.
entailment	Sara has 4 dollars. She received 3 more dollars.	Sara now has 7 dollars.
entailment	Amy has 9 dollars. She received 4 more dollars.	Amy now has 13 dollars.
entailment	Nancy has 2 dollars. She received 4 more dollars.	Nancy now has 6 dollars.
entailment	Elizabeth has 10 dollars. She received 8 more dollars.	Elizabeth now has 18 dollars.
entailment	Bruce has 2 dollars. He received 5 more dollars.	Bruce now has 7 dollars.
entailment	Martin has 7 dollars. He received 10 more dollars.	Martin now has 17 dollars.
entailment	Robin has 5 dollars. She received 8 more dollars.	Robin now has 13 dollars.
entailment	Joan has 5 dollars. She received 9 more dollars.	Joan now has 14 dollars.
entailment	Ken has 9 dollars. He received 5 more dollars.	Ken now has 14 dollars.
entailment	Christopher has 4 dollars. He received 3 more dollars.	Christopher now has 7 dollars.
entailment	Janet has 3 dollars. She received 2 more dollars.	Janet now has 5 dollars.
entailment	Wendy has 2 dollars. She received 4 more dollars.	Wendy now has 6 dollars.
entailment	Fiona has 9 dollars. She received 2 more dollars.	Fiona now has 11 dollars.
entailment	Janet has 5 dollars. She received 8 more dollars.	Janet now has 13 dollars.
entailment	Keith has 5 dollars. He received 2 more dollars.	Keith now has 7 dollars.
entailment	Daniel has 4 dollars. He received 9 more dollars.	Daniel now has 13 dollars.
entailment	Ken has 10 dollars. He received 3 more dollars.	Ken now has 13 dollars.
entailment	Jason has 8 dollars. He received 3 more dollars.	Jason now has 11 dollars.
entailment	Elizabeth has 3 dollars. She received 2 more dollars.	Elizabeth now has 5 dollars.
entailment	Charlotte has 5 dollars. She received 3 more dollars.	Charlotte now has 8 dollars.
entailment	Thomas has 6 dollars. He received 8 more dollars.	Thomas now has 14 dollars.
entailment	Edwin has 6 dollars. He received 2 more dollars.	Edwin now has 8 dollars.
entailment	Lawrence has 4 dollars. He received 8 more dollars.	Lawrence now has 12 dollars.
entailment	Heather has 2 dollars. She received 8 more dollars.	Heather now has 10 dollars.
entailment	Jerry has 5 dollars. He received 2 more dollars.	Jerry now has 7 dollars.
entailment	Laura has 8 dollars. She received 4 more dollars.	Laura now has 12 dollars.
entailment	Ben has 3 dollars. He received 5 more dollars.	Ben now has 8 dollars.
entailment	Andrew has 7 dollars. He received 10 more dollars.	Andrew now has 17 dollars.
entailment	Louise has 6 dollars. She received 10 more dollars.	Louise now has 16 dollars.
entailment	Andrea has 8 dollars. She received 4 more dollars.	Andrea now has 12 dollars.
entailment	Suzanne has 9 dollars. She received 3 more dollars.	Suzanne now has 12 dollars.
entailment	Dorothy has 5 dollars. She received 4 more dollars.	Dorothy now has 9 dollars.
entailment	Daniel has 2 dollars. He received 4 more dollars.	Daniel now has 6 dollars.
entailment	Steven has 9 dollars. He received 8 more dollars.	Steven now has 17 dollars.
entailment	Fiona has 10 dollars. She received 5 more dollars.	Fiona now has 15 dollars.
entailment	Ken has 7 dollars. He received 2 more dollars.	Ken now has 9 dollars.
entailment	Victoria has 9 dollars. She received 8 more dollars.	Victoria now has 17 dollars.
entailment	Peter has 8 dollars. He received 3 more dollars.	Peter now has 11 dollars.
entailment	Sally has 7 dollars. She received 9 more dollars.	Sally now has 16 dollars.
entailment	Jane has 10 dollars. She received 7 more dollars.	Jane now has 17 dollars.
entailment	Dorothy has 7 dollars. She received 3 more dollars.	Dorothy now has 10 dollars.
entailment	Harold has 4 dollars. He received 5 more dollars.	Harold now has 9 dollars.
entailment	Marilyn has 2 dollars. She received 4 more dollars.	Marilyn now has 6 dollars.
entailment	Sophie has 3 dollars. She received 5 more dollars.	Sophie now has 8 dollars.
entailment	Heather has 5 dollars. She received 6 more dollars.	Heather now has 11 dollars.
entailment	Kenneth has 9 dollars. He received 8 more dollars.	Kenneth now has 17 dollars.
entailment	Judith has 5 dollars. She received 3 more dollars.	Judith now has 8 dollars.
entailment	Samuel has 2 dollars. He received 5 more dollars.	Samuel now has 7 dollars.
entailment	Edward has 4 dollars. He received 8 more dollars.	Edward now has 12 dollars.
entailment	Jill has 4 dollars. She received 5 more dollars.	Jill now has 9 dollars.
entailment	Jennifer has 8 dollars. She received 10 more dollars.	Jennifer now has 18 dollars.
entailment	Karen has 10 dollars. She received 7 more dollars.	Karen now has 17 dollars.
entailment	Roy has 2 dollars. He received 4 more dollars.	Roy now has 6 dollars.
entailment	Jerry has 5 dollars. He received 3 more dollars.	Jerry now has 8 dollars.
entailment	Greg has 9 dollars. He received 4 more dollars.	Greg now has 13 dollars.
entailment	Melissa has 3 dollars. She received 5 more dollars.	Melissa now has 8 dollars.
entailment	Pamela has 3 dollars. She received 10 more dollars.	Pamela now has 13 dollars.
entailment	Roy has 6 dollars. He received 4 more dollars.	Roy now has 10 dollars.
entailment	Carolyn has 5 dollars. She received 6 more dollars.	Carolyn now has 11 dollars.
entailment	Lauren has 6 dollars. She received 7 more dollars.	Lauren now has 13 dollars.
entailment	Jennifer has 9 dollars. She received 7 more dollars.	Jennifer now has 16 dollars.
entailment	Katie has 3 dollars. She received 5 more dollars.	Katie now has 8 dollars.
entailment	Ashley has 8 dollars. She received 6 more dollars.	Ashley now has 14 dollars.
entailment	Jay has 4 dollars. He received 10 more dollars.	Jay now has 14 dollars.
entailment	Edith has 8 dollars. She received 6 more dollars.	Edith now has 14 dollars.
entailment	Eric has 3 dollars. He received 9 more dollars.	Eric now has 12 dollars.
entailment	John has 7 dollars. He received 3 more dollars.	John now has 10 dollars.
entailment	Sarah has 2 dollars. She received 5 more dollars.	Sarah now has 7 dollars.
entailment	Michelle has 9 dollars. She received 3 more dollars.	Michelle now has 12 dollars.
entailment	Alex has 8 dollars. He received 7 more dollars.	Alex now has 15 dollars.
entailment	Alexandra has 7 dollars. She received 9 more dollars.	Alexandra now has 16 dollars.
entailment	Steve has 10 dollars. He received 8 more dollars.	Steve now has 18 dollars.
entailment	Pamela has 3 dollars. She received 2 more dollars.	Pamela now has 5 dollars.
entailment	Roger has 3 dollars. He received 4 more dollars.	Roger now has 7 dollars.
entailment	Sally has 8 dollars. She received 2 more dollars.	Sally now has 10 dollars.
entailment	Elizabeth has 7 dollars. She received 2 more dollars.	Elizabeth now has 9 dollars.
entailment	John has 7 dollars. He received 6 more dollars.	John now has 13 dollars.
entailment	Mike has 7 dollars. He received 3 more dollars.	Mike now has 10 dollars.
entailment	Maria has 8 dollars. She received 9 more dollars.	Maria now has 17 dollars.
entailment	Brian has 8 dollars. He received 5 more dollars.	Brian now has 13 dollars.
entailment	Walter has 5 dollars. He received 3 more dollars.	Walter now has 8 dollars.
entailment	Karen has 2 dollars. She received 4 more dollars.	Karen now has 6 dollars.
entailment	Lawrence has 7 dollars. He received 6 more dollars.	Lawrence now has 13 dollars.
entailment	Elizabeth has 8 dollars. She received 10 more dollars.	Elizabeth now has 18 dollars.
entailment	Charlie has 3 dollars. He received 10 more dollars.	Charlie now has 13 dollars.
entailment	Daniel has 2 dollars. He received 8 more dollars.	Daniel now has 10 dollars.
entailment	Lauren has 2 dollars. She received 9 more dollars.	Lauren now has 11 dollars.
entailment	Andrea has 2 dollars. She received 8 more dollars.	Andrea now has 10 dollars.
entailment	Anne has 4 dollars. She received 10 more dollars.	Anne now has 14 dollars.
entailment	George has 8 dollars. He received 10 more dollars.	George now has 18 dollars.
entailment	Rose has 4 dollars. She received 5 more dollars.	Rose now has 9 dollars.
entailment	Charlotte has 6 dollars. She received 5 more dollars.	Charlotte now has 11 dollars.
entailment	Paul has 10 dollars. He received 7 more dollars.	Paul now has 17 dollars.
entailment	Alex has 6 dollars. He received 2 more dollars.	Alex now has 8 dollars.
entailment	Sara has 7 dollars. She received 3 more dollars.	Sara now has 10 dollars.
entailment	Sara has 2 dollars. She received 7 more dollars.	Sara now has 9 dollars.
entailment	Dave has 7 dollars. He received 2 more dollars.	Dave now has 9 dollars.
entailment	Dick has 4 dollars. He received 8 more dollars.	Dick now has 12 dollars.
entailment	Benjamin has 8 dollars. He received 2 more dollars.	Benjamin now has 10 dollars.
entailment	Edith has 9 dollars. She received 5 more dollars.	Edith now has 14 dollars.
entailment	Thomas has 3 dollars. He received 5 more dollars.	Thomas now has 8 dollars.
entailment	Thomas has 6 dollars. He received 8 more dollars.	Thomas now has 14 dollars.
entailment	Paul has 9 dollars. He received 2 more dollars.	Paul now has 11 dollars.
entailment	Brian has 10 dollars. He received 6 more dollars.	Brian now has 16 dollars.
entailment	Diane has 4 dollars. She received 6 more dollars.	Diane now has 10 dollars.
entailment	Sue has 4 dollars. She received 6 more dollars.	Sue now has 10 dollars.
entailment	Catherine has 6 dollars. She received 2 more dollars.	Catherine now has 8 dollars.
entailment	Emma has 3 dollars. She received 7 more dollars.	Emma now has 10 dollars.
entailment	Rebecca has 2 dollars. She received 5 more dollars.	Rebecca now has 7 dollars.
entailment	Jack has 10 dollars. He received 4 more dollars.	Jack now has 14 dollars.
entailment	Daniel has 4 dollars. He received 3 more dollars.	Daniel now has 7 dollars.
entailment	Sharon has 7 dollars. She received 2 more dollars.	Sharon now has 9 dollars.
entailment	Ken has 10 dollars. He received 4 more dollars.	Ken now has 14 dollars.
entailment	Howard has 5 dollars. He received 10 more dollars.	Howard now has 15 dollars.
entailment	Peter has 7 dollars. He received 10 more dollars.	Peter now has 17 dollars.
entailment	Benjamin has 10 dollars. He received 8 more dollars.	Benjamin now has 18 dollars.
entailment	Tim has 9 dollars. He received 2 more dollars.	Tim now has 11 dollars.
entailment	Ron has 5 dollars. He received 4 more dollars.	Ron now has 9 dollars.
entailment	Amanda has 6 dollars. She received 3 more dollars.	Amanda now has 9 dollars.
entailment	Donna has 10 dollars. She received 5 more dollars.	Donna now has 15 dollars.
entailment	Laura has 3 dollars. She received 4 more dollars.	Laura now has 7 dollars.
entailment	Greg has 7 dollars. He received 9 more dollars.	Greg now has 16 dollars.
entailment	Ralph has 9 dollars. He received 6 more dollars.	Ralph now has 15 dollars.
entailment	Ian has 5 dollars. He received 3 more dollars.	Ian now has 8 dollars.
entailment	Francis has 3 dollars. He received 6 more dollars.	Francis now has 9 dollars.
entailment	Alison has 8 dollars. She received 2 more dollars.	Alison now has 10 dollars.
entailment	Sharon has 5 dollars. She received 9 more dollars.	Sharon now has 14 dollars.
entailment	Patricia has 7 dollars. She received 10 more dollars.	Patricia now has 17 dollars.
entailment	Joan has 10 dollars. She received 3 more dollars.	Joan now has 13 dollars.
entailment	Katie has 10 dollars. She received 9 more dollars.	Katie now has 19 dollars.
entailment	Steve has 8 dollars. He received 7 more dollars.	Steve now has 15 dollars.
entailment	Marie has 6 dollars. She received 5 more dollars.	Marie now has 11 dollars.
entailment	Jean has 8 dollars. She received 5 more dollars.	Jean now has 13 dollars.
entailment	Judy has 5 dollars. She received 7 more dollars.	Judy now has 12 dollars.
entailment	Mary has 8 dollars. She received 7 more dollars.	Mary now has 15 dollars.
entailment	Kathy has 10 dollars. She received 3 more dollars.	Kathy now has 13 dollars.
entailment	Harold has 2 dollars. He received 3 more dollars.	Harold now has 5 dollars.
entailment	Jack has 9 dollars. He received 5 more dollars.	Jack now has 14 dollars.
entailment	Adam has 4 dollars. He received 9 more dollars.	Adam now has 13 dollars.
entailment	Alfred has 5 dollars. He received 4 more dollars.	Alfred now has 9 dollars.
entailment	Helen has 9 dollars. She received 4 more dollars.	Helen now has 13 dollars.
entailment	Christine has 7 dollars. She received 9 more dollars.	Christine now has 16 dollars.
entailment	Suzanne has 6 dollars. She received 9 more dollars.	Suzanne now has 15 dollars.
entailment	Lucy has 9 dollars. She received 4 more dollars.	Lucy now has 13 dollars.
entailment	Sam has 7 dollars. He received 9 more dollars.	Sam now has 16 dollars.
entailment	Bob has 5 dollars. He received 7 more dollars.	Bob now has 12 dollars.
entailment	Fiona has 6 dollars. She received 7 more dollars.	Fiona now has 13 dollars.
entailment	Kevin has 5 dollars. He received 6 more dollars.	Kevin now has 11 dollars.
entailment	Robert has 6 dollars. He received 8 more dollars.	Robert now has 14 dollars.
entailment	Victoria has 4 dollars. She received 7 more dollars.	Victoria now has 11 dollars.
entailment	John has 9 dollars. He received 8 more dollars.	John now has 17 dollars.
entailment	Billy has 2 dollars. He received 7 more dollars.	Billy now has 9 dollars.
entailment	Amy has 4 dollars. She received 8 more dollars.	Amy now has 12 dollars.
entailment	Susan has 9 dollars. She received 5 more dollars.	Susan now has 14 dollars.
entailment	Sue has 8 dollars. She received 4 more dollars.	Sue now has 12 dollars.
entailment	Gary has 10 dollars. He received 9 more dollars.	Gary now has 19 dollars.
entailment	Sarah has 7 dollars. She received 9 more dollars.	Sarah now has 16 dollars.
entailment	Edwin has 3 dollars. He received 8 more dollars.	Edwin now has 11 dollars.
entailment	Katherine has 3 dollars. She received 6 more dollars.	Katherine now has 9 dollars.
entailment	Bruce has 3 dollars. He received 2 more dollars.	Bruce now has 5 dollars.
entailment	Andrea has 10 dollars. She received 4 more dollars.	Andrea now has 14 dollars.
entailment	Howard has 2 dollars. He received 10 more dollars.	Howard now has 12 dollars.
entailment	Kevin has 10 dollars. He received 7 more dollars.	Kevin now has 17 dollars.
entailment	Walter has 6 dollars. He received 3 more dollars.	Walter now has 9 dollars.
entailment	Fred has 10 dollars. He received 5 more dollars.	Fred now has 15 dollars.
entailment	Colin has 3 dollars. He received 7 more dollars.	Colin now has 10 dollars.
entailment	Sally has 4 dollars. She received 7 more dollars.	Sally now has 11 dollars.
entailment	Hugh has 3 dollars. He received 7 more dollars.	Hugh now has 10 dollars.
entailment	Mike has 7 dollars. He received 3 more dollars.	Mike now has 10 dollars.
entailment	Ian has 4 dollars. He received 7 more dollars.	Ian now has 11 dollars.
entailment	Joe has 6 dollars. He received 5 more dollars.	Joe now has 11 dollars.
entailment	Kim has 9 dollars. She received 6 more dollars.	Kim now has 15 dollars.
entailment	Christine has 3 dollars. She received 6 more dollars.	Christine now has 9 dollars.
entailment	Ellen has 4 dollars. She received 6 more dollars.	Ellen now has 10 dollars.
entailment	Pamela has 6 dollars. She received 7 more dollars.	Pamela now has 13 dollars.
entailment	Kate has 5 dollars. She received 8 more dollars.	Kate now has 13 dollars.
entailment	Billy has 3 dollars. He received 6 more dollars.	Billy now has 9 dollars.
entailment	James has 2 dollars. He received 8 more dollars.	James now has 10 dollars.
entailment	Victoria has 6 dollars. She received 3 more dollars.	Victoria now has 9 dollars.
entailment	Karen has 3 dollars. She received 2 more dollars.	Karen now has 5 dollars.
entailment	Mark has 7 dollars. He received 8 more dollars.	Mark now has 15 dollars.
entailment	Michael has 6 dollars. He received 7 more dollars.	Michael now has 13 dollars.
entailment	Amanda has 9 dollars. She received 5 more dollars.	Amanda now has 14 dollars.
entailment	Ed has 9 dollars. He received 10 more dollars.	Ed now has 19 dollars.
entailment	Edward has 5 dollars. He received 6 more dollars.	Edward now has 11 dollars.
entailment	Sandra has 5 dollars. She received 7 more dollars.	Sandra now has 12 dollars.
entailment	Tim has 2 dollars. He received 4 more dollars.	Tim now has 6 dollars.
entailment	Arthur has 10 dollars. He received 9 more dollars.	Arthur now has 19 dollars.
entailment	Ryan has 7 dollars. He received 9 more dollars.	Ryan now has 16 dollars.
entailment	Kelly has 7 dollars. She received 8 more dollars.	Kelly now has 15 dollars.
entailment	Jim has 3 dollars. He received 7 more dollars.	Jim now has 10 dollars.
entailment	Charlotte has 3 dollars. She received 2 more dollars.	Charlotte now has 5 dollars.
entailment	Edward has 8 dollars. He received 10 more dollars.	Edward now has 18 dollars.
entailment	Matt has 5 dollars. He received 7 more dollars.	Matt now has 12 dollars.
entailment	Louise has 7 dollars. She received 5 more dollars.	Louise now has 12 dollars.
entailment	Marilyn has 9 dollars. She received 2 more dollars.	Marilyn now has 11 dollars.
entailment	Matthew has 4 dollars. He received 5 more dollars.	Matthew now has 9 dollars.
entailment	Margaret has 7 dollars. She received 5 more dollars.	Margaret now has 12 dollars.
entailment	Nick has 9 dollars. He received 2 more dollars.	Nick now has 11 dollars.
entailment	Greg has 4 dollars. He received 8 more dollars.	Greg now has 12 dollars.
entailment	Lisa has 8 dollars. She received 7 more dollars.	Lisa now has 15 dollars.
entailment	Larry has 5 dollars. He received 7 more dollars.	Larry now has 12 dollars.
entailment	Paul has 7 dollars. He received 10 more dollars.	Paul now has 17 dollars.
entailment	Susan has 6 dollars. She received 8 more dollars.	Susan now has 14 dollars.
entailment	Hugh has 4 dollars. He received 3 more dollars.	Hugh now has 7 dollars.
entailment	Jeff has 7 dollars. He received 6 more dollars.	Jeff now has 13 dollars.
entailment	Benjamin has 2 dollars. He received 5 more dollars.	Benjamin now has 7 dollars.
entailment	Katie has 7 dollars. She received 10 more dollars.	Katie now has 17 dollars.
entailment	Bill has 10 dollars. He received 5 more dollars.	Bill now has 15 dollars.
entailment	Steven has 6 dollars. He received 4 more dollars.	Steven now has 10 dollars.
entailment	Ben has 4 dollars. He received 3 more dollars.	Ben now has 7 dollars.
entailment	Lynn has 6 dollars. She received 10 more dollars.	Lynn now has 16 dollars.
entailment	Jim has 6 dollars. He received 5 more dollars.	Jim now has 11 dollars.
entailment	Roger has 8 dollars. He received 9 more dollars.	Roger now has 17 dollars.
entailment	Sarah has 3 dollars. She received 6 more dollars.	Sarah now has 9 dollars.
entailment	Catherine has 6 dollars. She received 8 more dollars.	Catherine now has 14 dollars.
entailment	Sarah has 3 dollars. She received 8 more dollars.	Sarah now has 11 dollars.
entailment	Brian has 5 dollars. He received 8 more dollars.	Brian now has 13 dollars.
entailment	Don has 7 dollars. He received 6 more dollars.	Don now has 13 dollars.
entailment	Ashley has 2 dollars. She received 8 more dollars.	Ashley now has 10 dollars.
entailment	Albert has 2 dollars. He received 3 more dollars.	Albert now has 5 dollars.
entailment	Ryan has 6 dollars. He received 5 more dollars.	Ryan now has 11 dollars.
entailment	Victoria has 5 dollars. She received 3 more dollars.	Victoria now has 8 dollars.
entailment	Karen has 10 dollars. She received 7 more dollars.	Karen now has 17 dollars.
entailment	Carol has 6 dollars. She received 3 more dollars.	Carol now has 9 dollars.
entailment	Andrew has 6 dollars. He received 7 more dollars.	Andrew now has 13 dollars.
entailment	Francis has 3 dollars. He received 10 more dollars.	Francis now has 13 dollars.
entailment	Rose has 3 dollars. She received 7 more dollars.	Rose now has 10 dollars.
entailment	Betty has 9 dollars. She received 10 more dollars.	Betty now has 19 dollars.
entailment	Joe has 5 dollars. He received 4 more dollars.	Joe now has 9 dollars.
entailment	Ryan has 2 dollars. He received 5 more dollars.	Ryan now has 7 dollars.
entailment	Bob has 7 dollars. He received 10 more dollars.	Bob now has 17 dollars.
entailment	Arthur has 9 dollars. He received 4 more dollars.	Arthur now has 13 dollars.
entailment	Marilyn has 10 dollars. She received 5 more dollars.	Marilyn now has 15 dollars.
entailment	Annie has 10 dollars. She received 5 more dollars.	Annie now has 15 dollars.
entailment	Lynn has 4 dollars. She received 7 more dollars.	Lynn now has 11 dollars.
entailment	Diane has 8 dollars. She received 7 more dollars.	Diane now has 15 dollars.
entailment	Harriet has 8 dollars. She received 2 more dollars.	Harriet now has 10 dollars.
entailment	Simon has 8 dollars. He received 2 more dollars.	Simon now has 10 dollars.
entailment	Elaine has 3 dollars. She received 10 more dollars.	Elaine now has 13 dollars.
entailment	Alison has 4 dollars. She received 6 more dollars.	Alison now has 10 dollars.
entailment	Greg has 8 dollars. He received 6 more dollars.	Greg now has 14 dollars.
entailment	Johnny has 7 dollars. He received 2 more dollars.	Johnny now has 9 dollars.
entailment	Dorothy has 8 dollars. She received 9 more dollars.	Dorothy now has 17 dollars.
entailment	Wendy has 6 dollars. She received 3 more dollars.	Wendy now has 9 dollars.
entailment	Kate has 10 dollars. She received 9 more dollars.	Kate now has 19 dollars.
entailment	Jim has 5 dollars. He received 9 more dollars.	Jim now has 14 dollars.
entailment	Thomas has 6 dollars. He received 4 more dollars.	Thomas now has 10 dollars.
entailment	Ellen has 7 dollars. She received 6 more dollars.	Ellen now has 13 dollars.
entailment	Ben has 6 dollars. He received 8 more dollars.	Ben now has 14 dollars.
entailment	Richard has 5 dollars. He received 4 more dollars.	Richard now has 9 dollars.
entailment	Bill has 6 dollars. He received 10 more dollars.	Bill now has 16 dollars.
entailment	Catherine has 5 dollars. She received 9 more dollars.	Catherine now has 14 dollars.
entailment	Mike has 9 dollars. He received 2 more dollars.	Mike now has 11 dollars.
entailment	Donna has 6 dollars. She received 5 more dollars.	Donna now has 11 dollars.
entailment	Albert has 7 dollars. He received 2 more dollars.	Albert now has 9 dollars.
entailment	Bill has 8 dollars. He received 9 more dollars.	Bill now has 17 dollars.
entailment	Kenneth has 5 dollars. He received 2 more dollars.	Kenneth now has 7 dollars.
entailment	David has 5 dollars. He received 7 more dollars.	David now has 12 dollars.
entailment	Eric has 2 dollars. He received 8 more dollars.	Eric now has 10 dollars.
entailment	Tony has 2 dollars. He received 7 more dollars.	Tony now has 9 dollars.
entailment	Frank has 7 dollars. He received 9 more dollars.	Frank now has 16 dollars.
entailment	Diane has 6 dollars. She received 4 more dollars.	Diane now has 10 dollars.
entailment	Elaine has 6 dollars. She received 9 more dollars.	Elaine now has 15 dollars.
entailment	Jill has 8 dollars. She received 4 more dollars.	Jill now has 12 dollars.
entailment	Virginia has 3 dollars. She received 2 more dollars.	Virginia now has 5 dollars.
entailment	Elaine has 5 dollars. She received 6 more dollars.	Elaine now has 11 dollars.
entailment	Lauren has 2 dollars. She received 5 more dollars.	Lauren now has 7 dollars.
entailment	Caroline has 2 dollars. She received 5 more dollars.	Caroline now has 7 dollars.
entailment	Harold has 5 dollars. He received 10 more dollars.	Harold now has 15 dollars.
entailment	Bob has 5 dollars. He received 2 more dollars.	Bob now has 7 dollars.
entailment	Anna has 3 dollars. She received 5 more dollars.	Anna now has 8 dollars.
entailment	Keith has 6 dollars. He received 8 more dollars.	Keith now has 14 dollars.
entailment	Kim has 10 dollars. She received 3 more dollars.	Kim now has 13 dollars.
entailment	Laura has 5 dollars. She received 10 more dollars.	Laura now has 15 dollars.
entailment	Judith has 9 dollars. She received 6 more dollars.	Judith now has 15 dollars.
entailment	Alfred has 4 dollars. He received 10 more dollars.	Alfred now has 14 dollars.
entailment	Andrea has 4 dollars. She received 5 more dollars.	Andrea now has 9 dollars.
entailment	Anthony has 10 dollars. He received 3 more dollars.	Anthony now has 13 dollars.
entailment	Sam has 4 dollars. He received 3 more dollars.	Sam now has 7 dollars.
entailment	Ken has 2 dollars. He received 10 more dollars.	Ken now has 12 dollars.
entailment	Deborah has 3 dollars. She received 9 more dollars.	Deborah now has 12 dollars.
entailment	Katie has 8 dollars. She received 5 more dollars.	Katie now has 13 dollars.
entailment	Emily has 10 dollars. She received 4 more dollars.	Emily now has 14 dollars.
entailment	Edward has 7 dollars. He received 10 more dollars.	Edward now has 17 dollars.
entailment	Frances has 10 dollars. She received 2 more dollars.	Frances now has 12 dollars.
entailment	Alice has 5 dollars. She received 2 more dollars.	Alice now has 7 dollars.
entailment	Alexandra has 8 dollars. She received 6 more dollars.	Alexandra now has 14 dollars.
entailment	Lawrence has 10 dollars. He received 9 more dollars.	Lawrence now has 19 dollars.
entailment	Pamela has 10 dollars. She received 8 more dollars.	Pamela now has 18 dollars.
entailment	Samuel has 9 dollars. He received 8 more dollars.	Samuel now has 17 dollars.
entailment	Dave has 5 dollars. He received 3 more dollars.	Dave now has 8 dollars.
entailment	Dan has 4 dollars. He received 9 more dollars.	Dan now has 13 dollars.
entailment	Grace has 6 dollars. She received 5 more dollars.	Grace now has 11 dollars.
entailment	Richard has 5 dollars. He received 7 more dollars.	Richard now has 12 dollars.
entailment	Jane has 5 dollars. She received 7 more dollars.	Jane now has 12 dollars.
entailment	Bobby has 10 dollars. He received 5 more dollars.	Bobby now has 15 dollars.
entailment	Jason has 5 dollars. He received 9 more dollars.	Jason now has 14 dollars.
entailment	Sophie has 3 dollars. She received 5 more dollars.	Sophie now has 8 dollars.
entailment	Francis has 8 dollars. He received 2 more dollars.	Francis now has 10 dollars.
entailment	Karen has 7 dollars. She received 4 more dollars.	Karen now has 11 dollars.
entailment	Kim has 4 dollars. She received 3 more dollars.	Kim now has 7 dollars.
entailment	Carol has 10 dollars. She received 7 more dollars.	Carol now has 17 dollars.
entailment	Carl has 6 dollars. He received 5 more dollars.	Carl now has 11 dollars.
entailment	Emma has 9 dollars. She received 4 more dollars.	Emma now has 13 dollars.
entailment	Charlie has 4 dollars. He received 10 more dollars.	Charlie now has 14 dollars.
entailment	Roy has 10 dollars. He received 3 more dollars.	Roy now has 13 dollars.
entailment	Sara has 7 dollars. She received 6 more dollars.	Sara now has 13 dollars.
entailment	Barbara has 4 dollars. She received 2 more dollars.	Barbara now has 6 dollars.
entailment	Diana has 2 dollars. She received 7 more dollars.	Diana now has 9 dollars.
entailment	Betty has 3 dollars. She received 6 more dollars.	Betty now has 9 dollars.
entailment	Bill has 8 dollars. He received 4 more dollars.	Bill now has 12 dollars.
entailment	Ed has 2 dollars. He received 8 more dollars.	Ed now has 10 dollars.
entailment	Joe has 6 dollars. He received 5 more dollars.	Joe now has 11 dollars.
entailment	Sue has 2 dollars. She received 3 more dollars.	Sue now has 5 dollars.
entailment	Roger has 3 dollars. He received 8 more dollars.	Roger now has 11 dollars.
entailment	Keith has 2 dollars. He received 5 more dollars.	Keith now has 7 dollars.
entailment	Marilyn has 3 dollars. She received 4 more dollars.	Marilyn now has 7 dollars.
entailment	Johnny has 6 dollars. He received 7 more dollars.	Johnny now has 13 dollars.
entailment	Elaine has 7 dollars. She received 8 more dollars.	Elaine now has 15 dollars.
entailment	Thomas has 3 dollars. He received 5 more dollars.	Thomas now has 8 dollars.
entailment	Greg has 3 dollars. He received 9 more dollars.	Greg now has 12 dollars.
entailment	Katie has 3 dollars. She received 6 more dollars.	Katie now has 9 dollars.
entailment	Gary has 6 dollars. He received 8 more dollars.	Gary now has 14 dollars.
entailment	Ruth has 4 dollars. She received 9 more dollars.	Ruth now has 13 dollars.
entailment	Bobby has 2 dollars. He received 3 more dollars.	Bobby now has 5 dollars.
entailment	Virginia has 6 dollars. She received 4 more dollars.	Virginia now has 10 dollars.
entailment	Carolyn has 4 dollars. She received 2 more dollars.	Carolyn now has 6 dollars.
entailment	Matthew has 9 dollars. He received 3 more dollars.	Matthew now has 12 dollars.
entailment	John has 3 dollars. He received 10 more dollars.	John now has 13 dollars.
entailment	Sarah has 4 dollars. She received 10 more dollars.	Sarah now has 14 dollars.
entailment	Lucy has 9 dollars. She received 2 more dollars.	Lucy now has 11 dollars.
entailment	Judy has 2 dollars. She received 9 more dollars.	Judy now has 11 dollars.
entailment	Jason has 4 dollars. He received 8 more dollars.	Jason now has 12 dollars.
entailment	Barbara has 4 dollars. She received 3 more dollars.	Barbara now has 7 dollars.
entailment	Kathryn has 4 dollars. She received 6 more dollars.	Kathryn now has 10 dollars.
entailment	Ben has 4 dollars. He received 9 more dollars.	Ben now has 13 dollars.
entailment	Edith has 9 dollars. She received 10 more dollars.	Edith now has 19 dollars.
entailment	Lauren has 9 dollars. She received 3 more dollars.	Lauren now has 12 dollars.
entailment	Joe has 4 dollars. He received 10 more dollars.	Joe now has 14 dollars.
entailment	Nicole has 10 dollars. She received 2 more dollars.	Nicole now has 12 dollars.
entailment	Frances has 8 dollars. She received 3 more dollars.	Frances now has 11 dollars.
entailment	Jason has 10 dollars. He received 2 more dollars.	Jason now has 12 dollars.
entailment	Tom has 3 dollars. He received 2 more dollars.	Tom now has 5 dollars.
entailment	Heather has 4 dollars. She received 8 more dollars.	Heather now has 12 dollars.
entailment	Heather has 3 dollars. She received 8 more dollars.	Heather now has 11 dollars.
entailment	Martha has 5 dollars. She received 3 more dollars.	Martha now has 8 dollars.
entailment	Henry has 8 dollars. He received 4 more dollars.	Henry now has 12 dollars.
entailment	Nancy has 6 dollars. She received 7 more dollars.	Nancy now has 13 dollars.
entailment	Charlotte has 4 dollars. She received 6 more dollars.	Charlotte now has 10 dollars.
entailment	Brian has 5 dollars. He received 4 more dollars.	Brian now has 9 dollars.
entailment	Eleanor has 6 dollars. She received 2 more dollars.	Eleanor now has 8 dollars.
entailment	Elaine has 8 dollars. She received 9 more dollars.	Elaine now has 17 dollars.
entailment	Lawrence has 5 dollars. He received 6 more dollars.	Lawrence now has 11 dollars.
entailment	Katherine has 10 dollars. She received 9 more dollars.	Katherine now has 19 dollars.
entailment	Henry has 2 dollars. He received 10 more dollars.	Henry now has 12 dollars.
entailment	Keith has 4 dollars. He received 9 more dollars.	Keith now has 13 dollars.
entailment	Fred has 3 dollars. He received 6 more dollars.	Fred now has 9 dollars.
entailment	Keith has 4 dollars. He received 6 more dollars.	Keith now has 10 dollars.
entailment	Caroline has 9 dollars. She received 8 more dollars.	Caroline now has 17 dollars.
entailment	Carolyn has 10 dollars. She received 4 more dollars.	Carolyn now has 14 dollars.
entailment	Sam has 9 dollars. He received 5 more dollars.	Sam now has 14 dollars.
entailment	David has 3 dollars. He received 4 more dollars.	David now has 7 dollars.
entailment	David has 4 dollars. He received 5 more dollars.	David now has 9 dollars.
entailment	John has 7 dollars. He received 2 more dollars.	John now has 9 dollars.
entailment	Henry has 3 dollars. He received 6 more dollars.	Henry now has 9 dollars.
entailment	Amanda has 3 dollars. She received 6 more dollars.	Amanda now has 9 dollars.
entailment	Janet has 8 dollars. She received 5 more dollars.	Janet now has 13 dollars.
entailment	Sarah has 3 dollars. She received 9 more dollars.	Sarah now has 12 dollars.
entailment	Jill has 5 dollars. She received 8 more dollars.	Jill now has 13 dollars.
entailment	Johnny has 3 dollars. He received 9 more dollars.	Johnny now has 12 dollars.
entailment	Kim has 10 dollars. She received 9 more dollars.	Kim now has 19 dollars.
entailment	Janet has 10 dollars. She received 8 more dollars.	Janet now has 18 dollars.
entailment	Harriet has 10 dollars. She received 5 more dollars.	Harriet now has 15 dollars.
entailment	Louise has 4 dollars. She received 8 more dollars.	Louise now has 12 dollars.
entailment	Frances has 9 dollars. She received 8 more dollars.	Frances now has 17 dollars.
entailment	Caroline has 10 dollars. She received 6 more dollars.	Caroline now has 16 dollars.
entailment	Frances has 7 dollars. She received 6 more dollars.	Frances now has 13 dollars.
entailment	Thomas has 5 dollars. He received 9 more dollars.	Thomas now has 14 dollars.
entailment	Henry has 6 dollars. He received 9 more dollars.	Henry now has 15 dollars.
entailment	Billy has 10 dollars. He received 2 more dollars.	Billy now has 12 dollars.
entailment	Alison has 6 dollars. She received 9 more dollars.	Alison now has 15 dollars.
entailment	Patricia has 6 dollars. She received 4 more dollars.	Patricia now has 10 dollars.
entailment	Sue has 9 dollars. She received 8 more dollars.	Sue now has 17 dollars.
entailment	Christopher has 3 dollars. He received 2 more dollars.	Christopher now has 5 dollars.
entailment	Howard has 2 dollars. He received 8 more dollars.	Howard now has 10 dollars.
entailment	Dick has 4 dollars. He received 8 more dollars.	Dick now has 12 dollars.
entailment	Kathy has 9 dollars. She received 5 more dollars.	Kathy now has 14 dollars.
entailment	Ian has 10 dollars. He received 3 more dollars.	Ian now has 13 dollars.
entailment	Louis has 6 dollars. He received 9 more dollars.	Louis now has 15 dollars.
entailment	Nick has 3 dollars. He received 4 more dollars.	Nick now has 7 dollars.
entailment	Daniel has 4 dollars. He received 7 more dollars.	Daniel now has 11 dollars.
entailment	Jill has 8 dollars. She received 10 more dollars.	Jill now has 18 dollars.
entailment	Elizabeth has 4 dollars. She received 2 more dollars.	Elizabeth now has 6 dollars.
entailment	Susan has 6 dollars. She received 2 more dollars.	Susan now has 8 dollars.
entailment	Don has 2 dollars. He received 8 more dollars.	Don now has 10 dollars.
entailment	Johnny has 2 dollars. He received 9 more dollars.	Johnny now has 11 dollars.
entailment	Michelle has 8 dollars. She received 10 more dollars.	Michelle now has 18 dollars.
entailment	Hugh has 10 dollars. He received 4 more dollars.	Hugh now has 14 dollars.
entailment	Ann has 4 dollars. She received 7 more dollars.	Ann now has 11 dollars.
entailment	Arthur has 5 dollars. He received 6 more dollars.	Arthur now has 11 dollars.
entailment	Christopher has 5 dollars. He received 2 more dollars.	Christopher now has 7 dollars.
entailment	Benjamin has 6 dollars. He received 7 more dollars.	Benjamin now has 13 dollars.
entailment	Jonathan has 10 dollars. He received 7 more dollars.	Jonathan now has 17 dollars.
entailment	Bobby has 5 dollars. He received 2 more dollars.	Bobby now has 7 dollars.
entailment	Sarah has 10 dollars. She received 2 more dollars.	Sarah now has 12 dollars.
entailment	Don has 9 dollars. He received 4 more dollars.	Don now has 13 dollars.
entailment	Charlie has 2 dollars. He received 5 more dollars.	Charlie now has 7 dollars.
entailment	George has 3 dollars. He received 7 more dollars.	George now has 10 dollars.
entailment	Sarah has 9 dollars. She received 4 more dollars.	Sarah now has 13 dollars.
entailment	Florence has 7 dollars. She received 5 more dollars.	Florence now has 12 dollars.
entailment	Johnny has 8 dollars. He received 3 more dollars.	Johnny now has 11 dollars.
entailment	Greg has 8 dollars. He received 10 more dollars.	Greg now has 18 dollars.
entailment	Sarah has 3 dollars. She received 7 more dollars.	Sarah now has 10 dollars.
entailment	Ryan has 7 dollars. He received 5 more dollars.	Ryan now has 12 dollars.
entailment	Harry has 9 dollars. He received 6 more dollars.	Harry now has 15 dollars.
entailment	Carol has 5 dollars. She received 9 more dollars.	Carol now has 14 dollars.
entailment	Melissa has 7 dollars. She received 4 more dollars.	Melissa now has 11 dollars.
entailment	Gary has 9 dollars. He received 7 more dollars.	Gary now has 16 dollars.
entailment	Alan has 3 dollars. He received 6 more dollars.	Alan now has 9 dollars.
entailment	Bob has 5 dollars. He received 9 more dollars.	Bob now has 14 dollars.
entailment	Rebecca has 4 dollars. She received 9 more dollars.	Rebecca now has 13 dollars.
entailment	Carl has 8 dollars. He received 2 more dollars.	Carl now has 10 dollars.
entailment	Ian has 7 dollars. He received 3 more dollars.	Ian now has 10 dollars.
entailment	Lucy has 8 dollars. She received 7 more dollars.	Lucy now has 15 dollars.
entailment	Adam has 10 dollars. He received 8 more dollars.	Adam now has 18 dollars.
entailment	Simon has 8 dollars. He received 10 more dollars.	Simon now has 18 dollars.
entailment	Paul has 5 dollars. He received 6 more dollars.	Paul now has 11 dollars.
entailment	Bobby has 2 dollars. He received 5 more dollars.	Bobby now has 7 dollars.
entailment	Ryan has 5 dollars. He received 3 more dollars.	Ryan now has 8 dollars.
entailment	Sarah has 6 dollars. She received 7 more dollars.	Sarah now has 13 dollars.
entailment	Sue has 5 dollars. She received 4 more dollars.	Sue now has 9 dollars.
entailment	Kenneth has 10 dollars. He received 8 more dollars.	Kenneth now has 18 dollars.
entailment	Ryan has 10 dollars. He received 3 more dollars.	Ryan now has 13 dollars.
entailment	Diane has 9 dollars. She received 7 more dollars.	Diane now has 16 dollars.
entailment	Scott has 4 dollars. He received 6 more dollars.	Scott now has 10 dollars.
entailment	Philip has 2 dollars. He received 8 more dollars.	Philip now has 10 dollars.
entailment	Alexander has 10 dollars. He received 3 more dollars.	Alexander now has 13 dollars.
entailment	Katherine has 2 dollars. She received 5 more dollars.	Katherine now has 7 dollars.
entailment	Jennifer has 5 dollars. She received 7 more dollars.	Jennifer now has 12 dollars.
entailment	Johnny has 6 dollars. He received 2 more dollars.	Johnny now has 8 dollars.
entailment	Daniel has 10 dollars. He received 7 more dollars.	Daniel now has 17 dollars.
entailment	Michelle has 4 dollars. She received 9 more dollars.	Michelle now has 13 dollars.
entailment	Kevin has 9 dollars. He received 10 more dollars.	Kevin now has 19 dollars.
entailment	Donna has 10 dollars. She received 6 more dollars.	Donna now has 16 dollars.
entailment	Suzanne has 10 dollars. She received 6 more dollars.	Suzanne now has 16 dollars.
entailment	Roger has 5 dollars. He received 6 more dollars.	Roger now has 11 dollars.
entailment	Adam has 2 dollars. He received 7 more dollars.	Adam now has 9 dollars.
entailment	Jessica has 3 dollars. She received 8 more dollars.	Jessica now has 11 dollars.
entailment	Scott has 6 dollars. He received 2 more dollars.	Scott now has 8 dollars.
entailment	Lisa has 7 dollars. She received 4 more dollars.	Lisa now has 11 dollars.
entailment	Eric has 3 dollars. He received 9 more dollars.	Eric now has 12 dollars.
entailment	Steven has 5 dollars. He received 9 more dollars.	Steven now has 14 dollars.
entailment	Sam has 3 dollars. He received 8 more dollars.	Sam now has 11 dollars.
entailment	Ben has 10 dollars. He received 7 more dollars.	Ben now has 17 dollars.
entailment	Charlie has 5 dollars. He received 6 more dollars.	Charlie now has 11 dollars.
entailment	Colin has 8 dollars. He received 9 more dollars.	Colin now has 17 dollars.
entailment	Nicole has 2 dollars. She received 4 more dollars.	Nicole now has 6 dollars.
entailment	Laura has 4 dollars. She received 7 more dollars.	Laura now has 11 dollars.
entailment	Evelyn has 6 dollars. She received 2 more dollars.	Evelyn now has 8 dollars.
entailment	Julia has 2 dollars. She received 7 more dollars.	Julia now has 9 dollars.
entailment	Sandra has 3 dollars. She received 8 more dollars.	Sandra now has 11 dollars.
entailment	Francis has 7 dollars. He received 9 more dollars.	Francis now has 16 dollars.
entailment	Albert has 7 dollars. He received 5 more dollars.	Albert now has 12 dollars.
entailment	Patricia has 6 dollars. She received 3 more dollars.	Patricia now has 9 dollars.
entailment	Frederick has 5 dollars. He received 4 more dollars.	Frederick now has 9 dollars.
entailment	Edith has 3 dollars. She received 8 more dollars.	Edith now has 11 dollars.
entailment	Edwin has 2 dollars. He received 8 more dollars.	Edwin now has 10 dollars.
entailment	Henry has 4 dollars. He received 8 more dollars.	Henry now has 12 dollars.
entailment	Ralph has 9 dollars. He received 7 more dollars.	Ralph now has 16 dollars.
entailment	Wendy has 4 dollars. She received 10 more dollars.	Wendy now has 14 dollars.
entailment	Dave has 6 dollars. He received 9 more dollars.	Dave now has 15 dollars.
entailment	Caroline has 4 dollars. She received 2 more dollars.	Caroline now has 6 dollars.
entailment	Edward has 6 dollars. He received 8 more dollars.	Edward now has 14 dollars.
entailment	Tom has 5 dollars. He received 9 more dollars.	Tom now has 14 dollars.
entailment	Adam has 4 dollars. He received 8 more dollars.	Adam now has 12 dollars.
entailment	Louis has 10 dollars. He received 5 more dollars.	Louis now has 15 dollars.
entailment	Jerry has 3 dollars. He received 2 more dollars.	Jerry now has 5 dollars.
