entailment	Ed has nine dollars. He gave away seven dollars.	Ed now has two dollars.
entailment	Adam has eight dollars. He gave away two dollars.	Adam now has six dollars.
entailment	Jerry has four dollars. He gave away two dollars.	Jerry now has two dollars.
entailment	Donna has nine dollars. She gave away four dollars.	Donna now has five dollars.
entailment	Laura has ten dollars. She gave away five dollars.	Laura now has five dollars.
entailment	Tom has nine dollars. He gave away two dollars.	Tom now has seven dollars.
entailment	Frederick has eight dollars. He gave away seven dollars.	Frederick now has one dollars.
entailment	Jim has eight dollars. He gave away five dollars.	Jim now has three dollars.
entailment	Steven has six dollars. He gave away three dollars.	Steven now has three dollars.
entailment	Edwin has eight dollars. He gave away two dollars.	Edwin now has six dollars.
entailment	Jessica has nine dollars. She gave away four dollars.	Jessica now has five dollars.
entailment	Nancy has four dollars. She gave away three dollars.	Nancy now has one dollars.
entailment	Philip has nine dollars. He gave away five dollars.	Philip now has four dollars.
entailment	Jill has eight dollars. She gave away six dollars.	Jill now has two dollars.
entailment	Harold has ten dollars. He gave away seven dollars.	Harold now has three dollars.
entailment	Johnny has ten dollars. He gave away six dollars.	Johnny now has four dollars.
entailment	Tom has nine dollars. He gave away five dollars.	Tom now has four dollars.
entailment	Louise has nine dollars. She gave away five dollars.	Louise now has four dollars.
entailment	Susan has seven dollars. She gave away three dollars.	Susan now has four dollars.
entailment	Donna has eight dollars. She gave away three dollars.	Donna now has five dollars.
entailment	Benjamin has nine dollars. He gave away four dollars.	Benjamin now has five dollars.
entailment	Caroline has eight dollars. She gave away six dollars.	Caroline now has two dollars.
entailment	Bobby has ten dollars. He gave away six dollars.	Bobby now has four dollars.
entailment	Tom has six dollars. He gave away three dollars.	Tom now has three dollars.
entailment	Ed has six dollars. He gave away four dollars.	Ed now has two dollars.
entailment	Florence has six dollars. She gave away four dollars.	Florence now has two dollars.
entailment	Fred has nine dollars. He gave away six dollars.	Fred now has three dollars.
entailment	William has ten dollars. He gave away three dollars.	William now has seven dollars.
entailment	Ed has ten dollars. He gave away three dollars.	Ed now has seven dollars.
entailment	Florence has nine dollars. She gave away three dollars.	Florence now has six dollars.
entailment	Johnny has ten dollars. He gave away six dollars.	Johnny now has four dollars.
entailment	Tom has seven dollars. He gave away two dollars.	Tom now has five dollars.
entailment	Anthony has nine dollars. He gave away five dollars.	Anthony now has four dollars.
entailment	Evelyn has eight dollars. She gave away five dollars.	Evelyn now has three dollars.
entailment	Tony has six dollars. He gave away five dollars.	Tony now has one dollars.
entailment	Jane has six dollars. She gave away three dollars.	Jane now has three dollars.
entailment	Donna has nine dollars. She gave away three dollars.	Donna now has six dollars.
entailment	Anna has six dollars. She gave away four dollars.	Anna now has two dollars.
entailment	Kathy has eight dollars. She gave away two dollars.	Kathy now has six dollars.
entailment	Christine has ten dollars. She gave away five dollars.	Christine now has five dollars.
entailment	Benjamin has eight dollars. He gave away six dollars.	Benjamin now has two dollars.
entailment	Ralph has nine dollars. He gave away six dollars.	Ralph now has three dollars.
entailment	Alexandra has eight dollars. She gave away four dollars.	Alexandra now has four dollars.
entailment	Mark has nine dollars. He gave away five dollars.	Mark now has four dollars.
entailment	Rebecca has ten dollars. She gave away three dollars.	Rebecca now has seven dollars.
entailment	Patricia has nine dollars. She gave away eight dollars.	Patricia now has one dollars.
entailment	Karen has six dollars. She gave away three dollars.	Karen now has three dollars.
entailment	Amanda has ten dollars. She gave away three dollars.	Amanda now has seven dollars.
entailment	Jason has six dollars. He gave away five dollars.	Jason now has one dollars.
entailment	Jim has five dollars. He gave away three dollars.	Jim now has two dollars.
entailment	Ruth has seven dollars. She gave away three dollars.	Ruth now has four dollars.
entailment	Rachel has four dollars. She gave away three dollars.	Rachel now has one dollars.
entailment	Rachel has ten dollars. She gave away two dollars.	Rachel now has eight dollars.
entailment	Anne has seven dollars. She gave away two dollars.	Anne now has five dollars.
entailment	Lucy has eight dollars. She gave away six dollars.	Lucy now has two dollars.
entailment	Patricia has ten dollars. She gave away three dollars.	Patricia now has seven dollars.
entailment	Fred has ten dollars. He gave away eight dollars.	Fred now has two dollars.
entailment	Philip has three dollars. He gave away two dollars.	Philip now has one dollars.
entailment	Martha has five dollars. She gave away four dollars.	Martha now has one dollars.
entailment	Alison has seven dollars. She gave away four dollars.	Alison now has three dollars.
entailment	Roger has six dollars. He gave away four dollars.	Roger now has two dollars.
entailment	Mark has seven dollars. He gave away three dollars.	Mark now has four dollars.
entailment	Jeff has four dollars. He gave away three dollars.	Jeff now has one dollars.
entailment	Stephen has six dollars. He gave away five dollars.	Stephen now has one dollars.
entailment	Johnny has eight dollars. He gave away seven dollars.	Johnny now has one dollars.
entailment	Robert has eight dollars. He gave away three dollars.	Robert now has five dollars.
entailment	Evelyn has four dollars. She gave away three dollars.	Evelyn now has one dollars.
entailment	Daniel has seven dollars. He gave away two dollars.	Daniel now has five dollars.
entailment	Sam has seven dollars. He gave away five dollars.	Sam now has two dollars.
entailment	Albert has eight dollars. He gave away seven dollars.	Albert now has one dollars.
entailment	Adam has nine dollars. He gave away eight dollars.	Adam now has one dollars.
entailment	Colin has six dollars. He gave away four dollars.	Colin now has two dollars.
entailment	Katherine has eight dollars. She gave away six dollars.	Katherine now has two dollars.
entailment	Richard has ten dollars. He gave away eight dollars.	Richard now has two dollars.
entailment	Dorothy has nine dollars. She gave away five dollars.	Dorothy now has four dollars.
entailment	Mike has seven dollars. He gave away three dollars.	Mike now has four dollars.
entailment	Kate has four dollars. She gave away three dollars.	Kate now has one dollars.
entailment	George has four dollars. He gave away two dollars.	George now has two dollars.
entailment	Alice has ten dollars. She gave away nine dollars.	Alice now has one dollars.
entailment	Charles has eight dollars. He gave away seven dollars.	Charles now has one dollars.
entailment	Kevin has five dollars. He gave away three dollars.	Kevin now has two dollars.
entailment	Kenneth has four dollars. He gave away three dollars.	Kenneth now has one dollars.
entailment	Ruth has eight dollars. She gave away five dollars.	Ruth now has three dollars.
entailment	Carolyn has six dollars. She gave away two dollars.	Carolyn now has four dollars.
entailment	William has six dollars. He gave away four dollars.	William now has two dollars.
entailment	Joe has six dollars. He gave away five dollars.	Joe now has one dollars.
entailment	John has nine dollars. He gave away five dollars.	John now has four dollars.
entailment	Thomas has seven dollars. He gave away three dollars.	Thomas now has four dollars.
entailment	Brian has seven dollars. He gave away five dollars.	Brian now has two dollars.
entailment	Johnny has nine dollars. He gave away two dollars.	Johnny now has seven dollars.
entailment	Roger has eight dollars. He gave away two dollars.	Roger now has six dollars.
entailment	Ron has ten dollars. He gave away two dollars.	Ron now has eight dollars.
entailment	Martha has ten dollars. She gave away four dollars.	Martha now has six dollars.
entailment	Amanda has nine dollars. She gave away five dollars.	Amanda now has four dollars.
entailment	Alison has eight dollars. She gave away seven dollars.	Alison now has one dollars.
entailment	Florence has eight dollars. She gave away four dollars.	Florence now has four dollars.
entailment	Tom has ten dollars. He gave away four dollars.	Tom now has six dollars.
entailment	Donna has six dollars. She gave away three dollars.	Donna now has three dollars.
entailment	Adam has six dollars. He gave away two dollars.	Adam now has four dollars.
entailment	Paul has six dollars. He gave away five dollars.	Paul now has one dollars.
entailment	Susan has nine dollars. She gave away six dollars.	Susan now has three dollars.
entailment	Ellen has nine dollars. She gave away eight dollars.	Ellen now has one dollars.
entailment	Marie has six dollars. She gave away three dollars.	Marie now has three dollars.
entailment	Jill has seven dollars. She gave away three dollars.	Jill now has four dollars.
entailment	Louise has seven dollars. She gave away five dollars.	Louise now has two dollars.
entailment	Eric has nine dollars. He gave away eight dollars.	Eric now has one dollars.
entailment	Heather has six dollars. She gave away five dollars.	Heather now has one dollars.
entailment	Mary has ten dollars. She gave away eight dollars.	Mary now has two dollars.
entailment	Anne has ten dollars. She gave away eight dollars.	Anne now has two dollars.
entailment	Mark has nine dollars. He gave away seven dollars.	Mark now has two dollars.
entailment	Michael has four dollars. He gave away three dollars.	Michael now has one dollars.
entailment	Frederick has nine dollars. He gave away five dollars.	Frederick now has four dollars.
entailment	Sue has seven dollars. She gave away three dollars.	Sue now has four dollars.
entailment	Wendy has nine dollars. She gave away two dollars.	Wendy now has seven dollars.
entailment	Lucy has six dollars. She gave away four dollars.	Lucy now has two dollars.
entailment	Mary has ten dollars. She gave away eight dollars.	Mary now has two dollars.
entailment	Rose has eight dollars. She gave away six dollars.	Rose now has two dollars.
entailment	Charles has five dollars. He gave away three dollars.	Charles now has two dollars.
entailment	Bobby has ten dollars. He gave away four dollars.	Bobby now has six dollars.
entailment	John has nine dollars. He gave away four dollars.	John now has five dollars.
entailment	Alexandra has eight dollars. She gave away four dollars.	Alexandra now has four dollars.
entailment	Katie has seven dollars. She gave away two dollars.	Katie now has five dollars.
entailment	Ralph has four dollars. He gave away three dollars.	Ralph now has one dollars.
entailment	Julie has five dollars. She gave away three dollars.	Julie now has two dollars.
entailment	Elizabeth has seven dollars. She gave away six dollars.	Elizabeth now has one dollars.
entailment	Nancy has eight dollars. She gave away five dollars.	Nancy now has three dollars.
entailment	Martin has ten dollars. He gave away seven dollars.	Martin now has three dollars.
entailment	Jimmy has eight dollars. He gave away four dollars.	Jimmy now has four dollars.
entailment	Cynthia has eight dollars. She gave away two dollars.	Cynthia now has six dollars.
entailment	Alice has seven dollars. She gave away three dollars.	Alice now has four dollars.
entailment	Amanda has ten dollars. She gave away six dollars.	Amanda now has four dollars.
entailment	Nicole has seven dollars. She gave away two dollars.	Nicole now has five dollars.
entailment	Michelle has nine dollars. She gave away three dollars.	Michelle now has six dollars.
entailment	Wendy has five dollars. She gave away two dollars.	Wendy now has three dollars.
entailment	James has five dollars. He gave away two dollars.	James now has three dollars.
entailment	Jean has seven dollars. She gave away three dollars.	Jean now has four dollars.
entailment	Jane has ten dollars. She gave away five dollars.	Jane now has five dollars.
entailment	Ray has eight dollars. He gave away four dollars.	Ray now has four dollars.
entailment	Kevin has eight dollars. He gave away six dollars.	Kevin now has two dollars.
entailment	Ben has eight dollars. He gave away two dollars.	Ben now has six dollars.
entailment	Larry has ten dollars. He gave away six dollars.	Larry now has four dollars.
entailment	Janet has eight dollars. She gave away two dollars.	Janet now has six dollars.
entailment	Caroline has four dollars. She gave away three dollars.	Caroline now has one dollars.
entailment	Emma has ten dollars. She gave away three dollars.	Emma now has seven dollars.
entailment	Arthur has nine dollars. He gave away four dollars.	Arthur now has five dollars.
entailment	Diana has ten dollars. She gave away three dollars.	Diana now has seven dollars.
entailment	Matthew has four dollars. He gave away three dollars.	Matthew now has one dollars.
entailment	Gary has seven dollars. He gave away five dollars.	Gary now has two dollars.
entailment	Edith has ten dollars. She gave away seven dollars.	Edith now has three dollars.
entailment	Frank has six dollars. He gave away three dollars.	Frank now has three dollars.
entailment	Jerry has eight dollars. He gave away seven dollars.	Jerry now has one dollars.
entailment	Ray has eight dollars. He gave away three dollars.	Ray now has five dollars.
entailment	Brian has three dollars. He gave away two dollars.	Brian now has one dollars.
entailment	Sandra has eight dollars. She gave away five dollars.	Sandra now has three dollars.
entailment	Emma has ten dollars. She gave away five dollars.	Emma now has five dollars.
entailment	Jason has seven dollars. He gave away six dollars.	Jason now has one dollars.
entailment	Alison has eight dollars. She gave away three dollars.	Alison now has five dollars.
entailment	Martha has nine dollars. She gave away two dollars.	Martha now has seven dollars.
entailment	Patricia has seven dollars. She gave away five dollars.	Patricia now has two dollars.
entailment	Matt has seven dollars. He gave away three dollars.	Matt now has four dollars.
entailment	Sharon has ten dollars. She gave away nine dollars.	Sharon now has one dollars.
entailment	Jack has ten dollars. He gave away three dollars.	Jack now has seven dollars.
entailment	Helen has ten dollars. She gave away seven dollars.	Helen now has three dollars.
entailment	Sharon has nine dollars. She gave away four dollars.	Sharon now has five dollars.
entailment	Laura has nine dollars. She gave away two dollars.	Laura now has seven dollars.
entailment	Jill has ten dollars. She gave away six dollars.	Jill now has four dollars.
entailment	Sophie has nine dollars. She gave away four dollars.	Sophie now has five dollars.
entailment	Johnny has eight dollars. He gave away four dollars.	Johnny now has four dollars.
entailment	Annie has seven dollars. She gave away two dollars.	Annie now has five dollars.
entailment	Katie has ten dollars. She gave away six dollars.	Katie now has four dollars.
entailment	Karen has nine dollars. She gave away six dollars.	Karen now has three dollars.
entailment	Melissa has five dollars. She gave away two dollars.	Melissa now has three dollars.
entailment	Paul has nine dollars. He gave away eight dollars.	Paul now has one dollars.
entailment	Sue has five dollars. She gave away two dollars.	Sue now has three dollars.
entailment	Rebecca has eight dollars. She gave away three dollars.	Rebecca now has five dollars.
entailment	Ian has four dollars. He gave away two dollars.	Ian now has two dollars.
entailment	Ray has seven dollars. He gave away two dollars.	Ray now has five dollars.
entailment	Angela has six dollars. She gave away four dollars.	Angela now has two dollars.
entailment	Benjamin has six dollars. He gave away two dollars.	Benjamin now has four dollars.
entailment	Kelly has nine dollars. She gave away three dollars.	Kelly now has six dollars.
entailment	Cynthia has ten dollars. She gave away nine dollars.	Cynthia now has one dollars.
entailment	Heather has ten dollars. She gave away five dollars.	Heather now has five dollars.
entailment	Peter has three dollars. He gave away two dollars.	Peter now has one dollars.
entailment	Tim has eight dollars. He gave away five dollars.	Tim now has three dollars.
entailment	Colin has five dollars. He gave away two dollars.	Colin now has three dollars.
entailment	Jane has four dollars. She gave away three dollars.	Jane now has one dollars.
entailment	Jonathan has five dollars. He gave away two dollars.	Jonathan now has three dollars.
entailment	Stephanie has eight dollars. She gave away seven dollars.	Stephanie now has one dollars.
entailment	Sandra has nine dollars. She gave away five dollars.	Sandra now has four dollars.
entailment	John has ten dollars. He gave away four dollars.	John now has six dollars.
entailment	Andrea has six dollars. She gave away two dollars.	Andrea now has four dollars.
entailment	Steven has nine dollars. He gave away three dollars.	Steven now has six dollars.
entailment	Mark has eight dollars. He gave away three dollars.	Mark now has five dollars.
entailment	Samuel has eight dollars. He gave away three dollars.	Samuel now has five dollars.
entailment	Ben has nine dollars. He gave away seven dollars.	Ben now has two dollars.
entailment	Rose has five dollars. She gave away four dollars.	Rose now has one dollars.
entailment	Christopher has nine dollars. He gave away seven dollars.	Christopher now has two dollars.
entailment	Larry has seven dollars. He gave away three dollars.	Larry now has four dollars.
entailment	Philip has eight dollars. He gave away three dollars.	Philip now has five dollars.
entailment	Al has three dollars. He gave away two dollars.	Al now has one dollars.
entailment	Eleanor has seven dollars. She gave away six dollars.	Eleanor now has one dollars.
entailment	Kathleen has eight dollars. She gave away six dollars.	Kathleen now has two dollars.
entailment	Ellen has seven dollars. She gave away four dollars.	Ellen now has three dollars.
entailment	Ron has nine dollars. He gave away two dollars.	Ron now has seven dollars.
entailment	Jane has seven dollars. She gave away two dollars.	Jane now has five dollars.
entailment	Donna has six dollars. She gave away four dollars.	Donna now has two dollars.
entailment	Richard has nine dollars. He gave away five dollars.	Richard now has four dollars.
entailment	Sue has nine dollars. She gave away two dollars.	Sue now has seven dollars.
entailment	Michelle has ten dollars. She gave away three dollars.	Michelle now has seven dollars.
entailment	Lynn has eight dollars. She gave away three dollars.	Lynn now has five dollars.
entailment	Colin has six dollars. He gave away five dollars.	Colin now has one dollars.
entailment	Arthur has nine dollars. He gave away five dollars.	Arthur now has four dollars.
entailment	Kathryn has nine dollars. She gave away two dollars.	Kathryn now has seven dollars.
entailment	Anne has ten dollars. She gave away four dollars.	Anne now has six dollars.
entailment	Scott has seven dollars. He gave away five dollars.	Scott now has two dollars.
entailment	Heather has five dollars. She gave away four dollars.	Heather now has one dollars.
entailment	Don has six dollars. He gave away three dollars.	Don now has three dollars.
entailment	Roger has seven dollars. He gave away three dollars.	Roger now has four dollars.
entailment	Elaine has ten dollars. She gave away four dollars.	Elaine now has six dollars.
entailment	Jason has four dollars. He gave away two dollars.	Jason now has two dollars.
entailment	Charlotte has nine dollars. She gave away seven dollars.	Charlotte now has two dollars.
entailment	Harry has seven dollars. He gave away three dollars.	Harry now has four dollars.
entailment	Mike has six dollars. He gave away three dollars.	Mike now has three dollars.
entailment	Howard has ten dollars. He gave away four dollars.	Howard now has six dollars.
entailment	Harold has seven dollars. He gave away six dollars.	Harold now has one dollars.
entailment	Larry has nine dollars. He gave away two dollars.	Larry now has seven dollars.
entailment	Ralph has nine dollars. He gave away five dollars.	Ralph now has four dollars.
entailment	Thomas has seven dollars. He gave away five dollars.	Thomas now has two dollars.
entailment	Patrick has nine dollars. He gave away four dollars.	Patrick now has five dollars.
entailment	Jeff has ten dollars. He gave away eight dollars.	Jeff now has two dollars.
entailment	Annie has four dollars. She gave away three dollars.	Annie now has one dollars.
entailment	Tony has eight dollars. He gave away three dollars.	Tony now has five dollars.
entailment	Tony has seven dollars. He gave away six dollars.	Tony now has one dollars.
entailment	Frank has nine dollars. He gave away four dollars.	Frank now has five dollars.
entailment	Heather has six dollars. She gave away three dollars.	Heather now has three dollars.
entailment	Alexandra has eight dollars. She gave away seven dollars.	Alexandra now has one dollars.
entailment	Victoria has seven dollars. She gave away three dollars.	Victoria now has four dollars.
entailment	Jack has seven dollars. He gave away four dollars.	Jack now has three dollars.
entailment	Peter has nine dollars. He gave away seven dollars.	Peter now has two dollars.
entailment	Kenneth has ten dollars. He gave away five dollars.	Kenneth now has five dollars.
entailment	Harold has ten dollars. He gave away five dollars.	Harold now has five dollars.
entailment	Jay has eight dollars. He gave away five dollars.	Jay now has three dollars.
entailment	Annie has nine dollars. She gave away two dollars.	Annie now has seven dollars.
entailment	Eric has nine dollars. He gave away eight dollars.	Eric now has one dollars.
entailment	Mike has six dollars. He gave away five dollars.	Mike now has one dollars.
entailment	Samuel has nine dollars. He gave away seven dollars.	Samuel now has two dollars.
entailment	Ray has seven dollars. He gave away two dollars.	Ray now has five dollars.
entailment	Steve has ten dollars. He gave away four dollars.	Steve now has six dollars.
entailment	Michelle has five dollars. She gave away four dollars.	Michelle now has one dollars.
entailment	Anna has eight dollars. She gave away four dollars.	Anna now has four dollars.
entailment	Judith has three dollars. She gave away two dollars.	Judith now has one dollars.
entailment	Fred has five dollars. He gave away three dollars.	Fred now has two dollars.
entailment	Sally has six dollars. She gave away four dollars.	Sally now has two dollars.
entailment	Lucy has ten dollars. She gave away nine dollars.	Lucy now has one dollars.
entailment	Laura has four dollars. She gave away three dollars.	Laura now has one dollars.
entailment	Joe has six dollars. He gave away two dollars.	Joe now has four dollars.
entailment	Edwin has five dollars. He gave away three dollars.	Edwin now has two dollars.
entailment	Florence has nine dollars. She gave away eight dollars.	Florence now has one dollars.
entailment	Sam has nine dollars. He gave away five dollars.	Sam now has four dollars.
entailment	Steven has seven dollars. He gave away six dollars.	Steven now has one dollars.
entailment	Suzanne has eight dollars. She gave away three dollars.	Suzanne now has five dollars.
entailment	Colin has six dollars. He gave away five dollars.	Colin now has one dollars.
entailment	Linda has seven dollars. She gave away three dollars.	Linda now has four dollars.
entailment	Carol has three dollars. She gave away two dollars.	Carol now has one dollars.
entailment	Jean has ten dollars. She gave away six dollars.	Jean now has four dollars.
entailment	Kathleen has nine dollars. She gave away four dollars.	Kathleen now has five dollars.
entailment	Rose has five dollars. She gave away three dollars.	Rose now has two dollars.
entailment	Tony has ten dollars. He gave away two dollars.	Tony now has eight dollars.
entailment	Kathryn has six dollars. She gave away five dollars.	Kathryn now has one dollars.
entailment	Alexander has seven dollars. He gave away three dollars.	Alexander now has four dollars.
entailment	Sandra has five dollars. She gave away four dollars.	Sandra now has one dollars.
entailment	Victoria has ten dollars. She gave away three dollars.	Victoria now has seven dollars.
entailment	Robert has seven dollars. He gave away six dollars.	Robert now has one dollars.
entailment	Kathryn has six dollars. She gave away four dollars.	Kathryn now has two dollars.
entailment	Anthony has nine dollars. He gave away six dollars.	Anthony now has three dollars.
entailment	Jimmy has three dollars. He gave away two dollars.	Jimmy now has one dollars.
entailment	Mike has seven dollars. He gave away five dollars.	Mike now has two dollars.
entailment	Matt has nine dollars. He gave away six dollars.	Matt now has three dollars.
entailment	Stephen has nine dollars. He gave away four dollars.	Stephen now has five dollars.
entailment	Tony has nine dollars. He gave away six dollars.	Tony now has three dollars.
entailment	Philip has nine dollars. He gave away eight dollars.	Philip now has one dollars.
entailment	Edward has eight dollars. He gave away seven dollars.	Edward now has one dollars.
entailment	Philip has ten dollars. He gave away two dollars.	Philip now has eight dollars.
entailment	Michael has seven dollars. He gave away six dollars.	Michael now has one dollars.
entailment	Alfred has five dollars. He gave away three dollars.	Alfred now has two dollars.
entailment	Larry has ten dollars. He gave away two dollars.	Larry now has eight dollars.
entailment	Kevin has four dollars. He gave away three dollars.	Kevin now has one dollars.
entailment	Tim has ten dollars. He gave away four dollars.	Tim now has six dollars.
entailment	Harriet has ten dollars. She gave away nine dollars.	Harriet now has one dollars.
entailment	Lynn has five dollars. She gave away three dollars.	Lynn now has two dollars.
entailment	Tim has five dollars. He gave away four dollars.	Tim now has one dollars.
entailment	Linda has eight dollars. She gave away three dollars.	Linda now has five dollars.
entailment	Susan has ten dollars. She gave away eight dollars.	Susan now has two dollars.
entailment	Adam has five dollars. He gave away three dollars.	Adam now has two dollars.
entailment	Amanda has five dollars. She gave away three dollars.	Amanda now has two dollars.
entailment	Jack has seven dollars. He gave away four dollars.	Jack now has three dollars.
entailment	Paul has nine dollars. He gave away three dollars.	Paul now has six dollars.
entailment	Jay has six dollars. He gave away two dollars.	Jay now has four dollars.
entailment	Sandra has four dollars. She gave away three dollars.	Sandra now has one dollars.
entailment	Nick has eight dollars. He gave away four dollars.	Nick now has four dollars.
entailment	Howard has ten dollars. He gave away seven dollars.	Howard now has three dollars.
entailment	Robert has six dollars. He gave away five dollars.	Robert now has one dollars.
entailment	Sarah has ten dollars. She gave away eight dollars.	Sarah now has two dollars.
entailment	Hugh has ten dollars. He gave away three dollars.	Hugh now has seven dollars.
entailment	Lawrence has five dollars. He gave away three dollars.	Lawrence now has two dollars.
entailment	Sarah has ten dollars. She gave away three dollars.	Sarah now has seven dollars.
entailment	Lisa has seven dollars. She gave away five dollars.	Lisa now has two dollars.
entailment	Angela has seven dollars. She gave away three dollars.	Angela now has four dollars.
entailment	Anthony has nine dollars. He gave away six dollars.	Anthony now has three dollars.
entailment	Carl has seven dollars. He gave away six dollars.	Carl now has one dollars.
entailment	Francis has seven dollars. He gave away five dollars.	Francis now has two dollars.
entailment	Grace has nine dollars. She gave away seven dollars.	Grace now has two dollars.
entailment	Charlotte has seven dollars. She gave away six dollars.	Charlotte now has one dollars.
entailment	Judy has four dollars. She gave away three dollars.	Judy now has one dollars.
entailment	Cynthia has seven dollars. She gave away two dollars.	Cynthia now has five dollars.
entailment	Carl has four dollars. He gave away three dollars.	Carl now has one dollars.
entailment	Rebecca has three dollars. She gave away two dollars.	Rebecca now has one dollars.
entailment	Steve has nine dollars. He gave away seven dollars.	Steve now has two dollars.
entailment	Edith has six dollars. She gave away four dollars.	Edith now has two dollars.
entailment	Ian has six dollars. He gave away four dollars.	Ian now has two dollars.
entailment	Patricia has seven dollars. She gave away six dollars.	Patricia now has one dollars.
entailment	Frank has six dollars. He gave away four dollars.	Frank now has two dollars.
entailment	Nick has four dollars. He gave away two dollars.	Nick now has two dollars.
entailment	Christopher has three dollars. He gave away two dollars.	Christopher now has one dollars.
entailment	Jeff has eight dollars. He gave away three dollars.	Jeff now has five dollars.
entailment	Wendy has six dollars. She gave away two dollars.	Wendy now has four dollars.
entailment	Sophie has ten dollars. She gave away nine dollars.	Sophie now has one dollars.
entailment	David has ten dollars. He gave away six dollars.	David now has four dollars.
entailment	Billy has five dollars. He gave away four dollars.	Billy now has one dollars.
entailment	Tim has seven dollars. He gave away two dollars.	Tim now has five dollars.
entailment	Alex has seven dollars. He gave away six dollars.	Alex now has one dollars.
entailment	Kenneth has seven dollars. He gave away six dollars.	Kenneth now has one dollars.
entailment	Ben has nine dollars. He gave away six dollars.	Ben now has three dollars.
entailment	William has five dollars. He gave away four dollars.	William now has one dollars.
entailment	Henry has seven dollars. He gave away four dollars.	Henry now has three dollars.
entailment	Sarah has seven dollars. She gave away six dollars.	Sarah now has one dollars.
entailment	Kathleen has nine dollars. She gave away eight dollars.	Kathleen now has one dollars.
entailment	Kim has nine dollars. She gave away five dollars.	Kim now has four dollars.
entailment	Annie has nine dollars. She gave away two dollars.	Annie now has seven dollars.
entailment	Amanda has six dollars. She gave away five dollars.	Amanda now has one dollars.
entailment	Samuel has eight dollars. He gave away two dollars.	Samuel now has six dollars.
entailment	Victoria has ten dollars. She gave away three dollars.	Victoria now has seven dollars.
entailment	Diana has seven dollars. She gave away two dollars.	Diana now has five dollars.
entailment	Alexander has five dollars. He gave away two dollars.	Alexander now has three dollars.
entailment	Lynn has ten dollars. She gave away six dollars.	Lynn now has four dollars.
entailment	Carl has nine dollars. He gave away three dollars.	Carl now has six dollars.
entailment	Louis has five dollars. He gave away four dollars.	Louis now has one dollars.
entailment	Hugh has ten dollars. He gave away three dollars.	Hugh now has seven dollars.
entailment	Peter has nine dollars. He gave away four dollars.	Peter now has five dollars.
entailment	Nancy has nine dollars. She gave away eight dollars.	Nancy now has one dollars.
entailment	Andrew has nine dollars. He gave away seven dollars.	Andrew now has two dollars.
entailment	Jerry has six dollars. He gave away three dollars.	Jerry now has three dollars.
entailment	Harold has six dollars. He gave away four dollars.	Harold now has two dollars.
entailment	Alan has five dollars. He gave away two dollars.	Alan now has three dollars.
entailment	Nicole has ten dollars. She gave away seven dollars.	Nicole now has three dollars.
entailment	Peter has nine dollars. He gave away seven dollars.	Peter now has two dollars.
entailment	Larry has ten dollars. He gave away three dollars.	Larry now has seven dollars.
entailment	Roger has nine dollars. He gave away six dollars.	Roger now has three dollars.
entailment	Simon has ten dollars. He gave away four dollars.	Simon now has six dollars.
entailment	Martin has eight dollars. He gave away six dollars.	Martin now has two dollars.
entailment	Barbara has ten dollars. She gave away eight dollars.	Barbara now has two dollars.
entailment	Edward has seven dollars. He gave away two dollars.	Edward now has five dollars.
entailment	Diane has six dollars. She gave away three dollars.	Diane now has three dollars.
entailment	Don has ten dollars. He gave away eight dollars.	Don now has two dollars.
entailment	Amanda has ten dollars. She gave away nine dollars.	Amanda now has one dollars.
entailment	Edwin has ten dollars. He gave away three dollars.	Edwin now has seven dollars.
entailment	Frances has seven dollars. She gave away three dollars.	Frances now has four dollars.
entailment	Alexandra has five dollars. She gave away two dollars.	Alexandra now has three dollars.
entailment	Edith has four dollars. She gave away three dollars.	Edith now has one dollars.
entailment	Charlotte has eight dollars. She gave away seven dollars.	Charlotte now has one dollars.
entailment	Bill has seven dollars. He gave away four dollars.	Bill now has three dollars.
entailment	Fiona has ten dollars. She gave away eight dollars.	Fiona now has two dollars.
entailment	Daniel has nine dollars. He gave away four dollars.	Daniel now has five dollars.
entailment	Grace has ten dollars. She gave away three dollars.	Grace now has seven dollars.
entailment	Colin has four dollars. He gave away two dollars.	Colin now has two dollars.
entailment	Maria has four dollars. She gave away two dollars.	Maria now has two dollars.
entailment	Katie has ten dollars. She gave away seven dollars.	Katie now has three dollars.
entailment	Ashley has eight dollars. She gave away three dollars.	Ashley now has five dollars.
entailment	Ralph has nine dollars. He gave away four dollars.	Ralph now has five dollars.
entailment	Lawrence has ten dollars. He gave away seven dollars.	Lawrence now has three dollars.
entailment	Joseph has ten dollars. He gave away five dollars.	Joseph now has five dollars.
entailment	Claire has ten dollars. She gave away three dollars.	Claire now has seven dollars.
entailment	James has ten dollars. He gave away six dollars.	James now has four dollars.
entailment	Dick has five dollars. He gave away two dollars.	Dick now has three dollars.
entailment	Ellen has five dollars. She gave away three dollars.	Ellen now has two dollars.
entailment	Patricia has three dollars. She gave away two dollars.	Patricia now has one dollars.
entailment	William has ten dollars. He gave away eight dollars.	William now has two dollars.
entailment	Frank has seven dollars. He gave away two dollars.	Frank now has five dollars.
entailment	Edwin has three dollars. He gave away two dollars.	Edwin now has one dollars.
entailment	Tim has eight dollars. He gave away seven dollars.	Tim now has one dollars.
entailment	Jane has eight dollars. She gave away six dollars.	Jane now has two dollars.
entailment	Alice has ten dollars. She gave away eight dollars.	Alice now has two dollars.
entailment	William has five dollars. He gave away four dollars.	William now has one dollars.
entailment	Alexander has seven dollars. He gave away three dollars.	Alexander now has four dollars.
entailment	Lucy has seven dollars. She gave away three dollars.	Lucy now has four dollars.
entailment	Christine has six dollars. She gave away two dollars.	Christine now has four dollars.
entailment	Frederick has nine dollars. He gave away seven dollars.	Frederick now has two dollars.
entailment	Ron has eight dollars. He gave away seven dollars.	Ron now has one dollars.
entailment	Susan has five dollars. She gave away three dollars.	Susan now has two dollars.
entailment	Kevin has seven dollars. He gave away three dollars.	Kevin now has four dollars.
entailment	Billy has eight dollars. He gave away four dollars.	Billy now has four dollars.
entailment	Louise has nine dollars. She gave away seven dollars.	Louise now has two dollars.
entailment	Arthur has five dollars. He gave away two dollars.	Arthur now has three dollars.
entailment	Mark has five dollars. He gave away four dollars.	Mark now has one dollars.
entailment	Evelyn has ten dollars. She gave away seven dollars.	Evelyn now has three dollars.
entailment	Marilyn has seven dollars. She gave away four dollars.	Marilyn now has three dollars.
entailment	Elaine has ten dollars. She gave away seven dollars.	Elaine now has three dollars.
entailment	Kathleen has ten dollars. She gave away four dollars.	Kathleen now has six dollars.
entailment	David has seven dollars. He gave away six dollars.	David now has one dollars.
entailment	Alexandra has eight dollars. She gave away two dollars.	Alexandra now has six dollars.
entailment	Tony has seven dollars. He gave away two dollars.	Tony now has five dollars.
entailment	Marie has ten dollars. She gave away three dollars.	Marie now has seven dollars.
entailment	Maria has nine dollars. She gave away five dollars.	Maria now has four dollars.
entailment	Annie has seven dollars. She gave away five dollars.	Annie now has two dollars.
entailment	Adam has nine dollars. He gave away two dollars.	Adam now has seven dollars.
entailment	Henry has six dollars. He gave away four dollars.	Henry now has two dollars.
entailment	Kathy has seven dollars. She gave away six dollars.	Kathy now has one dollars.
entailment	Dick has nine dollars. He gave away six dollars.	Dick now has three dollars.
entailment	Jimmy has ten dollars. He gave away three dollars.	Jimmy now has seven dollars.
entailment	Virginia has nine dollars. She gave away seven dollars.	Virginia now has two dollars.
entailment	Lynn has ten dollars. She gave away seven dollars.	Lynn now has three dollars.
entailment	Matt has four dollars. He gave away three dollars.	Matt now has one dollars.
entailment	David has seven dollars. He gave away five dollars.	David now has two dollars.
entailment	Alex has nine dollars. He gave away three dollars.	Alex now has six dollars.
entailment	Margaret has nine dollars. She gave away five dollars.	Margaret now has four dollars.
entailment	Dorothy has six dollars. She gave away two dollars.	Dorothy now has four dollars.
entailment	Chris has ten dollars. He gave away two dollars.	Chris now has eight dollars.
entailment	Betty has seven dollars. She gave away two dollars.	Betty now has five dollars.
entailment	Diana has ten dollars. She gave away seven dollars.	Diana now has three dollars.
entailment	Ruth has nine dollars. She gave away four dollars.	Ruth now has five dollars.
entailment	Joseph has six dollars. He gave away three dollars.	Joseph now has three dollars.
entailment	Charles has ten dollars. He gave away five dollars.	Charles now has five dollars.
entailment	Mary has nine dollars. She gave away two dollars.	Mary now has seven dollars.
entailment	Roger has five dollars. He gave away two dollars.	Roger now has three dollars.
entailment	Kelly has seven dollars. She gave away two dollars.	Kelly now has five dollars.
entailment	Helen has nine dollars. She gave away seven dollars.	Helen now has two dollars.
entailment	Lisa has four dollars. She gave away two dollars.	Lisa now has two dollars.
entailment	Matthew has ten dollars. He gave away four dollars.	Matthew now has six dollars.
entailment	Elizabeth has eight dollars. She gave away four dollars.	Elizabeth now has four dollars.
entailment	Elizabeth has ten dollars. She gave away nine dollars.	Elizabeth now has one dollars.
entailment	Sophie has ten dollars. She gave away six dollars.	Sophie now has four dollars.
entailment	Greg has ten dollars. He gave away three dollars.	Greg now has seven dollars.
entailment	Daniel has eight dollars. He gave away five dollars.	Daniel now has three dollars.
entailment	Suzanne has nine dollars. She gave away three dollars.	Suzanne now has six dollars.
entailment	Sue has eight dollars. She gave away six dollars.	Sue now has two dollars.
entailment	Andrea has eight dollars. She gave away two dollars.	Andrea now has six dollars.
entailment	Ben has seven dollars. He gave away six dollars.	Ben now has one dollars.
entailment	Michael has eight dollars. He gave away seven dollars.	Michael now has one dollars.
entailment	Ian has nine dollars. He gave away four dollars.	Ian now has five dollars.
entailment	Brian has ten dollars. He gave away seven dollars.	Brian now has three dollars.
entailment	Julie has nine dollars. She gave away eight dollars.	Julie now has one dollars.
entailment	Benjamin has eight dollars. He gave away four dollars.	Benjamin now has four dollars.
entailment	Rose has eight dollars. She gave away six dollars.	Rose now has two dollars.
entailment	Daniel has nine dollars. He gave away seven dollars.	Daniel now has two dollars.
entailment	Fiona has six dollars. She gave away three dollars.	Fiona now has three dollars.
entailment	Sara has eight dollars. She gave away six dollars.	Sara now has two dollars.
entailment	Jimmy has ten dollars. He gave away eight dollars.	Jimmy now has two dollars.
entailment	Jennifer has nine dollars. She gave away eight dollars.	Jennifer now has one dollars.
entailment	Anne has five dollars. She gave away three dollars.	Anne now has two dollars.
entailment	Johnny has eight dollars. He gave away three dollars.	Johnny now has five dollars.
entailment	Kathy has ten dollars. She gave away eight dollars.	Kathy now has two dollars.
entailment	Julia has three dollars. She gave away two dollars.	Julia now has one dollars.
entailment	Ken has ten dollars. He gave away seven dollars.	Ken now has three dollars.
entailment	Edith has ten dollars. She gave away five dollars.	Edith now has five dollars.
entailment	Emma has six dollars. She gave away three dollars.	Emma now has three dollars.
entailment	Katherine has five dollars. She gave away four dollars.	Katherine now has one dollars.
entailment	Anthony has ten dollars. He gave away five dollars.	Anthony now has five dollars.
entailment	Cynthia has four dollars. She gave away three dollars.	Cynthia now has one dollars.
entailment	Susan has six dollars. She gave away four dollars.	Susan now has two dollars.
entailment	Michelle has seven dollars. She gave away three dollars.	Michelle now has four dollars.
entailment	Greg has nine dollars. He gave away two dollars.	Greg now has seven dollars.
entailment	Scott has nine dollars. He gave away seven dollars.	Scott now has two dollars.
entailment	Dan has eight dollars. He gave away three dollars.	Dan now has five dollars.
entailment	Bobby has six dollars. He gave away five dollars.	Bobby now has one dollars.
entailment	Harriet has nine dollars. She gave away five dollars.	Harriet now has four dollars.
entailment	Roger has seven dollars. He gave away four dollars.	Roger now has three dollars.
entailment	Ann has nine dollars. She gave away seven dollars.	Ann now has two dollars.
entailment	Alexandra has nine dollars. She gave away eight dollars.	Alexandra now has one dollars.
entailment	Jack has seven dollars. He gave away two dollars.	Jack now has five dollars.
entailment	Mary has six dollars. She gave away three dollars.	Mary now has three dollars.
entailment	Lawrence has six dollars. He gave away three dollars.	Lawrence now has three dollars.
entailment	Pamela has eight dollars. She gave away three dollars.	Pamela now has five dollars.
entailment	Jane has seven dollars. She gave away five dollars.	Jane now has two dollars.
entailment	Edwin has four dollars. He gave away three dollars.	Edwin now has one dollars.
entailment	Thomas has ten dollars. He gave away four dollars.	Thomas now has six dollars.
entailment	Heather has ten dollars. She gave away eight dollars.	Heather now has two dollars.
entailment	Kathryn has eight dollars. She gave away five dollars.	Kathryn now has three dollars.
entailment	Adam has five dollars. He gave away four dollars.	Adam now has one dollars.
entailment	Jack has nine dollars. He gave away five dollars.	Jack now has four dollars.
entailment	Leslie has ten dollars. She gave away eight dollars.	Leslie now has two dollars.
entailment	Lucy has nine dollars. She gave away three dollars.	Lucy now has six dollars.
entailment	Bobby has eight dollars. He gave away seven dollars.	Bobby now has one dollars.
entailment	Fiona has nine dollars. She gave away seven dollars.	Fiona now has two dollars.
entailment	Elizabeth has eight dollars. She gave away seven dollars.	Elizabeth now has one dollars.
entailment	Edith has five dollars. She gave away four dollars.	Edith now has one dollars.
entailment	George has eight dollars. He gave away three dollars.	George now has five dollars.
entailment	Joan has ten dollars. She gave away six dollars.	Joan now has four dollars.
entailment	Louise has eight dollars. She gave away six dollars.	Louise now has two dollars.
entailment	Gary has eight dollars. He gave away six dollars.	Gary now has two dollars.
entailment	Jean has eight dollars. She gave away six dollars.	Jean now has two dollars.
entailment	Alan has six dollars. He gave away three dollars.	Alan now has three dollars.
entailment	Lucy has nine dollars. She gave away three dollars.	Lucy now has six dollars.
entailment	Stephen has ten dollars. He gave away six dollars.	Stephen now has four dollars.
entailment	Al has seven dollars. He gave away five dollars.	Al now has two dollars.
entailment	Sally has ten dollars. She gave away six dollars.	Sally now has four dollars.
entailment	Kathy has ten dollars. She gave away two dollars.	Kathy now has eight dollars.
entailment	Brian has nine dollars. He gave away two dollars.	Brian now has seven dollars.
entailment	Thomas has ten dollars. He gave away five dollars.	Thomas now has five dollars.
entailment	Jonathan has seven dollars. He gave away six dollars.	Jonathan now has one dollars.
entailment	Kevin has ten dollars. He gave away eight dollars.	Kevin now has two dollars.
entailment	Harriet has ten dollars. She gave away eight dollars.	Harriet now has two dollars.
entailment	Florence has eight dollars. She gave away four dollars.	Florence now has four dollars.
entailment	Elaine has ten dollars. She gave away nine dollars.	Elaine now has one dollars.
entailment	Robert has six dollars. He gave away three dollars.	Robert now has three dollars.
entailment	Emily has ten dollars. She gave away two dollars.	Emily now has eight dollars.
entailment	Scott has seven dollars. He gave away two dollars.	Scott now has five dollars.
entailment	Sharon has five dollars. She gave away three dollars.	Sharon now has two dollars.
entailment	Ruth has ten dollars. She gave away two dollars.	Ruth now has eight dollars.
entailment	Anne has ten dollars. She gave away four dollars.	Anne now has six dollars.
entailment	Adam has four dollars. He gave away two dollars.	Adam now has two dollars.
entailment	Harold has nine dollars. He gave away three dollars.	Harold now has six dollars.
entailment	Ashley has ten dollars. She gave away five dollars.	Ashley now has five dollars.
entailment	Diana has seven dollars. She gave away six dollars.	Diana now has one dollars.
entailment	Amanda has eight dollars. She gave away seven dollars.	Amanda now has one dollars.
entailment	Eric has six dollars. He gave away four dollars.	Eric now has two dollars.
entailment	Pamela has ten dollars. She gave away five dollars.	Pamela now has five dollars.
entailment	Jennifer has nine dollars. She gave away five dollars.	Jennifer now has four dollars.
entailment	Greg has five dollars. He gave away three dollars.	Greg now has two dollars.
entailment	Bill has seven dollars. He gave away three dollars.	Bill now has four dollars.
entailment	Kelly has nine dollars. She gave away three dollars.	Kelly now has six dollars.
entailment	Wendy has six dollars. She gave away four dollars.	Wendy now has two dollars.
entailment	Kathy has nine dollars. She gave away seven dollars.	Kathy now has two dollars.
entailment	Dick has four dollars. He gave away two dollars.	Dick now has two dollars.
entailment	Bobby has seven dollars. He gave away three dollars.	Bobby now has four dollars.
entailment	Sam has seven dollars. He gave away three dollars.	Sam now has four dollars.
entailment	Charlotte has seven dollars. She gave away six dollars.	Charlotte now has one dollars.
entailment	Wendy has eight dollars. She gave away four dollars.	Wendy now has four dollars.
entailment	Julie has ten dollars. She gave away three dollars.	Julie now has seven dollars.
entailment	Julia has three dollars. She gave away two dollars.	Julia now has one dollars.
entailment	Betty has nine dollars. She gave away three dollars.	Betty now has six dollars.
entailment	Ashley has nine dollars. She gave away eight dollars.	Ashley now has one dollars.
entailment	Margaret has ten dollars. She gave away eight dollars.	Margaret now has two dollars.
entailment	Alice has eight dollars. She gave away five dollars.	Alice now has three dollars.
entailment	Leslie has four dollars. She gave away three dollars.	Leslie now has one dollars.
entailment	Scott has three dollars. He gave away two dollars.	Scott now has one dollars.
entailment	Robert has eight dollars. He gave away three dollars.	Robert now has five dollars.
entailment	Colin has nine dollars. He gave away eight dollars.	Colin now has one dollars.
entailment	Louise has six dollars. She gave away five dollars.	Louise now has one dollars.
entailment	Catherine has five dollars. She gave away two dollars.	Catherine now has three dollars.
entailment	Joe has seven dollars. He gave away five dollars.	Joe now has two dollars.
entailment	Catherine has six dollars. She gave away two dollars.	Catherine now has four dollars.
entailment	Louis has six dollars. He gave away three dollars.	Louis now has three dollars.
entailment	Alexander has nine dollars. He gave away three dollars.	Alexander now has six dollars.
entailment	Alexander has ten dollars. He gave away eight dollars.	Alexander now has two dollars.
entailment	Virginia has eight dollars. She gave away three dollars.	Virginia now has five dollars.
entailment	Ryan has eight dollars. He gave away three dollars.	Ryan now has five dollars.
entailment	Ben has ten dollars. He gave away eight dollars.	Ben now has two dollars.
entailment	Scott has nine dollars. He gave away four dollars.	Scott now has five dollars.
entailment	Katherine has six dollars. She gave away five dollars.	Katherine now has one dollars.
entailment	Fred has nine dollars. He gave away eight dollars.	Fred now has one dollars.
entailment	Ron has seven dollars. He gave away five dollars.	Ron now has two dollars.
entailment	Bob has eight dollars. He gave away six dollars.	Bob now has two dollars.
entailment	Mark has ten dollars. He gave away five dollars.	Mark now has five dollars.
entailment	Donald has seven dollars. He gave away five dollars.	Donald now has two dollars.
entailment	Tom has ten dollars. He gave away two dollars.	Tom now has eight dollars.
entailment	Sandra has ten dollars. She gave away four dollars.	Sandra now has six dollars.
entailment	Caroline has six dollars. She gave away four dollars.	Caroline now has two dollars.
entailment	Edith has seven dollars. She gave away five dollars.	Edith now has two dollars.
entailment	Steve has eight dollars. He gave away three dollars.	Steve now has five dollars.
entailment	Sara has ten dollars. She gave away six dollars.	Sara now has four dollars.
entailment	Angela has ten dollars. She gave away two dollars.	Angela now has eight dollars.
entailment	Kate has nine dollars. She gave away six dollars.	Kate now has three dollars.
entailment	Billy has ten dollars. He gave away five dollars.	Billy now has five dollars.
entailment	Bobby has five dollars. He gave away three dollars.	Bobby now has two dollars.
entailment	Robin has seven dollars. She gave away four dollars.	Robin now has three dollars.
entailment	Nancy has nine dollars. She gave away eight dollars.	Nancy now has one dollars.
entailment	Keith has seven dollars. He gave away three dollars.	Keith now has four dollars.
entailment	Jessica has nine dollars. She gave away six dollars.	Jessica now has three dollars.
entailment	Diane has eight dollars. She gave away four dollars.	Diane now has four dollars.
entailment	Philip has ten dollars. He gave away nine dollars.	Philip now has one dollars.
entailment	Eleanor has eight dollars. She gave away five dollars.	Eleanor now has three dollars.
entailment	Pamela has nine dollars. She gave away eight dollars.	Pamela now has one dollars.
entailment	Anthony has eight dollars. He gave away six dollars.	Anthony now has two dollars.
entailment	Harry has ten dollars. He gave away two dollars.	Harry now has eight dollars.
entailment	Eric has ten dollars. He gave away seven dollars.	Eric now has three dollars.
entailment	Sophie has five dollars. She gave away two dollars.	Sophie now has three dollars.
entailment	Benjamin has seven dollars. He gave away two dollars.	Benjamin now has five dollars.
entailment	Jean has nine dollars. She gave away five dollars.	Jean now has four dollars.
entailment	Nancy has six dollars. She gave away four dollars.	Nancy now has two dollars.
entailment	Kim has eight dollars. She gave away two dollars.	Kim now has six dollars.
entailment	Larry has five dollars. He gave away three dollars.	Larry now has two dollars.
entailment	Lauren has ten dollars. She gave away five dollars.	Lauren now has five dollars.
entailment	Kim has eight dollars. She gave away three dollars.	Kim now has five dollars.
entailment	Andrew has nine dollars. He gave away four dollars.	Andrew now has five dollars.
entailment	Lucy has eight dollars. She gave away four dollars.	Lucy now has four dollars.
entailment	John has four dollars. He gave away three dollars.	John now has one dollars.
entailment	Martin has ten dollars. He gave away seven dollars.	Martin now has three dollars.
entailment	Jeff has six dollars. He gave away four dollars.	Jeff now has two dollars.
entailment	Grace has ten dollars. She gave away four dollars.	Grace now has six dollars.
entailment	Christopher has eight dollars. He gave away two dollars.	Christopher now has six dollars.
entailment	Fred has nine dollars. He gave away four dollars.	Fred now has five dollars.
entailment	Gary has seven dollars. He gave away three dollars.	Gary now has four dollars.
entailment	Hugh has six dollars. He gave away five dollars.	Hugh now has one dollars.
entailment	Larry has nine dollars. He gave away six dollars.	Larry now has three dollars.
entailment	Matthew has six dollars. He gave away two dollars.	Matthew now has four dollars.
entailment	Stephanie has eight dollars. She gave away six dollars.	Stephanie now has two dollars.
entailment	James has ten dollars. He gave away six dollars.	James now has four dollars.
entailment	Pamela has ten dollars. She gave away nine dollars.	Pamela now has one dollars.
entailment	Susan has ten dollars. She gave away five dollars.	Susan now has five dollars.
entailment	Alfred has nine dollars. He gave away two dollars.	Alfred now has seven dollars.
entailment	Colin has eight dollars. He gave away five dollars.	Colin now has three dollars.
entailment	Frank has eight dollars. He gave away five dollars.	Frank now has three dollars.
entailment	Alison has six dollars. She gave away two dollars.	Alison now has four dollars.
entailment	Sara has three dollars. She gave away two dollars.	Sara now has one dollars.
entailment	Roger has ten dollars. He gave away four dollars.	Roger now has six dollars.
entailment	Margaret has three dollars. She gave away two dollars.	Margaret now has one dollars.
entailment	Thomas has six dollars. He gave away five dollars.	Thomas now has one dollars.
entailment	Mike has nine dollars. He gave away three dollars.	Mike now has six dollars.
entailment	Alexandra has nine dollars. She gave away five dollars.	Alexandra now has four dollars.
entailment	James has ten dollars. He gave away six dollars.	James now has four dollars.
entailment	Henry has five dollars. He gave away four dollars.	Henry now has one dollars.
entailment	Scott has four dollars. He gave away three dollars.	Scott now has one dollars.
entailment	Bobby has ten dollars. He gave away nine dollars.	Bobby now has one dollars.
entailment	Sue has eight dollars. She gave away four dollars.	Sue now has four dollars.
entailment	Roy has eight dollars. He gave away five dollars.	Roy now has three dollars.
entailment	Nancy has six dollars. She gave away two dollars.	Nancy now has four dollars.
entailment	Charlie has nine dollars. He gave away six dollars.	Charlie now has three dollars.
entailment	Jonathan has four dollars. He gave away two dollars.	Jonathan now has two dollars.
entailment	Henry has nine dollars. He gave away four dollars.	Henry now has five dollars.
entailment	Jean has nine dollars. She gave away five dollars.	Jean now has four dollars.
entailment	Sally has eight dollars. She gave away three dollars.	Sally now has five dollars.
entailment	Frederick has nine dollars. He gave away seven dollars.	Frederick now has two dollars.
entailment	Ralph has four dollars. He gave away three dollars.	Ralph now has one dollars.
entailment	Lawrence has six dollars. He gave away two dollars.	Lawrence now has four dollars.
entailment	Alexandra has five dollars. She gave away four dollars.	Alexandra now has one dollars.
entailment	Carl has six dollars. He gave away four dollars.	Carl now has two dollars.
entailment	Albert has seven dollars. He gave away two dollars.	Albert now has five dollars.
entailment	Kevin has eight dollars. He gave away three dollars.	Kevin now has five dollars.
entailment	Thomas has eight dollars. He gave away five dollars.	Thomas now has three dollars.
entailment	Ben has nine dollars. He gave away six dollars.	Ben now has three dollars.
entailment	Nicole has eight dollars. She gave away two dollars.	Nicole now has six dollars.
entailment	Victoria has five dollars. She gave away three dollars.	Victoria now has two dollars.
entailment	James has seven dollars. He gave away three dollars.	James now has four dollars.
entailment	Alison has ten dollars. She gave away three dollars.	Alison now has seven dollars.
entailment	Matt has four dollars. He gave away three dollars.	Matt now has one dollars.
entailment	Christopher has nine dollars. He gave away eight dollars.	Christopher now has one dollars.
entailment	Ian has nine dollars. He gave away four dollars.	Ian now has five dollars.
entailment	Lawrence has eight dollars. He gave away seven dollars.	Lawrence now has one dollars.
entailment	Joe has eight dollars. He gave away seven dollars.	Joe now has one dollars.
entailment	Alison has seven dollars. She gave away two dollars.	Alison now has five dollars.
entailment	Billy has eight dollars. He gave away six dollars.	Billy now has two dollars.
entailment	Louise has eight dollars. She gave away seven dollars.	Louise now has one dollars.
entailment	Ellen has five dollars. She gave away three dollars.	Ellen now has two dollars.
entailment	Annie has eight dollars. She gave away seven dollars.	Annie now has one dollars.
entailment	Nicole has six dollars. She gave away three dollars.	Nicole now has three dollars.
entailment	Edward has eight dollars. He gave away five dollars.	Edward now has three dollars.
entailment	Rachel has three dollars. She gave away two dollars.	Rachel now has one dollars.
entailment	Nancy has six dollars. She gave away five dollars.	Nancy now has one dollars.
entailment	Larry has eight dollars. He gave away four dollars.	Larry now has four dollars.
entailment	Jimmy has nine dollars. He gave away seven dollars.	Jimmy now has two dollars.
entailment	Deborah has eight dollars. She gave away two dollars.	Deborah now has six dollars.
entailment	Jonathan has three dollars. He gave away two dollars.	Jonathan now has one dollars.
entailment	Gary has six dollars. He gave away four dollars.	Gary now has two dollars.
entailment	Sarah has seven dollars. She gave away five dollars.	Sarah now has two dollars.
entailment	Rachel has nine dollars. She gave away eight dollars.	Rachel now has one dollars.
entailment	Christine has ten dollars. She gave away nine dollars.	Christine now has one dollars.
entailment	Katherine has ten dollars. She gave away five dollars.	Katherine now has five dollars.
entailment	Dorothy has nine dollars. She gave away three dollars.	Dorothy now has six dollars.
entailment	Ashley has ten dollars. She gave away four dollars.	Ashley now has six dollars.
entailment	Kelly has ten dollars. She gave away three dollars.	Kelly now has seven dollars.
entailment	Diane has eight dollars. She gave away five dollars.	Diane now has three dollars.
entailment	Jeff has five dollars. He gave away two dollars.	Jeff now has three dollars.
entailment	Ken has six dollars. He gave away five dollars.	Ken now has one dollars.
entailment	Harriet has nine dollars. She gave away three dollars.	Harriet now has six dollars.
entailment	Stephanie has nine dollars. She gave away seven dollars.	Stephanie now has two dollars.
entailment	Matt has seven dollars. He gave away three dollars.	Matt now has four dollars.
entailment	Simon has eight dollars. He gave away seven dollars.	Simon now has one dollars.
entailment	Jimmy has nine dollars. He gave away four dollars.	Jimmy now has five dollars.
entailment	Ryan has eight dollars. He gave away two dollars.	Ryan now has six dollars.
entailment	Elaine has nine dollars. She gave away seven dollars.	Elaine now has two dollars.
entailment	Katie has nine dollars. She gave away two dollars.	Katie now has seven dollars.
entailment	Florence has six dollars. She gave away three dollars.	Florence now has three dollars.
entailment	Rose has nine dollars. She gave away seven dollars.	Rose now has two dollars.
entailment	Kenneth has six dollars. He gave away five dollars.	Kenneth now has one dollars.
entailment	Dan has ten dollars. He gave away seven dollars.	Dan now has three dollars.
entailment	Lisa has four dollars. She gave away three dollars.	Lisa now has one dollars.
entailment	Johnny has eight dollars. He gave away four dollars.	Johnny now has four dollars.
entailment	Ray has nine dollars. He gave away four dollars.	Ray now has five dollars.
entailment	Jill has seven dollars. She gave away four dollars.	Jill now has three dollars.
entailment	Samuel has nine dollars. He gave away eight dollars.	Samuel now has one dollars.
entailment	Rebecca has ten dollars. She gave away two dollars.	Rebecca now has eight dollars.
entailment	Carl has six dollars. He gave away five dollars.	Carl now has one dollars.
entailment	Jerry has three dollars. He gave away two dollars.	Jerry now has one dollars.
entailment	Howard has ten dollars. He gave away four dollars.	Howard now has six dollars.
entailment	Ashley has four dollars. She gave away two dollars.	Ashley now has two dollars.
entailment	Tim has four dollars. He gave away three dollars.	Tim now has one dollars.
entailment	Janet has seven dollars. She gave away two dollars.	Janet now has five dollars.
entailment	Harold has ten dollars. He gave away seven dollars.	Harold now has three dollars.
entailment	Frances has eight dollars. She gave away three dollars.	Frances now has five dollars.
entailment	Alex has ten dollars. He gave away two dollars.	Alex now has eight dollars.
entailment	Adam has ten dollars. He gave away five dollars.	Adam now has five dollars.
entailment	Tim has four dollars. He gave away two dollars.	Tim now has two dollars.
entailment	Emily has nine dollars. She gave away two dollars.	Emily now has seven dollars.
entailment	Kathleen has six dollars. She gave away three dollars.	Kathleen now has three dollars.
entailment	Joan has six dollars. She gave away three dollars.	Joan now has three dollars.
entailment	Virginia has seven dollars. She gave away five dollars.	Virginia now has two dollars.
entailment	Kevin has nine dollars. He gave away seven dollars.	Kevin now has two dollars.
entailment	Eleanor has eight dollars. She gave away seven dollars.	Eleanor now has one dollars.
entailment	Janet has five dollars. She gave away two dollars.	Janet now has three dollars.
entailment	Ian has seven dollars. He gave away four dollars.	Ian now has three dollars.
entailment	Laura has nine dollars. She gave away six dollars.	Laura now has three dollars.
entailment	Leslie has ten dollars. She gave away eight dollars.	Leslie now has two dollars.
entailment	Louis has nine dollars. He gave away five dollars.	Louis now has four dollars.
entailment	Francis has nine dollars. He gave away eight dollars.	Francis now has one dollars.
entailment	Robin has eight dollars. She gave away four dollars.	Robin now has four dollars.
entailment	Frederick has seven dollars. He gave away four dollars.	Frederick now has three dollars.
entailment	Greg has eight dollars. He gave away five dollars.	Greg now has three dollars.
entailment	Alex has eight dollars. He gave away seven dollars.	Alex now has one dollars.
entailment	Jennifer has three dollars. She gave away two dollars.	Jennifer now has one dollars.
entailment	Janet has nine dollars. She gave away seven dollars.	Janet now has two dollars.
entailment	Bill has seven dollars. He gave away five dollars.	Bill now has two dollars.
entailment	Louis has six dollars. He gave away three dollars.	Louis now has three dollars.
entailment	Alison has six dollars. She gave away four dollars.	Alison now has two dollars.
entailment	Dave has eight dollars. He gave away three dollars.	Dave now has five dollars.
entailment	Louis has nine dollars. He gave away six dollars.	Louis now has three dollars.
entailment	Roger has eight dollars. He gave away four dollars.	Roger now has four dollars.
entailment	Lawrence has seven dollars. He gave away four dollars.	Lawrence now has three dollars.
entailment	Deborah has ten dollars. She gave away five dollars.	Deborah now has five dollars.
entailment	Charlie has ten dollars. He gave away four dollars.	Charlie now has six dollars.
entailment	Alice has ten dollars. She gave away seven dollars.	Alice now has three dollars.
entailment	Charlotte has six dollars. She gave away two dollars.	Charlotte now has four dollars.
entailment	Maria has four dollars. She gave away two dollars.	Maria now has two dollars.
entailment	Jessica has nine dollars. She gave away five dollars.	Jessica now has four dollars.
entailment	Elizabeth has five dollars. She gave away two dollars.	Elizabeth now has three dollars.
entailment	Simon has ten dollars. He gave away four dollars.	Simon now has six dollars.
entailment	Martin has ten dollars. He gave away seven dollars.	Martin now has three dollars.
entailment	Diana has nine dollars. She gave away four dollars.	Diana now has five dollars.
entailment	Evelyn has nine dollars. She gave away five dollars.	Evelyn now has four dollars.
entailment	Cynthia has seven dollars. She gave away six dollars.	Cynthia now has one dollars.
entailment	Ann has six dollars. She gave away four dollars.	Ann now has two dollars.
entailment	Greg has four dollars. He gave away three dollars.	Greg now has one dollars.
entailment	Diane has ten dollars. She gave away three dollars.	Diane now has seven dollars.
entailment	Annie has six dollars. She gave away five dollars.	Annie now has one dollars.
entailment	Kim has nine dollars. She gave away eight dollars.	Kim now has one dollars.
entailment	Ellen has nine dollars. She gave away eight dollars.	Ellen now has one dollars.
entailment	Marie has ten dollars. She gave away four dollars.	Marie now has six dollars.
entailment	Christine has seven dollars. She gave away four dollars.	Christine now has three dollars.
entailment	Alexander has ten dollars. He gave away five dollars.	Alexander now has five dollars.
entailment	Don has eight dollars. He gave away three dollars.	Don now has five dollars.
entailment	Tony has eight dollars. He gave away two dollars.	Tony now has six dollars.
entailment	Kathy has nine dollars. She gave away five dollars.	Kathy now has four dollars.
entailment	Christopher has seven dollars. He gave away five dollars.	Christopher now has two dollars.
entailment	Rachel has ten dollars. She gave away nine dollars.	Rachel now has one dollars.
entailment	Robin has eight dollars. She gave away seven dollars.	Robin now has one dollars.
entailment	Susan has six dollars. She gave away three dollars.	Susan now has three dollars.
entailment	Marilyn has five dollars. She gave away four dollars.	Marilyn now has one dollars.
entailment	Alex has five dollars. He gave away four dollars.	Alex now has one dollars.
entailment	George has nine dollars. He gave away five dollars.	George now has four dollars.
entailment	Jennifer has seven dollars. She gave away two dollars.	Jennifer now has five dollars.
entailment	Jessica has nine dollars. She gave away five dollars.	Jessica now has four dollars.
entailment	Barbara has five dollars. She gave away four dollars.	Barbara now has one dollars.
entailment	James has nine dollars. He gave away two dollars.	James now has seven dollars.
entailment	Virginia has ten dollars. She gave away four dollars.	Virginia now has six dollars.
entailment	Christopher has six dollars. He gave away four dollars.	Christopher now has two dollars.
entailment	Susan has five dollars. She gave away two dollars.	Susan now has three dollars.
entailment	Alan has eight dollars. He gave away two dollars.	Alan now has six dollars.
entailment	Pamela has eight dollars. She gave away five dollars.	Pamela now has three dollars.
entailment	Henry has ten dollars. He gave away two dollars.	Henry now has eight dollars.
entailment	Thomas has nine dollars. He gave away four dollars.	Thomas now has five dollars.
entailment	Ellen has nine dollars. She gave away eight dollars.	Ellen now has one dollars.
entailment	Jennifer has nine dollars. She gave away two dollars.	Jennifer now has seven dollars.
entailment	Carolyn has nine dollars. She gave away two dollars.	Carolyn now has seven dollars.
entailment	Ray has nine dollars. He gave away eight dollars.	Ray now has one dollars.
entailment	Charles has seven dollars. He gave away four dollars.	Charles now has three dollars.
entailment	Adam has nine dollars. He gave away five dollars.	Adam now has four dollars.
entailment	Hugh has ten dollars. He gave away eight dollars.	Hugh now has two dollars.
entailment	Jason has ten dollars. He gave away two dollars.	Jason now has eight dollars.
entailment	Eleanor has six dollars. She gave away two dollars.	Eleanor now has four dollars.
entailment	Brian has six dollars. He gave away two dollars.	Brian now has four dollars.
entailment	Eric has six dollars. He gave away three dollars.	Eric now has three dollars.
entailment	Hugh has ten dollars. He gave away six dollars.	Hugh now has four dollars.
entailment	Alice has six dollars. She gave away two dollars.	Alice now has four dollars.
entailment	Andrew has ten dollars. He gave away nine dollars.	Andrew now has one dollars.
entailment	Ben has ten dollars. He gave away nine dollars.	Ben now has one dollars.
entailment	Fiona has ten dollars. She gave away nine dollars.	Fiona now has one dollars.
entailment	Sam has six dollars. He gave away five dollars.	Sam now has one dollars.
entailment	Bill has nine dollars. He gave away four dollars.	Bill now has five dollars.
entailment	Suzanne has five dollars. She gave away four dollars.	Suzanne now has one dollars.
entailment	Mike has seven dollars. He gave away four dollars.	Mike now has three dollars.
entailment	Ann has ten dollars. She gave away seven dollars.	Ann now has three dollars.
entailment	Amy has ten dollars. She gave away three dollars.	Amy now has seven dollars.
entailment	Diana has ten dollars. She gave away four dollars.	Diana now has six dollars.
entailment	Thomas has seven dollars. He gave away three dollars.	Thomas now has four dollars.
entailment	Rachel has ten dollars. She gave away four dollars.	Rachel now has six dollars.
entailment	Mark has seven dollars. He gave away three dollars.	Mark now has four dollars.
entailment	Catherine has eight dollars. She gave away four dollars.	Catherine now has four dollars.
entailment	Linda has nine dollars. She gave away three dollars.	Linda now has six dollars.
entailment	Ashley has five dollars. She gave away two dollars.	Ashley now has three dollars.
entailment	Elaine has eight dollars. She gave away six dollars.	Elaine now has two dollars.
entailment	Ashley has ten dollars. She gave away two dollars.	Ashley now has eight dollars.
entailment	Nancy has seven dollars. She gave away three dollars.	Nancy now has four dollars.
entailment	Daniel has seven dollars. He gave away three dollars.	Daniel now has four dollars.
entailment	Eric has seven dollars. He gave away six dollars.	Eric now has one dollars.
entailment	Dave has five dollars. He gave away three dollars.	Dave now has two dollars.
entailment	Helen has nine dollars. She gave away five dollars.	Helen now has four dollars.
entailment	Charlotte has ten dollars. She gave away two dollars.	Charlotte now has eight dollars.
entailment	Lisa has seven dollars. She gave away five dollars.	Lisa now has two dollars.
entailment	Jill has six dollars. She gave away two dollars.	Jill now has four dollars.
entailment	Alfred has ten dollars. He gave away three dollars.	Alfred now has seven dollars.
entailment	Sarah has five dollars. She gave away four dollars.	Sarah now has one dollars.
entailment	Heather has ten dollars. She gave away five dollars.	Heather now has five dollars.
entailment	Rachel has five dollars. She gave away three dollars.	Rachel now has two dollars.
entailment	Ron has nine dollars. He gave away four dollars.	Ron now has five dollars.
entailment	Keith has eight dollars. He gave away six dollars.	Keith now has two dollars.
entailment	Jim has nine dollars. He gave away two dollars.	Jim now has seven dollars.
entailment	Joe has eight dollars. He gave away three dollars.	Joe now has five dollars.
entailment	Susan has eight dollars. She gave away five dollars.	Susan now has three dollars.
entailment	Suzanne has ten dollars. She gave away four dollars.	Suzanne now has six dollars.
entailment	Bobby has eight dollars. He gave away three dollars.	Bobby now has five dollars.
entailment	Billy has eight dollars. He gave away four dollars.	Billy now has four dollars.
entailment	Dave has seven dollars. He gave away five dollars.	Dave now has two dollars.
entailment	George has nine dollars. He gave away five dollars.	George now has four dollars.
entailment	Dave has seven dollars. He gave away two dollars.	Dave now has five dollars.
entailment	Rose has six dollars. She gave away four dollars.	Rose now has two dollars.
entailment	Pamela has eight dollars. She gave away two dollars.	Pamela now has six dollars.
entailment	Carl has seven dollars. He gave away five dollars.	Carl now has two dollars.
entailment	Diana has nine dollars. She gave away five dollars.	Diana now has four dollars.
entailment	Arthur has four dollars. He gave away two dollars.	Arthur now has two dollars.
entailment	Linda has five dollars. She gave away four dollars.	Linda now has one dollars.
entailment	Joseph has nine dollars. He gave away four dollars.	Joseph now has five dollars.
entailment	Suzanne has ten dollars. She gave away seven dollars.	Suzanne now has three dollars.
entailment	Patricia has eight dollars. She gave away four dollars.	Patricia now has four dollars.
entailment	Lynn has ten dollars. She gave away three dollars.	Lynn now has seven dollars.
entailment	Nicole has nine dollars. She gave away four dollars.	Nicole now has five dollars.
entailment	Alexander has five dollars. He gave away four dollars.	Alexander now has one dollars.
entailment	Nicole has nine dollars. She gave away eight dollars.	Nicole now has one dollars.
entailment	Joan has six dollars. She gave away five dollars.	Joan now has one dollars.
entailment	Arthur has six dollars. He gave away five dollars.	Arthur now has one dollars.
entailment	Emma has ten dollars. She gave away four dollars.	Emma now has six dollars.
entailment	Tony has ten dollars. He gave away seven dollars.	Tony now has three dollars.
entailment	Bob has six dollars. He gave away five dollars.	Bob now has one dollars.
entailment	Leslie has ten dollars. She gave away seven dollars.	Leslie now has three dollars.
entailment	Jimmy has eight dollars. He gave away three dollars.	Jimmy now has five dollars.
entailment	Betty has six dollars. She gave away five dollars.	Betty now has one dollars.
entailment	Mary has nine dollars. She gave away six dollars.	Mary now has three dollars.
entailment	Kelly has five dollars. She gave away three dollars.	Kelly now has two dollars.
entailment	Brian has five dollars. He gave away four dollars.	Brian now has one dollars.
entailment	Julie has three dollars. She gave away two dollars.	Julie now has one dollars.
entailment	Joseph has nine dollars. He gave away seven dollars.	Joseph now has two dollars.
entailment	Jonathan has seven dollars. He gave away three dollars.	Jonathan now has four dollars.
entailment	Linda has eight dollars. She gave away six dollars.	Linda now has two dollars.
entailment	Donna has nine dollars. She gave away five dollars.	Donna now has four dollars.
entailment	Walter has six dollars. He gave away two dollars.	Walter now has four dollars.
entailment	Laura has eight dollars. She gave away five dollars.	Laura now has three dollars.
entailment	Julie has nine dollars. She gave away two dollars.	Julie now has seven dollars.
entailment	Donald has six dollars. He gave away two dollars.	Donald now has four dollars.
entailment	Matt has four dollars. He gave away three dollars.	Matt now has one dollars.
entailment	Benjamin has five dollars. He gave away three dollars.	Benjamin now has two dollars.
entailment	Mike has eight dollars. He gave away seven dollars.	Mike now has one dollars.
entailment	Nicole has nine dollars. She gave away four dollars.	Nicole now has five dollars.
entailment	Michael has six dollars. He gave away four dollars.	Michael now has two dollars.
entailment	Sharon has ten dollars. She gave away two dollars.	Sharon now has eight dollars.
entailment	Elaine has nine dollars. She gave away two dollars.	Elaine now has seven dollars.
entailment	Robin has nine dollars. She gave away four dollars.	Robin now has five dollars.
entailment	Kathryn has ten dollars. She gave away two dollars.	Kathryn now has eight dollars.
entailment	Diana has eight dollars. She gave away five dollars.	Diana now has three dollars.
entailment	Billy has seven dollars. He gave away four dollars.	Billy now has three dollars.
entailment	Kathleen has five dollars. She gave away three dollars.	Kathleen now has two dollars.
entailment	Brian has ten dollars. He gave away eight dollars.	Brian now has two dollars.
entailment	Laura has nine dollars. She gave away four dollars.	Laura now has five dollars.
entailment	Charlie has seven dollars. He gave away four dollars.	Charlie now has three dollars.
entailment	Colin has nine dollars. He gave away six dollars.	Colin now has three dollars.
entailment	Lucy has ten dollars. She gave away seven dollars.	Lucy now has three dollars.
entailment	Patricia has six dollars. She gave away three dollars.	Patricia now has three dollars.
entailment	Jean has nine dollars. She gave away three dollars.	Jean now has six dollars.
entailment	Frederick has seven dollars. He gave away three dollars.	Frederick now has four dollars.
entailment	Jill has nine dollars. She gave away two dollars.	Jill now has seven dollars.
entailment	Susan has four dollars. She gave away three dollars.	Susan now has one dollars.
entailment	Scott has six dollars. He gave away three dollars.	Scott now has three dollars.
entailment	Keith has eight dollars. He gave away three dollars.	Keith now has five dollars.
entailment	Gary has ten dollars. He gave away nine dollars.	Gary now has one dollars.
entailment	Grace has nine dollars. She gave away five dollars.	Grace now has four dollars.
entailment	Donald has eight dollars. He gave away three dollars.	Donald now has five dollars.
entailment	Mary has ten dollars. She gave away four dollars.	Mary now has six dollars.
entailment	Rachel has ten dollars. She gave away six dollars.	Rachel now has four dollars.
entailment	Sharon has ten dollars. She gave away seven dollars.	Sharon now has three dollars.
entailment	Lucy has six dollars. She gave away five dollars.	Lucy now has one dollars.
entailment	Jane has three dollars. She gave away two dollars.	Jane now has one dollars.
entailment	Pamela has seven dollars. She gave away four dollars.	Pamela now has three dollars.
entailment	Joe has six dollars. He gave away three dollars.	Joe now has three dollars.
entailment	Philip has ten dollars. He gave away nine dollars.	Philip now has one dollars.
entailment	Arthur has nine dollars. He gave away four dollars.	Arthur now has five dollars.
entailment	Nancy has nine dollars. She gave away six dollars.	Nancy now has three dollars.
entailment	Catherine has seven dollars. She gave away four dollars.	Catherine now has three dollars.
entailment	Eric has six dollars. He gave away five dollars.	Eric now has one dollars.
entailment	Marilyn has ten dollars. She gave away eight dollars.	Marilyn now has two dollars.
entailment	Stephen has eight dollars. He gave away four dollars.	Stephen now has four dollars.
entailment	Christine has nine dollars. She gave away three dollars.	Christine now has six dollars.
entailment	Susan has nine dollars. She gave away six dollars.	Susan now has three dollars.
entailment	Leslie has nine dollars. She gave away two dollars.	Leslie now has seven dollars.
entailment	Edward has three dollars. He gave away two dollars.	Edward now has one dollars.
entailment	Lawrence has six dollars. He gave away two dollars.	Lawrence now has four dollars.
entailment	Ralph has six dollars. He gave away five dollars.	Ralph now has one dollars.
entailment	Richard has ten dollars. He gave away seven dollars.	Richard now has three dollars.
entailment	Angela has six dollars. She gave away two dollars.	Angela now has four dollars.
entailment	Jack has nine dollars. He gave away six dollars.	Jack now has three dollars.
entailment	Kathryn has six dollars. She gave away two dollars.	Kathryn now has four dollars.
entailment	Mike has three dollars. He gave away two dollars.	Mike now has one dollars.
entailment	Kathryn has nine dollars. She gave away two dollars.	Kathryn now has seven dollars.
entailment	Suzanne has five dollars. She gave away two dollars.	Suzanne now has three dollars.
entailment	Anne has nine dollars. She gave away two dollars.	Anne now has seven dollars.
entailment	Marie has seven dollars. She gave away two dollars.	Marie now has five dollars.
entailment	Mark has nine dollars. He gave away six dollars.	Mark now has three dollars.
entailment	William has seven dollars. He gave away two dollars.	William now has five dollars.
entailment	Dorothy has six dollars. She gave away five dollars.	Dorothy now has one dollars.
entailment	Catherine has seven dollars. She gave away three dollars.	Catherine now has four dollars.
entailment	Diana has four dollars. She gave away two dollars.	Diana now has two dollars.
entailment	Tim has ten dollars. He gave away six dollars.	Tim now has four dollars.
entailment	Rachel has five dollars. She gave away four dollars.	Rachel now has one dollars.
entailment	Fiona has seven dollars. She gave away five dollars.	Fiona now has two dollars.
entailment	Dave has seven dollars. He gave away four dollars.	Dave now has three dollars.
entailment	Sue has nine dollars. She gave away three dollars.	Sue now has six dollars.
entailment	Elaine has ten dollars. She gave away nine dollars.	Elaine now has one dollars.
entailment	Ken has seven dollars. He gave away two dollars.	Ken now has five dollars.
entailment	Patricia has nine dollars. She gave away eight dollars.	Patricia now has one dollars.
entailment	David has three dollars. He gave away two dollars.	David now has one dollars.
entailment	Alice has nine dollars. She gave away eight dollars.	Alice now has one dollars.
entailment	Harry has six dollars. He gave away four dollars.	Harry now has two dollars.
entailment	Tony has six dollars. He gave away three dollars.	Tony now has three dollars.
entailment	Michelle has seven dollars. She gave away three dollars.	Michelle now has four dollars.
entailment	Joseph has five dollars. He gave away four dollars.	Joseph now has one dollars.
entailment	Colin has nine dollars. He gave away two dollars.	Colin now has seven dollars.
entailment	Angela has nine dollars. She gave away five dollars.	Angela now has four dollars.
entailment	Benjamin has ten dollars. He gave away nine dollars.	Benjamin now has one dollars.
entailment	Sue has seven dollars. She gave away six dollars.	Sue now has one dollars.
entailment	Lisa has ten dollars. She gave away eight dollars.	Lisa now has two dollars.
entailment	Johnny has six dollars. He gave away three dollars.	Johnny now has three dollars.
entailment	Nicole has eight dollars. She gave away four dollars.	Nicole now has four dollars.
entailment	Nicole has nine dollars. She gave away two dollars.	Nicole now has seven dollars.
entailment	Margaret has nine dollars. She gave away seven dollars.	Margaret now has two dollars.
entailment	Chris has six dollars. He gave away two dollars.	Chris now has four dollars.
entailment	Larry has seven dollars. He gave away six dollars.	Larry now has one dollars.
entailment	Betty has ten dollars. She gave away eight dollars.	Betty now has two dollars.
entailment	Ashley has five dollars. She gave away three dollars.	Ashley now has two dollars.
entailment	Eric has ten dollars. He gave away nine dollars.	Eric now has one dollars.
entailment	Ron has five dollars. He gave away two dollars.	Ron now has three dollars.
entailment	Frederick has nine dollars. He gave away six dollars.	Frederick now has three dollars.
entailment	Marie has nine dollars. She gave away three dollars.	Marie now has six dollars.
entailment	Louis has nine dollars. He gave away four dollars.	Louis now has five dollars.
entailment	Betty has ten dollars. She gave away three dollars.	Betty now has seven dollars.
entailment	Howard has six dollars. He gave away two dollars.	Howard now has four dollars.
entailment	Emma has nine dollars. She gave away three dollars.	Emma now has six dollars.
entailment	Rebecca has ten dollars. She gave away six dollars.	Rebecca now has four dollars.
entailment	Arthur has nine dollars. He gave away six dollars.	Arthur now has three dollars.
entailment	Jerry has five dollars. He gave away three dollars.	Jerry now has two dollars.
entailment	Ron has four dollars. He gave away three dollars.	Ron now has one dollars.
entailment	Joan has four dollars. She gave away three dollars.	Joan now has one dollars.
entailment	Daniel has six dollars. He gave away three dollars.	Daniel now has three dollars.
entailment	Mike has ten dollars. He gave away two dollars.	Mike now has eight dollars.
entailment	Jason has nine dollars. He gave away three dollars.	Jason now has six dollars.
entailment	Marilyn has five dollars. She gave away two dollars.	Marilyn now has three dollars.
entailment	Amy has three dollars. She gave away two dollars.	Amy now has one dollars.
entailment	Alfred has nine dollars. He gave away seven dollars.	Alfred now has two dollars.
entailment	Thomas has nine dollars. He gave away eight dollars.	Thomas now has one dollars.
entailment	Pamela has five dollars. She gave away two dollars.	Pamela now has three dollars.
entailment	Katherine has eight dollars. She gave away six dollars.	Katherine now has two dollars.
entailment	Mike has six dollars. He gave away four dollars.	Mike now has two dollars.
entailment	Nancy has four dollars. She gave away two dollars.	Nancy now has two dollars.
entailment	Ashley has six dollars. She gave away five dollars.	Ashley now has one dollars.
entailment	Christopher has ten dollars. He gave away six dollars.	Christopher now has four dollars.
entailment	Claire has eight dollars. She gave away three dollars.	Claire now has five dollars.
entailment	Carolyn has six dollars. She gave away four dollars.	Carolyn now has two dollars.
entailment	Louise has five dollars. She gave away four dollars.	Louise now has one dollars.
entailment	Louis has six dollars. He gave away three dollars.	Louis now has three dollars.
entailment	Paul has eight dollars. He gave away three dollars.	Paul now has five dollars.
entailment	Alfred has nine dollars. He gave away five dollars.	Alfred now has four dollars.
entailment	Lawrence has ten dollars. He gave away three dollars.	Lawrence now has seven dollars.
entailment	Angela has eight dollars. She gave away seven dollars.	Angela now has one dollars.
entailment	Rebecca has eight dollars. She gave away six dollars.	Rebecca now has two dollars.
entailment	Victoria has ten dollars. She gave away two dollars.	Victoria now has eight dollars.
entailment	Joe has nine dollars. He gave away seven dollars.	Joe now has two dollars.
entailment	Anna has five dollars. She gave away four dollars.	Anna now has one dollars.
entailment	Frank has eight dollars. He gave away six dollars.	Frank now has two dollars.
entailment	Peter has ten dollars. He gave away two dollars.	Peter now has eight dollars.
entailment	Katherine has three dollars. She gave away two dollars.	Katherine now has one dollars.
entailment	Johnny has nine dollars. He gave away seven dollars.	Johnny now has two dollars.
entailment	Dick has nine dollars. He gave away seven dollars.	Dick now has two dollars.
entailment	Frances has eight dollars. She gave away seven dollars.	Frances now has one dollars.
entailment	Elizabeth has six dollars. She gave away three dollars.	Elizabeth now has three dollars.
entailment	Francis has seven dollars. He gave away four dollars.	Francis now has three dollars.
entailment	Greg has ten dollars. He gave away six dollars.	Greg now has four dollars.
entailment	Colin has nine dollars. He gave away seven dollars.	Colin now has two dollars.
entailment	Dick has ten dollars. He gave away three dollars.	Dick now has seven dollars.
entailment	Brian has five dollars. He gave away four dollars.	Brian now has one dollars.
entailment	Jessica has four dollars. She gave away three dollars.	Jessica now has one dollars.
entailment	Harriet has nine dollars. She gave away six dollars.	Harriet now has three dollars.
entailment	Michelle has nine dollars. She gave away seven dollars.	Michelle now has two dollars.
entailment	Fiona has eight dollars. She gave away three dollars.	Fiona now has five dollars.
entailment	Bill has nine dollars. He gave away two dollars.	Bill now has seven dollars.
entailment	Patricia has five dollars. She gave away two dollars.	Patricia now has three dollars.
