contradiction	Jean has 1 coins. David has 4 coins.	Jean has more coins than David.
contradiction	George has 1 coins. Cynthia has 5 coins.	George has more coins than Cynthia.
contradiction	Paul has 8 coins. Judith has 9 coins.	Paul has more coins than Judith.
contradiction	Jim has 7 coins. Dave has 8 coins.	Jim has more coins than Dave.
contradiction	Ian has 1 coins. Katie has 4 coins.	Ian has more coins than Katie.
contradiction	Amanda has 7 coins. Alexandra has 9 coins.	Amanda has more coins than Alexandra.
contradiction	Louise has 5 coins. Jean has 10 coins.	Louise has more coins than Jean.
contradiction	Charlotte has 1 coins. Karen has 6 coins.	Charlotte has more coins than Karen.
contradiction	Adam has 4 coins. Helen has 5 coins.	Adam has more coins than Helen.
contradiction	Louise has 2 coins. Heather has 7 coins.	Louise has more coins than Heather.
contradiction	Dan has 6 coins. Caroline has 10 coins.	Dan has more coins than Caroline.
contradiction	Bruce has 2 coins. Ryan has 9 coins.	Bruce has more coins than Ryan.
contradiction	Hugh has 3 coins. Lawrence has 6 coins.	Hugh has more coins than Lawrence.
contradiction	Louis has 4 coins. Greg has 6 coins.	Louis has more coins than Greg.
contradiction	Deborah has 1 coins. Kathryn has 6 coins.	Deborah has more coins than Kathryn.
contradiction	Francis has 5 coins. Jill has 7 coins.	Francis has more coins than Jill.
contradiction	Andrea has 2 coins. Hugh has 4 coins.	Andrea has more coins than Hugh.
contradiction	Rose has 3 coins. Elizabeth has 5 coins.	Rose has more coins than Elizabeth.
contradiction	Keith has 5 coins. Christopher has 8 coins.	Keith has more coins than Christopher.
contradiction	Carolyn has 6 coins. Fiona has 8 coins.	Carolyn has more coins than Fiona.
contradiction	Ann has 7 coins. Edward has 8 coins.	Ann has more coins than Edward.
contradiction	Frederick has 1 coins. Roy has 4 coins.	Frederick has more coins than Roy.
contradiction	Catherine has 4 coins. Evelyn has 7 coins.	Catherine has more coins than Evelyn.
contradiction	Marilyn has 7 coins. Cynthia has 9 coins.	Marilyn has more coins than Cynthia.
contradiction	Joseph has 2 coins. John has 4 coins.	Joseph has more coins than John.
contradiction	Frances has 3 coins. Alexander has 4 coins.	Frances has more coins than Alexander.
contradiction	Harold has 3 coins. Heather has 7 coins.	Harold has more coins than Heather.
contradiction	Alex has 2 coins. Maria has 5 coins.	Alex has more coins than Maria.
contradiction	Marie has 2 coins. Jimmy has 10 coins.	Marie has more coins than Jimmy.
contradiction	Bobby has 1 coins. Mark has 4 coins.	Bobby has more coins than Mark.
contradiction	John has 1 coins. Ashley has 10 coins.	John has more coins than Ashley.
contradiction	James has 4 coins. Alexandra has 9 coins.	James has more coins than Alexandra.
contradiction	Edward has 4 coins. Gary has 8 coins.	Edward has more coins than Gary.
contradiction	Ron has 3 coins. Bruce has 10 coins.	Ron has more coins than Bruce.
contradiction	Christopher has 5 coins. Harriet has 7 coins.	Christopher has more coins than Harriet.
contradiction	Christine has 3 coins. Lynn has 8 coins.	Christine has more coins than Lynn.
contradiction	Frances has 3 coins. Judy has 6 coins.	Frances has more coins than Judy.
contradiction	Gary has 2 coins. Alice has 9 coins.	Gary has more coins than Alice.
contradiction	Judith has 3 coins. Lauren has 10 coins.	Judith has more coins than Lauren.
contradiction	Martin has 1 coins. Judith has 4 coins.	Martin has more coins than Judith.
contradiction	Deborah has 2 coins. Anna has 5 coins.	Deborah has more coins than Anna.
contradiction	Martha has 1 coins. Alison has 3 coins.	Martha has more coins than Alison.
contradiction	Benjamin has 1 coins. Joseph has 7 coins.	Benjamin has more coins than Joseph.
contradiction	Louis has 1 coins. Amy has 5 coins.	Louis has more coins than Amy.
contradiction	Alan has 2 coins. Simon has 4 coins.	Alan has more coins than Simon.
contradiction	Henry has 1 coins. Fiona has 6 coins.	Henry has more coins than Fiona.
contradiction	Richard has 2 coins. Philip has 8 coins.	Richard has more coins than Philip.
contradiction	Don has 2 coins. Frederick has 3 coins.	Don has more coins than Frederick.
contradiction	Bobby has 4 coins. Pamela has 5 coins.	Bobby has more coins than Pamela.
contradiction	Julie has 5 coins. Joseph has 10 coins.	Julie has more coins than Joseph.
contradiction	Frank has 2 coins. Wendy has 3 coins.	Frank has more coins than Wendy.
contradiction	Edward has 2 coins. Steven has 8 coins.	Edward has more coins than Steven.
contradiction	Andrew has 3 coins. Robert has 5 coins.	Andrew has more coins than Robert.
contradiction	Carl has 3 coins. Marilyn has 10 coins.	Carl has more coins than Marilyn.
contradiction	Andrew has 7 coins. Joe has 9 coins.	Andrew has more coins than Joe.
contradiction	Lisa has 2 coins. Kate has 4 coins.	Lisa has more coins than Kate.
contradiction	Jean has 1 coins. Nick has 5 coins.	Jean has more coins than Nick.
contradiction	Fred has 4 coins. Jill has 8 coins.	Fred has more coins than Jill.
contradiction	Joseph has 1 coins. Francis has 5 coins.	Joseph has more coins than Francis.
contradiction	Rachel has 2 coins. Lucy has 8 coins.	Rachel has more coins than Lucy.
contradiction	Marie has 6 coins. Harry has 8 coins.	Marie has more coins than Harry.
contradiction	Judith has 6 coins. Julia has 8 coins.	Judith has more coins than Julia.
contradiction	Jack has 1 coins. Elizabeth has 5 coins.	Jack has more coins than Elizabeth.
contradiction	Alexandra has 1 coins. Chris has 3 coins.	Alexandra has more coins than Chris.
contradiction	Francis has 6 coins. Grace has 10 coins.	Francis has more coins than Grace.
contradiction	Jay has 4 coins. Francis has 5 coins.	Jay has more coins than Francis.
contradiction	Bruce has 1 coins. Hugh has 3 coins.	Bruce has more coins than Hugh.
contradiction	Caroline has 4 coins. Claire has 7 coins.	Caroline has more coins than Claire.
contradiction	Michael has 8 coins. Michelle has 10 coins.	Michael has more coins than Michelle.
contradiction	Betty has 2 coins. Ed has 7 coins.	Betty has more coins than Ed.
contradiction	Kathryn has 6 coins. Kenneth has 8 coins.	Kathryn has more coins than Kenneth.
contradiction	Ken has 5 coins. Daniel has 6 coins.	Ken has more coins than Daniel.
contradiction	Katie has 5 coins. Scott has 7 coins.	Katie has more coins than Scott.
contradiction	Edith has 1 coins. Edward has 2 coins.	Edith has more coins than Edward.
contradiction	Jean has 6 coins. Grace has 9 coins.	Jean has more coins than Grace.
contradiction	Alfred has 5 coins. Nancy has 6 coins.	Alfred has more coins than Nancy.
contradiction	Emily has 3 coins. Sarah has 6 coins.	Emily has more coins than Sarah.
contradiction	David has 7 coins. Alice has 8 coins.	David has more coins than Alice.
contradiction	Amanda has 2 coins. Victoria has 7 coins.	Amanda has more coins than Victoria.
contradiction	Ann has 2 coins. David has 5 coins.	Ann has more coins than David.
contradiction	Harry has 2 coins. Kevin has 5 coins.	Harry has more coins than Kevin.
contradiction	Caroline has 1 coins. Kim has 6 coins.	Caroline has more coins than Kim.
contradiction	Ashley has 6 coins. Jason has 9 coins.	Ashley has more coins than Jason.
contradiction	Ben has 1 coins. Marie has 6 coins.	Ben has more coins than Marie.
contradiction	Thomas has 4 coins. Ruth has 9 coins.	Thomas has more coins than Ruth.
contradiction	Dorothy has 3 coins. Edward has 7 coins.	Dorothy has more coins than Edward.
contradiction	Linda has 1 coins. Howard has 8 coins.	Linda has more coins than Howard.
contradiction	Amanda has 7 coins. Patrick has 8 coins.	Amanda has more coins than Patrick.
contradiction	Christine has 3 coins. Linda has 8 coins.	Christine has more coins than Linda.
contradiction	Howard has 5 coins. Dan has 7 coins.	Howard has more coins than Dan.
contradiction	Robert has 2 coins. Fiona has 3 coins.	Robert has more coins than Fiona.
contradiction	Joe has 1 coins. Ellen has 4 coins.	Joe has more coins than Ellen.
contradiction	Kenneth has 1 coins. Jerry has 7 coins.	Kenneth has more coins than Jerry.
contradiction	Jean has 7 coins. Lynn has 10 coins.	Jean has more coins than Lynn.
contradiction	Harry has 1 coins. Jim has 6 coins.	Harry has more coins than Jim.
contradiction	Roy has 8 coins. Benjamin has 9 coins.	Roy has more coins than Benjamin.
contradiction	Cynthia has 7 coins. Sharon has 8 coins.	Cynthia has more coins than Sharon.
contradiction	Walter has 3 coins. Charlie has 5 coins.	Walter has more coins than Charlie.
contradiction	Ruth has 3 coins. Bill has 10 coins.	Ruth has more coins than Bill.
contradiction	Grace has 7 coins. Rose has 9 coins.	Grace has more coins than Rose.
contradiction	Anne has 8 coins. Jimmy has 9 coins.	Anne has more coins than Jimmy.
contradiction	Keith has 4 coins. Amy has 6 coins.	Keith has more coins than Amy.
contradiction	Edith has 1 coins. Edward has 2 coins.	Edith has more coins than Edward.
contradiction	Victoria has 2 coins. Louis has 3 coins.	Victoria has more coins than Louis.
contradiction	Richard has 1 coins. Donald has 7 coins.	Richard has more coins than Donald.
contradiction	Ralph has 4 coins. Kevin has 5 coins.	Ralph has more coins than Kevin.
contradiction	Pamela has 1 coins. Helen has 4 coins.	Pamela has more coins than Helen.
contradiction	Scott has 2 coins. Frank has 7 coins.	Scott has more coins than Frank.
contradiction	Eleanor has 1 coins. Lawrence has 3 coins.	Eleanor has more coins than Lawrence.
contradiction	Joseph has 1 coins. Jeff has 3 coins.	Joseph has more coins than Jeff.
contradiction	Alexandra has 7 coins. Jean has 9 coins.	Alexandra has more coins than Jean.
contradiction	Kenneth has 1 coins. Anthony has 5 coins.	Kenneth has more coins than Anthony.
contradiction	Karen has 5 coins. Joe has 6 coins.	Karen has more coins than Joe.
contradiction	Arthur has 1 coins. Lucy has 4 coins.	Arthur has more coins than Lucy.
contradiction	John has 3 coins. Jane has 4 coins.	John has more coins than Jane.
contradiction	Nancy has 7 coins. Carolyn has 8 coins.	Nancy has more coins than Carolyn.
contradiction	Anna has 1 coins. Matthew has 3 coins.	Anna has more coins than Matthew.
contradiction	Ben has 1 coins. Larry has 3 coins.	Ben has more coins than Larry.
contradiction	Kathy has 1 coins. Donna has 4 coins.	Kathy has more coins than Donna.
contradiction	Bob has 5 coins. Anne has 9 coins.	Bob has more coins than Anne.
contradiction	Jim has 1 coins. Kenneth has 6 coins.	Jim has more coins than Kenneth.
contradiction	Matthew has 3 coins. Johnny has 9 coins.	Matthew has more coins than Johnny.
contradiction	Matt has 1 coins. Laura has 2 coins.	Matt has more coins than Laura.
contradiction	Annie has 2 coins. Richard has 3 coins.	Annie has more coins than Richard.
contradiction	Richard has 1 coins. Jean has 2 coins.	Richard has more coins than Jean.
contradiction	Harold has 3 coins. Katherine has 7 coins.	Harold has more coins than Katherine.
contradiction	Donna has 1 coins. Chris has 5 coins.	Donna has more coins than Chris.
contradiction	Henry has 4 coins. Simon has 7 coins.	Henry has more coins than Simon.
contradiction	Edith has 1 coins. Lucy has 2 coins.	Edith has more coins than Lucy.
contradiction	Howard has 6 coins. Sara has 7 coins.	Howard has more coins than Sara.
contradiction	Florence has 2 coins. Jill has 5 coins.	Florence has more coins than Jill.
contradiction	Angela has 1 coins. Louis has 2 coins.	Angela has more coins than Louis.
contradiction	Charles has 1 coins. Harold has 2 coins.	Charles has more coins than Harold.
contradiction	Dave has 1 coins. Lucy has 2 coins.	Dave has more coins than Lucy.
contradiction	Harry has 8 coins. Laura has 9 coins.	Harry has more coins than Laura.
contradiction	Frances has 4 coins. Benjamin has 10 coins.	Frances has more coins than Benjamin.
contradiction	Anthony has 2 coins. Michelle has 3 coins.	Anthony has more coins than Michelle.
contradiction	Carol has 2 coins. Lynn has 4 coins.	Carol has more coins than Lynn.
contradiction	Kathleen has 3 coins. Judy has 9 coins.	Kathleen has more coins than Judy.
contradiction	Robin has 7 coins. Ralph has 8 coins.	Robin has more coins than Ralph.
contradiction	Edwin has 4 coins. Bobby has 7 coins.	Edwin has more coins than Bobby.
contradiction	Rose has 3 coins. Ann has 5 coins.	Rose has more coins than Ann.
contradiction	Greg has 5 coins. Kate has 9 coins.	Greg has more coins than Kate.
contradiction	John has 4 coins. Jane has 10 coins.	John has more coins than Jane.
contradiction	Amy has 4 coins. Harry has 7 coins.	Amy has more coins than Harry.
contradiction	Jill has 4 coins. Joe has 10 coins.	Jill has more coins than Joe.
contradiction	Janet has 1 coins. William has 5 coins.	Janet has more coins than William.
contradiction	Paul has 3 coins. Donna has 7 coins.	Paul has more coins than Donna.
contradiction	Dan has 2 coins. Kevin has 7 coins.	Dan has more coins than Kevin.
contradiction	Dan has 3 coins. Matthew has 6 coins.	Dan has more coins than Matthew.
contradiction	Steven has 5 coins. Bobby has 8 coins.	Steven has more coins than Bobby.
contradiction	Susan has 1 coins. Annie has 3 coins.	Susan has more coins than Annie.
contradiction	Louis has 1 coins. Bruce has 4 coins.	Louis has more coins than Bruce.
contradiction	Elaine has 8 coins. Anna has 9 coins.	Elaine has more coins than Anna.
contradiction	Stephen has 4 coins. Al has 9 coins.	Stephen has more coins than Al.
contradiction	David has 2 coins. Jimmy has 7 coins.	David has more coins than Jimmy.
contradiction	Heather has 8 coins. Samuel has 10 coins.	Heather has more coins than Samuel.
contradiction	Jason has 3 coins. Kate has 5 coins.	Jason has more coins than Kate.
contradiction	Jay has 4 coins. Jonathan has 5 coins.	Jay has more coins than Jonathan.
contradiction	Rebecca has 2 coins. Claire has 4 coins.	Rebecca has more coins than Claire.
contradiction	Alexander has 1 coins. Al has 4 coins.	Alexander has more coins than Al.
contradiction	Diane has 8 coins. Donna has 9 coins.	Diane has more coins than Donna.
contradiction	Bruce has 2 coins. Louise has 3 coins.	Bruce has more coins than Louise.
contradiction	Rose has 8 coins. Sara has 9 coins.	Rose has more coins than Sara.
contradiction	Jim has 1 coins. Jay has 2 coins.	Jim has more coins than Jay.
contradiction	Sophie has 2 coins. Claire has 7 coins.	Sophie has more coins than Claire.
contradiction	Edith has 1 coins. Emma has 2 coins.	Edith has more coins than Emma.
contradiction	Jennifer has 1 coins. Steve has 2 coins.	Jennifer has more coins than Steve.
contradiction	Janet has 1 coins. Johnny has 8 coins.	Janet has more coins than Johnny.
contradiction	Alexandra has 3 coins. Harry has 10 coins.	Alexandra has more coins than Harry.
contradiction	William has 2 coins. Rose has 8 coins.	William has more coins than Rose.
contradiction	Susan has 6 coins. Jane has 8 coins.	Susan has more coins than Jane.
contradiction	Alice has 5 coins. Susan has 8 coins.	Alice has more coins than Susan.
contradiction	Nicole has 6 coins. Alan has 7 coins.	Nicole has more coins than Alan.
contradiction	Sally has 2 coins. Stephen has 3 coins.	Sally has more coins than Stephen.
contradiction	Judith has 5 coins. Harry has 7 coins.	Judith has more coins than Harry.
contradiction	Lawrence has 3 coins. Albert has 5 coins.	Lawrence has more coins than Albert.
contradiction	Steve has 3 coins. Tom has 4 coins.	Steve has more coins than Tom.
contradiction	Grace has 1 coins. Annie has 2 coins.	Grace has more coins than Annie.
contradiction	Dorothy has 1 coins. Matthew has 2 coins.	Dorothy has more coins than Matthew.
contradiction	Judith has 3 coins. Ralph has 10 coins.	Judith has more coins than Ralph.
contradiction	Melissa has 4 coins. Kathleen has 10 coins.	Melissa has more coins than Kathleen.
contradiction	Hugh has 2 coins. Mary has 7 coins.	Hugh has more coins than Mary.
contradiction	Chris has 2 coins. Kathy has 4 coins.	Chris has more coins than Kathy.
contradiction	Harold has 7 coins. Ken has 10 coins.	Harold has more coins than Ken.
contradiction	Peter has 5 coins. Bruce has 6 coins.	Peter has more coins than Bruce.
contradiction	Kenneth has 2 coins. Mike has 7 coins.	Kenneth has more coins than Mike.
contradiction	Eric has 4 coins. Alison has 6 coins.	Eric has more coins than Alison.
contradiction	Margaret has 5 coins. Patricia has 9 coins.	Margaret has more coins than Patricia.
contradiction	Virginia has 6 coins. Anna has 7 coins.	Virginia has more coins than Anna.
contradiction	Mike has 9 coins. Kathryn has 10 coins.	Mike has more coins than Kathryn.
contradiction	Annie has 2 coins. Martha has 3 coins.	Annie has more coins than Martha.
contradiction	Jill has 4 coins. Leslie has 10 coins.	Jill has more coins than Leslie.
contradiction	Donald has 5 coins. Jack has 8 coins.	Donald has more coins than Jack.
contradiction	Colin has 2 coins. Louise has 3 coins.	Colin has more coins than Louise.
contradiction	Ralph has 2 coins. Ron has 5 coins.	Ralph has more coins than Ron.
contradiction	Mike has 4 coins. Judith has 6 coins.	Mike has more coins than Judith.
contradiction	Marie has 1 coins. Alice has 4 coins.	Marie has more coins than Alice.
contradiction	Lisa has 1 coins. Heather has 8 coins.	Lisa has more coins than Heather.
contradiction	Amy has 1 coins. Michelle has 7 coins.	Amy has more coins than Michelle.
contradiction	Kim has 2 coins. Henry has 9 coins.	Kim has more coins than Henry.
contradiction	Rose has 5 coins. Helen has 6 coins.	Rose has more coins than Helen.
contradiction	Sam has 1 coins. Harriet has 3 coins.	Sam has more coins than Harriet.
contradiction	Carolyn has 4 coins. Martin has 8 coins.	Carolyn has more coins than Martin.
contradiction	Julia has 3 coins. Samuel has 4 coins.	Julia has more coins than Samuel.
contradiction	Alice has 2 coins. Benjamin has 3 coins.	Alice has more coins than Benjamin.
contradiction	Carolyn has 2 coins. Victoria has 4 coins.	Carolyn has more coins than Victoria.
contradiction	Carolyn has 1 coins. Walter has 5 coins.	Carolyn has more coins than Walter.
contradiction	Samuel has 1 coins. Diane has 2 coins.	Samuel has more coins than Diane.
contradiction	Heather has 3 coins. Ray has 10 coins.	Heather has more coins than Ray.
contradiction	Caroline has 2 coins. Helen has 3 coins.	Caroline has more coins than Helen.
contradiction	Jill has 6 coins. Nick has 9 coins.	Jill has more coins than Nick.
contradiction	Samuel has 1 coins. Robert has 2 coins.	Samuel has more coins than Robert.
contradiction	Jean has 4 coins. Tim has 7 coins.	Jean has more coins than Tim.
contradiction	Alice has 1 coins. Billy has 2 coins.	Alice has more coins than Billy.
contradiction	Helen has 1 coins. Jerry has 6 coins.	Helen has more coins than Jerry.
contradiction	Andrew has 8 coins. Nancy has 10 coins.	Andrew has more coins than Nancy.
contradiction	Lauren has 1 coins. Joe has 3 coins.	Lauren has more coins than Joe.
contradiction	Ellen has 2 coins. Charles has 5 coins.	Ellen has more coins than Charles.
contradiction	Joe has 7 coins. Kelly has 9 coins.	Joe has more coins than Kelly.
contradiction	Daniel has 1 coins. Helen has 2 coins.	Daniel has more coins than Helen.
contradiction	Jessica has 2 coins. Martin has 9 coins.	Jessica has more coins than Martin.
contradiction	Edith has 2 coins. Eleanor has 6 coins.	Edith has more coins than Eleanor.
contradiction	Don has 7 coins. Kenneth has 9 coins.	Don has more coins than Kenneth.
contradiction	Louise has 2 coins. Robert has 3 coins.	Louise has more coins than Robert.
contradiction	Lauren has 2 coins. Edith has 3 coins.	Lauren has more coins than Edith.
contradiction	Judy has 2 coins. Patricia has 3 coins.	Judy has more coins than Patricia.
contradiction	Paul has 2 coins. Julia has 4 coins.	Paul has more coins than Julia.
contradiction	Cynthia has 1 coins. Sarah has 2 coins.	Cynthia has more coins than Sarah.
contradiction	Grace has 5 coins. Jill has 6 coins.	Grace has more coins than Jill.
contradiction	Angela has 2 coins. Matthew has 3 coins.	Angela has more coins than Matthew.
contradiction	Wendy has 2 coins. Catherine has 9 coins.	Wendy has more coins than Catherine.
contradiction	Ann has 1 coins. Caroline has 6 coins.	Ann has more coins than Caroline.
contradiction	Jack has 1 coins. Judy has 2 coins.	Jack has more coins than Judy.
contradiction	Sophie has 2 coins. Anne has 6 coins.	Sophie has more coins than Anne.
contradiction	Donna has 4 coins. Andrew has 6 coins.	Donna has more coins than Andrew.
contradiction	Bobby has 3 coins. Catherine has 7 coins.	Bobby has more coins than Catherine.
contradiction	Sue has 4 coins. Christine has 5 coins.	Sue has more coins than Christine.
contradiction	Albert has 6 coins. William has 8 coins.	Albert has more coins than William.
contradiction	Frank has 2 coins. Susan has 9 coins.	Frank has more coins than Susan.
contradiction	Alice has 5 coins. Rachel has 6 coins.	Alice has more coins than Rachel.
contradiction	Jerry has 6 coins. Angela has 9 coins.	Jerry has more coins than Angela.
contradiction	Christopher has 1 coins. Frances has 3 coins.	Christopher has more coins than Frances.
contradiction	Cynthia has 1 coins. Roy has 4 coins.	Cynthia has more coins than Roy.
contradiction	Ryan has 1 coins. Don has 2 coins.	Ryan has more coins than Don.
contradiction	Janet has 3 coins. Ralph has 4 coins.	Janet has more coins than Ralph.
contradiction	Michael has 4 coins. Laura has 7 coins.	Michael has more coins than Laura.
contradiction	Jessica has 7 coins. Walter has 8 coins.	Jessica has more coins than Walter.
contradiction	Mary has 1 coins. Suzanne has 2 coins.	Mary has more coins than Suzanne.
contradiction	Pamela has 2 coins. Harry has 9 coins.	Pamela has more coins than Harry.
contradiction	Janet has 3 coins. Jay has 8 coins.	Janet has more coins than Jay.
contradiction	Suzanne has 3 coins. Harry has 9 coins.	Suzanne has more coins than Harry.
contradiction	Matt has 2 coins. Al has 9 coins.	Matt has more coins than Al.
contradiction	Hugh has 3 coins. Matt has 9 coins.	Hugh has more coins than Matt.
contradiction	Kathy has 2 coins. Don has 5 coins.	Kathy has more coins than Don.
contradiction	Nicole has 1 coins. Ron has 4 coins.	Nicole has more coins than Ron.
contradiction	Charlotte has 9 coins. Julia has 10 coins.	Charlotte has more coins than Julia.
contradiction	Tom has 2 coins. Andrew has 6 coins.	Tom has more coins than Andrew.
contradiction	Joan has 8 coins. Andrew has 10 coins.	Joan has more coins than Andrew.
contradiction	Anthony has 2 coins. Keith has 7 coins.	Anthony has more coins than Keith.
contradiction	Karen has 3 coins. Eleanor has 10 coins.	Karen has more coins than Eleanor.
contradiction	Jimmy has 6 coins. Robert has 7 coins.	Jimmy has more coins than Robert.
contradiction	Christopher has 1 coins. Heather has 4 coins.	Christopher has more coins than Heather.
contradiction	Stephen has 1 coins. Gary has 3 coins.	Stephen has more coins than Gary.
contradiction	Kevin has 5 coins. Ian has 9 coins.	Kevin has more coins than Ian.
contradiction	Gary has 5 coins. Tom has 7 coins.	Gary has more coins than Tom.
contradiction	Dorothy has 4 coins. Lynn has 8 coins.	Dorothy has more coins than Lynn.
contradiction	Mark has 1 coins. Kevin has 4 coins.	Mark has more coins than Kevin.
contradiction	Samuel has 2 coins. Kate has 3 coins.	Samuel has more coins than Kate.
contradiction	Patrick has 2 coins. Suzanne has 7 coins.	Patrick has more coins than Suzanne.
contradiction	Philip has 2 coins. Johnny has 3 coins.	Philip has more coins than Johnny.
contradiction	Simon has 1 coins. Marie has 3 coins.	Simon has more coins than Marie.
contradiction	David has 1 coins. Christine has 2 coins.	David has more coins than Christine.
contradiction	Bob has 4 coins. Heather has 5 coins.	Bob has more coins than Heather.
contradiction	Marilyn has 3 coins. Barbara has 5 coins.	Marilyn has more coins than Barbara.
contradiction	Kim has 5 coins. Ruth has 6 coins.	Kim has more coins than Ruth.
contradiction	Ken has 2 coins. Amy has 3 coins.	Ken has more coins than Amy.
contradiction	Ashley has 1 coins. Stephen has 7 coins.	Ashley has more coins than Stephen.
contradiction	Elizabeth has 1 coins. Jay has 7 coins.	Elizabeth has more coins than Jay.
contradiction	Sam has 1 coins. Jeff has 2 coins.	Sam has more coins than Jeff.
contradiction	Stephanie has 7 coins. Jane has 8 coins.	Stephanie has more coins than Jane.
contradiction	Pamela has 2 coins. Caroline has 9 coins.	Pamela has more coins than Caroline.
contradiction	Deborah has 4 coins. Billy has 9 coins.	Deborah has more coins than Billy.
contradiction	Amy has 1 coins. Edward has 5 coins.	Amy has more coins than Edward.
contradiction	Michelle has 2 coins. Eric has 5 coins.	Michelle has more coins than Eric.
contradiction	Michelle has 6 coins. Margaret has 9 coins.	Michelle has more coins than Margaret.
contradiction	Jimmy has 4 coins. Ian has 5 coins.	Jimmy has more coins than Ian.
contradiction	Larry has 4 coins. Lauren has 6 coins.	Larry has more coins than Lauren.
contradiction	Claire has 5 coins. Carol has 9 coins.	Claire has more coins than Carol.
contradiction	Tim has 5 coins. Pamela has 6 coins.	Tim has more coins than Pamela.
contradiction	Joan has 1 coins. Kathy has 2 coins.	Joan has more coins than Kathy.
contradiction	Sandra has 2 coins. Jean has 3 coins.	Sandra has more coins than Jean.
contradiction	Rebecca has 5 coins. Mike has 10 coins.	Rebecca has more coins than Mike.
contradiction	Frances has 2 coins. Christopher has 3 coins.	Frances has more coins than Christopher.
contradiction	Ken has 1 coins. Fiona has 4 coins.	Ken has more coins than Fiona.
contradiction	Victoria has 2 coins. Donald has 3 coins.	Victoria has more coins than Donald.
contradiction	Stephanie has 7 coins. Dan has 8 coins.	Stephanie has more coins than Dan.
contradiction	Charlie has 4 coins. Louis has 5 coins.	Charlie has more coins than Louis.
contradiction	Jennifer has 3 coins. Matthew has 6 coins.	Jennifer has more coins than Matthew.
contradiction	Pamela has 2 coins. Linda has 3 coins.	Pamela has more coins than Linda.
contradiction	Nick has 6 coins. Ashley has 7 coins.	Nick has more coins than Ashley.
contradiction	Ryan has 4 coins. Laura has 5 coins.	Ryan has more coins than Laura.
contradiction	Alfred has 1 coins. Steven has 2 coins.	Alfred has more coins than Steven.
contradiction	Nick has 3 coins. Jason has 7 coins.	Nick has more coins than Jason.
contradiction	Julie has 4 coins. Philip has 7 coins.	Julie has more coins than Philip.
contradiction	Jean has 1 coins. Peter has 8 coins.	Jean has more coins than Peter.
contradiction	Pamela has 2 coins. Daniel has 5 coins.	Pamela has more coins than Daniel.
contradiction	Marie has 1 coins. Don has 3 coins.	Marie has more coins than Don.
contradiction	Harry has 1 coins. Stephen has 5 coins.	Harry has more coins than Stephen.
contradiction	Donna has 2 coins. Edith has 4 coins.	Donna has more coins than Edith.
contradiction	Mary has 1 coins. Stephanie has 4 coins.	Mary has more coins than Stephanie.
contradiction	Albert has 7 coins. Don has 8 coins.	Albert has more coins than Don.
contradiction	Dick has 5 coins. Lawrence has 6 coins.	Dick has more coins than Lawrence.
contradiction	Jean has 2 coins. Suzanne has 4 coins.	Jean has more coins than Suzanne.
contradiction	Kelly has 4 coins. Grace has 7 coins.	Kelly has more coins than Grace.
contradiction	Carol has 1 coins. Virginia has 2 coins.	Carol has more coins than Virginia.
contradiction	Sarah has 1 coins. Stephanie has 10 coins.	Sarah has more coins than Stephanie.
contradiction	Martin has 2 coins. Anthony has 6 coins.	Martin has more coins than Anthony.
contradiction	James has 1 coins. Richard has 2 coins.	James has more coins than Richard.
contradiction	Kim has 1 coins. Julie has 9 coins.	Kim has more coins than Julie.
contradiction	Alfred has 1 coins. Jill has 3 coins.	Alfred has more coins than Jill.
contradiction	Walter has 3 coins. Charlotte has 7 coins.	Walter has more coins than Charlotte.
contradiction	Fred has 3 coins. Andrew has 8 coins.	Fred has more coins than Andrew.
contradiction	Edward has 1 coins. Kelly has 9 coins.	Edward has more coins than Kelly.
contradiction	Paul has 3 coins. Ralph has 5 coins.	Paul has more coins than Ralph.
contradiction	Ralph has 1 coins. Bobby has 2 coins.	Ralph has more coins than Bobby.
contradiction	Alice has 5 coins. Margaret has 6 coins.	Alice has more coins than Margaret.
contradiction	Rebecca has 4 coins. Deborah has 10 coins.	Rebecca has more coins than Deborah.
contradiction	Steve has 1 coins. Matthew has 4 coins.	Steve has more coins than Matthew.
contradiction	Eric has 5 coins. Evelyn has 6 coins.	Eric has more coins than Evelyn.
contradiction	Betty has 1 coins. Susan has 3 coins.	Betty has more coins than Susan.
contradiction	Leslie has 1 coins. Gary has 6 coins.	Leslie has more coins than Gary.
contradiction	Karen has 1 coins. Susan has 9 coins.	Karen has more coins than Susan.
contradiction	Caroline has 7 coins. Emily has 9 coins.	Caroline has more coins than Emily.
contradiction	Kenneth has 1 coins. Fred has 7 coins.	Kenneth has more coins than Fred.
contradiction	Joe has 5 coins. Alexander has 9 coins.	Joe has more coins than Alexander.
contradiction	Edith has 1 coins. Judith has 2 coins.	Edith has more coins than Judith.
contradiction	Greg has 1 coins. David has 3 coins.	Greg has more coins than David.
contradiction	Daniel has 3 coins. Barbara has 6 coins.	Daniel has more coins than Barbara.
contradiction	Sharon has 3 coins. Elaine has 6 coins.	Sharon has more coins than Elaine.
contradiction	Leslie has 3 coins. Jonathan has 9 coins.	Leslie has more coins than Jonathan.
contradiction	Johnny has 1 coins. Michael has 5 coins.	Johnny has more coins than Michael.
contradiction	George has 4 coins. Florence has 7 coins.	George has more coins than Florence.
contradiction	Martin has 4 coins. Jane has 9 coins.	Martin has more coins than Jane.
contradiction	Jessica has 3 coins. Kenneth has 8 coins.	Jessica has more coins than Kenneth.
contradiction	Anna has 3 coins. Janet has 6 coins.	Anna has more coins than Janet.
contradiction	Anne has 1 coins. Robin has 2 coins.	Anne has more coins than Robin.
contradiction	Joan has 8 coins. Victoria has 10 coins.	Joan has more coins than Victoria.
contradiction	Henry has 3 coins. Melissa has 7 coins.	Henry has more coins than Melissa.
contradiction	Kevin has 6 coins. Thomas has 9 coins.	Kevin has more coins than Thomas.
contradiction	Don has 1 coins. Marilyn has 2 coins.	Don has more coins than Marilyn.
contradiction	Katie has 1 coins. Joseph has 3 coins.	Katie has more coins than Joseph.
contradiction	Chris has 1 coins. Karen has 2 coins.	Chris has more coins than Karen.
contradiction	Andrew has 1 coins. Anthony has 4 coins.	Andrew has more coins than Anthony.
contradiction	Matthew has 1 coins. Scott has 2 coins.	Matthew has more coins than Scott.
contradiction	Sophie has 6 coins. Hugh has 8 coins.	Sophie has more coins than Hugh.
contradiction	Ed has 9 coins. Robert has 10 coins.	Ed has more coins than Robert.
contradiction	Anne has 2 coins. Greg has 3 coins.	Anne has more coins than Greg.
contradiction	Donna has 1 coins. Rose has 7 coins.	Donna has more coins than Rose.
contradiction	Grace has 4 coins. Edith has 7 coins.	Grace has more coins than Edith.
contradiction	Frederick has 7 coins. Patricia has 10 coins.	Frederick has more coins than Patricia.
contradiction	Martha has 1 coins. Laura has 8 coins.	Martha has more coins than Laura.
contradiction	Frederick has 7 coins. Peter has 8 coins.	Frederick has more coins than Peter.
contradiction	Scott has 1 coins. Rachel has 2 coins.	Scott has more coins than Rachel.
contradiction	Grace has 4 coins. Louise has 10 coins.	Grace has more coins than Louise.
contradiction	Sarah has 3 coins. Sam has 4 coins.	Sarah has more coins than Sam.
contradiction	Don has 7 coins. Ralph has 9 coins.	Don has more coins than Ralph.
contradiction	Kathleen has 9 coins. Lisa has 10 coins.	Kathleen has more coins than Lisa.
contradiction	Tim has 1 coins. Janet has 2 coins.	Tim has more coins than Janet.
contradiction	Joe has 1 coins. Bob has 2 coins.	Joe has more coins than Bob.
contradiction	Dorothy has 8 coins. Jack has 10 coins.	Dorothy has more coins than Jack.
contradiction	Adam has 2 coins. Jimmy has 3 coins.	Adam has more coins than Jimmy.
contradiction	Billy has 1 coins. Lisa has 5 coins.	Billy has more coins than Lisa.
contradiction	Joseph has 3 coins. Amy has 6 coins.	Joseph has more coins than Amy.
contradiction	Ben has 1 coins. Carol has 2 coins.	Ben has more coins than Carol.
contradiction	Joe has 4 coins. Matt has 6 coins.	Joe has more coins than Matt.
contradiction	Charlie has 1 coins. Colin has 2 coins.	Charlie has more coins than Colin.
contradiction	Ben has 6 coins. Steven has 7 coins.	Ben has more coins than Steven.
contradiction	Deborah has 9 coins. Matt has 10 coins.	Deborah has more coins than Matt.
contradiction	Matt has 7 coins. Rachel has 10 coins.	Matt has more coins than Rachel.
contradiction	Jonathan has 3 coins. Alexander has 10 coins.	Jonathan has more coins than Alexander.
contradiction	Arthur has 3 coins. Bruce has 4 coins.	Arthur has more coins than Bruce.
contradiction	Lisa has 2 coins. Kathy has 3 coins.	Lisa has more coins than Kathy.
contradiction	Scott has 1 coins. Jay has 3 coins.	Scott has more coins than Jay.
contradiction	John has 1 coins. Roger has 2 coins.	John has more coins than Roger.
contradiction	Lauren has 1 coins. Elizabeth has 3 coins.	Lauren has more coins than Elizabeth.
contradiction	Patricia has 6 coins. Robin has 7 coins.	Patricia has more coins than Robin.
contradiction	Kathryn has 1 coins. Scott has 5 coins.	Kathryn has more coins than Scott.
contradiction	Steven has 2 coins. Carl has 5 coins.	Steven has more coins than Carl.
contradiction	Philip has 1 coins. Christopher has 7 coins.	Philip has more coins than Christopher.
contradiction	Steve has 1 coins. Harry has 5 coins.	Steve has more coins than Harry.
contradiction	Lynn has 2 coins. Jerry has 3 coins.	Lynn has more coins than Jerry.
contradiction	Marilyn has 1 coins. Joe has 2 coins.	Marilyn has more coins than Joe.
contradiction	Benjamin has 2 coins. Sophie has 3 coins.	Benjamin has more coins than Sophie.
contradiction	Billy has 2 coins. Katie has 4 coins.	Billy has more coins than Katie.
contradiction	Jimmy has 1 coins. Sophie has 10 coins.	Jimmy has more coins than Sophie.
contradiction	Bob has 3 coins. Gary has 5 coins.	Bob has more coins than Gary.
contradiction	Sophie has 5 coins. Kelly has 9 coins.	Sophie has more coins than Kelly.
contradiction	Carolyn has 1 coins. Tim has 2 coins.	Carolyn has more coins than Tim.
contradiction	Jane has 1 coins. Dick has 5 coins.	Jane has more coins than Dick.
contradiction	Suzanne has 1 coins. Ruth has 10 coins.	Suzanne has more coins than Ruth.
contradiction	Henry has 4 coins. Matt has 9 coins.	Henry has more coins than Matt.
contradiction	Albert has 2 coins. Florence has 3 coins.	Albert has more coins than Florence.
contradiction	Ruth has 5 coins. Harriet has 7 coins.	Ruth has more coins than Harriet.
contradiction	Kathryn has 5 coins. Bobby has 9 coins.	Kathryn has more coins than Bobby.
contradiction	Kathryn has 7 coins. Stephen has 8 coins.	Kathryn has more coins than Stephen.
contradiction	Evelyn has 1 coins. Sandra has 2 coins.	Evelyn has more coins than Sandra.
contradiction	Sally has 6 coins. Jean has 7 coins.	Sally has more coins than Jean.
contradiction	Angela has 2 coins. Kelly has 5 coins.	Angela has more coins than Kelly.
contradiction	Joe has 3 coins. Claire has 8 coins.	Joe has more coins than Claire.
contradiction	Ken has 1 coins. Betty has 3 coins.	Ken has more coins than Betty.
contradiction	Joe has 6 coins. Emily has 9 coins.	Joe has more coins than Emily.
contradiction	Jeff has 4 coins. Annie has 6 coins.	Jeff has more coins than Annie.
contradiction	Michael has 5 coins. Anthony has 6 coins.	Michael has more coins than Anthony.
contradiction	Kim has 2 coins. Cynthia has 3 coins.	Kim has more coins than Cynthia.
contradiction	Julia has 1 coins. Elaine has 2 coins.	Julia has more coins than Elaine.
contradiction	Paul has 4 coins. Ray has 6 coins.	Paul has more coins than Ray.
contradiction	Amy has 1 coins. Annie has 10 coins.	Amy has more coins than Annie.
contradiction	Rachel has 3 coins. Florence has 5 coins.	Rachel has more coins than Florence.
contradiction	Jill has 1 coins. Caroline has 3 coins.	Jill has more coins than Caroline.
contradiction	Alexandra has 4 coins. Colin has 6 coins.	Alexandra has more coins than Colin.
contradiction	Rose has 6 coins. Dick has 7 coins.	Rose has more coins than Dick.
contradiction	Tim has 1 coins. Nicole has 7 coins.	Tim has more coins than Nicole.
contradiction	Lauren has 5 coins. Patrick has 7 coins.	Lauren has more coins than Patrick.
contradiction	Judith has 1 coins. Kate has 2 coins.	Judith has more coins than Kate.
contradiction	Jerry has 2 coins. Steve has 3 coins.	Jerry has more coins than Steve.
contradiction	Louise has 3 coins. Don has 5 coins.	Louise has more coins than Don.
contradiction	Maria has 1 coins. Samuel has 2 coins.	Maria has more coins than Samuel.
contradiction	Mike has 3 coins. Betty has 5 coins.	Mike has more coins than Betty.
contradiction	Ralph has 5 coins. Jay has 8 coins.	Ralph has more coins than Jay.
contradiction	Harry has 3 coins. Sarah has 5 coins.	Harry has more coins than Sarah.
contradiction	Rose has 1 coins. Nicole has 5 coins.	Rose has more coins than Nicole.
contradiction	Stephen has 2 coins. Chris has 3 coins.	Stephen has more coins than Chris.
contradiction	Tom has 5 coins. Al has 10 coins.	Tom has more coins than Al.
contradiction	Edwin has 6 coins. Nick has 8 coins.	Edwin has more coins than Nick.
contradiction	Jay has 6 coins. Jason has 8 coins.	Jay has more coins than Jason.
contradiction	Kim has 3 coins. Angela has 10 coins.	Kim has more coins than Angela.
contradiction	Howard has 2 coins. Alan has 5 coins.	Howard has more coins than Alan.
contradiction	Lauren has 2 coins. Kelly has 4 coins.	Lauren has more coins than Kelly.
contradiction	Ian has 1 coins. Elaine has 3 coins.	Ian has more coins than Elaine.
contradiction	Elizabeth has 1 coins. Ben has 5 coins.	Elizabeth has more coins than Ben.
contradiction	Deborah has 2 coins. Louise has 6 coins.	Deborah has more coins than Louise.
contradiction	Jeff has 2 coins. Sam has 7 coins.	Jeff has more coins than Sam.
contradiction	Francis has 3 coins. Carol has 6 coins.	Francis has more coins than Carol.
contradiction	Ian has 1 coins. Dan has 3 coins.	Ian has more coins than Dan.
contradiction	Philip has 3 coins. George has 4 coins.	Philip has more coins than George.
contradiction	Francis has 1 coins. Ann has 4 coins.	Francis has more coins than Ann.
contradiction	Florence has 5 coins. Jean has 9 coins.	Florence has more coins than Jean.
contradiction	Alison has 1 coins. Edward has 4 coins.	Alison has more coins than Edward.
contradiction	Lisa has 3 coins. Fiona has 6 coins.	Lisa has more coins than Fiona.
contradiction	Louise has 4 coins. Martin has 8 coins.	Louise has more coins than Martin.
contradiction	Alan has 4 coins. Amy has 9 coins.	Alan has more coins than Amy.
contradiction	Walter has 5 coins. Sue has 7 coins.	Walter has more coins than Sue.
contradiction	Roy has 2 coins. Al has 3 coins.	Roy has more coins than Al.
contradiction	Emily has 5 coins. Susan has 6 coins.	Emily has more coins than Susan.
contradiction	Frederick has 5 coins. Scott has 10 coins.	Frederick has more coins than Scott.
contradiction	Maria has 6 coins. Edith has 9 coins.	Maria has more coins than Edith.
contradiction	Rachel has 2 coins. Ben has 8 coins.	Rachel has more coins than Ben.
contradiction	Tony has 5 coins. Sharon has 6 coins.	Tony has more coins than Sharon.
contradiction	Janet has 8 coins. Jennifer has 9 coins.	Janet has more coins than Jennifer.
contradiction	Sharon has 1 coins. Kelly has 2 coins.	Sharon has more coins than Kelly.
contradiction	Catherine has 1 coins. Barbara has 2 coins.	Catherine has more coins than Barbara.
contradiction	Charlotte has 1 coins. Dan has 3 coins.	Charlotte has more coins than Dan.
contradiction	Nicole has 7 coins. Arthur has 10 coins.	Nicole has more coins than Arthur.
contradiction	Charles has 1 coins. Bobby has 2 coins.	Charles has more coins than Bobby.
contradiction	Sarah has 3 coins. Dick has 4 coins.	Sarah has more coins than Dick.
contradiction	Scott has 4 coins. Charlie has 9 coins.	Scott has more coins than Charlie.
contradiction	Jennifer has 4 coins. Betty has 5 coins.	Jennifer has more coins than Betty.
contradiction	Helen has 1 coins. David has 6 coins.	Helen has more coins than David.
contradiction	Roger has 2 coins. Albert has 3 coins.	Roger has more coins than Albert.
contradiction	Jimmy has 1 coins. Linda has 2 coins.	Jimmy has more coins than Linda.
contradiction	Benjamin has 3 coins. Lauren has 8 coins.	Benjamin has more coins than Lauren.
contradiction	Sharon has 4 coins. Charlie has 10 coins.	Sharon has more coins than Charlie.
contradiction	Betty has 2 coins. Harold has 3 coins.	Betty has more coins than Harold.
contradiction	Catherine has 2 coins. Linda has 3 coins.	Catherine has more coins than Linda.
contradiction	Michelle has 6 coins. Edward has 10 coins.	Michelle has more coins than Edward.
contradiction	Ken has 4 coins. Jason has 5 coins.	Ken has more coins than Jason.
contradiction	Ben has 1 coins. Robert has 3 coins.	Ben has more coins than Robert.
contradiction	Diana has 1 coins. Harry has 2 coins.	Diana has more coins than Harry.
contradiction	Pamela has 1 coins. Alan has 8 coins.	Pamela has more coins than Alan.
contradiction	Tom has 5 coins. Kevin has 6 coins.	Tom has more coins than Kevin.
contradiction	Anna has 1 coins. Eric has 2 coins.	Anna has more coins than Eric.
contradiction	Sam has 3 coins. Linda has 10 coins.	Sam has more coins than Linda.
contradiction	Eleanor has 3 coins. Roger has 10 coins.	Eleanor has more coins than Roger.
contradiction	Ken has 1 coins. Amy has 2 coins.	Ken has more coins than Amy.
contradiction	Katherine has 4 coins. Ralph has 8 coins.	Katherine has more coins than Ralph.
contradiction	Judith has 2 coins. Nicole has 7 coins.	Judith has more coins than Nicole.
contradiction	Ian has 6 coins. Jim has 8 coins.	Ian has more coins than Jim.
contradiction	Julia has 4 coins. Gary has 10 coins.	Julia has more coins than Gary.
contradiction	Al has 2 coins. Sharon has 3 coins.	Al has more coins than Sharon.
contradiction	Albert has 2 coins. Catherine has 4 coins.	Albert has more coins than Catherine.
contradiction	Heather has 1 coins. Jim has 3 coins.	Heather has more coins than Jim.
contradiction	Karen has 1 coins. Lynn has 2 coins.	Karen has more coins than Lynn.
contradiction	Ian has 2 coins. Jill has 10 coins.	Ian has more coins than Jill.
contradiction	Judy has 3 coins. Robin has 5 coins.	Judy has more coins than Robin.
contradiction	Howard has 1 coins. Lynn has 4 coins.	Howard has more coins than Lynn.
contradiction	Eric has 1 coins. Tom has 10 coins.	Eric has more coins than Tom.
contradiction	Greg has 6 coins. Frederick has 8 coins.	Greg has more coins than Frederick.
contradiction	Anthony has 6 coins. Tom has 7 coins.	Anthony has more coins than Tom.
contradiction	Ashley has 3 coins. Carolyn has 6 coins.	Ashley has more coins than Carolyn.
contradiction	Nick has 3 coins. Angela has 8 coins.	Nick has more coins than Angela.
contradiction	Paul has 2 coins. Kenneth has 4 coins.	Paul has more coins than Kenneth.
contradiction	Ashley has 1 coins. Colin has 4 coins.	Ashley has more coins than Colin.
contradiction	Edwin has 2 coins. Ellen has 4 coins.	Edwin has more coins than Ellen.
contradiction	Jane has 7 coins. Jean has 9 coins.	Jane has more coins than Jean.
contradiction	Rachel has 4 coins. Katherine has 5 coins.	Rachel has more coins than Katherine.
contradiction	Grace has 2 coins. Nick has 5 coins.	Grace has more coins than Nick.
contradiction	Lawrence has 1 coins. Greg has 9 coins.	Lawrence has more coins than Greg.
contradiction	Sandra has 5 coins. Kathy has 6 coins.	Sandra has more coins than Kathy.
contradiction	Louise has 3 coins. Michelle has 6 coins.	Louise has more coins than Michelle.
contradiction	Larry has 5 coins. Jonathan has 10 coins.	Larry has more coins than Jonathan.
contradiction	Harry has 1 coins. Martha has 4 coins.	Harry has more coins than Martha.
contradiction	Melissa has 3 coins. Victoria has 4 coins.	Melissa has more coins than Victoria.
contradiction	Judith has 1 coins. Edward has 5 coins.	Judith has more coins than Edward.
contradiction	Bob has 2 coins. Andrea has 9 coins.	Bob has more coins than Andrea.
contradiction	Bruce has 2 coins. Alex has 3 coins.	Bruce has more coins than Alex.
contradiction	Charlotte has 3 coins. Charlie has 9 coins.	Charlotte has more coins than Charlie.
contradiction	Frederick has 2 coins. Caroline has 10 coins.	Frederick has more coins than Caroline.
contradiction	Wendy has 4 coins. Anthony has 5 coins.	Wendy has more coins than Anthony.
contradiction	George has 1 coins. Alan has 2 coins.	George has more coins than Alan.
contradiction	Linda has 1 coins. Lynn has 2 coins.	Linda has more coins than Lynn.
contradiction	Jack has 5 coins. Laura has 7 coins.	Jack has more coins than Laura.
contradiction	Fiona has 4 coins. Joe has 8 coins.	Fiona has more coins than Joe.
contradiction	Eric has 2 coins. Steve has 3 coins.	Eric has more coins than Steve.
contradiction	Colin has 1 coins. Jessica has 3 coins.	Colin has more coins than Jessica.
contradiction	Lynn has 1 coins. Fiona has 3 coins.	Lynn has more coins than Fiona.
contradiction	Jay has 1 coins. Julie has 2 coins.	Jay has more coins than Julie.
contradiction	Bob has 1 coins. Steve has 3 coins.	Bob has more coins than Steve.
contradiction	Charlie has 1 coins. Joseph has 10 coins.	Charlie has more coins than Joseph.
contradiction	Michelle has 1 coins. Carol has 9 coins.	Michelle has more coins than Carol.
contradiction	Pamela has 1 coins. Susan has 2 coins.	Pamela has more coins than Susan.
contradiction	Jill has 1 coins. Bobby has 3 coins.	Jill has more coins than Bobby.
contradiction	Kevin has 2 coins. Benjamin has 6 coins.	Kevin has more coins than Benjamin.
contradiction	Alex has 2 coins. Dave has 3 coins.	Alex has more coins than Dave.
contradiction	Andrew has 5 coins. Victoria has 7 coins.	Andrew has more coins than Victoria.
contradiction	Patrick has 1 coins. Cynthia has 8 coins.	Patrick has more coins than Cynthia.
contradiction	Alex has 5 coins. Catherine has 7 coins.	Alex has more coins than Catherine.
contradiction	Nancy has 6 coins. Samuel has 9 coins.	Nancy has more coins than Samuel.
contradiction	Sandra has 1 coins. Fred has 9 coins.	Sandra has more coins than Fred.
contradiction	Samuel has 7 coins. Brian has 8 coins.	Samuel has more coins than Brian.
contradiction	Heather has 1 coins. Alexandra has 3 coins.	Heather has more coins than Alexandra.
contradiction	Claire has 2 coins. Elizabeth has 3 coins.	Claire has more coins than Elizabeth.
contradiction	Bob has 1 coins. Simon has 3 coins.	Bob has more coins than Simon.
contradiction	Charles has 2 coins. Carol has 7 coins.	Charles has more coins than Carol.
contradiction	Simon has 3 coins. Katie has 4 coins.	Simon has more coins than Katie.
contradiction	Grace has 3 coins. Marie has 4 coins.	Grace has more coins than Marie.
contradiction	Lauren has 5 coins. John has 7 coins.	Lauren has more coins than John.
contradiction	Harold has 3 coins. Ellen has 10 coins.	Harold has more coins than Ellen.
contradiction	Michael has 4 coins. Sally has 8 coins.	Michael has more coins than Sally.
contradiction	Donald has 1 coins. Thomas has 3 coins.	Donald has more coins than Thomas.
contradiction	Bobby has 2 coins. Ralph has 8 coins.	Bobby has more coins than Ralph.
contradiction	Larry has 1 coins. Grace has 7 coins.	Larry has more coins than Grace.
contradiction	Angela has 2 coins. Donna has 3 coins.	Angela has more coins than Donna.
contradiction	Ryan has 1 coins. Leslie has 2 coins.	Ryan has more coins than Leslie.
contradiction	Roger has 5 coins. Sam has 9 coins.	Roger has more coins than Sam.
contradiction	James has 3 coins. Kathleen has 4 coins.	James has more coins than Kathleen.
contradiction	Joseph has 1 coins. Bobby has 6 coins.	Joseph has more coins than Bobby.
contradiction	James has 2 coins. Steve has 5 coins.	James has more coins than Steve.
contradiction	Diana has 5 coins. Mike has 6 coins.	Diana has more coins than Mike.
contradiction	Katherine has 4 coins. Don has 7 coins.	Katherine has more coins than Don.
contradiction	Carolyn has 4 coins. Mike has 7 coins.	Carolyn has more coins than Mike.
contradiction	Annie has 3 coins. Edith has 6 coins.	Annie has more coins than Edith.
contradiction	Kelly has 2 coins. Alexandra has 3 coins.	Kelly has more coins than Alexandra.
contradiction	Kate has 2 coins. David has 9 coins.	Kate has more coins than David.
contradiction	Louise has 1 coins. Martha has 2 coins.	Louise has more coins than Martha.
contradiction	Ken has 8 coins. Caroline has 10 coins.	Ken has more coins than Caroline.
contradiction	Joseph has 3 coins. Rose has 5 coins.	Joseph has more coins than Rose.
contradiction	Kathy has 1 coins. Harry has 4 coins.	Kathy has more coins than Harry.
contradiction	Kate has 3 coins. Alice has 4 coins.	Kate has more coins than Alice.
contradiction	Richard has 5 coins. Joseph has 8 coins.	Richard has more coins than Joseph.
contradiction	Judy has 6 coins. Alice has 9 coins.	Judy has more coins than Alice.
contradiction	Jane has 1 coins. Anthony has 2 coins.	Jane has more coins than Anthony.
contradiction	Janet has 1 coins. Patrick has 4 coins.	Janet has more coins than Patrick.
contradiction	Frank has 4 coins. Jeff has 6 coins.	Frank has more coins than Jeff.
contradiction	Eleanor has 3 coins. Kim has 4 coins.	Eleanor has more coins than Kim.
contradiction	Grace has 3 coins. Walter has 4 coins.	Grace has more coins than Walter.
contradiction	Michael has 2 coins. Rebecca has 5 coins.	Michael has more coins than Rebecca.
contradiction	Amanda has 4 coins. Sam has 7 coins.	Amanda has more coins than Sam.
contradiction	Samuel has 3 coins. Kevin has 6 coins.	Samuel has more coins than Kevin.
contradiction	Julia has 7 coins. Linda has 8 coins.	Julia has more coins than Linda.
contradiction	Kate has 2 coins. Kathryn has 3 coins.	Kate has more coins than Kathryn.
contradiction	Jill has 4 coins. Louis has 7 coins.	Jill has more coins than Louis.
contradiction	Martha has 1 coins. Cynthia has 2 coins.	Martha has more coins than Cynthia.
contradiction	Patricia has 5 coins. Janet has 7 coins.	Patricia has more coins than Janet.
contradiction	Joseph has 2 coins. Katherine has 5 coins.	Joseph has more coins than Katherine.
contradiction	Donna has 2 coins. Al has 7 coins.	Donna has more coins than Al.
contradiction	Angela has 1 coins. Tom has 3 coins.	Angela has more coins than Tom.
contradiction	Fred has 1 coins. Edward has 7 coins.	Fred has more coins than Edward.
contradiction	Mary has 2 coins. Helen has 4 coins.	Mary has more coins than Helen.
contradiction	James has 3 coins. Rachel has 10 coins.	James has more coins than Rachel.
contradiction	Patrick has 1 coins. Henry has 2 coins.	Patrick has more coins than Henry.
contradiction	Maria has 1 coins. Amanda has 2 coins.	Maria has more coins than Amanda.
contradiction	John has 2 coins. Alexandra has 4 coins.	John has more coins than Alexandra.
contradiction	Alexandra has 5 coins. Andrea has 6 coins.	Alexandra has more coins than Andrea.
contradiction	Scott has 5 coins. Diane has 7 coins.	Scott has more coins than Diane.
contradiction	Leslie has 1 coins. Jim has 2 coins.	Leslie has more coins than Jim.
contradiction	Kim has 4 coins. Robin has 6 coins.	Kim has more coins than Robin.
contradiction	Colin has 4 coins. Evelyn has 5 coins.	Colin has more coins than Evelyn.
contradiction	Martin has 3 coins. Laura has 8 coins.	Martin has more coins than Laura.
contradiction	Louise has 1 coins. Keith has 2 coins.	Louise has more coins than Keith.
contradiction	Sophie has 1 coins. Marilyn has 2 coins.	Sophie has more coins than Marilyn.
contradiction	Bruce has 1 coins. Matt has 2 coins.	Bruce has more coins than Matt.
contradiction	Kathleen has 2 coins. Angela has 6 coins.	Kathleen has more coins than Angela.
contradiction	Edward has 1 coins. Edwin has 9 coins.	Edward has more coins than Edwin.
contradiction	Ruth has 1 coins. Katherine has 6 coins.	Ruth has more coins than Katherine.
contradiction	Kenneth has 1 coins. Grace has 2 coins.	Kenneth has more coins than Grace.
contradiction	Louise has 3 coins. Steven has 5 coins.	Louise has more coins than Steven.
contradiction	Dan has 4 coins. Andrew has 7 coins.	Dan has more coins than Andrew.
contradiction	Jonathan has 1 coins. Greg has 2 coins.	Jonathan has more coins than Greg.
contradiction	Charlie has 4 coins. Keith has 7 coins.	Charlie has more coins than Keith.
contradiction	Grace has 1 coins. Henry has 8 coins.	Grace has more coins than Henry.
contradiction	Janet has 4 coins. Charlie has 7 coins.	Janet has more coins than Charlie.
contradiction	Nick has 7 coins. Marilyn has 10 coins.	Nick has more coins than Marilyn.
contradiction	Benjamin has 4 coins. Richard has 6 coins.	Benjamin has more coins than Richard.
contradiction	Linda has 5 coins. Sue has 6 coins.	Linda has more coins than Sue.
contradiction	Emma has 2 coins. Lisa has 3 coins.	Emma has more coins than Lisa.
contradiction	Stephen has 1 coins. Bob has 2 coins.	Stephen has more coins than Bob.
contradiction	Martin has 5 coins. Elaine has 9 coins.	Martin has more coins than Elaine.
contradiction	Jill has 1 coins. Sam has 2 coins.	Jill has more coins than Sam.
contradiction	Michelle has 3 coins. Donald has 5 coins.	Michelle has more coins than Donald.
contradiction	Larry has 4 coins. Alice has 6 coins.	Larry has more coins than Alice.
contradiction	Frank has 3 coins. Diane has 6 coins.	Frank has more coins than Diane.
contradiction	Marilyn has 1 coins. Bob has 8 coins.	Marilyn has more coins than Bob.
contradiction	Fred has 8 coins. Patricia has 10 coins.	Fred has more coins than Patricia.
contradiction	Albert has 3 coins. Walter has 8 coins.	Albert has more coins than Walter.
contradiction	Roger has 1 coins. Sam has 3 coins.	Roger has more coins than Sam.
contradiction	Paul has 2 coins. Kenneth has 9 coins.	Paul has more coins than Kenneth.
contradiction	Alex has 1 coins. Carl has 4 coins.	Alex has more coins than Carl.
contradiction	Brian has 3 coins. Ray has 5 coins.	Brian has more coins than Ray.
contradiction	Jennifer has 1 coins. Joe has 2 coins.	Jennifer has more coins than Joe.
contradiction	Peter has 1 coins. Charlie has 4 coins.	Peter has more coins than Charlie.
contradiction	Ian has 3 coins. Jason has 10 coins.	Ian has more coins than Jason.
contradiction	Charlotte has 3 coins. Robin has 6 coins.	Charlotte has more coins than Robin.
contradiction	Jane has 4 coins. Kim has 7 coins.	Jane has more coins than Kim.
contradiction	Jason has 3 coins. Grace has 4 coins.	Jason has more coins than Grace.
contradiction	Joan has 3 coins. Nicole has 4 coins.	Joan has more coins than Nicole.
contradiction	Anne has 1 coins. Frances has 5 coins.	Anne has more coins than Frances.
contradiction	Paul has 3 coins. Diane has 5 coins.	Paul has more coins than Diane.
contradiction	Mike has 1 coins. Susan has 2 coins.	Mike has more coins than Susan.
contradiction	Nicole has 1 coins. Dick has 5 coins.	Nicole has more coins than Dick.
contradiction	Mary has 1 coins. Bill has 2 coins.	Mary has more coins than Bill.
contradiction	Michael has 4 coins. Michelle has 8 coins.	Michael has more coins than Michelle.
contradiction	Sally has 5 coins. Dan has 7 coins.	Sally has more coins than Dan.
contradiction	Sarah has 1 coins. Charlie has 3 coins.	Sarah has more coins than Charlie.
contradiction	Anthony has 1 coins. Martin has 2 coins.	Anthony has more coins than Martin.
contradiction	Jimmy has 1 coins. Julia has 8 coins.	Jimmy has more coins than Julia.
contradiction	Catherine has 2 coins. Betty has 7 coins.	Catherine has more coins than Betty.
contradiction	Alison has 6 coins. Charlotte has 9 coins.	Alison has more coins than Charlotte.
contradiction	Frank has 2 coins. Patricia has 5 coins.	Frank has more coins than Patricia.
contradiction	Roy has 2 coins. Carolyn has 10 coins.	Roy has more coins than Carolyn.
contradiction	Martha has 2 coins. Thomas has 8 coins.	Martha has more coins than Thomas.
contradiction	Louise has 4 coins. Pamela has 8 coins.	Louise has more coins than Pamela.
contradiction	Alice has 6 coins. Edith has 8 coins.	Alice has more coins than Edith.
contradiction	Christine has 4 coins. Jack has 8 coins.	Christine has more coins than Jack.
contradiction	Alfred has 3 coins. Ruth has 7 coins.	Alfred has more coins than Ruth.
contradiction	Karen has 2 coins. Mike has 9 coins.	Karen has more coins than Mike.
contradiction	Edwin has 2 coins. Diana has 3 coins.	Edwin has more coins than Diana.
contradiction	Amanda has 1 coins. Jonathan has 2 coins.	Amanda has more coins than Jonathan.
contradiction	Deborah has 4 coins. Larry has 5 coins.	Deborah has more coins than Larry.
contradiction	Adam has 2 coins. Larry has 3 coins.	Adam has more coins than Larry.
contradiction	Bill has 3 coins. Samuel has 6 coins.	Bill has more coins than Samuel.
contradiction	Bob has 1 coins. James has 9 coins.	Bob has more coins than James.
contradiction	Marie has 1 coins. Leslie has 4 coins.	Marie has more coins than Leslie.
contradiction	Claire has 1 coins. Joe has 2 coins.	Claire has more coins than Joe.
contradiction	Evelyn has 6 coins. Benjamin has 9 coins.	Evelyn has more coins than Benjamin.
contradiction	Eleanor has 5 coins. Ron has 9 coins.	Eleanor has more coins than Ron.
contradiction	William has 6 coins. Ashley has 8 coins.	William has more coins than Ashley.
contradiction	Angela has 1 coins. Mary has 6 coins.	Angela has more coins than Mary.
contradiction	Rose has 3 coins. Donald has 6 coins.	Rose has more coins than Donald.
contradiction	Emma has 1 coins. Howard has 6 coins.	Emma has more coins than Howard.
contradiction	Bruce has 1 coins. Kathy has 2 coins.	Bruce has more coins than Kathy.
contradiction	Nancy has 5 coins. Lynn has 8 coins.	Nancy has more coins than Lynn.
contradiction	Ashley has 6 coins. Dick has 8 coins.	Ashley has more coins than Dick.
contradiction	Pamela has 1 coins. Susan has 2 coins.	Pamela has more coins than Susan.
contradiction	Caroline has 6 coins. Tom has 9 coins.	Caroline has more coins than Tom.
contradiction	Andrew has 3 coins. Tim has 6 coins.	Andrew has more coins than Tim.
contradiction	Ann has 7 coins. Dan has 10 coins.	Ann has more coins than Dan.
contradiction	Ann has 1 coins. Donald has 2 coins.	Ann has more coins than Donald.
contradiction	Margaret has 1 coins. James has 7 coins.	Margaret has more coins than James.
contradiction	Jane has 1 coins. Edith has 9 coins.	Jane has more coins than Edith.
contradiction	Robert has 4 coins. Harry has 7 coins.	Robert has more coins than Harry.
contradiction	Marie has 1 coins. Martin has 5 coins.	Marie has more coins than Martin.
contradiction	Fred has 2 coins. Gary has 6 coins.	Fred has more coins than Gary.
contradiction	Rachel has 1 coins. Jason has 4 coins.	Rachel has more coins than Jason.
contradiction	Donna has 1 coins. Steven has 4 coins.	Donna has more coins than Steven.
contradiction	Walter has 1 coins. Fred has 2 coins.	Walter has more coins than Fred.
contradiction	Katie has 6 coins. Peter has 8 coins.	Katie has more coins than Peter.
contradiction	Al has 2 coins. Patricia has 6 coins.	Al has more coins than Patricia.
contradiction	Chris has 1 coins. Elaine has 2 coins.	Chris has more coins than Elaine.
contradiction	Martha has 4 coins. Florence has 7 coins.	Martha has more coins than Florence.
contradiction	Paul has 1 coins. George has 2 coins.	Paul has more coins than George.
contradiction	Jason has 2 coins. Nicole has 5 coins.	Jason has more coins than Nicole.
contradiction	Eleanor has 3 coins. Mark has 6 coins.	Eleanor has more coins than Mark.
contradiction	Eleanor has 4 coins. Martha has 5 coins.	Eleanor has more coins than Martha.
contradiction	Frances has 3 coins. Simon has 4 coins.	Frances has more coins than Simon.
contradiction	Ed has 1 coins. Diana has 7 coins.	Ed has more coins than Diana.
contradiction	Tony has 1 coins. Peter has 2 coins.	Tony has more coins than Peter.
contradiction	Jill has 2 coins. Alex has 6 coins.	Jill has more coins than Alex.
contradiction	Charlie has 1 coins. Matthew has 3 coins.	Charlie has more coins than Matthew.
contradiction	Alice has 3 coins. Chris has 6 coins.	Alice has more coins than Chris.
contradiction	Lynn has 4 coins. Laura has 8 coins.	Lynn has more coins than Laura.
contradiction	Ralph has 1 coins. Anne has 2 coins.	Ralph has more coins than Anne.
contradiction	Ralph has 1 coins. Marilyn has 4 coins.	Ralph has more coins than Marilyn.
contradiction	Tom has 5 coins. Carol has 6 coins.	Tom has more coins than Carol.
contradiction	Ken has 1 coins. Joseph has 2 coins.	Ken has more coins than Joseph.
contradiction	Edward has 1 coins. Marie has 3 coins.	Edward has more coins than Marie.
contradiction	Judith has 4 coins. Ralph has 10 coins.	Judith has more coins than Ralph.
contradiction	Samuel has 2 coins. Barbara has 4 coins.	Samuel has more coins than Barbara.
contradiction	Albert has 6 coins. Joseph has 9 coins.	Albert has more coins than Joseph.
contradiction	Emily has 3 coins. Nancy has 4 coins.	Emily has more coins than Nancy.
contradiction	Jonathan has 3 coins. Karen has 7 coins.	Jonathan has more coins than Karen.
contradiction	Jay has 5 coins. Carol has 10 coins.	Jay has more coins than Carol.
contradiction	Lisa has 3 coins. Kenneth has 8 coins.	Lisa has more coins than Kenneth.
contradiction	Ann has 2 coins. Jonathan has 7 coins.	Ann has more coins than Jonathan.
contradiction	Dave has 2 coins. Kathleen has 3 coins.	Dave has more coins than Kathleen.
contradiction	Charles has 5 coins. Lucy has 7 coins.	Charles has more coins than Lucy.
contradiction	Emily has 4 coins. Fiona has 8 coins.	Emily has more coins than Fiona.
contradiction	Alex has 1 coins. Rachel has 5 coins.	Alex has more coins than Rachel.
contradiction	Jessica has 1 coins. Tim has 4 coins.	Jessica has more coins than Tim.
contradiction	Janet has 4 coins. Martin has 7 coins.	Janet has more coins than Martin.
contradiction	Sandra has 2 coins. Janet has 10 coins.	Sandra has more coins than Janet.
contradiction	Larry has 2 coins. Colin has 7 coins.	Larry has more coins than Colin.
contradiction	Carl has 2 coins. Grace has 3 coins.	Carl has more coins than Grace.
contradiction	Sam has 4 coins. Anthony has 7 coins.	Sam has more coins than Anthony.
contradiction	Ron has 4 coins. David has 5 coins.	Ron has more coins than David.
contradiction	Mark has 1 coins. Richard has 3 coins.	Mark has more coins than Richard.
contradiction	Patrick has 3 coins. Steven has 5 coins.	Patrick has more coins than Steven.
contradiction	Tom has 1 coins. Albert has 5 coins.	Tom has more coins than Albert.
contradiction	Evelyn has 5 coins. Dick has 6 coins.	Evelyn has more coins than Dick.
contradiction	Maria has 2 coins. Ben has 4 coins.	Maria has more coins than Ben.
contradiction	Joe has 2 coins. Kim has 4 coins.	Joe has more coins than Kim.
contradiction	Kim has 7 coins. Fiona has 9 coins.	Kim has more coins than Fiona.
contradiction	Kenneth has 1 coins. John has 3 coins.	Kenneth has more coins than John.
contradiction	Gary has 1 coins. Patricia has 2 coins.	Gary has more coins than Patricia.
contradiction	Amy has 4 coins. Lynn has 10 coins.	Amy has more coins than Lynn.
contradiction	Maria has 1 coins. Jonathan has 8 coins.	Maria has more coins than Jonathan.
contradiction	Kathryn has 1 coins. Dick has 2 coins.	Kathryn has more coins than Dick.
contradiction	Alan has 5 coins. Johnny has 10 coins.	Alan has more coins than Johnny.
contradiction	Stephen has 6 coins. Kevin has 8 coins.	Stephen has more coins than Kevin.
contradiction	Tom has 3 coins. Laura has 4 coins.	Tom has more coins than Laura.
contradiction	Katie has 1 coins. Frances has 2 coins.	Katie has more coins than Frances.
contradiction	Ray has 1 coins. Helen has 2 coins.	Ray has more coins than Helen.
contradiction	Claire has 5 coins. Louise has 10 coins.	Claire has more coins than Louise.
contradiction	Simon has 4 coins. Lisa has 7 coins.	Simon has more coins than Lisa.
contradiction	Judith has 3 coins. Gary has 10 coins.	Judith has more coins than Gary.
contradiction	Linda has 4 coins. Lisa has 5 coins.	Linda has more coins than Lisa.
contradiction	Scott has 2 coins. David has 8 coins.	Scott has more coins than David.
contradiction	Rose has 6 coins. Mark has 8 coins.	Rose has more coins than Mark.
contradiction	Frederick has 2 coins. Francis has 9 coins.	Frederick has more coins than Francis.
contradiction	Jessica has 2 coins. Victoria has 3 coins.	Jessica has more coins than Victoria.
contradiction	Daniel has 4 coins. Ralph has 10 coins.	Daniel has more coins than Ralph.
contradiction	Philip has 1 coins. Edwin has 7 coins.	Philip has more coins than Edwin.
contradiction	Sam has 4 coins. Don has 6 coins.	Sam has more coins than Don.
contradiction	Diana has 5 coins. Ashley has 6 coins.	Diana has more coins than Ashley.
contradiction	Eric has 9 coins. Alexandra has 10 coins.	Eric has more coins than Alexandra.
contradiction	Matt has 4 coins. Carl has 7 coins.	Matt has more coins than Carl.
contradiction	Laura has 1 coins. Michelle has 2 coins.	Laura has more coins than Michelle.
contradiction	Philip has 1 coins. Ben has 3 coins.	Philip has more coins than Ben.
contradiction	Martha has 4 coins. Jerry has 5 coins.	Martha has more coins than Jerry.
contradiction	Alison has 6 coins. Hugh has 10 coins.	Alison has more coins than Hugh.
contradiction	Steven has 2 coins. Sam has 3 coins.	Steven has more coins than Sam.
contradiction	Tom has 2 coins. Kelly has 9 coins.	Tom has more coins than Kelly.
contradiction	Betty has 1 coins. Carolyn has 2 coins.	Betty has more coins than Carolyn.
contradiction	Jay has 2 coins. Bill has 3 coins.	Jay has more coins than Bill.
contradiction	Alexandra has 6 coins. Leslie has 8 coins.	Alexandra has more coins than Leslie.
contradiction	Mary has 1 coins. Alfred has 3 coins.	Mary has more coins than Alfred.
contradiction	Andrea has 1 coins. Bobby has 2 coins.	Andrea has more coins than Bobby.
contradiction	Charles has 6 coins. Mike has 8 coins.	Charles has more coins than Mike.
contradiction	Tom has 1 coins. Fiona has 2 coins.	Tom has more coins than Fiona.
contradiction	Robert has 6 coins. Alfred has 7 coins.	Robert has more coins than Alfred.
contradiction	Ed has 7 coins. Julie has 8 coins.	Ed has more coins than Julie.
contradiction	Lisa has 1 coins. Angela has 4 coins.	Lisa has more coins than Angela.
contradiction	Colin has 4 coins. Margaret has 6 coins.	Colin has more coins than Margaret.
contradiction	Alex has 6 coins. Jonathan has 8 coins.	Alex has more coins than Jonathan.
contradiction	Ashley has 1 coins. Adam has 2 coins.	Ashley has more coins than Adam.
contradiction	Philip has 1 coins. Ashley has 3 coins.	Philip has more coins than Ashley.
contradiction	Dave has 1 coins. Jack has 3 coins.	Dave has more coins than Jack.
contradiction	Benjamin has 3 coins. Judith has 5 coins.	Benjamin has more coins than Judith.
contradiction	Caroline has 5 coins. Kathryn has 9 coins.	Caroline has more coins than Kathryn.
contradiction	Louise has 4 coins. Keith has 8 coins.	Louise has more coins than Keith.
contradiction	John has 5 coins. Pamela has 7 coins.	John has more coins than Pamela.
contradiction	Sally has 1 coins. Tim has 3 coins.	Sally has more coins than Tim.
contradiction	Elizabeth has 1 coins. Arthur has 10 coins.	Elizabeth has more coins than Arthur.
contradiction	Helen has 7 coins. Carol has 8 coins.	Helen has more coins than Carol.
contradiction	Katherine has 6 coins. Catherine has 8 coins.	Katherine has more coins than Catherine.
contradiction	Ron has 4 coins. Karen has 6 coins.	Ron has more coins than Karen.
contradiction	Helen has 1 coins. Tom has 10 coins.	Helen has more coins than Tom.
contradiction	Melissa has 1 coins. James has 9 coins.	Melissa has more coins than James.
contradiction	Deborah has 1 coins. Ashley has 2 coins.	Deborah has more coins than Ashley.
contradiction	Catherine has 2 coins. Emily has 4 coins.	Catherine has more coins than Emily.
contradiction	Carl has 2 coins. Roy has 10 coins.	Carl has more coins than Roy.
contradiction	Don has 8 coins. Ken has 9 coins.	Don has more coins than Ken.
contradiction	Steven has 1 coins. Patrick has 4 coins.	Steven has more coins than Patrick.
contradiction	Daniel has 2 coins. George has 7 coins.	Daniel has more coins than George.
contradiction	Jimmy has 7 coins. Gary has 8 coins.	Jimmy has more coins than Gary.
contradiction	Brian has 4 coins. Elaine has 7 coins.	Brian has more coins than Elaine.
contradiction	Greg has 1 coins. Tony has 7 coins.	Greg has more coins than Tony.
contradiction	Sophie has 3 coins. Philip has 5 coins.	Sophie has more coins than Philip.
contradiction	Frederick has 1 coins. Roy has 2 coins.	Frederick has more coins than Roy.
contradiction	Suzanne has 2 coins. Edward has 4 coins.	Suzanne has more coins than Edward.
contradiction	Tony has 2 coins. Sarah has 7 coins.	Tony has more coins than Sarah.
contradiction	Susan has 2 coins. Greg has 8 coins.	Susan has more coins than Greg.
contradiction	Philip has 1 coins. Claire has 3 coins.	Philip has more coins than Claire.
contradiction	Edith has 3 coins. Harriet has 5 coins.	Edith has more coins than Harriet.
contradiction	Peter has 4 coins. Kelly has 7 coins.	Peter has more coins than Kelly.
contradiction	Emma has 2 coins. Katie has 7 coins.	Emma has more coins than Katie.
contradiction	Katherine has 1 coins. Jimmy has 4 coins.	Katherine has more coins than Jimmy.
contradiction	Annie has 3 coins. Susan has 7 coins.	Annie has more coins than Susan.
contradiction	Edith has 4 coins. Virginia has 5 coins.	Edith has more coins than Virginia.
contradiction	Carl has 2 coins. Rose has 4 coins.	Carl has more coins than Rose.
contradiction	Helen has 2 coins. Matt has 3 coins.	Helen has more coins than Matt.
contradiction	Alison has 2 coins. Charles has 3 coins.	Alison has more coins than Charles.
contradiction	Albert has 3 coins. Robert has 6 coins.	Albert has more coins than Robert.
contradiction	Harry has 3 coins. Steve has 5 coins.	Harry has more coins than Steve.
contradiction	Caroline has 1 coins. Daniel has 4 coins.	Caroline has more coins than Daniel.
contradiction	Jason has 4 coins. Joan has 5 coins.	Jason has more coins than Joan.
contradiction	Judy has 1 coins. Ben has 5 coins.	Judy has more coins than Ben.
contradiction	Kim has 2 coins. Alfred has 3 coins.	Kim has more coins than Alfred.
contradiction	Sue has 1 coins. Greg has 2 coins.	Sue has more coins than Greg.
contradiction	Kathryn has 1 coins. George has 2 coins.	Kathryn has more coins than George.
contradiction	Jonathan has 4 coins. Dave has 7 coins.	Jonathan has more coins than Dave.
contradiction	John has 3 coins. Tom has 7 coins.	John has more coins than Tom.
contradiction	Alice has 1 coins. Ashley has 5 coins.	Alice has more coins than Ashley.
contradiction	Samuel has 1 coins. Caroline has 3 coins.	Samuel has more coins than Caroline.
contradiction	Donna has 1 coins. Sara has 7 coins.	Donna has more coins than Sara.
contradiction	Howard has 4 coins. Annie has 6 coins.	Howard has more coins than Annie.
contradiction	Heather has 6 coins. Charles has 8 coins.	Heather has more coins than Charles.
contradiction	Sam has 1 coins. Ed has 4 coins.	Sam has more coins than Ed.
contradiction	Susan has 2 coins. Simon has 6 coins.	Susan has more coins than Simon.
contradiction	Stephen has 1 coins. Betty has 9 coins.	Stephen has more coins than Betty.
contradiction	Kathryn has 1 coins. Jerry has 9 coins.	Kathryn has more coins than Jerry.
contradiction	Bill has 1 coins. Emma has 2 coins.	Bill has more coins than Emma.
contradiction	Ann has 9 coins. Scott has 10 coins.	Ann has more coins than Scott.
contradiction	Leslie has 8 coins. Matthew has 9 coins.	Leslie has more coins than Matthew.
contradiction	Elizabeth has 2 coins. Harriet has 4 coins.	Elizabeth has more coins than Harriet.
contradiction	Michelle has 5 coins. David has 7 coins.	Michelle has more coins than David.
contradiction	Angela has 2 coins. Francis has 4 coins.	Angela has more coins than Francis.
contradiction	Charles has 8 coins. Dorothy has 10 coins.	Charles has more coins than Dorothy.
contradiction	Nicole has 1 coins. Emma has 2 coins.	Nicole has more coins than Emma.
contradiction	Pamela has 2 coins. Larry has 9 coins.	Pamela has more coins than Larry.
contradiction	Rose has 1 coins. Eric has 2 coins.	Rose has more coins than Eric.
contradiction	Caroline has 4 coins. Philip has 6 coins.	Caroline has more coins than Philip.
contradiction	Francis has 7 coins. Joe has 8 coins.	Francis has more coins than Joe.
contradiction	Kim has 6 coins. Cynthia has 10 coins.	Kim has more coins than Cynthia.
contradiction	Elizabeth has 6 coins. Robert has 10 coins.	Elizabeth has more coins than Robert.
contradiction	Don has 5 coins. Linda has 6 coins.	Don has more coins than Linda.
contradiction	Donna has 3 coins. Lynn has 7 coins.	Donna has more coins than Lynn.
contradiction	Rose has 1 coins. Robin has 8 coins.	Rose has more coins than Robin.
contradiction	Leslie has 8 coins. Frances has 10 coins.	Leslie has more coins than Frances.
contradiction	Brian has 5 coins. Ken has 7 coins.	Brian has more coins than Ken.
contradiction	Melissa has 5 coins. Annie has 9 coins.	Melissa has more coins than Annie.
contradiction	Kathryn has 1 coins. Joe has 6 coins.	Kathryn has more coins than Joe.
contradiction	Colin has 4 coins. Don has 5 coins.	Colin has more coins than Don.
contradiction	George has 2 coins. Ellen has 4 coins.	George has more coins than Ellen.
contradiction	Diana has 2 coins. Frederick has 6 coins.	Diana has more coins than Frederick.
contradiction	Sue has 6 coins. Adam has 8 coins.	Sue has more coins than Adam.
contradiction	Cynthia has 6 coins. Brian has 10 coins.	Cynthia has more coins than Brian.
contradiction	Anne has 1 coins. Ellen has 2 coins.	Anne has more coins than Ellen.
contradiction	Frances has 5 coins. Suzanne has 8 coins.	Frances has more coins than Suzanne.
contradiction	Roger has 1 coins. Dan has 2 coins.	Roger has more coins than Dan.
contradiction	Victoria has 5 coins. Julie has 6 coins.	Victoria has more coins than Julie.
contradiction	Chris has 3 coins. Leslie has 7 coins.	Chris has more coins than Leslie.
contradiction	Ruth has 2 coins. Jim has 6 coins.	Ruth has more coins than Jim.
contradiction	Bruce has 2 coins. Paul has 6 coins.	Bruce has more coins than Paul.
contradiction	Jeff has 2 coins. Jay has 3 coins.	Jeff has more coins than Jay.
contradiction	Ian has 2 coins. Sam has 4 coins.	Ian has more coins than Sam.
contradiction	Elizabeth has 2 coins. Stephen has 5 coins.	Elizabeth has more coins than Stephen.
contradiction	Jonathan has 8 coins. Edward has 10 coins.	Jonathan has more coins than Edward.
contradiction	Jean has 2 coins. Alexandra has 4 coins.	Jean has more coins than Alexandra.
contradiction	Jennifer has 5 coins. Angela has 6 coins.	Jennifer has more coins than Angela.
contradiction	Marilyn has 2 coins. Lisa has 3 coins.	Marilyn has more coins than Lisa.
contradiction	Kathryn has 1 coins. Jessica has 9 coins.	Kathryn has more coins than Jessica.
contradiction	Hugh has 2 coins. Jim has 9 coins.	Hugh has more coins than Jim.
contradiction	Susan has 2 coins. Carl has 3 coins.	Susan has more coins than Carl.
contradiction	Eric has 1 coins. Charlie has 5 coins.	Eric has more coins than Charlie.
contradiction	Anne has 2 coins. Don has 4 coins.	Anne has more coins than Don.
contradiction	Larry has 1 coins. Fred has 6 coins.	Larry has more coins than Fred.
contradiction	Edward has 1 coins. Harry has 2 coins.	Edward has more coins than Harry.
contradiction	Michelle has 3 coins. Edwin has 8 coins.	Michelle has more coins than Edwin.
contradiction	Jimmy has 2 coins. Bobby has 5 coins.	Jimmy has more coins than Bobby.
contradiction	Mike has 4 coins. Lisa has 7 coins.	Mike has more coins than Lisa.
contradiction	Jane has 2 coins. Emma has 3 coins.	Jane has more coins than Emma.
contradiction	Gary has 7 coins. Kenneth has 9 coins.	Gary has more coins than Kenneth.
contradiction	Grace has 5 coins. Alex has 7 coins.	Grace has more coins than Alex.
contradiction	Deborah has 6 coins. Lisa has 10 coins.	Deborah has more coins than Lisa.
contradiction	Jimmy has 1 coins. Sarah has 6 coins.	Jimmy has more coins than Sarah.
contradiction	Roger has 1 coins. Jane has 2 coins.	Roger has more coins than Jane.
contradiction	Ed has 7 coins. Bobby has 8 coins.	Ed has more coins than Bobby.
contradiction	Linda has 7 coins. Donald has 10 coins.	Linda has more coins than Donald.
contradiction	James has 1 coins. Leslie has 2 coins.	James has more coins than Leslie.
contradiction	Ron has 3 coins. Tim has 4 coins.	Ron has more coins than Tim.
contradiction	Virginia has 6 coins. Eleanor has 10 coins.	Virginia has more coins than Eleanor.
contradiction	Alex has 6 coins. Nicole has 7 coins.	Alex has more coins than Nicole.
contradiction	Bob has 4 coins. Sam has 7 coins.	Bob has more coins than Sam.
contradiction	Emma has 2 coins. Angela has 7 coins.	Emma has more coins than Angela.
contradiction	Jeff has 6 coins. Al has 8 coins.	Jeff has more coins than Al.
contradiction	Gary has 3 coins. Florence has 6 coins.	Gary has more coins than Florence.
contradiction	Colin has 2 coins. Edwin has 7 coins.	Colin has more coins than Edwin.
contradiction	Nick has 4 coins. Judy has 10 coins.	Nick has more coins than Judy.
contradiction	Bill has 2 coins. Lucy has 4 coins.	Bill has more coins than Lucy.
contradiction	Donna has 4 coins. Ryan has 7 coins.	Donna has more coins than Ryan.
contradiction	Tom has 1 coins. Maria has 5 coins.	Tom has more coins than Maria.
contradiction	Sue has 4 coins. Robert has 8 coins.	Sue has more coins than Robert.
contradiction	Diana has 1 coins. John has 8 coins.	Diana has more coins than John.
contradiction	Ryan has 2 coins. Tim has 5 coins.	Ryan has more coins than Tim.
contradiction	Alice has 4 coins. Greg has 10 coins.	Alice has more coins than Greg.
contradiction	Jessica has 2 coins. Ken has 9 coins.	Jessica has more coins than Ken.
contradiction	Steve has 6 coins. Mike has 7 coins.	Steve has more coins than Mike.
contradiction	Kim has 3 coins. Arthur has 6 coins.	Kim has more coins than Arthur.
contradiction	Charlotte has 3 coins. Arthur has 10 coins.	Charlotte has more coins than Arthur.
contradiction	Andrew has 1 coins. Alfred has 3 coins.	Andrew has more coins than Alfred.
contradiction	Patrick has 3 coins. Charlie has 4 coins.	Patrick has more coins than Charlie.
contradiction	Bruce has 3 coins. Steven has 5 coins.	Bruce has more coins than Steven.
contradiction	Deborah has 1 coins. Marie has 3 coins.	Deborah has more coins than Marie.
contradiction	Leslie has 4 coins. James has 7 coins.	Leslie has more coins than James.
contradiction	Keith has 1 coins. Alfred has 4 coins.	Keith has more coins than Alfred.
contradiction	Jill has 2 coins. Fred has 3 coins.	Jill has more coins than Fred.
contradiction	Patrick has 5 coins. Louis has 10 coins.	Patrick has more coins than Louis.
contradiction	Anna has 1 coins. Emily has 2 coins.	Anna has more coins than Emily.
contradiction	Kenneth has 1 coins. Edith has 5 coins.	Kenneth has more coins than Edith.
contradiction	Howard has 3 coins. Caroline has 6 coins.	Howard has more coins than Caroline.
contradiction	Richard has 9 coins. Diane has 10 coins.	Richard has more coins than Diane.
contradiction	Sara has 3 coins. Sophie has 8 coins.	Sara has more coins than Sophie.
contradiction	Annie has 1 coins. John has 2 coins.	Annie has more coins than John.
contradiction	Katie has 5 coins. Kate has 8 coins.	Katie has more coins than Kate.
contradiction	Sarah has 5 coins. Patrick has 8 coins.	Sarah has more coins than Patrick.
contradiction	Ken has 2 coins. Bobby has 9 coins.	Ken has more coins than Bobby.
contradiction	Jason has 6 coins. Barbara has 10 coins.	Jason has more coins than Barbara.
contradiction	Michelle has 2 coins. Jeff has 5 coins.	Michelle has more coins than Jeff.
contradiction	Dorothy has 2 coins. William has 3 coins.	Dorothy has more coins than William.
contradiction	Nick has 2 coins. Janet has 3 coins.	Nick has more coins than Janet.
contradiction	Dan has 4 coins. Jane has 7 coins.	Dan has more coins than Jane.
contradiction	Kenneth has 1 coins. Patrick has 4 coins.	Kenneth has more coins than Patrick.
contradiction	Kelly has 1 coins. Marilyn has 6 coins.	Kelly has more coins than Marilyn.
contradiction	Kathy has 6 coins. Billy has 9 coins.	Kathy has more coins than Billy.
contradiction	Hugh has 3 coins. James has 8 coins.	Hugh has more coins than James.
contradiction	Bruce has 1 coins. Emily has 9 coins.	Bruce has more coins than Emily.
contradiction	Angela has 1 coins. Stephanie has 9 coins.	Angela has more coins than Stephanie.
contradiction	Julie has 1 coins. Nancy has 10 coins.	Julie has more coins than Nancy.
contradiction	Louis has 1 coins. Christopher has 7 coins.	Louis has more coins than Christopher.
contradiction	George has 2 coins. Fred has 6 coins.	George has more coins than Fred.
contradiction	Edward has 4 coins. Alfred has 5 coins.	Edward has more coins than Alfred.
contradiction	Joan has 8 coins. Diane has 10 coins.	Joan has more coins than Diane.
contradiction	Kim has 7 coins. Sharon has 8 coins.	Kim has more coins than Sharon.
contradiction	Sharon has 1 coins. Florence has 4 coins.	Sharon has more coins than Florence.
contradiction	Gary has 2 coins. Brian has 3 coins.	Gary has more coins than Brian.
contradiction	Helen has 1 coins. Maria has 2 coins.	Helen has more coins than Maria.
contradiction	Samuel has 1 coins. Lynn has 2 coins.	Samuel has more coins than Lynn.
contradiction	Al has 5 coins. Michelle has 10 coins.	Al has more coins than Michelle.
contradiction	Kate has 3 coins. Jay has 5 coins.	Kate has more coins than Jay.
contradiction	Tim has 7 coins. David has 9 coins.	Tim has more coins than David.
contradiction	Ann has 4 coins. Lynn has 7 coins.	Ann has more coins than Lynn.
contradiction	Ed has 2 coins. Scott has 8 coins.	Ed has more coins than Scott.
contradiction	Jean has 1 coins. Fiona has 4 coins.	Jean has more coins than Fiona.
contradiction	Sharon has 1 coins. Sally has 2 coins.	Sharon has more coins than Sally.
contradiction	Robert has 1 coins. Nick has 2 coins.	Robert has more coins than Nick.
contradiction	Thomas has 8 coins. George has 9 coins.	Thomas has more coins than George.
contradiction	Edith has 2 coins. Jean has 4 coins.	Edith has more coins than Jean.
contradiction	Dorothy has 3 coins. Betty has 10 coins.	Dorothy has more coins than Betty.
contradiction	Peter has 3 coins. Kathy has 4 coins.	Peter has more coins than Kathy.
contradiction	Edwin has 2 coins. Arthur has 10 coins.	Edwin has more coins than Arthur.
contradiction	Victoria has 7 coins. Kathryn has 10 coins.	Victoria has more coins than Kathryn.
contradiction	Betty has 6 coins. Daniel has 7 coins.	Betty has more coins than Daniel.
contradiction	Kate has 1 coins. Tim has 3 coins.	Kate has more coins than Tim.
contradiction	Thomas has 3 coins. David has 5 coins.	Thomas has more coins than David.
contradiction	Edward has 1 coins. Amanda has 6 coins.	Edward has more coins than Amanda.
contradiction	Benjamin has 4 coins. Francis has 9 coins.	Benjamin has more coins than Francis.
contradiction	Kelly has 7 coins. Roger has 8 coins.	Kelly has more coins than Roger.
contradiction	Sally has 2 coins. Billy has 5 coins.	Sally has more coins than Billy.
contradiction	Julie has 1 coins. Michael has 2 coins.	Julie has more coins than Michael.
contradiction	Nancy has 6 coins. William has 9 coins.	Nancy has more coins than William.
contradiction	Edith has 5 coins. Kathleen has 8 coins.	Edith has more coins than Kathleen.
contradiction	Sally has 1 coins. Sophie has 6 coins.	Sally has more coins than Sophie.
contradiction	Joseph has 1 coins. Laura has 5 coins.	Joseph has more coins than Laura.
contradiction	Edwin has 2 coins. Victoria has 3 coins.	Edwin has more coins than Victoria.
contradiction	Angela has 1 coins. Jason has 6 coins.	Angela has more coins than Jason.
contradiction	Steven has 4 coins. Pamela has 5 coins.	Steven has more coins than Pamela.
contradiction	Frances has 3 coins. Rachel has 5 coins.	Frances has more coins than Rachel.
contradiction	Tom has 9 coins. Howard has 10 coins.	Tom has more coins than Howard.
contradiction	Kathleen has 1 coins. Andrea has 4 coins.	Kathleen has more coins than Andrea.
contradiction	Catherine has 4 coins. Anthony has 9 coins.	Catherine has more coins than Anthony.
contradiction	Edwin has 3 coins. Bob has 6 coins.	Edwin has more coins than Bob.
contradiction	Ken has 4 coins. Richard has 8 coins.	Ken has more coins than Richard.
contradiction	Rose has 1 coins. Edwin has 7 coins.	Rose has more coins than Edwin.
contradiction	Jason has 8 coins. Peter has 10 coins.	Jason has more coins than Peter.
contradiction	Christine has 1 coins. Jonathan has 2 coins.	Christine has more coins than Jonathan.
contradiction	Amanda has 2 coins. Sandra has 3 coins.	Amanda has more coins than Sandra.
contradiction	Christopher has 8 coins. Alex has 9 coins.	Christopher has more coins than Alex.
contradiction	Wendy has 3 coins. Carl has 4 coins.	Wendy has more coins than Carl.
contradiction	Arthur has 1 coins. Keith has 2 coins.	Arthur has more coins than Keith.
contradiction	Michelle has 4 coins. Jennifer has 8 coins.	Michelle has more coins than Jennifer.
contradiction	Victoria has 1 coins. Andrew has 2 coins.	Victoria has more coins than Andrew.
contradiction	Jane has 1 coins. Patrick has 5 coins.	Jane has more coins than Patrick.
contradiction	Helen has 2 coins. Anna has 10 coins.	Helen has more coins than Anna.
contradiction	Victoria has 8 coins. Heather has 9 coins.	Victoria has more coins than Heather.
contradiction	Katie has 4 coins. Robert has 6 coins.	Katie has more coins than Robert.
contradiction	Jennifer has 2 coins. Lucy has 7 coins.	Jennifer has more coins than Lucy.
contradiction	Harold has 3 coins. Patricia has 4 coins.	Harold has more coins than Patricia.
contradiction	Helen has 2 coins. Emma has 6 coins.	Helen has more coins than Emma.
contradiction	David has 1 coins. Bruce has 2 coins.	David has more coins than Bruce.
