contradiction	Suzanne has 3 dollars. She received 7 more dollars.	Suzanne now has 14 dollars.
contradiction	Martin has 5 dollars. He received 10 more dollars.	Martin now has 7 dollars.
contradiction	Caroline has 10 dollars. She received 9 more dollars.	Caroline now has 7 dollars.
contradiction	Victoria has 8 dollars. She received 3 more dollars.	Victoria now has 4 dollars.
contradiction	Anne has 10 dollars. She received 7 more dollars.	Anne now has 12 dollars.
contradiction	Simon has 4 dollars. He received 8 more dollars.	Simon now has 19 dollars.
contradiction	Billy has 9 dollars. He received 2 more dollars.	Billy now has 1 dollars.
contradiction	Matthew has 7 dollars. He received 5 more dollars.	Matthew now has 5 dollars.
contradiction	Ashley has 8 dollars. She received 9 more dollars.	Ashley now has 1 dollars.
contradiction	Anne has 7 dollars. She received 6 more dollars.	Anne now has 15 dollars.
contradiction	Christopher has 8 dollars. He received 10 more dollars.	Christopher now has 3 dollars.
contradiction	Joan has 2 dollars. She received 5 more dollars.	Joan now has 2 dollars.
contradiction	William has 5 dollars. He received 9 more dollars.	William now has 15 dollars.
contradiction	Laura has 3 dollars. She received 4 more dollars.	Laura now has 14 dollars.
contradiction	Howard has 10 dollars. He received 3 more dollars.	Howard now has 2 dollars.
contradiction	Anthony has 4 dollars. He received 2 more dollars.	Anthony now has 5 dollars.
contradiction	Deborah has 2 dollars. She received 5 more dollars.	Deborah now has 8 dollars.
contradiction	Alexander has 9 dollars. He received 5 more dollars.	Alexander now has 3 dollars.
contradiction	Philip has 2 dollars. He received 6 more dollars.	Philip now has 13 dollars.
contradiction	Deborah has 4 dollars. She received 10 more dollars.	Deborah now has 13 dollars.
contradiction	Paul has 5 dollars. He received 6 more dollars.	Paul now has 19 dollars.
contradiction	Peter has 8 dollars. He received 6 more dollars.	Peter now has 2 dollars.
contradiction	Mary has 2 dollars. She received 6 more dollars.	Mary now has 9 dollars.
contradiction	Marilyn has 8 dollars. She received 3 more dollars.	Marilyn now has 12 dollars.
contradiction	Katie has 10 dollars. She received 2 more dollars.	Katie now has 17 dollars.
contradiction	Sally has 9 dollars. She received 10 more dollars.	Sally now has 9 dollars.
contradiction	Jerry has 7 dollars. He received 2 more dollars.	Jerry now has 10 dollars.
contradiction	Jack has 5 dollars. He received 4 more dollars.	Jack now has 10 dollars.
contradiction	Benjamin has 3 dollars. He received 5 more dollars.	Benjamin now has 10 dollars.
contradiction	Stephanie has 9 dollars. She received 4 more dollars.	Stephanie now has 2 dollars.
contradiction	Frederick has 5 dollars. He received 4 more dollars.	Frederick now has 16 dollars.
contradiction	Jack has 9 dollars. He received 4 more dollars.	Jack now has 18 dollars.
contradiction	Pamela has 3 dollars. She received 8 more dollars.	Pamela now has 16 dollars.
contradiction	Emily has 10 dollars. She received 7 more dollars.	Emily now has 12 dollars.
contradiction	Mike has 2 dollars. He received 7 more dollars.	Mike now has 3 dollars.
contradiction	Don has 2 dollars. He received 10 more dollars.	Don now has 18 dollars.
contradiction	Charlie has 5 dollars. He received 3 more dollars.	Charlie now has 18 dollars.
contradiction	Barbara has 7 dollars. She received 10 more dollars.	Barbara now has 7 dollars.
contradiction	Evelyn has 4 dollars. She received 5 more dollars.	Evelyn now has 5 dollars.
contradiction	Donna has 4 dollars. She received 8 more dollars.	Donna now has 3 dollars.
contradiction	Kathryn has 10 dollars. She received 6 more dollars.	Kathryn now has 20 dollars.
contradiction	Joan has 3 dollars. She received 5 more dollars.	Joan now has 1 dollars.
contradiction	Charlotte has 10 dollars. She received 5 more dollars.	Charlotte now has 1 dollars.
contradiction	Catherine has 8 dollars. She received 5 more dollars.	Catherine now has 20 dollars.
contradiction	Kathleen has 2 dollars. She received 9 more dollars.	Kathleen now has 13 dollars.
contradiction	Robin has 5 dollars. She received 4 more dollars.	Robin now has 19 dollars.
contradiction	Kevin has 9 dollars. He received 6 more dollars.	Kevin now has 10 dollars.
contradiction	Jack has 7 dollars. He received 6 more dollars.	Jack now has 7 dollars.
contradiction	Ben has 4 dollars. He received 2 more dollars.	Ben now has 10 dollars.
contradiction	Ann has 4 dollars. She received 7 more dollars.	Ann now has 9 dollars.
contradiction	Jane has 8 dollars. She received 4 more dollars.	Jane now has 20 dollars.
contradiction	Jimmy has 2 dollars. He received 4 more dollars.	Jimmy now has 18 dollars.
contradiction	Wendy has 4 dollars. She received 9 more dollars.	Wendy now has 18 dollars.
contradiction	Jeff has 4 dollars. He received 8 more dollars.	Jeff now has 4 dollars.
contradiction	Daniel has 10 dollars. He received 2 more dollars.	Daniel now has 14 dollars.
contradiction	Jim has 9 dollars. He received 3 more dollars.	Jim now has 5 dollars.
contradiction	Alexander has 3 dollars. He received 9 more dollars.	Alexander now has 9 dollars.
contradiction	Alison has 9 dollars. She received 6 more dollars.	Alison now has 8 dollars.
contradiction	Simon has 3 dollars. He received 2 more dollars.	Simon now has 2 dollars.
contradiction	Florence has 2 dollars. She received 3 more dollars.	Florence now has 4 dollars.
contradiction	Harriet has 5 dollars. She received 4 more dollars.	Harriet now has 3 dollars.
contradiction	Alfred has 3 dollars. He received 10 more dollars.	Alfred now has 11 dollars.
contradiction	Dick has 5 dollars. He received 7 more dollars.	Dick now has 11 dollars.
contradiction	Ryan has 8 dollars. He received 9 more dollars.	Ryan now has 4 dollars.
contradiction	Harold has 4 dollars. He received 7 more dollars.	Harold now has 6 dollars.
contradiction	Martha has 5 dollars. She received 7 more dollars.	Martha now has 9 dollars.
contradiction	Walter has 6 dollars. He received 4 more dollars.	Walter now has 4 dollars.
contradiction	Louise has 10 dollars. She received 6 more dollars.	Louise now has 13 dollars.
contradiction	Albert has 9 dollars. He received 3 more dollars.	Albert now has 10 dollars.
contradiction	Mary has 2 dollars. She received 10 more dollars.	Mary now has 18 dollars.
contradiction	Florence has 2 dollars. She received 7 more dollars.	Florence now has 2 dollars.
contradiction	Greg has 4 dollars. He received 3 more dollars.	Greg now has 18 dollars.
contradiction	Michelle has 5 dollars. She received 3 more dollars.	Michelle now has 15 dollars.
contradiction	Ian has 3 dollars. He received 4 more dollars.	Ian now has 11 dollars.
contradiction	John has 3 dollars. He received 9 more dollars.	John now has 3 dollars.
contradiction	Mark has 9 dollars. He received 6 more dollars.	Mark now has 18 dollars.
contradiction	Marilyn has 7 dollars. She received 5 more dollars.	Marilyn now has 19 dollars.
contradiction	Heather has 3 dollars. She received 7 more dollars.	Heather now has 1 dollars.
contradiction	Joan has 9 dollars. She received 2 more dollars.	Joan now has 19 dollars.
contradiction	Gary has 10 dollars. He received 2 more dollars.	Gary now has 11 dollars.
contradiction	Robin has 9 dollars. She received 10 more dollars.	Robin now has 3 dollars.
contradiction	Edith has 6 dollars. She received 9 more dollars.	Edith now has 1 dollars.
contradiction	Paul has 2 dollars. He received 4 more dollars.	Paul now has 1 dollars.
contradiction	Kenneth has 9 dollars. He received 7 more dollars.	Kenneth now has 14 dollars.
contradiction	Maria has 4 dollars. She received 2 more dollars.	Maria now has 11 dollars.
contradiction	Kate has 9 dollars. She received 8 more dollars.	Kate now has 14 dollars.
contradiction	Evelyn has 5 dollars. She received 2 more dollars.	Evelyn now has 5 dollars.
contradiction	Sam has 7 dollars. He received 8 more dollars.	Sam now has 3 dollars.
contradiction	Frank has 8 dollars. He received 3 more dollars.	Frank now has 1 dollars.
contradiction	Keith has 3 dollars. He received 7 more dollars.	Keith now has 9 dollars.
contradiction	Carl has 3 dollars. He received 2 more dollars.	Carl now has 15 dollars.
contradiction	Christine has 4 dollars. She received 6 more dollars.	Christine now has 11 dollars.
contradiction	Sam has 7 dollars. He received 3 more dollars.	Sam now has 17 dollars.
contradiction	Gary has 10 dollars. He received 6 more dollars.	Gary now has 15 dollars.
contradiction	Ian has 4 dollars. He received 7 more dollars.	Ian now has 2 dollars.
contradiction	Pamela has 3 dollars. She received 7 more dollars.	Pamela now has 5 dollars.
contradiction	Jack has 8 dollars. He received 5 more dollars.	Jack now has 5 dollars.
contradiction	Sue has 2 dollars. She received 7 more dollars.	Sue now has 13 dollars.
contradiction	Greg has 8 dollars. He received 7 more dollars.	Greg now has 19 dollars.
contradiction	David has 7 dollars. He received 5 more dollars.	David now has 10 dollars.
contradiction	Anna has 2 dollars. She received 10 more dollars.	Anna now has 9 dollars.
contradiction	Kim has 9 dollars. She received 6 more dollars.	Kim now has 19 dollars.
contradiction	Katherine has 4 dollars. She received 6 more dollars.	Katherine now has 18 dollars.
contradiction	Judith has 5 dollars. She received 9 more dollars.	Judith now has 2 dollars.
contradiction	Angela has 2 dollars. She received 3 more dollars.	Angela now has 7 dollars.
contradiction	Jimmy has 7 dollars. He received 2 more dollars.	Jimmy now has 15 dollars.
contradiction	Ralph has 2 dollars. He received 6 more dollars.	Ralph now has 19 dollars.
contradiction	Dan has 2 dollars. He received 10 more dollars.	Dan now has 15 dollars.
contradiction	Richard has 4 dollars. He received 7 more dollars.	Richard now has 19 dollars.
contradiction	Ann has 4 dollars. She received 7 more dollars.	Ann now has 20 dollars.
contradiction	Kathryn has 10 dollars. She received 9 more dollars.	Kathryn now has 1 dollars.
contradiction	John has 2 dollars. He received 8 more dollars.	John now has 11 dollars.
contradiction	Steve has 6 dollars. He received 10 more dollars.	Steve now has 15 dollars.
contradiction	Rose has 8 dollars. She received 5 more dollars.	Rose now has 19 dollars.
contradiction	Rose has 4 dollars. She received 3 more dollars.	Rose now has 5 dollars.
contradiction	Richard has 2 dollars. He received 4 more dollars.	Richard now has 13 dollars.
contradiction	Eleanor has 10 dollars. She received 8 more dollars.	Eleanor now has 6 dollars.
contradiction	Jean has 6 dollars. She received 4 more dollars.	Jean now has 19 dollars.
contradiction	Patricia has 10 dollars. She received 8 more dollars.	Patricia now has 9 dollars.
contradiction	Eric has 10 dollars. He received 5 more dollars.	Eric now has 18 dollars.
contradiction	Ruth has 6 dollars. She received 2 more dollars.	Ruth now has 10 dollars.
contradiction	Alex has 7 dollars. He received 3 more dollars.	Alex now has 9 dollars.
contradiction	Henry has 9 dollars. He received 6 more dollars.	Henry now has 12 dollars.
contradiction	Lauren has 4 dollars. She received 5 more dollars.	Lauren now has 15 dollars.
contradiction	Walter has 7 dollars. He received 4 more dollars.	Walter now has 7 dollars.
contradiction	Elizabeth has 8 dollars. She received 3 more dollars.	Elizabeth now has 5 dollars.
contradiction	Marilyn has 10 dollars. She received 6 more dollars.	Marilyn now has 8 dollars.
contradiction	Howard has 7 dollars. He received 8 more dollars.	Howard now has 16 dollars.
contradiction	Ben has 5 dollars. He received 9 more dollars.	Ben now has 17 dollars.
contradiction	Edward has 5 dollars. He received 4 more dollars.	Edward now has 3 dollars.
contradiction	Alan has 7 dollars. He received 9 more dollars.	Alan now has 7 dollars.
contradiction	Mike has 10 dollars. He received 8 more dollars.	Mike now has 17 dollars.
contradiction	Cynthia has 8 dollars. She received 7 more dollars.	Cynthia now has 20 dollars.
contradiction	Betty has 5 dollars. She received 6 more dollars.	Betty now has 12 dollars.
contradiction	Charlie has 5 dollars. He received 10 more dollars.	Charlie now has 3 dollars.
contradiction	Sara has 7 dollars. She received 9 more dollars.	Sara now has 20 dollars.
contradiction	Jack has 2 dollars. He received 10 more dollars.	Jack now has 5 dollars.
contradiction	Deborah has 6 dollars. She received 8 more dollars.	Deborah now has 15 dollars.
contradiction	Catherine has 4 dollars. She received 5 more dollars.	Catherine now has 11 dollars.
contradiction	Bill has 10 dollars. He received 4 more dollars.	Bill now has 9 dollars.
contradiction	Diana has 8 dollars. She received 4 more dollars.	Diana now has 7 dollars.
contradiction	Judy has 8 dollars. She received 4 more dollars.	Judy now has 10 dollars.
contradiction	Kathleen has 2 dollars. She received 8 more dollars.	Kathleen now has 15 dollars.
contradiction	Paul has 3 dollars. He received 6 more dollars.	Paul now has 17 dollars.
contradiction	Linda has 9 dollars. She received 7 more dollars.	Linda now has 19 dollars.
contradiction	Janet has 7 dollars. She received 10 more dollars.	Janet now has 14 dollars.
contradiction	Amy has 3 dollars. She received 5 more dollars.	Amy now has 10 dollars.
contradiction	Daniel has 5 dollars. He received 3 more dollars.	Daniel now has 13 dollars.
contradiction	Elaine has 10 dollars. She received 9 more dollars.	Elaine now has 17 dollars.
contradiction	Rachel has 2 dollars. She received 10 more dollars.	Rachel now has 3 dollars.
contradiction	Johnny has 10 dollars. He received 4 more dollars.	Johnny now has 10 dollars.
contradiction	Ian has 8 dollars. He received 2 more dollars.	Ian now has 17 dollars.
contradiction	Frederick has 9 dollars. He received 4 more dollars.	Frederick now has 15 dollars.
contradiction	Edith has 9 dollars. She received 2 more dollars.	Edith now has 10 dollars.
contradiction	Jill has 5 dollars. She received 8 more dollars.	Jill now has 15 dollars.
contradiction	Alexander has 9 dollars. He received 8 more dollars.	Alexander now has 12 dollars.
contradiction	Alfred has 6 dollars. He received 3 more dollars.	Alfred now has 3 dollars.
contradiction	Wendy has 2 dollars. She received 8 more dollars.	Wendy now has 15 dollars.
contradiction	Kate has 7 dollars. She received 9 more dollars.	Kate now has 20 dollars.
contradiction	Ben has 3 dollars. He received 7 more dollars.	Ben now has 13 dollars.
contradiction	James has 6 dollars. He received 8 more dollars.	James now has 4 dollars.
contradiction	Frances has 4 dollars. She received 9 more dollars.	Frances now has 5 dollars.
contradiction	Ryan has 9 dollars. He received 7 more dollars.	Ryan now has 10 dollars.
contradiction	Roy has 3 dollars. He received 4 more dollars.	Roy now has 2 dollars.
contradiction	Harriet has 7 dollars. She received 4 more dollars.	Harriet now has 13 dollars.
contradiction	Diane has 3 dollars. She received 6 more dollars.	Diane now has 13 dollars.
contradiction	Joseph has 6 dollars. He received 7 more dollars.	Joseph now has 17 dollars.
contradiction	Carl has 5 dollars. He received 6 more dollars.	Carl now has 6 dollars.
contradiction	Harry has 2 dollars. He received 7 more dollars.	Harry now has 1 dollars.
contradiction	Kate has 8 dollars. She received 5 more dollars.	Kate now has 14 dollars.
contradiction	Cynthia has 7 dollars. She received 5 more dollars.	Cynthia now has 13 dollars.
contradiction	Sarah has 2 dollars. She received 3 more dollars.	Sarah now has 13 dollars.
contradiction	Ron has 5 dollars. He received 9 more dollars.	Ron now has 6 dollars.
contradiction	Stephanie has 6 dollars. She received 10 more dollars.	Stephanie now has 19 dollars.
contradiction	Emily has 5 dollars. She received 9 more dollars.	Emily now has 8 dollars.
contradiction	Anthony has 2 dollars. He received 5 more dollars.	Anthony now has 6 dollars.
contradiction	Arthur has 2 dollars. He received 4 more dollars.	Arthur now has 10 dollars.
contradiction	Benjamin has 9 dollars. He received 3 more dollars.	Benjamin now has 5 dollars.
contradiction	Harold has 3 dollars. He received 2 more dollars.	Harold now has 2 dollars.
contradiction	Jane has 8 dollars. She received 10 more dollars.	Jane now has 2 dollars.
contradiction	Albert has 5 dollars. He received 6 more dollars.	Albert now has 8 dollars.
contradiction	Mary has 7 dollars. She received 6 more dollars.	Mary now has 2 dollars.
contradiction	Julie has 10 dollars. She received 3 more dollars.	Julie now has 15 dollars.
contradiction	Dan has 5 dollars. He received 4 more dollars.	Dan now has 6 dollars.
contradiction	Ralph has 3 dollars. He received 10 more dollars.	Ralph now has 6 dollars.
contradiction	Charlie has 2 dollars. He received 5 more dollars.	Charlie now has 5 dollars.
contradiction	Charlie has 4 dollars. He received 10 more dollars.	Charlie now has 11 dollars.
contradiction	Sophie has 2 dollars. She received 4 more dollars.	Sophie now has 9 dollars.
contradiction	Mark has 5 dollars. He received 3 more dollars.	Mark now has 5 dollars.
contradiction	Samuel has 5 dollars. He received 4 more dollars.	Samuel now has 14 dollars.
contradiction	Kathryn has 8 dollars. She received 3 more dollars.	Kathryn now has 8 dollars.
contradiction	Richard has 5 dollars. He received 10 more dollars.	Richard now has 16 dollars.
contradiction	Francis has 9 dollars. He received 8 more dollars.	Francis now has 11 dollars.
contradiction	Eleanor has 2 dollars. She received 7 more dollars.	Eleanor now has 2 dollars.
contradiction	Carol has 10 dollars. She received 4 more dollars.	Carol now has 16 dollars.
contradiction	Diana has 3 dollars. She received 8 more dollars.	Diana now has 19 dollars.
contradiction	Jay has 7 dollars. He received 10 more dollars.	Jay now has 18 dollars.
contradiction	Jonathan has 8 dollars. He received 2 more dollars.	Jonathan now has 8 dollars.
contradiction	Nick has 7 dollars. He received 5 more dollars.	Nick now has 4 dollars.
contradiction	Richard has 8 dollars. He received 7 more dollars.	Richard now has 14 dollars.
contradiction	Jennifer has 3 dollars. She received 10 more dollars.	Jennifer now has 1 dollars.
contradiction	Mary has 10 dollars. She received 2 more dollars.	Mary now has 15 dollars.
contradiction	Jane has 6 dollars. She received 2 more dollars.	Jane now has 6 dollars.
contradiction	Joe has 3 dollars. He received 6 more dollars.	Joe now has 8 dollars.
contradiction	Christopher has 6 dollars. He received 2 more dollars.	Christopher now has 9 dollars.
contradiction	Emily has 10 dollars. She received 9 more dollars.	Emily now has 10 dollars.
contradiction	Jessica has 6 dollars. She received 8 more dollars.	Jessica now has 20 dollars.
contradiction	Heather has 3 dollars. She received 10 more dollars.	Heather now has 20 dollars.
contradiction	Paul has 5 dollars. He received 6 more dollars.	Paul now has 9 dollars.
contradiction	Tim has 4 dollars. He received 7 more dollars.	Tim now has 14 dollars.
contradiction	Sam has 8 dollars. He received 6 more dollars.	Sam now has 5 dollars.
contradiction	Michael has 5 dollars. He received 8 more dollars.	Michael now has 15 dollars.
contradiction	Edwin has 9 dollars. He received 4 more dollars.	Edwin now has 14 dollars.
contradiction	Bruce has 9 dollars. He received 10 more dollars.	Bruce now has 5 dollars.
contradiction	John has 7 dollars. He received 4 more dollars.	John now has 16 dollars.
contradiction	Kathleen has 4 dollars. She received 8 more dollars.	Kathleen now has 1 dollars.
contradiction	Francis has 2 dollars. He received 10 more dollars.	Francis now has 9 dollars.
contradiction	Paul has 7 dollars. He received 10 more dollars.	Paul now has 13 dollars.
contradiction	Matthew has 6 dollars. He received 4 more dollars.	Matthew now has 12 dollars.
contradiction	Charlotte has 5 dollars. She received 3 more dollars.	Charlotte now has 3 dollars.
contradiction	Leslie has 9 dollars. She received 6 more dollars.	Leslie now has 9 dollars.
contradiction	Ray has 9 dollars. He received 4 more dollars.	Ray now has 11 dollars.
contradiction	Claire has 2 dollars. She received 7 more dollars.	Claire now has 6 dollars.
contradiction	Lisa has 3 dollars. She received 10 more dollars.	Lisa now has 17 dollars.
contradiction	Eleanor has 3 dollars. She received 5 more dollars.	Eleanor now has 1 dollars.
contradiction	Henry has 10 dollars. He received 4 more dollars.	Henry now has 15 dollars.
contradiction	Emma has 3 dollars. She received 7 more dollars.	Emma now has 9 dollars.
contradiction	Kim has 8 dollars. She received 4 more dollars.	Kim now has 5 dollars.
contradiction	Sue has 8 dollars. She received 6 more dollars.	Sue now has 11 dollars.
contradiction	Jim has 6 dollars. He received 7 more dollars.	Jim now has 18 dollars.
contradiction	Virginia has 2 dollars. She received 5 more dollars.	Virginia now has 2 dollars.
contradiction	Mark has 6 dollars. He received 4 more dollars.	Mark now has 8 dollars.
contradiction	Jerry has 3 dollars. He received 8 more dollars.	Jerry now has 13 dollars.
contradiction	Carolyn has 9 dollars. She received 7 more dollars.	Carolyn now has 14 dollars.
contradiction	Ralph has 3 dollars. He received 5 more dollars.	Ralph now has 3 dollars.
contradiction	Emma has 8 dollars. She received 6 more dollars.	Emma now has 15 dollars.
contradiction	Patrick has 3 dollars. He received 9 more dollars.	Patrick now has 18 dollars.
contradiction	Charlotte has 4 dollars. She received 5 more dollars.	Charlotte now has 15 dollars.
contradiction	Betty has 3 dollars. She received 5 more dollars.	Betty now has 9 dollars.
contradiction	Julia has 6 dollars. She received 8 more dollars.	Julia now has 15 dollars.
contradiction	Roger has 6 dollars. He received 8 more dollars.	Roger now has 11 dollars.
contradiction	Kathleen has 7 dollars. She received 10 more dollars.	Kathleen now has 4 dollars.
contradiction	Alfred has 8 dollars. He received 9 more dollars.	Alfred now has 15 dollars.
contradiction	Fiona has 3 dollars. She received 6 more dollars.	Fiona now has 13 dollars.
contradiction	Lucy has 5 dollars. She received 9 more dollars.	Lucy now has 6 dollars.
contradiction	Pamela has 4 dollars. She received 2 more dollars.	Pamela now has 11 dollars.
contradiction	Roy has 6 dollars. He received 8 more dollars.	Roy now has 20 dollars.
contradiction	Evelyn has 10 dollars. She received 5 more dollars.	Evelyn now has 7 dollars.
contradiction	Jerry has 9 dollars. He received 5 more dollars.	Jerry now has 12 dollars.
contradiction	Donald has 10 dollars. He received 9 more dollars.	Donald now has 4 dollars.
contradiction	Harry has 10 dollars. He received 3 more dollars.	Harry now has 9 dollars.
contradiction	Julia has 8 dollars. She received 10 more dollars.	Julia now has 16 dollars.
contradiction	Henry has 10 dollars. He received 4 more dollars.	Henry now has 7 dollars.
contradiction	Richard has 6 dollars. He received 5 more dollars.	Richard now has 19 dollars.
contradiction	Janet has 3 dollars. She received 6 more dollars.	Janet now has 14 dollars.
contradiction	Thomas has 7 dollars. He received 6 more dollars.	Thomas now has 7 dollars.
contradiction	Eleanor has 3 dollars. She received 9 more dollars.	Eleanor now has 6 dollars.
contradiction	Betty has 9 dollars. She received 6 more dollars.	Betty now has 12 dollars.
contradiction	Mike has 10 dollars. He received 4 more dollars.	Mike now has 10 dollars.
contradiction	Mike has 5 dollars. He received 3 more dollars.	Mike now has 2 dollars.
contradiction	Simon has 8 dollars. He received 6 more dollars.	Simon now has 15 dollars.
contradiction	Grace has 2 dollars. She received 7 more dollars.	Grace now has 17 dollars.
contradiction	Ruth has 8 dollars. She received 3 more dollars.	Ruth now has 12 dollars.
contradiction	Martin has 8 dollars. He received 6 more dollars.	Martin now has 6 dollars.
contradiction	Sarah has 4 dollars. She received 5 more dollars.	Sarah now has 14 dollars.
contradiction	Katherine has 4 dollars. She received 5 more dollars.	Katherine now has 18 dollars.
contradiction	Tim has 5 dollars. He received 10 more dollars.	Tim now has 1 dollars.
contradiction	Carl has 6 dollars. He received 4 more dollars.	Carl now has 15 dollars.
contradiction	Adam has 4 dollars. He received 10 more dollars.	Adam now has 17 dollars.
contradiction	Jay has 4 dollars. He received 9 more dollars.	Jay now has 1 dollars.
contradiction	Joseph has 6 dollars. He received 10 more dollars.	Joseph now has 6 dollars.
contradiction	Keith has 2 dollars. He received 7 more dollars.	Keith now has 16 dollars.
contradiction	Richard has 3 dollars. He received 10 more dollars.	Richard now has 17 dollars.
contradiction	Harriet has 10 dollars. She received 6 more dollars.	Harriet now has 11 dollars.
contradiction	Suzanne has 5 dollars. She received 2 more dollars.	Suzanne now has 13 dollars.
contradiction	Gary has 6 dollars. He received 2 more dollars.	Gary now has 18 dollars.
contradiction	Elaine has 7 dollars. She received 2 more dollars.	Elaine now has 10 dollars.
contradiction	Jerry has 10 dollars. He received 2 more dollars.	Jerry now has 5 dollars.
contradiction	Alison has 4 dollars. She received 2 more dollars.	Alison now has 14 dollars.
contradiction	Mary has 2 dollars. She received 8 more dollars.	Mary now has 8 dollars.
contradiction	Heather has 10 dollars. She received 5 more dollars.	Heather now has 8 dollars.
contradiction	Deborah has 10 dollars. She received 4 more dollars.	Deborah now has 8 dollars.
contradiction	Emma has 6 dollars. She received 7 more dollars.	Emma now has 5 dollars.
contradiction	Jeff has 3 dollars. He received 4 more dollars.	Jeff now has 18 dollars.
contradiction	George has 8 dollars. He received 4 more dollars.	George now has 20 dollars.
contradiction	Billy has 2 dollars. He received 10 more dollars.	Billy now has 5 dollars.
contradiction	Thomas has 3 dollars. He received 2 more dollars.	Thomas now has 13 dollars.
contradiction	Diane has 6 dollars. She received 2 more dollars.	Diane now has 10 dollars.
contradiction	Fiona has 2 dollars. She received 8 more dollars.	Fiona now has 9 dollars.
contradiction	Angela has 9 dollars. She received 8 more dollars.	Angela now has 5 dollars.
contradiction	Jill has 8 dollars. She received 5 more dollars.	Jill now has 18 dollars.
contradiction	Rachel has 7 dollars. She received 8 more dollars.	Rachel now has 12 dollars.
contradiction	Hugh has 4 dollars. He received 10 more dollars.	Hugh now has 1 dollars.
contradiction	Kevin has 9 dollars. He received 10 more dollars.	Kevin now has 17 dollars.
contradiction	Adam has 3 dollars. He received 10 more dollars.	Adam now has 20 dollars.
contradiction	Kate has 4 dollars. She received 3 more dollars.	Kate now has 13 dollars.
contradiction	George has 4 dollars. He received 2 more dollars.	George now has 2 dollars.
contradiction	Simon has 6 dollars. He received 2 more dollars.	Simon now has 9 dollars.
contradiction	Jim has 6 dollars. He received 2 more dollars.	Jim now has 17 dollars.
contradiction	Hugh has 9 dollars. He received 10 more dollars.	Hugh now has 8 dollars.
contradiction	Edward has 9 dollars. He received 8 more dollars.	Edward now has 7 dollars.
contradiction	James has 3 dollars. He received 8 more dollars.	James now has 2 dollars.
contradiction	Bob has 10 dollars. He received 6 more dollars.	Bob now has 11 dollars.
contradiction	Mary has 8 dollars. She received 7 more dollars.	Mary now has 2 dollars.
contradiction	Jerry has 6 dollars. He received 4 more dollars.	Jerry now has 4 dollars.
contradiction	Deborah has 7 dollars. She received 6 more dollars.	Deborah now has 11 dollars.
contradiction	Michael has 5 dollars. He received 9 more dollars.	Michael now has 13 dollars.
contradiction	Susan has 6 dollars. She received 7 more dollars.	Susan now has 17 dollars.
contradiction	Robert has 9 dollars. He received 2 more dollars.	Robert now has 6 dollars.
contradiction	Jonathan has 9 dollars. He received 6 more dollars.	Jonathan now has 4 dollars.
contradiction	Rose has 3 dollars. She received 10 more dollars.	Rose now has 2 dollars.
contradiction	Tony has 3 dollars. He received 10 more dollars.	Tony now has 2 dollars.
contradiction	Michael has 4 dollars. He received 10 more dollars.	Michael now has 5 dollars.
contradiction	Kenneth has 9 dollars. He received 5 more dollars.	Kenneth now has 3 dollars.
contradiction	Robin has 5 dollars. She received 8 more dollars.	Robin now has 3 dollars.
contradiction	Sandra has 6 dollars. She received 8 more dollars.	Sandra now has 7 dollars.
contradiction	Samuel has 9 dollars. He received 6 more dollars.	Samuel now has 19 dollars.
contradiction	Kenneth has 2 dollars. He received 3 more dollars.	Kenneth now has 1 dollars.
contradiction	Charlotte has 4 dollars. She received 5 more dollars.	Charlotte now has 2 dollars.
contradiction	Samuel has 3 dollars. He received 7 more dollars.	Samuel now has 11 dollars.
contradiction	Marilyn has 4 dollars. She received 5 more dollars.	Marilyn now has 18 dollars.
contradiction	Karen has 6 dollars. She received 8 more dollars.	Karen now has 8 dollars.
contradiction	Stephen has 2 dollars. He received 9 more dollars.	Stephen now has 12 dollars.
contradiction	Don has 10 dollars. He received 5 more dollars.	Don now has 4 dollars.
contradiction	Peter has 2 dollars. He received 5 more dollars.	Peter now has 8 dollars.
contradiction	Harold has 4 dollars. He received 2 more dollars.	Harold now has 7 dollars.
contradiction	Laura has 5 dollars. She received 6 more dollars.	Laura now has 5 dollars.
contradiction	Ben has 6 dollars. He received 3 more dollars.	Ben now has 14 dollars.
contradiction	Donna has 9 dollars. She received 6 more dollars.	Donna now has 20 dollars.
contradiction	John has 10 dollars. He received 9 more dollars.	John now has 12 dollars.
contradiction	Don has 9 dollars. He received 5 more dollars.	Don now has 11 dollars.
contradiction	Bobby has 5 dollars. He received 7 more dollars.	Bobby now has 4 dollars.
contradiction	Sam has 9 dollars. He received 2 more dollars.	Sam now has 10 dollars.
contradiction	Daniel has 2 dollars. He received 3 more dollars.	Daniel now has 10 dollars.
contradiction	Frances has 7 dollars. She received 6 more dollars.	Frances now has 8 dollars.
contradiction	Larry has 3 dollars. He received 7 more dollars.	Larry now has 11 dollars.
contradiction	Joe has 5 dollars. He received 9 more dollars.	Joe now has 4 dollars.
contradiction	Sara has 7 dollars. She received 2 more dollars.	Sara now has 3 dollars.
contradiction	Carol has 8 dollars. She received 3 more dollars.	Carol now has 3 dollars.
contradiction	Roger has 3 dollars. He received 5 more dollars.	Roger now has 17 dollars.
contradiction	Fiona has 5 dollars. She received 9 more dollars.	Fiona now has 9 dollars.
contradiction	Julia has 6 dollars. She received 2 more dollars.	Julia now has 7 dollars.
contradiction	Melissa has 4 dollars. She received 8 more dollars.	Melissa now has 9 dollars.
contradiction	Kelly has 2 dollars. She received 8 more dollars.	Kelly now has 3 dollars.
contradiction	Andrew has 6 dollars. He received 9 more dollars.	Andrew now has 3 dollars.
contradiction	Peter has 10 dollars. He received 9 more dollars.	Peter now has 8 dollars.
contradiction	Ian has 3 dollars. He received 4 more dollars.	Ian now has 9 dollars.
contradiction	Jerry has 3 dollars. He received 8 more dollars.	Jerry now has 16 dollars.
contradiction	Judith has 9 dollars. She received 3 more dollars.	Judith now has 1 dollars.
contradiction	Roger has 10 dollars. He received 9 more dollars.	Roger now has 4 dollars.
contradiction	Helen has 2 dollars. She received 3 more dollars.	Helen now has 2 dollars.
contradiction	Dave has 5 dollars. He received 3 more dollars.	Dave now has 10 dollars.
contradiction	Arthur has 8 dollars. He received 6 more dollars.	Arthur now has 9 dollars.
contradiction	Philip has 5 dollars. He received 7 more dollars.	Philip now has 1 dollars.
contradiction	Jennifer has 9 dollars. She received 6 more dollars.	Jennifer now has 6 dollars.
contradiction	Pamela has 5 dollars. She received 3 more dollars.	Pamela now has 5 dollars.
contradiction	Michael has 10 dollars. He received 5 more dollars.	Michael now has 19 dollars.
contradiction	Edward has 3 dollars. He received 2 more dollars.	Edward now has 6 dollars.
contradiction	Alfred has 10 dollars. He received 4 more dollars.	Alfred now has 9 dollars.
contradiction	Fred has 3 dollars. He received 9 more dollars.	Fred now has 1 dollars.
contradiction	Donna has 7 dollars. She received 6 more dollars.	Donna now has 11 dollars.
contradiction	Dan has 8 dollars. He received 3 more dollars.	Dan now has 10 dollars.
contradiction	Anthony has 2 dollars. He received 8 more dollars.	Anthony now has 14 dollars.
contradiction	Jerry has 10 dollars. He received 6 more dollars.	Jerry now has 19 dollars.
contradiction	Chris has 3 dollars. He received 5 more dollars.	Chris now has 6 dollars.
contradiction	Mike has 9 dollars. He received 3 more dollars.	Mike now has 3 dollars.
contradiction	Victoria has 7 dollars. She received 6 more dollars.	Victoria now has 6 dollars.
contradiction	Henry has 7 dollars. He received 10 more dollars.	Henry now has 4 dollars.
contradiction	Edith has 10 dollars. She received 4 more dollars.	Edith now has 18 dollars.
contradiction	Kate has 10 dollars. She received 8 more dollars.	Kate now has 6 dollars.
contradiction	Jean has 9 dollars. She received 2 more dollars.	Jean now has 20 dollars.
contradiction	Ken has 4 dollars. He received 6 more dollars.	Ken now has 11 dollars.
contradiction	Frances has 4 dollars. She received 7 more dollars.	Frances now has 4 dollars.
contradiction	Samuel has 3 dollars. He received 2 more dollars.	Samuel now has 4 dollars.
contradiction	Harry has 3 dollars. He received 7 more dollars.	Harry now has 18 dollars.
contradiction	Ellen has 4 dollars. She received 6 more dollars.	Ellen now has 11 dollars.
contradiction	Jean has 9 dollars. She received 7 more dollars.	Jean now has 17 dollars.
contradiction	Amanda has 7 dollars. She received 10 more dollars.	Amanda now has 15 dollars.
contradiction	Karen has 3 dollars. She received 9 more dollars.	Karen now has 1 dollars.
contradiction	Deborah has 5 dollars. She received 2 more dollars.	Deborah now has 18 dollars.
contradiction	Dick has 9 dollars. He received 8 more dollars.	Dick now has 15 dollars.
contradiction	Mike has 8 dollars. He received 10 more dollars.	Mike now has 20 dollars.
contradiction	Carl has 10 dollars. He received 3 more dollars.	Carl now has 4 dollars.
contradiction	Sue has 3 dollars. She received 5 more dollars.	Sue now has 5 dollars.
contradiction	Joan has 7 dollars. She received 5 more dollars.	Joan now has 3 dollars.
contradiction	Fiona has 4 dollars. She received 9 more dollars.	Fiona now has 1 dollars.
contradiction	Andrea has 2 dollars. She received 4 more dollars.	Andrea now has 17 dollars.
contradiction	Michelle has 8 dollars. She received 6 more dollars.	Michelle now has 3 dollars.
contradiction	Martin has 3 dollars. He received 2 more dollars.	Martin now has 9 dollars.
contradiction	Jeff has 9 dollars. He received 4 more dollars.	Jeff now has 5 dollars.
contradiction	Patrick has 4 dollars. He received 3 more dollars.	Patrick now has 17 dollars.
contradiction	Marie has 7 dollars. She received 4 more dollars.	Marie now has 12 dollars.
contradiction	Ann has 10 dollars. She received 5 more dollars.	Ann now has 10 dollars.
contradiction	Albert has 7 dollars. He received 3 more dollars.	Albert now has 11 dollars.
contradiction	Stephen has 6 dollars. He received 7 more dollars.	Stephen now has 5 dollars.
contradiction	Dorothy has 10 dollars. She received 2 more dollars.	Dorothy now has 15 dollars.
contradiction	Richard has 8 dollars. He received 2 more dollars.	Richard now has 3 dollars.
contradiction	Alexander has 6 dollars. He received 4 more dollars.	Alexander now has 3 dollars.
contradiction	James has 8 dollars. He received 7 more dollars.	James now has 10 dollars.
contradiction	Jim has 2 dollars. He received 5 more dollars.	Jim now has 8 dollars.
contradiction	Claire has 6 dollars. She received 2 more dollars.	Claire now has 12 dollars.
contradiction	Melissa has 6 dollars. She received 10 more dollars.	Melissa now has 8 dollars.
contradiction	Alex has 6 dollars. He received 2 more dollars.	Alex now has 18 dollars.
contradiction	Philip has 5 dollars. He received 3 more dollars.	Philip now has 13 dollars.
contradiction	Ruth has 8 dollars. She received 10 more dollars.	Ruth now has 9 dollars.
contradiction	Karen has 5 dollars. She received 6 more dollars.	Karen now has 4 dollars.
contradiction	Arthur has 10 dollars. He received 5 more dollars.	Arthur now has 5 dollars.
contradiction	Ruth has 2 dollars. She received 8 more dollars.	Ruth now has 20 dollars.
contradiction	Sharon has 4 dollars. She received 2 more dollars.	Sharon now has 10 dollars.
contradiction	Johnny has 9 dollars. He received 7 more dollars.	Johnny now has 20 dollars.
contradiction	Harold has 2 dollars. He received 8 more dollars.	Harold now has 18 dollars.
contradiction	Claire has 9 dollars. She received 4 more dollars.	Claire now has 5 dollars.
contradiction	Chris has 8 dollars. He received 10 more dollars.	Chris now has 20 dollars.
contradiction	Rebecca has 4 dollars. She received 6 more dollars.	Rebecca now has 18 dollars.
contradiction	Stephen has 8 dollars. He received 5 more dollars.	Stephen now has 1 dollars.
contradiction	David has 6 dollars. He received 8 more dollars.	David now has 15 dollars.
contradiction	Don has 6 dollars. He received 8 more dollars.	Don now has 13 dollars.
contradiction	Keith has 9 dollars. He received 4 more dollars.	Keith now has 12 dollars.
contradiction	Greg has 7 dollars. He received 2 more dollars.	Greg now has 1 dollars.
contradiction	Catherine has 10 dollars. She received 6 more dollars.	Catherine now has 13 dollars.
contradiction	Johnny has 8 dollars. He received 7 more dollars.	Johnny now has 20 dollars.
contradiction	Scott has 4 dollars. He received 8 more dollars.	Scott now has 18 dollars.
contradiction	Fiona has 5 dollars. She received 6 more dollars.	Fiona now has 17 dollars.
contradiction	Tim has 10 dollars. He received 2 more dollars.	Tim now has 5 dollars.
contradiction	Lisa has 5 dollars. She received 2 more dollars.	Lisa now has 10 dollars.
contradiction	Marilyn has 2 dollars. She received 8 more dollars.	Marilyn now has 19 dollars.
contradiction	Stephanie has 3 dollars. She received 9 more dollars.	Stephanie now has 20 dollars.
contradiction	Mark has 10 dollars. He received 5 more dollars.	Mark now has 5 dollars.
contradiction	Eric has 10 dollars. He received 4 more dollars.	Eric now has 4 dollars.
contradiction	Chris has 9 dollars. He received 10 more dollars.	Chris now has 20 dollars.
contradiction	Jessica has 2 dollars. She received 9 more dollars.	Jessica now has 19 dollars.
contradiction	Daniel has 9 dollars. He received 2 more dollars.	Daniel now has 4 dollars.
contradiction	Lawrence has 8 dollars. He received 10 more dollars.	Lawrence now has 9 dollars.
contradiction	Mary has 5 dollars. She received 4 more dollars.	Mary now has 13 dollars.
contradiction	Helen has 9 dollars. She received 4 more dollars.	Helen now has 7 dollars.
contradiction	Ralph has 4 dollars. He received 5 more dollars.	Ralph now has 6 dollars.
contradiction	Tony has 2 dollars. He received 5 more dollars.	Tony now has 17 dollars.
contradiction	Kenneth has 9 dollars. He received 3 more dollars.	Kenneth now has 17 dollars.
contradiction	Jason has 3 dollars. He received 4 more dollars.	Jason now has 12 dollars.
contradiction	Samuel has 7 dollars. He received 2 more dollars.	Samuel now has 16 dollars.
contradiction	Dave has 7 dollars. He received 10 more dollars.	Dave now has 7 dollars.
contradiction	Chris has 9 dollars. He received 10 more dollars.	Chris now has 11 dollars.
contradiction	Don has 8 dollars. He received 4 more dollars.	Don now has 8 dollars.
contradiction	Adam has 10 dollars. He received 6 more dollars.	Adam now has 20 dollars.
contradiction	William has 6 dollars. He received 9 more dollars.	William now has 6 dollars.
contradiction	Edward has 5 dollars. He received 6 more dollars.	Edward now has 9 dollars.
contradiction	Greg has 7 dollars. He received 10 more dollars.	Greg now has 14 dollars.
contradiction	Sally has 6 dollars. She received 10 more dollars.	Sally now has 2 dollars.
contradiction	Victoria has 10 dollars. She received 4 more dollars.	Victoria now has 1 dollars.
contradiction	Charlotte has 7 dollars. She received 6 more dollars.	Charlotte now has 14 dollars.
contradiction	Jimmy has 6 dollars. He received 10 more dollars.	Jimmy now has 6 dollars.
contradiction	Angela has 8 dollars. She received 3 more dollars.	Angela now has 6 dollars.
contradiction	Roy has 9 dollars. He received 3 more dollars.	Roy now has 19 dollars.
contradiction	Kathy has 3 dollars. She received 8 more dollars.	Kathy now has 10 dollars.
contradiction	Cynthia has 3 dollars. She received 4 more dollars.	Cynthia now has 10 dollars.
contradiction	Nicole has 2 dollars. She received 9 more dollars.	Nicole now has 15 dollars.
contradiction	Heather has 8 dollars. She received 5 more dollars.	Heather now has 11 dollars.
contradiction	Johnny has 5 dollars. He received 7 more dollars.	Johnny now has 9 dollars.
contradiction	Angela has 4 dollars. She received 10 more dollars.	Angela now has 15 dollars.
contradiction	John has 10 dollars. He received 5 more dollars.	John now has 7 dollars.
contradiction	Charlie has 9 dollars. He received 5 more dollars.	Charlie now has 16 dollars.
contradiction	Pamela has 7 dollars. She received 8 more dollars.	Pamela now has 3 dollars.
contradiction	Joan has 8 dollars. She received 6 more dollars.	Joan now has 17 dollars.
contradiction	Louise has 7 dollars. She received 8 more dollars.	Louise now has 9 dollars.
contradiction	Sue has 6 dollars. She received 8 more dollars.	Sue now has 12 dollars.
contradiction	Sophie has 5 dollars. She received 4 more dollars.	Sophie now has 15 dollars.
contradiction	Evelyn has 5 dollars. She received 3 more dollars.	Evelyn now has 7 dollars.
contradiction	Kate has 5 dollars. She received 10 more dollars.	Kate now has 6 dollars.
contradiction	Tom has 7 dollars. He received 5 more dollars.	Tom now has 5 dollars.
contradiction	Victoria has 8 dollars. She received 5 more dollars.	Victoria now has 2 dollars.
contradiction	Donald has 9 dollars. He received 3 more dollars.	Donald now has 4 dollars.
contradiction	Chris has 6 dollars. He received 5 more dollars.	Chris now has 20 dollars.
contradiction	Dorothy has 5 dollars. She received 9 more dollars.	Dorothy now has 15 dollars.
contradiction	Joan has 5 dollars. She received 2 more dollars.	Joan now has 19 dollars.
contradiction	Pamela has 5 dollars. She received 9 more dollars.	Pamela now has 20 dollars.
contradiction	Nick has 8 dollars. He received 4 more dollars.	Nick now has 15 dollars.
contradiction	Rose has 10 dollars. She received 8 more dollars.	Rose now has 3 dollars.
contradiction	Grace has 7 dollars. She received 9 more dollars.	Grace now has 20 dollars.
contradiction	Bruce has 7 dollars. He received 10 more dollars.	Bruce now has 12 dollars.
contradiction	William has 3 dollars. He received 10 more dollars.	William now has 10 dollars.
contradiction	Margaret has 7 dollars. She received 8 more dollars.	Margaret now has 13 dollars.
contradiction	David has 5 dollars. He received 4 more dollars.	David now has 7 dollars.
contradiction	Kelly has 7 dollars. She received 6 more dollars.	Kelly now has 15 dollars.
contradiction	Sara has 5 dollars. She received 3 more dollars.	Sara now has 13 dollars.
contradiction	Ron has 5 dollars. He received 2 more dollars.	Ron now has 19 dollars.
contradiction	Judith has 9 dollars. She received 3 more dollars.	Judith now has 10 dollars.
contradiction	Jonathan has 9 dollars. He received 4 more dollars.	Jonathan now has 12 dollars.
contradiction	Mary has 5 dollars. She received 10 more dollars.	Mary now has 12 dollars.
contradiction	Ben has 8 dollars. He received 10 more dollars.	Ben now has 14 dollars.
contradiction	Elizabeth has 7 dollars. She received 3 more dollars.	Elizabeth now has 16 dollars.
contradiction	Keith has 3 dollars. He received 6 more dollars.	Keith now has 4 dollars.
contradiction	Catherine has 8 dollars. She received 9 more dollars.	Catherine now has 7 dollars.
contradiction	Stephen has 8 dollars. He received 7 more dollars.	Stephen now has 19 dollars.
contradiction	Al has 7 dollars. He received 8 more dollars.	Al now has 4 dollars.
contradiction	Robin has 8 dollars. She received 5 more dollars.	Robin now has 5 dollars.
contradiction	Karen has 6 dollars. She received 7 more dollars.	Karen now has 17 dollars.
contradiction	Barbara has 10 dollars. She received 7 more dollars.	Barbara now has 2 dollars.
contradiction	Colin has 7 dollars. He received 3 more dollars.	Colin now has 19 dollars.
contradiction	Wendy has 2 dollars. She received 3 more dollars.	Wendy now has 12 dollars.
contradiction	Kevin has 3 dollars. He received 8 more dollars.	Kevin now has 8 dollars.
contradiction	Ed has 3 dollars. He received 6 more dollars.	Ed now has 11 dollars.
contradiction	Carol has 5 dollars. She received 2 more dollars.	Carol now has 14 dollars.
contradiction	Laura has 10 dollars. She received 7 more dollars.	Laura now has 15 dollars.
contradiction	Anthony has 3 dollars. He received 4 more dollars.	Anthony now has 6 dollars.
contradiction	Martin has 2 dollars. He received 4 more dollars.	Martin now has 12 dollars.
contradiction	Thomas has 6 dollars. He received 9 more dollars.	Thomas now has 18 dollars.
contradiction	Anna has 10 dollars. She received 3 more dollars.	Anna now has 11 dollars.
contradiction	Kathy has 10 dollars. She received 2 more dollars.	Kathy now has 4 dollars.
contradiction	Brian has 10 dollars. He received 8 more dollars.	Brian now has 10 dollars.
contradiction	Harry has 2 dollars. He received 9 more dollars.	Harry now has 6 dollars.
contradiction	Bobby has 9 dollars. He received 4 more dollars.	Bobby now has 20 dollars.
contradiction	Harold has 2 dollars. He received 4 more dollars.	Harold now has 19 dollars.
contradiction	Charlotte has 6 dollars. She received 9 more dollars.	Charlotte now has 6 dollars.
contradiction	Roy has 2 dollars. He received 5 more dollars.	Roy now has 16 dollars.
contradiction	Robert has 4 dollars. He received 8 more dollars.	Robert now has 9 dollars.
contradiction	Kathryn has 9 dollars. She received 7 more dollars.	Kathryn now has 17 dollars.
contradiction	Gary has 10 dollars. He received 8 more dollars.	Gary now has 2 dollars.
contradiction	Kathleen has 6 dollars. She received 3 more dollars.	Kathleen now has 5 dollars.
contradiction	Arthur has 7 dollars. He received 9 more dollars.	Arthur now has 15 dollars.
contradiction	Donna has 8 dollars. She received 2 more dollars.	Donna now has 18 dollars.
contradiction	Diane has 6 dollars. She received 7 more dollars.	Diane now has 5 dollars.
contradiction	Tom has 6 dollars. He received 4 more dollars.	Tom now has 19 dollars.
contradiction	Henry has 4 dollars. He received 8 more dollars.	Henry now has 9 dollars.
contradiction	Richard has 3 dollars. He received 10 more dollars.	Richard now has 10 dollars.
contradiction	Ian has 5 dollars. He received 7 more dollars.	Ian now has 19 dollars.
contradiction	Ken has 5 dollars. He received 6 more dollars.	Ken now has 20 dollars.
contradiction	Rose has 8 dollars. She received 9 more dollars.	Rose now has 11 dollars.
contradiction	Alice has 10 dollars. She received 4 more dollars.	Alice now has 15 dollars.
contradiction	Sharon has 9 dollars. She received 8 more dollars.	Sharon now has 18 dollars.
contradiction	Frederick has 3 dollars. He received 6 more dollars.	Frederick now has 4 dollars.
contradiction	Matt has 4 dollars. He received 9 more dollars.	Matt now has 15 dollars.
contradiction	Anthony has 9 dollars. He received 5 more dollars.	Anthony now has 17 dollars.
contradiction	James has 5 dollars. He received 4 more dollars.	James now has 2 dollars.
contradiction	Stephanie has 5 dollars. She received 9 more dollars.	Stephanie now has 9 dollars.
contradiction	Kim has 2 dollars. She received 9 more dollars.	Kim now has 2 dollars.
contradiction	Sam has 6 dollars. He received 7 more dollars.	Sam now has 2 dollars.
contradiction	Jim has 10 dollars. He received 6 more dollars.	Jim now has 18 dollars.
contradiction	Annie has 8 dollars. She received 7 more dollars.	Annie now has 4 dollars.
contradiction	Simon has 4 dollars. He received 5 more dollars.	Simon now has 16 dollars.
contradiction	Victoria has 9 dollars. She received 10 more dollars.	Victoria now has 4 dollars.
contradiction	Tony has 3 dollars. He received 2 more dollars.	Tony now has 8 dollars.
contradiction	David has 9 dollars. He received 5 more dollars.	David now has 1 dollars.
contradiction	Sara has 2 dollars. She received 4 more dollars.	Sara now has 4 dollars.
contradiction	Simon has 6 dollars. He received 8 more dollars.	Simon now has 19 dollars.
contradiction	Susan has 5 dollars. She received 6 more dollars.	Susan now has 12 dollars.
contradiction	Diana has 5 dollars. She received 4 more dollars.	Diana now has 7 dollars.
contradiction	Christine has 7 dollars. She received 3 more dollars.	Christine now has 2 dollars.
contradiction	Anna has 7 dollars. She received 9 more dollars.	Anna now has 18 dollars.
contradiction	Lawrence has 4 dollars. He received 3 more dollars.	Lawrence now has 8 dollars.
contradiction	Jeff has 8 dollars. He received 6 more dollars.	Jeff now has 17 dollars.
contradiction	Jennifer has 9 dollars. She received 4 more dollars.	Jennifer now has 12 dollars.
contradiction	Carolyn has 5 dollars. She received 6 more dollars.	Carolyn now has 16 dollars.
contradiction	Linda has 2 dollars. She received 5 more dollars.	Linda now has 2 dollars.
contradiction	Louise has 7 dollars. She received 3 more dollars.	Louise now has 3 dollars.
contradiction	Michael has 2 dollars. He received 8 more dollars.	Michael now has 7 dollars.
contradiction	William has 7 dollars. He received 5 more dollars.	William now has 14 dollars.
contradiction	Virginia has 3 dollars. She received 7 more dollars.	Virginia now has 19 dollars.
contradiction	Scott has 9 dollars. He received 10 more dollars.	Scott now has 8 dollars.
contradiction	Tony has 3 dollars. He received 6 more dollars.	Tony now has 12 dollars.
contradiction	Anne has 7 dollars. She received 8 more dollars.	Anne now has 20 dollars.
contradiction	Jason has 2 dollars. He received 8 more dollars.	Jason now has 19 dollars.
contradiction	Nancy has 4 dollars. She received 2 more dollars.	Nancy now has 19 dollars.
contradiction	Sarah has 9 dollars. She received 3 more dollars.	Sarah now has 15 dollars.
contradiction	Julia has 10 dollars. She received 9 more dollars.	Julia now has 15 dollars.
contradiction	Ruth has 2 dollars. She received 8 more dollars.	Ruth now has 18 dollars.
contradiction	Kathryn has 7 dollars. She received 10 more dollars.	Kathryn now has 15 dollars.
contradiction	Martin has 3 dollars. He received 4 more dollars.	Martin now has 17 dollars.
contradiction	Kathryn has 6 dollars. She received 2 more dollars.	Kathryn now has 20 dollars.
contradiction	Richard has 2 dollars. He received 3 more dollars.	Richard now has 2 dollars.
contradiction	Sara has 3 dollars. She received 5 more dollars.	Sara now has 20 dollars.
contradiction	Annie has 6 dollars. She received 8 more dollars.	Annie now has 16 dollars.
contradiction	Peter has 8 dollars. He received 3 more dollars.	Peter now has 1 dollars.
contradiction	Robin has 3 dollars. She received 4 more dollars.	Robin now has 10 dollars.
contradiction	Sue has 5 dollars. She received 2 more dollars.	Sue now has 3 dollars.
contradiction	Sharon has 5 dollars. She received 6 more dollars.	Sharon now has 9 dollars.
contradiction	Harold has 4 dollars. He received 7 more dollars.	Harold now has 9 dollars.
contradiction	Carolyn has 10 dollars. She received 7 more dollars.	Carolyn now has 19 dollars.
contradiction	Helen has 5 dollars. She received 6 more dollars.	Helen now has 15 dollars.
contradiction	Steven has 5 dollars. He received 7 more dollars.	Steven now has 17 dollars.
contradiction	Robin has 3 dollars. She received 6 more dollars.	Robin now has 15 dollars.
contradiction	Edwin has 2 dollars. He received 6 more dollars.	Edwin now has 11 dollars.
contradiction	Peter has 10 dollars. He received 9 more dollars.	Peter now has 15 dollars.
contradiction	Simon has 5 dollars. He received 4 more dollars.	Simon now has 18 dollars.
contradiction	Mark has 5 dollars. He received 7 more dollars.	Mark now has 18 dollars.
contradiction	Andrew has 10 dollars. He received 3 more dollars.	Andrew now has 8 dollars.
contradiction	Amy has 6 dollars. She received 9 more dollars.	Amy now has 12 dollars.
contradiction	Maria has 3 dollars. She received 7 more dollars.	Maria now has 11 dollars.
contradiction	Al has 6 dollars. He received 9 more dollars.	Al now has 8 dollars.
contradiction	Christine has 9 dollars. She received 8 more dollars.	Christine now has 9 dollars.
contradiction	Anne has 10 dollars. She received 6 more dollars.	Anne now has 6 dollars.
contradiction	Anne has 3 dollars. She received 4 more dollars.	Anne now has 20 dollars.
contradiction	Grace has 6 dollars. She received 3 more dollars.	Grace now has 1 dollars.
contradiction	Carl has 3 dollars. He received 6 more dollars.	Carl now has 14 dollars.
contradiction	Caroline has 5 dollars. She received 8 more dollars.	Caroline now has 15 dollars.
contradiction	Alfred has 4 dollars. He received 10 more dollars.	Alfred now has 20 dollars.
contradiction	Michael has 7 dollars. He received 9 more dollars.	Michael now has 11 dollars.
contradiction	Alexandra has 2 dollars. She received 7 more dollars.	Alexandra now has 5 dollars.
contradiction	Alison has 2 dollars. She received 4 more dollars.	Alison now has 16 dollars.
contradiction	Michael has 7 dollars. He received 8 more dollars.	Michael now has 9 dollars.
contradiction	Sharon has 6 dollars. She received 7 more dollars.	Sharon now has 3 dollars.
contradiction	Amy has 9 dollars. She received 6 more dollars.	Amy now has 11 dollars.
contradiction	Ryan has 7 dollars. He received 10 more dollars.	Ryan now has 2 dollars.
contradiction	Philip has 10 dollars. He received 8 more dollars.	Philip now has 20 dollars.
contradiction	Jim has 9 dollars. He received 2 more dollars.	Jim now has 9 dollars.
contradiction	Alan has 6 dollars. He received 10 more dollars.	Alan now has 13 dollars.
contradiction	Paul has 6 dollars. He received 10 more dollars.	Paul now has 4 dollars.
contradiction	Ann has 2 dollars. She received 3 more dollars.	Ann now has 6 dollars.
contradiction	Stephanie has 2 dollars. She received 9 more dollars.	Stephanie now has 12 dollars.
contradiction	Robin has 3 dollars. She received 9 more dollars.	Robin now has 19 dollars.
contradiction	Bruce has 7 dollars. He received 2 more dollars.	Bruce now has 4 dollars.
contradiction	Howard has 2 dollars. He received 8 more dollars.	Howard now has 12 dollars.
contradiction	Elizabeth has 6 dollars. She received 3 more dollars.	Elizabeth now has 15 dollars.
contradiction	Karen has 7 dollars. She received 10 more dollars.	Karen now has 19 dollars.
contradiction	Patricia has 8 dollars. She received 7 more dollars.	Patricia now has 1 dollars.
contradiction	Eleanor has 2 dollars. She received 5 more dollars.	Eleanor now has 8 dollars.
contradiction	Deborah has 8 dollars. She received 7 more dollars.	Deborah now has 17 dollars.
contradiction	Andrea has 6 dollars. She received 3 more dollars.	Andrea now has 4 dollars.
contradiction	Helen has 6 dollars. She received 7 more dollars.	Helen now has 2 dollars.
contradiction	Kenneth has 4 dollars. He received 9 more dollars.	Kenneth now has 8 dollars.
contradiction	Virginia has 9 dollars. She received 10 more dollars.	Virginia now has 12 dollars.
contradiction	Henry has 5 dollars. He received 9 more dollars.	Henry now has 8 dollars.
contradiction	Michael has 2 dollars. He received 4 more dollars.	Michael now has 8 dollars.
contradiction	Jane has 5 dollars. She received 7 more dollars.	Jane now has 1 dollars.
contradiction	George has 5 dollars. He received 9 more dollars.	George now has 7 dollars.
contradiction	Jason has 10 dollars. He received 2 more dollars.	Jason now has 13 dollars.
contradiction	Melissa has 7 dollars. She received 2 more dollars.	Melissa now has 18 dollars.
contradiction	Fiona has 7 dollars. She received 10 more dollars.	Fiona now has 3 dollars.
contradiction	Jean has 3 dollars. She received 9 more dollars.	Jean now has 2 dollars.
contradiction	Mark has 6 dollars. He received 2 more dollars.	Mark now has 13 dollars.
contradiction	Kathryn has 2 dollars. She received 3 more dollars.	Kathryn now has 10 dollars.
contradiction	Jim has 9 dollars. He received 4 more dollars.	Jim now has 17 dollars.
contradiction	Martha has 3 dollars. She received 10 more dollars.	Martha now has 9 dollars.
contradiction	Harry has 2 dollars. He received 10 more dollars.	Harry now has 17 dollars.
contradiction	Nicole has 7 dollars. She received 2 more dollars.	Nicole now has 2 dollars.
contradiction	Ray has 2 dollars. He received 5 more dollars.	Ray now has 17 dollars.
contradiction	Adam has 4 dollars. He received 10 more dollars.	Adam now has 17 dollars.
contradiction	Johnny has 10 dollars. He received 3 more dollars.	Johnny now has 4 dollars.
contradiction	Jack has 10 dollars. He received 8 more dollars.	Jack now has 12 dollars.
contradiction	Caroline has 3 dollars. She received 4 more dollars.	Caroline now has 5 dollars.
contradiction	Lucy has 4 dollars. She received 3 more dollars.	Lucy now has 10 dollars.
contradiction	James has 8 dollars. He received 9 more dollars.	James now has 4 dollars.
contradiction	Francis has 3 dollars. He received 9 more dollars.	Francis now has 2 dollars.
contradiction	Donna has 2 dollars. She received 10 more dollars.	Donna now has 7 dollars.
contradiction	Emma has 3 dollars. She received 8 more dollars.	Emma now has 7 dollars.
contradiction	Albert has 9 dollars. He received 4 more dollars.	Albert now has 1 dollars.
contradiction	Brian has 6 dollars. He received 10 more dollars.	Brian now has 15 dollars.
contradiction	Ed has 5 dollars. He received 2 more dollars.	Ed now has 14 dollars.
contradiction	Bobby has 10 dollars. He received 3 more dollars.	Bobby now has 1 dollars.
contradiction	Sophie has 3 dollars. She received 7 more dollars.	Sophie now has 1 dollars.
contradiction	Kenneth has 8 dollars. He received 3 more dollars.	Kenneth now has 8 dollars.
contradiction	Matthew has 7 dollars. He received 9 more dollars.	Matthew now has 14 dollars.
contradiction	Mike has 2 dollars. He received 5 more dollars.	Mike now has 12 dollars.
contradiction	Sarah has 9 dollars. She received 10 more dollars.	Sarah now has 6 dollars.
contradiction	Kathy has 4 dollars. She received 8 more dollars.	Kathy now has 8 dollars.
contradiction	Sophie has 3 dollars. She received 2 more dollars.	Sophie now has 19 dollars.
contradiction	Donald has 3 dollars. He received 8 more dollars.	Donald now has 17 dollars.
contradiction	Julia has 5 dollars. She received 4 more dollars.	Julia now has 2 dollars.
contradiction	Tony has 2 dollars. He received 5 more dollars.	Tony now has 5 dollars.
contradiction	Amy has 4 dollars. She received 6 more dollars.	Amy now has 19 dollars.
contradiction	Charlotte has 8 dollars. She received 9 more dollars.	Charlotte now has 8 dollars.
contradiction	Sally has 4 dollars. She received 7 more dollars.	Sally now has 14 dollars.
contradiction	Margaret has 6 dollars. She received 4 more dollars.	Margaret now has 15 dollars.
contradiction	Florence has 3 dollars. She received 2 more dollars.	Florence now has 19 dollars.
contradiction	Melissa has 5 dollars. She received 2 more dollars.	Melissa now has 14 dollars.
contradiction	Betty has 9 dollars. She received 7 more dollars.	Betty now has 5 dollars.
contradiction	Lucy has 4 dollars. She received 3 more dollars.	Lucy now has 18 dollars.
contradiction	Eleanor has 9 dollars. She received 7 more dollars.	Eleanor now has 3 dollars.
contradiction	Ron has 10 dollars. He received 8 more dollars.	Ron now has 12 dollars.
contradiction	Alison has 10 dollars. She received 7 more dollars.	Alison now has 3 dollars.
contradiction	Kathleen has 5 dollars. She received 10 more dollars.	Kathleen now has 11 dollars.
contradiction	Joseph has 10 dollars. He received 5 more dollars.	Joseph now has 12 dollars.
contradiction	Patrick has 4 dollars. He received 3 more dollars.	Patrick now has 8 dollars.
contradiction	Elaine has 6 dollars. She received 9 more dollars.	Elaine now has 3 dollars.
contradiction	Sophie has 9 dollars. She received 2 more dollars.	Sophie now has 18 dollars.
contradiction	Jay has 9 dollars. He received 4 more dollars.	Jay now has 10 dollars.
contradiction	Jill has 6 dollars. She received 3 more dollars.	Jill now has 3 dollars.
contradiction	Marie has 7 dollars. She received 8 more dollars.	Marie now has 20 dollars.
contradiction	Barbara has 7 dollars. She received 8 more dollars.	Barbara now has 13 dollars.
contradiction	Kevin has 10 dollars. He received 7 more dollars.	Kevin now has 14 dollars.
contradiction	Tony has 8 dollars. He received 7 more dollars.	Tony now has 1 dollars.
contradiction	Judy has 4 dollars. She received 2 more dollars.	Judy now has 9 dollars.
contradiction	Martin has 3 dollars. He received 7 more dollars.	Martin now has 17 dollars.
contradiction	Elaine has 4 dollars. She received 9 more dollars.	Elaine now has 5 dollars.
contradiction	Chris has 5 dollars. He received 9 more dollars.	Chris now has 1 dollars.
contradiction	Jane has 9 dollars. She received 6 more dollars.	Jane now has 2 dollars.
contradiction	Joan has 9 dollars. She received 7 more dollars.	Joan now has 14 dollars.
contradiction	Matthew has 2 dollars. He received 8 more dollars.	Matthew now has 11 dollars.
contradiction	Harry has 5 dollars. He received 7 more dollars.	Harry now has 2 dollars.
contradiction	Frederick has 7 dollars. He received 5 more dollars.	Frederick now has 6 dollars.
contradiction	Kate has 10 dollars. She received 3 more dollars.	Kate now has 18 dollars.
contradiction	Edward has 9 dollars. He received 8 more dollars.	Edward now has 12 dollars.
contradiction	Jane has 10 dollars. She received 3 more dollars.	Jane now has 11 dollars.
contradiction	Tony has 6 dollars. He received 8 more dollars.	Tony now has 12 dollars.
contradiction	Jimmy has 4 dollars. He received 10 more dollars.	Jimmy now has 2 dollars.
contradiction	Harry has 10 dollars. He received 7 more dollars.	Harry now has 18 dollars.
contradiction	Jeff has 3 dollars. He received 6 more dollars.	Jeff now has 12 dollars.
contradiction	Martin has 8 dollars. He received 2 more dollars.	Martin now has 12 dollars.
contradiction	Kelly has 5 dollars. She received 4 more dollars.	Kelly now has 1 dollars.
contradiction	Tim has 8 dollars. He received 3 more dollars.	Tim now has 18 dollars.
contradiction	Victoria has 10 dollars. She received 7 more dollars.	Victoria now has 20 dollars.
contradiction	Alexandra has 9 dollars. She received 2 more dollars.	Alexandra now has 1 dollars.
contradiction	Charlotte has 10 dollars. She received 9 more dollars.	Charlotte now has 20 dollars.
contradiction	Robin has 10 dollars. She received 2 more dollars.	Robin now has 6 dollars.
contradiction	Wendy has 4 dollars. She received 9 more dollars.	Wendy now has 12 dollars.
contradiction	Colin has 10 dollars. He received 9 more dollars.	Colin now has 14 dollars.
contradiction	Leslie has 3 dollars. She received 8 more dollars.	Leslie now has 7 dollars.
contradiction	Jennifer has 3 dollars. She received 4 more dollars.	Jennifer now has 4 dollars.
contradiction	Jack has 8 dollars. He received 5 more dollars.	Jack now has 16 dollars.
contradiction	Maria has 7 dollars. She received 9 more dollars.	Maria now has 19 dollars.
contradiction	Kathleen has 7 dollars. She received 2 more dollars.	Kathleen now has 20 dollars.
contradiction	Virginia has 2 dollars. She received 10 more dollars.	Virginia now has 10 dollars.
contradiction	Andrea has 9 dollars. She received 7 more dollars.	Andrea now has 7 dollars.
contradiction	Peter has 5 dollars. He received 2 more dollars.	Peter now has 4 dollars.
contradiction	Robert has 8 dollars. He received 10 more dollars.	Robert now has 20 dollars.
contradiction	Ellen has 2 dollars. She received 10 more dollars.	Ellen now has 18 dollars.
contradiction	Lynn has 9 dollars. She received 7 more dollars.	Lynn now has 4 dollars.
contradiction	Ed has 6 dollars. He received 3 more dollars.	Ed now has 18 dollars.
contradiction	Richard has 2 dollars. He received 8 more dollars.	Richard now has 9 dollars.
contradiction	Sam has 2 dollars. He received 8 more dollars.	Sam now has 14 dollars.
contradiction	Bob has 4 dollars. He received 9 more dollars.	Bob now has 16 dollars.
contradiction	Jean has 7 dollars. She received 3 more dollars.	Jean now has 12 dollars.
contradiction	Robert has 6 dollars. He received 4 more dollars.	Robert now has 1 dollars.
contradiction	Dorothy has 3 dollars. She received 7 more dollars.	Dorothy now has 14 dollars.
contradiction	Sophie has 4 dollars. She received 5 more dollars.	Sophie now has 18 dollars.
contradiction	Jim has 5 dollars. He received 8 more dollars.	Jim now has 2 dollars.
contradiction	Sally has 6 dollars. She received 2 more dollars.	Sally now has 14 dollars.
contradiction	Paul has 7 dollars. He received 2 more dollars.	Paul now has 7 dollars.
contradiction	Tom has 5 dollars. He received 6 more dollars.	Tom now has 16 dollars.
contradiction	Julie has 3 dollars. She received 9 more dollars.	Julie now has 9 dollars.
contradiction	Carol has 7 dollars. She received 9 more dollars.	Carol now has 8 dollars.
contradiction	Ron has 4 dollars. He received 5 more dollars.	Ron now has 20 dollars.
contradiction	Donald has 6 dollars. He received 5 more dollars.	Donald now has 9 dollars.
contradiction	Edith has 10 dollars. She received 4 more dollars.	Edith now has 18 dollars.
contradiction	Nicole has 10 dollars. She received 6 more dollars.	Nicole now has 18 dollars.
contradiction	Jim has 9 dollars. He received 2 more dollars.	Jim now has 13 dollars.
contradiction	Charles has 10 dollars. He received 4 more dollars.	Charles now has 19 dollars.
contradiction	Frances has 6 dollars. She received 5 more dollars.	Frances now has 10 dollars.
contradiction	Linda has 4 dollars. She received 6 more dollars.	Linda now has 18 dollars.
contradiction	Andrew has 8 dollars. He received 7 more dollars.	Andrew now has 17 dollars.
contradiction	Steven has 5 dollars. He received 2 more dollars.	Steven now has 9 dollars.
contradiction	Carl has 9 dollars. He received 3 more dollars.	Carl now has 5 dollars.
contradiction	Philip has 5 dollars. He received 3 more dollars.	Philip now has 2 dollars.
contradiction	Daniel has 4 dollars. He received 8 more dollars.	Daniel now has 1 dollars.
contradiction	Margaret has 2 dollars. She received 3 more dollars.	Margaret now has 8 dollars.
contradiction	Bruce has 3 dollars. He received 7 more dollars.	Bruce now has 6 dollars.
contradiction	Stephanie has 2 dollars. She received 9 more dollars.	Stephanie now has 19 dollars.
contradiction	Carolyn has 3 dollars. She received 6 more dollars.	Carolyn now has 3 dollars.
contradiction	Alan has 7 dollars. He received 9 more dollars.	Alan now has 12 dollars.
contradiction	Colin has 10 dollars. He received 8 more dollars.	Colin now has 13 dollars.
contradiction	Mary has 4 dollars. She received 2 more dollars.	Mary now has 8 dollars.
contradiction	Tom has 3 dollars. He received 7 more dollars.	Tom now has 15 dollars.
contradiction	Keith has 7 dollars. He received 4 more dollars.	Keith now has 12 dollars.
contradiction	Edith has 7 dollars. She received 10 more dollars.	Edith now has 2 dollars.
contradiction	Tom has 6 dollars. He received 5 more dollars.	Tom now has 18 dollars.
contradiction	Daniel has 9 dollars. He received 6 more dollars.	Daniel now has 6 dollars.
contradiction	Sharon has 10 dollars. She received 8 more dollars.	Sharon now has 1 dollars.
contradiction	Kathy has 6 dollars. She received 10 more dollars.	Kathy now has 11 dollars.
contradiction	Lucy has 10 dollars. She received 2 more dollars.	Lucy now has 17 dollars.
contradiction	Joseph has 6 dollars. He received 2 more dollars.	Joseph now has 19 dollars.
contradiction	Joseph has 3 dollars. He received 5 more dollars.	Joseph now has 17 dollars.
contradiction	Howard has 8 dollars. He received 7 more dollars.	Howard now has 18 dollars.
contradiction	Jessica has 8 dollars. She received 2 more dollars.	Jessica now has 8 dollars.
contradiction	Karen has 4 dollars. She received 6 more dollars.	Karen now has 15 dollars.
contradiction	Caroline has 2 dollars. She received 5 more dollars.	Caroline now has 14 dollars.
contradiction	Martin has 6 dollars. He received 7 more dollars.	Martin now has 1 dollars.
contradiction	Linda has 8 dollars. She received 4 more dollars.	Linda now has 1 dollars.
contradiction	Larry has 3 dollars. He received 2 more dollars.	Larry now has 20 dollars.
contradiction	William has 3 dollars. He received 7 more dollars.	William now has 16 dollars.
contradiction	Adam has 9 dollars. He received 2 more dollars.	Adam now has 2 dollars.
contradiction	Jay has 7 dollars. He received 10 more dollars.	Jay now has 11 dollars.
contradiction	Lawrence has 8 dollars. He received 9 more dollars.	Lawrence now has 16 dollars.
contradiction	Kim has 5 dollars. She received 7 more dollars.	Kim now has 13 dollars.
contradiction	Sally has 2 dollars. She received 3 more dollars.	Sally now has 19 dollars.
contradiction	Edwin has 6 dollars. He received 8 more dollars.	Edwin now has 2 dollars.
contradiction	Bruce has 10 dollars. He received 8 more dollars.	Bruce now has 13 dollars.
contradiction	Nick has 3 dollars. He received 6 more dollars.	Nick now has 20 dollars.
contradiction	Larry has 3 dollars. He received 6 more dollars.	Larry now has 4 dollars.
contradiction	Ken has 4 dollars. He received 5 more dollars.	Ken now has 13 dollars.
contradiction	Ann has 2 dollars. She received 9 more dollars.	Ann now has 8 dollars.
contradiction	Diane has 7 dollars. She received 2 more dollars.	Diane now has 8 dollars.
contradiction	Dick has 10 dollars. He received 6 more dollars.	Dick now has 14 dollars.
contradiction	Andrea has 6 dollars. She received 4 more dollars.	Andrea now has 18 dollars.
contradiction	Sandra has 8 dollars. She received 10 more dollars.	Sandra now has 1 dollars.
contradiction	Roy has 8 dollars. He received 6 more dollars.	Roy now has 4 dollars.
contradiction	Keith has 10 dollars. He received 6 more dollars.	Keith now has 10 dollars.
contradiction	Christine has 5 dollars. She received 9 more dollars.	Christine now has 9 dollars.
contradiction	Harriet has 7 dollars. She received 9 more dollars.	Harriet now has 10 dollars.
contradiction	Bob has 2 dollars. He received 7 more dollars.	Bob now has 12 dollars.
contradiction	Ralph has 9 dollars. He received 3 more dollars.	Ralph now has 11 dollars.
contradiction	Betty has 9 dollars. She received 6 more dollars.	Betty now has 7 dollars.
contradiction	Albert has 6 dollars. He received 9 more dollars.	Albert now has 5 dollars.
contradiction	Jason has 2 dollars. He received 8 more dollars.	Jason now has 13 dollars.
contradiction	Peter has 2 dollars. He received 4 more dollars.	Peter now has 11 dollars.
contradiction	Victoria has 3 dollars. She received 7 more dollars.	Victoria now has 17 dollars.
contradiction	Alice has 8 dollars. She received 9 more dollars.	Alice now has 12 dollars.
contradiction	Jason has 7 dollars. He received 8 more dollars.	Jason now has 4 dollars.
contradiction	Katherine has 10 dollars. She received 8 more dollars.	Katherine now has 8 dollars.
contradiction	Greg has 10 dollars. He received 7 more dollars.	Greg now has 13 dollars.
contradiction	Roy has 7 dollars. He received 5 more dollars.	Roy now has 20 dollars.
contradiction	Patricia has 8 dollars. She received 10 more dollars.	Patricia now has 15 dollars.
contradiction	Alison has 7 dollars. She received 9 more dollars.	Alison now has 1 dollars.
contradiction	Edith has 9 dollars. She received 6 more dollars.	Edith now has 8 dollars.
contradiction	Jane has 2 dollars. She received 9 more dollars.	Jane now has 15 dollars.
contradiction	Susan has 7 dollars. She received 2 more dollars.	Susan now has 2 dollars.
contradiction	Kelly has 2 dollars. She received 10 more dollars.	Kelly now has 10 dollars.
contradiction	Frank has 5 dollars. He received 10 more dollars.	Frank now has 4 dollars.
contradiction	Harry has 2 dollars. He received 10 more dollars.	Harry now has 9 dollars.
contradiction	Jane has 5 dollars. She received 4 more dollars.	Jane now has 1 dollars.
contradiction	Frank has 2 dollars. He received 5 more dollars.	Frank now has 9 dollars.
contradiction	Johnny has 4 dollars. He received 10 more dollars.	Johnny now has 18 dollars.
contradiction	Donna has 3 dollars. She received 2 more dollars.	Donna now has 17 dollars.
contradiction	Ed has 4 dollars. He received 5 more dollars.	Ed now has 14 dollars.
contradiction	Christopher has 3 dollars. He received 10 more dollars.	Christopher now has 19 dollars.
contradiction	Edith has 5 dollars. She received 4 more dollars.	Edith now has 12 dollars.
contradiction	Brian has 3 dollars. He received 5 more dollars.	Brian now has 7 dollars.
contradiction	Eleanor has 6 dollars. She received 5 more dollars.	Eleanor now has 7 dollars.
contradiction	Christopher has 2 dollars. He received 5 more dollars.	Christopher now has 20 dollars.
contradiction	Al has 4 dollars. He received 6 more dollars.	Al now has 13 dollars.
contradiction	Fred has 4 dollars. He received 6 more dollars.	Fred now has 15 dollars.
contradiction	John has 7 dollars. He received 6 more dollars.	John now has 20 dollars.
contradiction	Matthew has 10 dollars. He received 4 more dollars.	Matthew now has 12 dollars.
contradiction	Steven has 3 dollars. He received 4 more dollars.	Steven now has 6 dollars.
contradiction	Ed has 9 dollars. He received 10 more dollars.	Ed now has 6 dollars.
contradiction	Kathryn has 9 dollars. She received 5 more dollars.	Kathryn now has 3 dollars.
contradiction	Elizabeth has 7 dollars. She received 3 more dollars.	Elizabeth now has 5 dollars.
contradiction	Dan has 2 dollars. He received 10 more dollars.	Dan now has 5 dollars.
contradiction	Diana has 8 dollars. She received 3 more dollars.	Diana now has 15 dollars.
contradiction	Sandra has 4 dollars. She received 5 more dollars.	Sandra now has 15 dollars.
contradiction	Larry has 7 dollars. He received 2 more dollars.	Larry now has 19 dollars.
contradiction	Jay has 10 dollars. He received 7 more dollars.	Jay now has 5 dollars.
contradiction	Donna has 6 dollars. She received 4 more dollars.	Donna now has 18 dollars.
contradiction	Jason has 3 dollars. He received 6 more dollars.	Jason now has 8 dollars.
contradiction	Kathleen has 7 dollars. She received 4 more dollars.	Kathleen now has 4 dollars.
contradiction	Kevin has 7 dollars. He received 3 more dollars.	Kevin now has 11 dollars.
contradiction	Grace has 10 dollars. She received 5 more dollars.	Grace now has 5 dollars.
contradiction	Ed has 9 dollars. He received 4 more dollars.	Ed now has 4 dollars.
contradiction	Amy has 10 dollars. She received 9 more dollars.	Amy now has 8 dollars.
contradiction	Mark has 8 dollars. He received 6 more dollars.	Mark now has 3 dollars.
contradiction	Scott has 3 dollars. He received 2 more dollars.	Scott now has 19 dollars.
contradiction	Linda has 3 dollars. She received 2 more dollars.	Linda now has 16 dollars.
contradiction	Jennifer has 5 dollars. She received 6 more dollars.	Jennifer now has 18 dollars.
contradiction	Bobby has 6 dollars. He received 2 more dollars.	Bobby now has 3 dollars.
contradiction	Michael has 9 dollars. He received 6 more dollars.	Michael now has 6 dollars.
contradiction	Florence has 8 dollars. She received 4 more dollars.	Florence now has 15 dollars.
contradiction	Larry has 7 dollars. He received 3 more dollars.	Larry now has 8 dollars.
contradiction	Al has 4 dollars. He received 3 more dollars.	Al now has 16 dollars.
contradiction	Thomas has 6 dollars. He received 7 more dollars.	Thomas now has 18 dollars.
contradiction	Sara has 6 dollars. She received 9 more dollars.	Sara now has 20 dollars.
contradiction	Margaret has 7 dollars. She received 2 more dollars.	Margaret now has 17 dollars.
contradiction	Johnny has 2 dollars. He received 6 more dollars.	Johnny now has 11 dollars.
contradiction	Gary has 4 dollars. He received 8 more dollars.	Gary now has 4 dollars.
contradiction	Maria has 3 dollars. She received 10 more dollars.	Maria now has 4 dollars.
contradiction	Matthew has 8 dollars. He received 10 more dollars.	Matthew now has 8 dollars.
contradiction	Harriet has 4 dollars. She received 6 more dollars.	Harriet now has 15 dollars.
contradiction	Anna has 5 dollars. She received 8 more dollars.	Anna now has 19 dollars.
contradiction	Billy has 6 dollars. He received 8 more dollars.	Billy now has 2 dollars.
contradiction	Joan has 3 dollars. She received 2 more dollars.	Joan now has 14 dollars.
contradiction	Paul has 4 dollars. He received 10 more dollars.	Paul now has 19 dollars.
contradiction	Paul has 8 dollars. He received 5 more dollars.	Paul now has 16 dollars.
contradiction	Suzanne has 8 dollars. She received 5 more dollars.	Suzanne now has 6 dollars.
contradiction	Laura has 7 dollars. She received 8 more dollars.	Laura now has 2 dollars.
contradiction	Wendy has 7 dollars. She received 5 more dollars.	Wendy now has 2 dollars.
contradiction	Jack has 7 dollars. He received 2 more dollars.	Jack now has 19 dollars.
contradiction	Suzanne has 2 dollars. She received 7 more dollars.	Suzanne now has 20 dollars.
contradiction	Ron has 3 dollars. He received 6 more dollars.	Ron now has 14 dollars.
contradiction	Carl has 3 dollars. He received 5 more dollars.	Carl now has 2 dollars.
contradiction	Dan has 7 dollars. He received 10 more dollars.	Dan now has 19 dollars.
contradiction	Sam has 6 dollars. He received 10 more dollars.	Sam now has 14 dollars.
contradiction	Sue has 7 dollars. She received 8 more dollars.	Sue now has 9 dollars.
contradiction	Joseph has 6 dollars. He received 5 more dollars.	Joseph now has 13 dollars.
contradiction	Margaret has 6 dollars. She received 9 more dollars.	Margaret now has 13 dollars.
contradiction	Nick has 8 dollars. He received 9 more dollars.	Nick now has 14 dollars.
contradiction	Katie has 8 dollars. She received 10 more dollars.	Katie now has 11 dollars.
contradiction	Sara has 8 dollars. She received 6 more dollars.	Sara now has 15 dollars.
contradiction	Fiona has 2 dollars. She received 9 more dollars.	Fiona now has 10 dollars.
contradiction	Frances has 9 dollars. She received 4 more dollars.	Frances now has 20 dollars.
contradiction	Alison has 2 dollars. She received 5 more dollars.	Alison now has 9 dollars.
contradiction	David has 10 dollars. He received 6 more dollars.	David now has 8 dollars.
contradiction	Eleanor has 2 dollars. She received 5 more dollars.	Eleanor now has 6 dollars.
contradiction	Ron has 8 dollars. He received 5 more dollars.	Ron now has 3 dollars.
contradiction	Daniel has 4 dollars. He received 7 more dollars.	Daniel now has 15 dollars.
contradiction	Ron has 4 dollars. He received 5 more dollars.	Ron now has 17 dollars.
contradiction	Bill has 10 dollars. He received 9 more dollars.	Bill now has 9 dollars.
contradiction	Sally has 8 dollars. She received 4 more dollars.	Sally now has 19 dollars.
contradiction	Bill has 6 dollars. He received 2 more dollars.	Bill now has 1 dollars.
contradiction	Wendy has 2 dollars. She received 4 more dollars.	Wendy now has 10 dollars.
contradiction	Lauren has 7 dollars. She received 9 more dollars.	Lauren now has 5 dollars.
contradiction	Michelle has 6 dollars. She received 3 more dollars.	Michelle now has 6 dollars.
contradiction	Lucy has 4 dollars. She received 6 more dollars.	Lucy now has 4 dollars.
contradiction	Mark has 5 dollars. He received 2 more dollars.	Mark now has 15 dollars.
contradiction	Joseph has 9 dollars. He received 7 more dollars.	Joseph now has 2 dollars.
contradiction	Sharon has 5 dollars. She received 9 more dollars.	Sharon now has 6 dollars.
contradiction	Annie has 10 dollars. She received 6 more dollars.	Annie now has 17 dollars.
contradiction	John has 10 dollars. He received 2 more dollars.	John now has 2 dollars.
contradiction	Betty has 10 dollars. She received 7 more dollars.	Betty now has 1 dollars.
contradiction	Kathleen has 2 dollars. She received 7 more dollars.	Kathleen now has 8 dollars.
contradiction	Rose has 3 dollars. She received 9 more dollars.	Rose now has 7 dollars.
contradiction	Harriet has 2 dollars. She received 4 more dollars.	Harriet now has 19 dollars.
contradiction	Kate has 9 dollars. She received 4 more dollars.	Kate now has 3 dollars.
contradiction	Tim has 8 dollars. He received 7 more dollars.	Tim now has 3 dollars.
contradiction	Amanda has 3 dollars. She received 4 more dollars.	Amanda now has 6 dollars.
contradiction	Tony has 6 dollars. He received 10 more dollars.	Tony now has 15 dollars.
contradiction	Grace has 9 dollars. She received 4 more dollars.	Grace now has 16 dollars.
contradiction	Linda has 6 dollars. She received 9 more dollars.	Linda now has 5 dollars.
contradiction	Sally has 3 dollars. She received 6 more dollars.	Sally now has 8 dollars.
contradiction	Bill has 5 dollars. He received 8 more dollars.	Bill now has 1 dollars.
contradiction	William has 4 dollars. He received 10 more dollars.	William now has 8 dollars.
contradiction	Cynthia has 4 dollars. She received 10 more dollars.	Cynthia now has 2 dollars.
contradiction	Roger has 10 dollars. He received 7 more dollars.	Roger now has 13 dollars.
contradiction	Elaine has 3 dollars. She received 8 more dollars.	Elaine now has 3 dollars.
contradiction	Louise has 9 dollars. She received 2 more dollars.	Louise now has 6 dollars.
contradiction	Ken has 2 dollars. He received 7 more dollars.	Ken now has 16 dollars.
contradiction	Ian has 6 dollars. He received 4 more dollars.	Ian now has 18 dollars.
contradiction	Rose has 8 dollars. She received 10 more dollars.	Rose now has 9 dollars.
contradiction	Frank has 2 dollars. He received 8 more dollars.	Frank now has 15 dollars.
contradiction	Virginia has 10 dollars. She received 2 more dollars.	Virginia now has 18 dollars.
contradiction	Carl has 5 dollars. He received 6 more dollars.	Carl now has 20 dollars.
contradiction	Sue has 7 dollars. She received 10 more dollars.	Sue now has 7 dollars.
contradiction	Adam has 9 dollars. He received 3 more dollars.	Adam now has 7 dollars.
contradiction	Jason has 8 dollars. He received 7 more dollars.	Jason now has 20 dollars.
contradiction	Robert has 5 dollars. He received 6 more dollars.	Robert now has 15 dollars.
contradiction	Steve has 6 dollars. He received 8 more dollars.	Steve now has 3 dollars.
contradiction	Judith has 3 dollars. She received 4 more dollars.	Judith now has 18 dollars.
contradiction	Sharon has 4 dollars. She received 3 more dollars.	Sharon now has 8 dollars.
contradiction	Helen has 8 dollars. She received 5 more dollars.	Helen now has 19 dollars.
contradiction	Frederick has 9 dollars. He received 2 more dollars.	Frederick now has 9 dollars.
contradiction	Walter has 2 dollars. He received 6 more dollars.	Walter now has 4 dollars.
contradiction	Roy has 5 dollars. He received 6 more dollars.	Roy now has 6 dollars.
contradiction	Fiona has 5 dollars. She received 3 more dollars.	Fiona now has 17 dollars.
contradiction	Jerry has 8 dollars. He received 2 more dollars.	Jerry now has 7 dollars.
contradiction	Bob has 7 dollars. He received 8 more dollars.	Bob now has 19 dollars.
contradiction	Ron has 9 dollars. He received 3 more dollars.	Ron now has 4 dollars.
contradiction	Jennifer has 9 dollars. She received 3 more dollars.	Jennifer now has 17 dollars.
contradiction	Alan has 6 dollars. He received 7 more dollars.	Alan now has 2 dollars.
contradiction	John has 3 dollars. He received 6 more dollars.	John now has 6 dollars.
contradiction	Bob has 4 dollars. He received 9 more dollars.	Bob now has 10 dollars.
contradiction	Bruce has 6 dollars. He received 10 more dollars.	Bruce now has 6 dollars.
contradiction	Joe has 6 dollars. He received 9 more dollars.	Joe now has 6 dollars.
contradiction	Charlotte has 2 dollars. She received 4 more dollars.	Charlotte now has 18 dollars.
contradiction	Diane has 6 dollars. She received 8 more dollars.	Diane now has 16 dollars.
contradiction	Sue has 9 dollars. She received 7 more dollars.	Sue now has 15 dollars.
contradiction	Richard has 9 dollars. He received 3 more dollars.	Richard now has 7 dollars.
contradiction	Robert has 2 dollars. He received 3 more dollars.	Robert now has 19 dollars.
contradiction	Alison has 9 dollars. She received 2 more dollars.	Alison now has 7 dollars.
contradiction	Elizabeth has 8 dollars. She received 3 more dollars.	Elizabeth now has 4 dollars.
contradiction	Elaine has 4 dollars. She received 6 more dollars.	Elaine now has 8 dollars.
contradiction	Joan has 6 dollars. She received 3 more dollars.	Joan now has 19 dollars.
contradiction	Louis has 8 dollars. He received 7 more dollars.	Louis now has 7 dollars.
contradiction	Simon has 3 dollars. He received 2 more dollars.	Simon now has 6 dollars.
contradiction	Jeff has 8 dollars. He received 7 more dollars.	Jeff now has 2 dollars.
contradiction	Ralph has 3 dollars. He received 5 more dollars.	Ralph now has 7 dollars.
contradiction	Paul has 2 dollars. He received 3 more dollars.	Paul now has 13 dollars.
contradiction	Andrea has 7 dollars. She received 3 more dollars.	Andrea now has 19 dollars.
contradiction	Donna has 10 dollars. She received 8 more dollars.	Donna now has 16 dollars.
contradiction	Virginia has 7 dollars. She received 4 more dollars.	Virginia now has 1 dollars.
contradiction	Francis has 7 dollars. He received 6 more dollars.	Francis now has 12 dollars.
contradiction	Michelle has 3 dollars. She received 7 more dollars.	Michelle now has 2 dollars.
contradiction	Frederick has 4 dollars. He received 7 more dollars.	Frederick now has 1 dollars.
contradiction	James has 7 dollars. He received 4 more dollars.	James now has 16 dollars.
contradiction	Marilyn has 6 dollars. She received 10 more dollars.	Marilyn now has 8 dollars.
contradiction	Judith has 4 dollars. She received 6 more dollars.	Judith now has 19 dollars.
contradiction	Jerry has 6 dollars. He received 9 more dollars.	Jerry now has 17 dollars.
contradiction	Martin has 3 dollars. He received 4 more dollars.	Martin now has 9 dollars.
contradiction	Brian has 4 dollars. He received 5 more dollars.	Brian now has 2 dollars.
contradiction	Steven has 3 dollars. He received 5 more dollars.	Steven now has 11 dollars.
contradiction	Thomas has 3 dollars. He received 10 more dollars.	Thomas now has 4 dollars.
contradiction	Dave has 4 dollars. He received 8 more dollars.	Dave now has 10 dollars.
contradiction	Alan has 6 dollars. He received 7 more dollars.	Alan now has 16 dollars.
contradiction	Elaine has 2 dollars. She received 6 more dollars.	Elaine now has 20 dollars.
contradiction	Stephanie has 10 dollars. She received 4 more dollars.	Stephanie now has 11 dollars.
contradiction	Ian has 10 dollars. He received 2 more dollars.	Ian now has 6 dollars.
contradiction	Ellen has 9 dollars. She received 7 more dollars.	Ellen now has 1 dollars.
contradiction	Philip has 6 dollars. He received 8 more dollars.	Philip now has 12 dollars.
contradiction	Betty has 7 dollars. She received 8 more dollars.	Betty now has 9 dollars.
contradiction	Roy has 6 dollars. He received 5 more dollars.	Roy now has 18 dollars.
contradiction	Cynthia has 8 dollars. She received 7 more dollars.	Cynthia now has 14 dollars.
contradiction	Charles has 4 dollars. He received 6 more dollars.	Charles now has 11 dollars.
contradiction	Philip has 10 dollars. He received 7 more dollars.	Philip now has 6 dollars.
contradiction	Ann has 10 dollars. She received 4 more dollars.	Ann now has 2 dollars.
contradiction	Carolyn has 5 dollars. She received 10 more dollars.	Carolyn now has 17 dollars.
contradiction	Alison has 9 dollars. She received 5 more dollars.	Alison now has 9 dollars.
contradiction	Grace has 9 dollars. She received 10 more dollars.	Grace now has 1 dollars.
contradiction	Alan has 5 dollars. He received 8 more dollars.	Alan now has 7 dollars.
contradiction	Alice has 10 dollars. She received 7 more dollars.	Alice now has 5 dollars.
contradiction	Claire has 7 dollars. She received 9 more dollars.	Claire now has 2 dollars.
contradiction	Maria has 3 dollars. She received 9 more dollars.	Maria now has 2 dollars.
contradiction	Nicole has 8 dollars. She received 3 more dollars.	Nicole now has 16 dollars.
contradiction	Caroline has 9 dollars. She received 3 more dollars.	Caroline now has 16 dollars.
contradiction	Susan has 4 dollars. She received 5 more dollars.	Susan now has 11 dollars.
contradiction	Charlie has 9 dollars. He received 10 more dollars.	Charlie now has 14 dollars.
contradiction	Charlie has 2 dollars. He received 6 more dollars.	Charlie now has 3 dollars.
contradiction	Donna has 7 dollars. She received 6 more dollars.	Donna now has 8 dollars.
contradiction	Matt has 4 dollars. He received 2 more dollars.	Matt now has 4 dollars.
contradiction	Anne has 3 dollars. She received 10 more dollars.	Anne now has 19 dollars.
contradiction	Kathleen has 4 dollars. She received 2 more dollars.	Kathleen now has 5 dollars.
contradiction	Amanda has 3 dollars. She received 8 more dollars.	Amanda now has 18 dollars.
contradiction	Deborah has 9 dollars. She received 3 more dollars.	Deborah now has 1 dollars.
contradiction	Katherine has 3 dollars. She received 9 more dollars.	Katherine now has 5 dollars.
contradiction	Mike has 6 dollars. He received 9 more dollars.	Mike now has 20 dollars.
contradiction	Ed has 9 dollars. He received 7 more dollars.	Ed now has 9 dollars.
