entailment	Christine has 10 dollars. She gave away 8 dollars.	Christine now has 2 dollars.
entailment	Stephen has 9 dollars. He gave away 4 dollars.	Stephen now has 5 dollars.
entailment	Keith has 7 dollars. He gave away 6 dollars.	Keith now has 1 dollars.
entailment	Martin has 10 dollars. He gave away 4 dollars.	Martin now has 6 dollars.
entailment	Kevin has 5 dollars. He gave away 4 dollars.	Kevin now has 1 dollars.
entailment	Christine has 10 dollars. She gave away 5 dollars.	Christine now has 5 dollars.
entailment	Brian has 4 dollars. He gave away 2 dollars.	Brian now has 2 dollars.
entailment	Christine has 7 dollars. She gave away 3 dollars.	Christine now has 4 dollars.
entailment	Judith has 8 dollars. She gave away 7 dollars.	Judith now has 1 dollars.
entailment	Stephen has 9 dollars. He gave away 4 dollars.	Stephen now has 5 dollars.
entailment	Sara has 9 dollars. She gave away 4 dollars.	Sara now has 5 dollars.
entailment	Deborah has 8 dollars. She gave away 2 dollars.	Deborah now has 6 dollars.
entailment	Jane has 4 dollars. She gave away 2 dollars.	Jane now has 2 dollars.
entailment	Ian has 9 dollars. He gave away 7 dollars.	Ian now has 2 dollars.
entailment	Heather has 7 dollars. She gave away 2 dollars.	Heather now has 5 dollars.
entailment	Michelle has 6 dollars. She gave away 5 dollars.	Michelle now has 1 dollars.
entailment	Stephen has 10 dollars. He gave away 8 dollars.	Stephen now has 2 dollars.
entailment	Julia has 8 dollars. She gave away 7 dollars.	Julia now has 1 dollars.
entailment	Lauren has 9 dollars. She gave away 4 dollars.	Lauren now has 5 dollars.
entailment	Angela has 9 dollars. She gave away 4 dollars.	Angela now has 5 dollars.
entailment	Ryan has 7 dollars. He gave away 6 dollars.	Ryan now has 1 dollars.
entailment	Andrea has 9 dollars. She gave away 5 dollars.	Andrea now has 4 dollars.
entailment	Janet has 10 dollars. She gave away 2 dollars.	Janet now has 8 dollars.
entailment	Patricia has 10 dollars. She gave away 2 dollars.	Patricia now has 8 dollars.
entailment	Laura has 5 dollars. She gave away 2 dollars.	Laura now has 3 dollars.
entailment	Marie has 5 dollars. She gave away 2 dollars.	Marie now has 3 dollars.
entailment	Sophie has 9 dollars. She gave away 2 dollars.	Sophie now has 7 dollars.
entailment	Lucy has 9 dollars. She gave away 5 dollars.	Lucy now has 4 dollars.
entailment	Henry has 9 dollars. He gave away 4 dollars.	Henry now has 5 dollars.
entailment	Jean has 9 dollars. She gave away 2 dollars.	Jean now has 7 dollars.
entailment	Ralph has 10 dollars. He gave away 9 dollars.	Ralph now has 1 dollars.
entailment	Edwin has 8 dollars. He gave away 2 dollars.	Edwin now has 6 dollars.
entailment	Frances has 3 dollars. She gave away 2 dollars.	Frances now has 1 dollars.
entailment	Mike has 10 dollars. He gave away 7 dollars.	Mike now has 3 dollars.
entailment	Jack has 9 dollars. He gave away 7 dollars.	Jack now has 2 dollars.
entailment	Florence has 9 dollars. She gave away 4 dollars.	Florence now has 5 dollars.
entailment	Chris has 8 dollars. He gave away 4 dollars.	Chris now has 4 dollars.
entailment	Louis has 10 dollars. He gave away 2 dollars.	Louis now has 8 dollars.
entailment	Rebecca has 5 dollars. She gave away 4 dollars.	Rebecca now has 1 dollars.
entailment	Lauren has 9 dollars. She gave away 5 dollars.	Lauren now has 4 dollars.
entailment	Greg has 10 dollars. He gave away 4 dollars.	Greg now has 6 dollars.
entailment	Jay has 10 dollars. He gave away 3 dollars.	Jay now has 7 dollars.
entailment	Barbara has 3 dollars. She gave away 2 dollars.	Barbara now has 1 dollars.
entailment	Judith has 10 dollars. She gave away 6 dollars.	Judith now has 4 dollars.
entailment	Ruth has 8 dollars. She gave away 5 dollars.	Ruth now has 3 dollars.
entailment	Sarah has 4 dollars. She gave away 3 dollars.	Sarah now has 1 dollars.
entailment	Stephanie has 7 dollars. She gave away 3 dollars.	Stephanie now has 4 dollars.
entailment	John has 5 dollars. He gave away 2 dollars.	John now has 3 dollars.
entailment	Lynn has 7 dollars. She gave away 5 dollars.	Lynn now has 2 dollars.
entailment	Melissa has 7 dollars. She gave away 3 dollars.	Melissa now has 4 dollars.
entailment	Marilyn has 10 dollars. She gave away 2 dollars.	Marilyn now has 8 dollars.
entailment	Henry has 8 dollars. He gave away 4 dollars.	Henry now has 4 dollars.
entailment	Keith has 9 dollars. He gave away 2 dollars.	Keith now has 7 dollars.
entailment	Sam has 9 dollars. He gave away 8 dollars.	Sam now has 1 dollars.
entailment	Keith has 10 dollars. He gave away 4 dollars.	Keith now has 6 dollars.
entailment	Ruth has 8 dollars. She gave away 6 dollars.	Ruth now has 2 dollars.
entailment	Stephen has 9 dollars. He gave away 7 dollars.	Stephen now has 2 dollars.
entailment	Kenneth has 8 dollars. He gave away 2 dollars.	Kenneth now has 6 dollars.
entailment	Louise has 6 dollars. She gave away 3 dollars.	Louise now has 3 dollars.
entailment	Michael has 6 dollars. He gave away 2 dollars.	Michael now has 4 dollars.
entailment	Karen has 7 dollars. She gave away 2 dollars.	Karen now has 5 dollars.
entailment	Ellen has 10 dollars. She gave away 4 dollars.	Ellen now has 6 dollars.
entailment	Elaine has 9 dollars. She gave away 7 dollars.	Elaine now has 2 dollars.
entailment	Frank has 5 dollars. He gave away 4 dollars.	Frank now has 1 dollars.
entailment	Keith has 5 dollars. He gave away 3 dollars.	Keith now has 2 dollars.
entailment	Claire has 9 dollars. She gave away 3 dollars.	Claire now has 6 dollars.
entailment	Ralph has 10 dollars. He gave away 7 dollars.	Ralph now has 3 dollars.
entailment	Arthur has 9 dollars. He gave away 8 dollars.	Arthur now has 1 dollars.
entailment	Paul has 5 dollars. He gave away 3 dollars.	Paul now has 2 dollars.
entailment	Tom has 10 dollars. He gave away 6 dollars.	Tom now has 4 dollars.
entailment	Greg has 10 dollars. He gave away 3 dollars.	Greg now has 7 dollars.
entailment	Rose has 4 dollars. She gave away 3 dollars.	Rose now has 1 dollars.
entailment	Jack has 9 dollars. He gave away 8 dollars.	Jack now has 1 dollars.
entailment	Kenneth has 5 dollars. He gave away 3 dollars.	Kenneth now has 2 dollars.
entailment	Margaret has 7 dollars. She gave away 4 dollars.	Margaret now has 3 dollars.
entailment	Nicole has 9 dollars. She gave away 2 dollars.	Nicole now has 7 dollars.
entailment	Alice has 8 dollars. She gave away 4 dollars.	Alice now has 4 dollars.
entailment	James has 7 dollars. He gave away 2 dollars.	James now has 5 dollars.
entailment	Evelyn has 6 dollars. She gave away 5 dollars.	Evelyn now has 1 dollars.
entailment	Sandra has 7 dollars. She gave away 5 dollars.	Sandra now has 2 dollars.
entailment	Charles has 8 dollars. He gave away 6 dollars.	Charles now has 2 dollars.
entailment	Caroline has 7 dollars. She gave away 2 dollars.	Caroline now has 5 dollars.
entailment	Charlie has 9 dollars. He gave away 6 dollars.	Charlie now has 3 dollars.
entailment	Sue has 7 dollars. She gave away 2 dollars.	Sue now has 5 dollars.
entailment	Howard has 5 dollars. He gave away 3 dollars.	Howard now has 2 dollars.
entailment	Melissa has 9 dollars. She gave away 2 dollars.	Melissa now has 7 dollars.
entailment	Kelly has 8 dollars. She gave away 4 dollars.	Kelly now has 4 dollars.
entailment	Dorothy has 7 dollars. She gave away 6 dollars.	Dorothy now has 1 dollars.
entailment	Andrew has 5 dollars. He gave away 4 dollars.	Andrew now has 1 dollars.
entailment	Maria has 5 dollars. She gave away 3 dollars.	Maria now has 2 dollars.
entailment	Jean has 8 dollars. She gave away 4 dollars.	Jean now has 4 dollars.
entailment	Andrew has 7 dollars. He gave away 4 dollars.	Andrew now has 3 dollars.
entailment	Alfred has 5 dollars. He gave away 3 dollars.	Alfred now has 2 dollars.
entailment	Colin has 9 dollars. He gave away 7 dollars.	Colin now has 2 dollars.
entailment	Jill has 6 dollars. She gave away 5 dollars.	Jill now has 1 dollars.
entailment	Bruce has 7 dollars. He gave away 5 dollars.	Bruce now has 2 dollars.
entailment	Harriet has 7 dollars. She gave away 3 dollars.	Harriet now has 4 dollars.
entailment	Jean has 6 dollars. She gave away 2 dollars.	Jean now has 4 dollars.
entailment	Janet has 10 dollars. She gave away 5 dollars.	Janet now has 5 dollars.
entailment	Andrew has 7 dollars. He gave away 6 dollars.	Andrew now has 1 dollars.
entailment	David has 9 dollars. He gave away 8 dollars.	David now has 1 dollars.
entailment	Thomas has 7 dollars. He gave away 6 dollars.	Thomas now has 1 dollars.
entailment	Alice has 7 dollars. She gave away 6 dollars.	Alice now has 1 dollars.
entailment	Adam has 8 dollars. He gave away 6 dollars.	Adam now has 2 dollars.
entailment	Kathy has 10 dollars. She gave away 4 dollars.	Kathy now has 6 dollars.
entailment	Eric has 9 dollars. He gave away 7 dollars.	Eric now has 2 dollars.
entailment	Florence has 6 dollars. She gave away 2 dollars.	Florence now has 4 dollars.
entailment	Martin has 8 dollars. He gave away 3 dollars.	Martin now has 5 dollars.
entailment	Gary has 4 dollars. He gave away 3 dollars.	Gary now has 1 dollars.
entailment	Annie has 6 dollars. She gave away 3 dollars.	Annie now has 3 dollars.
entailment	Rose has 6 dollars. She gave away 4 dollars.	Rose now has 2 dollars.
entailment	Andrew has 10 dollars. He gave away 7 dollars.	Andrew now has 3 dollars.
entailment	Amanda has 10 dollars. She gave away 2 dollars.	Amanda now has 8 dollars.
entailment	George has 9 dollars. He gave away 8 dollars.	George now has 1 dollars.
entailment	Harold has 10 dollars. He gave away 7 dollars.	Harold now has 3 dollars.
entailment	Joe has 9 dollars. He gave away 2 dollars.	Joe now has 7 dollars.
entailment	Andrew has 8 dollars. He gave away 3 dollars.	Andrew now has 5 dollars.
entailment	Jason has 9 dollars. He gave away 5 dollars.	Jason now has 4 dollars.
entailment	Joan has 10 dollars. She gave away 7 dollars.	Joan now has 3 dollars.
entailment	Anthony has 10 dollars. He gave away 8 dollars.	Anthony now has 2 dollars.
entailment	Ashley has 7 dollars. She gave away 2 dollars.	Ashley now has 5 dollars.
entailment	Martha has 6 dollars. She gave away 2 dollars.	Martha now has 4 dollars.
entailment	Tim has 8 dollars. He gave away 7 dollars.	Tim now has 1 dollars.
entailment	Charles has 10 dollars. He gave away 8 dollars.	Charles now has 2 dollars.
entailment	Alison has 8 dollars. She gave away 5 dollars.	Alison now has 3 dollars.
entailment	Amanda has 7 dollars. She gave away 6 dollars.	Amanda now has 1 dollars.
entailment	Eric has 9 dollars. He gave away 3 dollars.	Eric now has 6 dollars.
entailment	Lynn has 6 dollars. She gave away 3 dollars.	Lynn now has 3 dollars.
entailment	Bruce has 9 dollars. He gave away 6 dollars.	Bruce now has 3 dollars.
entailment	Laura has 7 dollars. She gave away 3 dollars.	Laura now has 4 dollars.
entailment	Edith has 6 dollars. She gave away 5 dollars.	Edith now has 1 dollars.
entailment	David has 6 dollars. He gave away 3 dollars.	David now has 3 dollars.
entailment	Samuel has 4 dollars. He gave away 3 dollars.	Samuel now has 1 dollars.
entailment	Julia has 8 dollars. She gave away 4 dollars.	Julia now has 4 dollars.
entailment	Steve has 9 dollars. He gave away 8 dollars.	Steve now has 1 dollars.
entailment	Eric has 10 dollars. He gave away 5 dollars.	Eric now has 5 dollars.
entailment	Sandra has 4 dollars. She gave away 3 dollars.	Sandra now has 1 dollars.
entailment	Hugh has 10 dollars. He gave away 7 dollars.	Hugh now has 3 dollars.
entailment	Bill has 5 dollars. He gave away 2 dollars.	Bill now has 3 dollars.
entailment	Charlie has 8 dollars. He gave away 3 dollars.	Charlie now has 5 dollars.
entailment	Edith has 10 dollars. She gave away 8 dollars.	Edith now has 2 dollars.
entailment	Kenneth has 10 dollars. He gave away 7 dollars.	Kenneth now has 3 dollars.
entailment	Bobby has 7 dollars. He gave away 4 dollars.	Bobby now has 3 dollars.
entailment	Henry has 9 dollars. He gave away 7 dollars.	Henry now has 2 dollars.
entailment	Julie has 9 dollars. She gave away 6 dollars.	Julie now has 3 dollars.
entailment	Stephen has 5 dollars. He gave away 3 dollars.	Stephen now has 2 dollars.
entailment	Evelyn has 6 dollars. She gave away 4 dollars.	Evelyn now has 2 dollars.
entailment	Mary has 6 dollars. She gave away 5 dollars.	Mary now has 1 dollars.
entailment	Rose has 10 dollars. She gave away 6 dollars.	Rose now has 4 dollars.
entailment	Evelyn has 9 dollars. She gave away 3 dollars.	Evelyn now has 6 dollars.
entailment	Thomas has 7 dollars. He gave away 6 dollars.	Thomas now has 1 dollars.
entailment	Ron has 6 dollars. He gave away 5 dollars.	Ron now has 1 dollars.
entailment	Ashley has 8 dollars. She gave away 2 dollars.	Ashley now has 6 dollars.
entailment	Dick has 6 dollars. He gave away 2 dollars.	Dick now has 4 dollars.
entailment	Harriet has 8 dollars. She gave away 5 dollars.	Harriet now has 3 dollars.
entailment	Adam has 8 dollars. He gave away 4 dollars.	Adam now has 4 dollars.
entailment	Matt has 10 dollars. He gave away 7 dollars.	Matt now has 3 dollars.
entailment	Judith has 9 dollars. She gave away 8 dollars.	Judith now has 1 dollars.
entailment	Michael has 10 dollars. He gave away 3 dollars.	Michael now has 7 dollars.
entailment	Howard has 3 dollars. He gave away 2 dollars.	Howard now has 1 dollars.
entailment	Louis has 7 dollars. He gave away 5 dollars.	Louis now has 2 dollars.
entailment	Simon has 10 dollars. He gave away 4 dollars.	Simon now has 6 dollars.
entailment	Kathryn has 7 dollars. She gave away 5 dollars.	Kathryn now has 2 dollars.
entailment	Jim has 8 dollars. He gave away 6 dollars.	Jim now has 2 dollars.
entailment	Greg has 9 dollars. He gave away 2 dollars.	Greg now has 7 dollars.
entailment	Christopher has 10 dollars. He gave away 9 dollars.	Christopher now has 1 dollars.
entailment	Jimmy has 8 dollars. He gave away 7 dollars.	Jimmy now has 1 dollars.
entailment	Thomas has 8 dollars. He gave away 6 dollars.	Thomas now has 2 dollars.
entailment	Betty has 10 dollars. She gave away 6 dollars.	Betty now has 4 dollars.
entailment	Sara has 9 dollars. She gave away 3 dollars.	Sara now has 6 dollars.
entailment	Charlotte has 9 dollars. She gave away 6 dollars.	Charlotte now has 3 dollars.
entailment	Daniel has 6 dollars. He gave away 2 dollars.	Daniel now has 4 dollars.
entailment	Harold has 6 dollars. He gave away 4 dollars.	Harold now has 2 dollars.
entailment	Sally has 5 dollars. She gave away 4 dollars.	Sally now has 1 dollars.
entailment	Frank has 9 dollars. He gave away 4 dollars.	Frank now has 5 dollars.
entailment	Bruce has 10 dollars. He gave away 8 dollars.	Bruce now has 2 dollars.
entailment	Larry has 7 dollars. He gave away 4 dollars.	Larry now has 3 dollars.
entailment	Annie has 10 dollars. She gave away 4 dollars.	Annie now has 6 dollars.
entailment	Brian has 4 dollars. He gave away 3 dollars.	Brian now has 1 dollars.
entailment	Marie has 5 dollars. She gave away 4 dollars.	Marie now has 1 dollars.
entailment	Patrick has 9 dollars. He gave away 2 dollars.	Patrick now has 7 dollars.
entailment	Martin has 3 dollars. He gave away 2 dollars.	Martin now has 1 dollars.
entailment	Carolyn has 6 dollars. She gave away 3 dollars.	Carolyn now has 3 dollars.
entailment	Margaret has 7 dollars. She gave away 2 dollars.	Margaret now has 5 dollars.
entailment	Harry has 7 dollars. He gave away 6 dollars.	Harry now has 1 dollars.
entailment	Bobby has 8 dollars. He gave away 2 dollars.	Bobby now has 6 dollars.
entailment	Arthur has 10 dollars. He gave away 3 dollars.	Arthur now has 7 dollars.
entailment	Greg has 9 dollars. He gave away 4 dollars.	Greg now has 5 dollars.
entailment	Wendy has 8 dollars. She gave away 3 dollars.	Wendy now has 5 dollars.
entailment	Carolyn has 7 dollars. She gave away 5 dollars.	Carolyn now has 2 dollars.
entailment	Carl has 10 dollars. He gave away 2 dollars.	Carl now has 8 dollars.
entailment	Julia has 8 dollars. She gave away 2 dollars.	Julia now has 6 dollars.
entailment	Sam has 6 dollars. He gave away 3 dollars.	Sam now has 3 dollars.
entailment	Howard has 7 dollars. He gave away 6 dollars.	Howard now has 1 dollars.
entailment	Jean has 6 dollars. She gave away 3 dollars.	Jean now has 3 dollars.
entailment	Roger has 10 dollars. He gave away 3 dollars.	Roger now has 7 dollars.
entailment	Deborah has 4 dollars. She gave away 2 dollars.	Deborah now has 2 dollars.
entailment	Marilyn has 10 dollars. She gave away 7 dollars.	Marilyn now has 3 dollars.
entailment	Karen has 4 dollars. She gave away 2 dollars.	Karen now has 2 dollars.
entailment	Virginia has 7 dollars. She gave away 3 dollars.	Virginia now has 4 dollars.
entailment	Ellen has 7 dollars. She gave away 3 dollars.	Ellen now has 4 dollars.
entailment	Dorothy has 5 dollars. She gave away 4 dollars.	Dorothy now has 1 dollars.
entailment	Bobby has 8 dollars. He gave away 4 dollars.	Bobby now has 4 dollars.
entailment	Edith has 8 dollars. She gave away 6 dollars.	Edith now has 2 dollars.
entailment	Jean has 8 dollars. She gave away 2 dollars.	Jean now has 6 dollars.
entailment	Anne has 6 dollars. She gave away 5 dollars.	Anne now has 1 dollars.
entailment	Donna has 10 dollars. She gave away 6 dollars.	Donna now has 4 dollars.
entailment	Donna has 4 dollars. She gave away 2 dollars.	Donna now has 2 dollars.
entailment	Claire has 3 dollars. She gave away 2 dollars.	Claire now has 1 dollars.
entailment	Jessica has 10 dollars. She gave away 6 dollars.	Jessica now has 4 dollars.
entailment	Andrea has 8 dollars. She gave away 4 dollars.	Andrea now has 4 dollars.
entailment	Gary has 6 dollars. He gave away 3 dollars.	Gary now has 3 dollars.
entailment	Amy has 10 dollars. She gave away 9 dollars.	Amy now has 1 dollars.
entailment	Sandra has 8 dollars. She gave away 6 dollars.	Sandra now has 2 dollars.
entailment	Margaret has 5 dollars. She gave away 3 dollars.	Margaret now has 2 dollars.
entailment	Edward has 8 dollars. He gave away 7 dollars.	Edward now has 1 dollars.
entailment	Dick has 7 dollars. He gave away 5 dollars.	Dick now has 2 dollars.
entailment	Charlie has 6 dollars. He gave away 2 dollars.	Charlie now has 4 dollars.
entailment	Heather has 8 dollars. She gave away 5 dollars.	Heather now has 3 dollars.
entailment	Francis has 8 dollars. He gave away 7 dollars.	Francis now has 1 dollars.
entailment	Evelyn has 9 dollars. She gave away 3 dollars.	Evelyn now has 6 dollars.
entailment	Katie has 10 dollars. She gave away 4 dollars.	Katie now has 6 dollars.
entailment	Ray has 10 dollars. He gave away 6 dollars.	Ray now has 4 dollars.
entailment	Donald has 7 dollars. He gave away 6 dollars.	Donald now has 1 dollars.
entailment	Jim has 10 dollars. He gave away 8 dollars.	Jim now has 2 dollars.
entailment	Francis has 8 dollars. He gave away 5 dollars.	Francis now has 3 dollars.
entailment	Alexandra has 4 dollars. She gave away 3 dollars.	Alexandra now has 1 dollars.
entailment	Nicole has 8 dollars. She gave away 4 dollars.	Nicole now has 4 dollars.
entailment	Alan has 7 dollars. He gave away 6 dollars.	Alan now has 1 dollars.
entailment	Julie has 7 dollars. She gave away 2 dollars.	Julie now has 5 dollars.
entailment	Louise has 6 dollars. She gave away 3 dollars.	Louise now has 3 dollars.
entailment	Lawrence has 9 dollars. He gave away 4 dollars.	Lawrence now has 5 dollars.
entailment	Alex has 9 dollars. He gave away 6 dollars.	Alex now has 3 dollars.
entailment	Laura has 10 dollars. She gave away 9 dollars.	Laura now has 1 dollars.
entailment	Anne has 9 dollars. She gave away 8 dollars.	Anne now has 1 dollars.
entailment	Marie has 10 dollars. She gave away 5 dollars.	Marie now has 5 dollars.
entailment	Harriet has 8 dollars. She gave away 4 dollars.	Harriet now has 4 dollars.
entailment	John has 10 dollars. He gave away 7 dollars.	John now has 3 dollars.
entailment	Catherine has 10 dollars. She gave away 2 dollars.	Catherine now has 8 dollars.
entailment	George has 9 dollars. He gave away 6 dollars.	George now has 3 dollars.
entailment	Harriet has 4 dollars. She gave away 2 dollars.	Harriet now has 2 dollars.
entailment	Ben has 5 dollars. He gave away 3 dollars.	Ben now has 2 dollars.
entailment	Dan has 7 dollars. He gave away 4 dollars.	Dan now has 3 dollars.
entailment	Laura has 9 dollars. She gave away 5 dollars.	Laura now has 4 dollars.
entailment	Lynn has 9 dollars. She gave away 6 dollars.	Lynn now has 3 dollars.
entailment	Edward has 4 dollars. He gave away 2 dollars.	Edward now has 2 dollars.
entailment	Susan has 5 dollars. She gave away 4 dollars.	Susan now has 1 dollars.
entailment	Don has 8 dollars. He gave away 2 dollars.	Don now has 6 dollars.
entailment	Jane has 8 dollars. She gave away 4 dollars.	Jane now has 4 dollars.
entailment	Diana has 4 dollars. She gave away 2 dollars.	Diana now has 2 dollars.
entailment	Stephanie has 9 dollars. She gave away 4 dollars.	Stephanie now has 5 dollars.
entailment	Stephen has 8 dollars. He gave away 4 dollars.	Stephen now has 4 dollars.
entailment	Charlotte has 9 dollars. She gave away 8 dollars.	Charlotte now has 1 dollars.
entailment	Fiona has 10 dollars. She gave away 8 dollars.	Fiona now has 2 dollars.
entailment	Don has 10 dollars. He gave away 3 dollars.	Don now has 7 dollars.
entailment	Jill has 8 dollars. She gave away 2 dollars.	Jill now has 6 dollars.
entailment	Annie has 8 dollars. She gave away 5 dollars.	Annie now has 3 dollars.
entailment	Claire has 6 dollars. She gave away 3 dollars.	Claire now has 3 dollars.
entailment	Matthew has 4 dollars. He gave away 3 dollars.	Matthew now has 1 dollars.
entailment	Fred has 9 dollars. He gave away 5 dollars.	Fred now has 4 dollars.
entailment	Richard has 9 dollars. He gave away 6 dollars.	Richard now has 3 dollars.
entailment	Nancy has 8 dollars. She gave away 2 dollars.	Nancy now has 6 dollars.
entailment	Andrew has 7 dollars. He gave away 5 dollars.	Andrew now has 2 dollars.
entailment	Catherine has 4 dollars. She gave away 2 dollars.	Catherine now has 2 dollars.
entailment	Patrick has 8 dollars. He gave away 4 dollars.	Patrick now has 4 dollars.
entailment	Judith has 10 dollars. She gave away 8 dollars.	Judith now has 2 dollars.
entailment	Amanda has 8 dollars. She gave away 6 dollars.	Amanda now has 2 dollars.
entailment	Jimmy has 8 dollars. He gave away 2 dollars.	Jimmy now has 6 dollars.
entailment	Edith has 9 dollars. She gave away 3 dollars.	Edith now has 6 dollars.
entailment	Alfred has 10 dollars. He gave away 4 dollars.	Alfred now has 6 dollars.
entailment	Martin has 7 dollars. He gave away 6 dollars.	Martin now has 1 dollars.
entailment	Thomas has 9 dollars. He gave away 3 dollars.	Thomas now has 6 dollars.
entailment	Albert has 9 dollars. He gave away 5 dollars.	Albert now has 4 dollars.
entailment	Lisa has 7 dollars. She gave away 3 dollars.	Lisa now has 4 dollars.
entailment	Ashley has 10 dollars. She gave away 9 dollars.	Ashley now has 1 dollars.
entailment	Thomas has 9 dollars. He gave away 7 dollars.	Thomas now has 2 dollars.
entailment	Jennifer has 5 dollars. She gave away 2 dollars.	Jennifer now has 3 dollars.
entailment	Nick has 8 dollars. He gave away 3 dollars.	Nick now has 5 dollars.
entailment	Annie has 5 dollars. She gave away 3 dollars.	Annie now has 2 dollars.
entailment	Suzanne has 10 dollars. She gave away 7 dollars.	Suzanne now has 3 dollars.
entailment	Diane has 10 dollars. She gave away 7 dollars.	Diane now has 3 dollars.
entailment	Melissa has 6 dollars. She gave away 2 dollars.	Melissa now has 4 dollars.
entailment	Elaine has 9 dollars. She gave away 3 dollars.	Elaine now has 6 dollars.
entailment	Victoria has 6 dollars. She gave away 5 dollars.	Victoria now has 1 dollars.
entailment	Ann has 7 dollars. She gave away 3 dollars.	Ann now has 4 dollars.
entailment	Helen has 9 dollars. She gave away 3 dollars.	Helen now has 6 dollars.
entailment	Lucy has 9 dollars. She gave away 5 dollars.	Lucy now has 4 dollars.
entailment	Kathy has 5 dollars. She gave away 2 dollars.	Kathy now has 3 dollars.
entailment	Ken has 6 dollars. He gave away 4 dollars.	Ken now has 2 dollars.
entailment	Hugh has 9 dollars. He gave away 3 dollars.	Hugh now has 6 dollars.
entailment	Jessica has 8 dollars. She gave away 3 dollars.	Jessica now has 5 dollars.
entailment	Diane has 8 dollars. She gave away 3 dollars.	Diane now has 5 dollars.
entailment	Mary has 10 dollars. She gave away 9 dollars.	Mary now has 1 dollars.
entailment	Sophie has 8 dollars. She gave away 3 dollars.	Sophie now has 5 dollars.
entailment	Tom has 9 dollars. He gave away 5 dollars.	Tom now has 4 dollars.
entailment	Ruth has 4 dollars. She gave away 3 dollars.	Ruth now has 1 dollars.
entailment	Margaret has 10 dollars. She gave away 3 dollars.	Margaret now has 7 dollars.
entailment	Rebecca has 5 dollars. She gave away 2 dollars.	Rebecca now has 3 dollars.
entailment	Ed has 8 dollars. He gave away 7 dollars.	Ed now has 1 dollars.
entailment	Anne has 10 dollars. She gave away 7 dollars.	Anne now has 3 dollars.
entailment	Peter has 10 dollars. He gave away 8 dollars.	Peter now has 2 dollars.
entailment	Francis has 10 dollars. He gave away 4 dollars.	Francis now has 6 dollars.
entailment	Barbara has 4 dollars. She gave away 2 dollars.	Barbara now has 2 dollars.
entailment	Katie has 9 dollars. She gave away 3 dollars.	Katie now has 6 dollars.
entailment	Andrea has 10 dollars. She gave away 7 dollars.	Andrea now has 3 dollars.
entailment	Emma has 3 dollars. She gave away 2 dollars.	Emma now has 1 dollars.
entailment	Don has 5 dollars. He gave away 2 dollars.	Don now has 3 dollars.
entailment	Sally has 7 dollars. She gave away 6 dollars.	Sally now has 1 dollars.
entailment	Michelle has 5 dollars. She gave away 2 dollars.	Michelle now has 3 dollars.
entailment	Evelyn has 10 dollars. She gave away 8 dollars.	Evelyn now has 2 dollars.
entailment	Melissa has 8 dollars. She gave away 2 dollars.	Melissa now has 6 dollars.
entailment	Bill has 5 dollars. He gave away 4 dollars.	Bill now has 1 dollars.
entailment	Steven has 7 dollars. He gave away 4 dollars.	Steven now has 3 dollars.
entailment	Michael has 9 dollars. He gave away 8 dollars.	Michael now has 1 dollars.
entailment	Judith has 6 dollars. She gave away 4 dollars.	Judith now has 2 dollars.
entailment	Anne has 5 dollars. She gave away 4 dollars.	Anne now has 1 dollars.
entailment	Jim has 10 dollars. He gave away 4 dollars.	Jim now has 6 dollars.
entailment	Victoria has 9 dollars. She gave away 6 dollars.	Victoria now has 3 dollars.
entailment	Suzanne has 9 dollars. She gave away 6 dollars.	Suzanne now has 3 dollars.
entailment	Ben has 8 dollars. He gave away 6 dollars.	Ben now has 2 dollars.
entailment	Kim has 6 dollars. She gave away 4 dollars.	Kim now has 2 dollars.
entailment	Ellen has 10 dollars. She gave away 2 dollars.	Ellen now has 8 dollars.
entailment	Thomas has 9 dollars. He gave away 6 dollars.	Thomas now has 3 dollars.
entailment	Nancy has 9 dollars. She gave away 2 dollars.	Nancy now has 7 dollars.
entailment	Arthur has 7 dollars. He gave away 4 dollars.	Arthur now has 3 dollars.
entailment	Alan has 7 dollars. He gave away 2 dollars.	Alan now has 5 dollars.
entailment	Betty has 5 dollars. She gave away 3 dollars.	Betty now has 2 dollars.
entailment	Matthew has 10 dollars. He gave away 8 dollars.	Matthew now has 2 dollars.
entailment	Heather has 9 dollars. She gave away 2 dollars.	Heather now has 7 dollars.
entailment	Arthur has 8 dollars. He gave away 4 dollars.	Arthur now has 4 dollars.
entailment	Matthew has 10 dollars. He gave away 7 dollars.	Matthew now has 3 dollars.
entailment	Ruth has 10 dollars. She gave away 7 dollars.	Ruth now has 3 dollars.
entailment	Michael has 9 dollars. He gave away 3 dollars.	Michael now has 6 dollars.
entailment	Melissa has 10 dollars. She gave away 9 dollars.	Melissa now has 1 dollars.
entailment	Louis has 5 dollars. He gave away 4 dollars.	Louis now has 1 dollars.
entailment	Kelly has 9 dollars. She gave away 3 dollars.	Kelly now has 6 dollars.
entailment	Kevin has 7 dollars. He gave away 3 dollars.	Kevin now has 4 dollars.
entailment	Stephen has 6 dollars. He gave away 3 dollars.	Stephen now has 3 dollars.
entailment	Lisa has 5 dollars. She gave away 2 dollars.	Lisa now has 3 dollars.
entailment	Roger has 5 dollars. He gave away 4 dollars.	Roger now has 1 dollars.
entailment	William has 9 dollars. He gave away 3 dollars.	William now has 6 dollars.
entailment	Billy has 7 dollars. He gave away 2 dollars.	Billy now has 5 dollars.
entailment	Jeff has 6 dollars. He gave away 5 dollars.	Jeff now has 1 dollars.
entailment	Albert has 8 dollars. He gave away 7 dollars.	Albert now has 1 dollars.
entailment	Matt has 8 dollars. He gave away 5 dollars.	Matt now has 3 dollars.
entailment	Anne has 9 dollars. She gave away 6 dollars.	Anne now has 3 dollars.
entailment	Grace has 8 dollars. She gave away 7 dollars.	Grace now has 1 dollars.
entailment	Dan has 6 dollars. He gave away 3 dollars.	Dan now has 3 dollars.
entailment	Annie has 8 dollars. She gave away 2 dollars.	Annie now has 6 dollars.
entailment	Sue has 8 dollars. She gave away 3 dollars.	Sue now has 5 dollars.
entailment	Heather has 10 dollars. She gave away 4 dollars.	Heather now has 6 dollars.
entailment	Kelly has 7 dollars. She gave away 4 dollars.	Kelly now has 3 dollars.
entailment	Emma has 10 dollars. She gave away 5 dollars.	Emma now has 5 dollars.
entailment	Ruth has 7 dollars. She gave away 4 dollars.	Ruth now has 3 dollars.
entailment	Angela has 8 dollars. She gave away 5 dollars.	Angela now has 3 dollars.
entailment	Philip has 10 dollars. He gave away 5 dollars.	Philip now has 5 dollars.
entailment	Alexandra has 9 dollars. She gave away 2 dollars.	Alexandra now has 7 dollars.
entailment	Alexander has 3 dollars. He gave away 2 dollars.	Alexander now has 1 dollars.
entailment	Angela has 8 dollars. She gave away 5 dollars.	Angela now has 3 dollars.
entailment	Dorothy has 6 dollars. She gave away 4 dollars.	Dorothy now has 2 dollars.
entailment	Martin has 9 dollars. He gave away 6 dollars.	Martin now has 3 dollars.
entailment	Maria has 3 dollars. She gave away 2 dollars.	Maria now has 1 dollars.
entailment	Annie has 9 dollars. She gave away 2 dollars.	Annie now has 7 dollars.
entailment	Daniel has 7 dollars. He gave away 3 dollars.	Daniel now has 4 dollars.
entailment	Julia has 8 dollars. She gave away 6 dollars.	Julia now has 2 dollars.
entailment	Johnny has 9 dollars. He gave away 3 dollars.	Johnny now has 6 dollars.
entailment	Diane has 8 dollars. She gave away 2 dollars.	Diane now has 6 dollars.
entailment	Ruth has 4 dollars. She gave away 3 dollars.	Ruth now has 1 dollars.
entailment	Joseph has 10 dollars. He gave away 7 dollars.	Joseph now has 3 dollars.
entailment	Bruce has 9 dollars. He gave away 5 dollars.	Bruce now has 4 dollars.
entailment	Sandra has 9 dollars. She gave away 3 dollars.	Sandra now has 6 dollars.
entailment	Jennifer has 10 dollars. She gave away 7 dollars.	Jennifer now has 3 dollars.
entailment	Nicole has 6 dollars. She gave away 4 dollars.	Nicole now has 2 dollars.
entailment	Fred has 5 dollars. He gave away 2 dollars.	Fred now has 3 dollars.
entailment	Steve has 8 dollars. He gave away 5 dollars.	Steve now has 3 dollars.
entailment	Louis has 9 dollars. He gave away 5 dollars.	Louis now has 4 dollars.
entailment	Charlie has 10 dollars. He gave away 8 dollars.	Charlie now has 2 dollars.
entailment	Louise has 9 dollars. She gave away 7 dollars.	Louise now has 2 dollars.
entailment	Joe has 8 dollars. He gave away 5 dollars.	Joe now has 3 dollars.
entailment	Marie has 5 dollars. She gave away 2 dollars.	Marie now has 3 dollars.
entailment	Billy has 9 dollars. He gave away 3 dollars.	Billy now has 6 dollars.
entailment	Sarah has 8 dollars. She gave away 2 dollars.	Sarah now has 6 dollars.
entailment	Wendy has 10 dollars. She gave away 3 dollars.	Wendy now has 7 dollars.
entailment	Sharon has 10 dollars. She gave away 2 dollars.	Sharon now has 8 dollars.
entailment	Alan has 10 dollars. He gave away 6 dollars.	Alan now has 4 dollars.
entailment	Karen has 9 dollars. She gave away 2 dollars.	Karen now has 7 dollars.
entailment	Sarah has 7 dollars. She gave away 5 dollars.	Sarah now has 2 dollars.
entailment	Robin has 9 dollars. She gave away 8 dollars.	Robin now has 1 dollars.
entailment	Peter has 7 dollars. He gave away 2 dollars.	Peter now has 5 dollars.
entailment	Roy has 8 dollars. He gave away 3 dollars.	Roy now has 5 dollars.
entailment	Marie has 8 dollars. She gave away 5 dollars.	Marie now has 3 dollars.
entailment	Michael has 7 dollars. He gave away 6 dollars.	Michael now has 1 dollars.
entailment	Simon has 6 dollars. He gave away 3 dollars.	Simon now has 3 dollars.
entailment	Charles has 10 dollars. He gave away 7 dollars.	Charles now has 3 dollars.
entailment	Patricia has 10 dollars. She gave away 5 dollars.	Patricia now has 5 dollars.
entailment	Ryan has 9 dollars. He gave away 3 dollars.	Ryan now has 6 dollars.
entailment	Roy has 6 dollars. He gave away 2 dollars.	Roy now has 4 dollars.
entailment	William has 10 dollars. He gave away 7 dollars.	William now has 3 dollars.
entailment	Jessica has 3 dollars. She gave away 2 dollars.	Jessica now has 1 dollars.
entailment	Sara has 4 dollars. She gave away 3 dollars.	Sara now has 1 dollars.
entailment	Sharon has 5 dollars. She gave away 3 dollars.	Sharon now has 2 dollars.
entailment	Chris has 10 dollars. He gave away 4 dollars.	Chris now has 6 dollars.
entailment	Ryan has 5 dollars. He gave away 4 dollars.	Ryan now has 1 dollars.
entailment	Andrea has 10 dollars. She gave away 4 dollars.	Andrea now has 6 dollars.
entailment	Nicole has 10 dollars. She gave away 8 dollars.	Nicole now has 2 dollars.
entailment	William has 8 dollars. He gave away 6 dollars.	William now has 2 dollars.
entailment	Fiona has 10 dollars. She gave away 9 dollars.	Fiona now has 1 dollars.
entailment	Philip has 9 dollars. He gave away 2 dollars.	Philip now has 7 dollars.
entailment	Ralph has 6 dollars. He gave away 4 dollars.	Ralph now has 2 dollars.
entailment	Sandra has 6 dollars. She gave away 2 dollars.	Sandra now has 4 dollars.
entailment	Ashley has 10 dollars. She gave away 2 dollars.	Ashley now has 8 dollars.
entailment	Lauren has 10 dollars. She gave away 7 dollars.	Lauren now has 3 dollars.
entailment	Anna has 8 dollars. She gave away 3 dollars.	Anna now has 5 dollars.
entailment	Eric has 6 dollars. He gave away 2 dollars.	Eric now has 4 dollars.
entailment	Martha has 8 dollars. She gave away 3 dollars.	Martha now has 5 dollars.
entailment	Brian has 8 dollars. He gave away 2 dollars.	Brian now has 6 dollars.
entailment	Jane has 7 dollars. She gave away 6 dollars.	Jane now has 1 dollars.
entailment	Ian has 10 dollars. He gave away 9 dollars.	Ian now has 1 dollars.
entailment	Sandra has 9 dollars. She gave away 2 dollars.	Sandra now has 7 dollars.
entailment	Donald has 10 dollars. He gave away 4 dollars.	Donald now has 6 dollars.
entailment	Ben has 9 dollars. He gave away 8 dollars.	Ben now has 1 dollars.
entailment	Carl has 10 dollars. He gave away 7 dollars.	Carl now has 3 dollars.
entailment	Catherine has 8 dollars. She gave away 5 dollars.	Catherine now has 3 dollars.
entailment	Lawrence has 5 dollars. He gave away 3 dollars.	Lawrence now has 2 dollars.
entailment	Paul has 10 dollars. He gave away 8 dollars.	Paul now has 2 dollars.
entailment	Frances has 7 dollars. She gave away 5 dollars.	Frances now has 2 dollars.
entailment	James has 7 dollars. He gave away 5 dollars.	James now has 2 dollars.
entailment	Leslie has 9 dollars. She gave away 8 dollars.	Leslie now has 1 dollars.
entailment	Rachel has 4 dollars. She gave away 2 dollars.	Rachel now has 2 dollars.
entailment	Michael has 10 dollars. He gave away 7 dollars.	Michael now has 3 dollars.
entailment	Ryan has 5 dollars. He gave away 2 dollars.	Ryan now has 3 dollars.
entailment	Charlie has 3 dollars. He gave away 2 dollars.	Charlie now has 1 dollars.
entailment	Joan has 7 dollars. She gave away 3 dollars.	Joan now has 4 dollars.
entailment	Kathleen has 8 dollars. She gave away 6 dollars.	Kathleen now has 2 dollars.
entailment	Tim has 4 dollars. He gave away 2 dollars.	Tim now has 2 dollars.
entailment	Suzanne has 9 dollars. She gave away 6 dollars.	Suzanne now has 3 dollars.
entailment	Joan has 7 dollars. She gave away 2 dollars.	Joan now has 5 dollars.
entailment	Dorothy has 5 dollars. She gave away 2 dollars.	Dorothy now has 3 dollars.
entailment	Jennifer has 6 dollars. She gave away 5 dollars.	Jennifer now has 1 dollars.
entailment	Betty has 5 dollars. She gave away 4 dollars.	Betty now has 1 dollars.
entailment	Henry has 4 dollars. He gave away 3 dollars.	Henry now has 1 dollars.
entailment	Gary has 9 dollars. He gave away 5 dollars.	Gary now has 4 dollars.
entailment	Melissa has 10 dollars. She gave away 8 dollars.	Melissa now has 2 dollars.
entailment	Carol has 7 dollars. She gave away 6 dollars.	Carol now has 1 dollars.
entailment	William has 7 dollars. He gave away 4 dollars.	William now has 3 dollars.
entailment	Francis has 8 dollars. He gave away 7 dollars.	Francis now has 1 dollars.
entailment	Albert has 10 dollars. He gave away 3 dollars.	Albert now has 7 dollars.
entailment	Simon has 10 dollars. He gave away 6 dollars.	Simon now has 4 dollars.
entailment	Charlie has 9 dollars. He gave away 8 dollars.	Charlie now has 1 dollars.
entailment	Dorothy has 10 dollars. She gave away 4 dollars.	Dorothy now has 6 dollars.
entailment	David has 8 dollars. He gave away 5 dollars.	David now has 3 dollars.
entailment	Louis has 6 dollars. He gave away 3 dollars.	Louis now has 3 dollars.
entailment	Christopher has 7 dollars. He gave away 3 dollars.	Christopher now has 4 dollars.
entailment	Kathryn has 8 dollars. She gave away 6 dollars.	Kathryn now has 2 dollars.
entailment	Hugh has 9 dollars. He gave away 3 dollars.	Hugh now has 6 dollars.
entailment	Jim has 7 dollars. He gave away 3 dollars.	Jim now has 4 dollars.
entailment	Joan has 10 dollars. She gave away 7 dollars.	Joan now has 3 dollars.
entailment	Emily has 5 dollars. She gave away 2 dollars.	Emily now has 3 dollars.
entailment	Wendy has 9 dollars. She gave away 3 dollars.	Wendy now has 6 dollars.
entailment	Philip has 6 dollars. He gave away 2 dollars.	Philip now has 4 dollars.
entailment	Nancy has 6 dollars. She gave away 5 dollars.	Nancy now has 1 dollars.
entailment	Francis has 9 dollars. He gave away 8 dollars.	Francis now has 1 dollars.
entailment	Robert has 10 dollars. He gave away 5 dollars.	Robert now has 5 dollars.
entailment	Ian has 5 dollars. He gave away 3 dollars.	Ian now has 2 dollars.
entailment	Ann has 8 dollars. She gave away 2 dollars.	Ann now has 6 dollars.
entailment	Alexandra has 5 dollars. She gave away 4 dollars.	Alexandra now has 1 dollars.
entailment	Philip has 10 dollars. He gave away 6 dollars.	Philip now has 4 dollars.
entailment	Victoria has 9 dollars. She gave away 3 dollars.	Victoria now has 6 dollars.
entailment	Edward has 7 dollars. He gave away 6 dollars.	Edward now has 1 dollars.
entailment	Sarah has 10 dollars. She gave away 2 dollars.	Sarah now has 8 dollars.
entailment	Alexandra has 8 dollars. She gave away 5 dollars.	Alexandra now has 3 dollars.
entailment	Jennifer has 7 dollars. She gave away 3 dollars.	Jennifer now has 4 dollars.
entailment	Larry has 10 dollars. He gave away 3 dollars.	Larry now has 7 dollars.
entailment	Alison has 8 dollars. She gave away 7 dollars.	Alison now has 1 dollars.
entailment	John has 9 dollars. He gave away 5 dollars.	John now has 4 dollars.
entailment	Tom has 10 dollars. He gave away 9 dollars.	Tom now has 1 dollars.
entailment	Susan has 7 dollars. She gave away 4 dollars.	Susan now has 3 dollars.
entailment	Arthur has 3 dollars. He gave away 2 dollars.	Arthur now has 1 dollars.
entailment	Rebecca has 10 dollars. She gave away 2 dollars.	Rebecca now has 8 dollars.
entailment	Donald has 8 dollars. He gave away 7 dollars.	Donald now has 1 dollars.
entailment	Susan has 10 dollars. She gave away 3 dollars.	Susan now has 7 dollars.
entailment	Greg has 7 dollars. He gave away 6 dollars.	Greg now has 1 dollars.
entailment	Bobby has 10 dollars. He gave away 8 dollars.	Bobby now has 2 dollars.
entailment	Hugh has 5 dollars. He gave away 3 dollars.	Hugh now has 2 dollars.
entailment	Bill has 10 dollars. He gave away 9 dollars.	Bill now has 1 dollars.
entailment	Betty has 7 dollars. She gave away 4 dollars.	Betty now has 3 dollars.
entailment	Carolyn has 5 dollars. She gave away 4 dollars.	Carolyn now has 1 dollars.
entailment	Nancy has 6 dollars. She gave away 5 dollars.	Nancy now has 1 dollars.
entailment	Michael has 8 dollars. He gave away 2 dollars.	Michael now has 6 dollars.
entailment	Jason has 8 dollars. He gave away 3 dollars.	Jason now has 5 dollars.
entailment	Bobby has 7 dollars. He gave away 2 dollars.	Bobby now has 5 dollars.
entailment	Jane has 10 dollars. She gave away 5 dollars.	Jane now has 5 dollars.
entailment	Alexander has 9 dollars. He gave away 4 dollars.	Alexander now has 5 dollars.
entailment	Colin has 7 dollars. He gave away 4 dollars.	Colin now has 3 dollars.
entailment	Bill has 8 dollars. He gave away 4 dollars.	Bill now has 4 dollars.
entailment	Anthony has 6 dollars. He gave away 5 dollars.	Anthony now has 1 dollars.
entailment	Nancy has 6 dollars. She gave away 5 dollars.	Nancy now has 1 dollars.
entailment	Elaine has 10 dollars. She gave away 2 dollars.	Elaine now has 8 dollars.
entailment	Charlotte has 10 dollars. She gave away 2 dollars.	Charlotte now has 8 dollars.
entailment	Alison has 9 dollars. She gave away 2 dollars.	Alison now has 7 dollars.
entailment	William has 9 dollars. He gave away 3 dollars.	William now has 6 dollars.
entailment	Michael has 5 dollars. He gave away 3 dollars.	Michael now has 2 dollars.
entailment	Francis has 6 dollars. He gave away 4 dollars.	Francis now has 2 dollars.
entailment	Emily has 10 dollars. She gave away 9 dollars.	Emily now has 1 dollars.
entailment	Jane has 3 dollars. She gave away 2 dollars.	Jane now has 1 dollars.
entailment	Nick has 10 dollars. He gave away 3 dollars.	Nick now has 7 dollars.
entailment	Kathy has 10 dollars. She gave away 6 dollars.	Kathy now has 4 dollars.
entailment	Florence has 7 dollars. She gave away 5 dollars.	Florence now has 2 dollars.
entailment	Kevin has 10 dollars. He gave away 6 dollars.	Kevin now has 4 dollars.
entailment	Kathryn has 6 dollars. She gave away 3 dollars.	Kathryn now has 3 dollars.
entailment	Dave has 4 dollars. He gave away 3 dollars.	Dave now has 1 dollars.
entailment	Philip has 9 dollars. He gave away 4 dollars.	Philip now has 5 dollars.
entailment	Arthur has 8 dollars. He gave away 7 dollars.	Arthur now has 1 dollars.
entailment	Mike has 9 dollars. He gave away 8 dollars.	Mike now has 1 dollars.
entailment	Maria has 10 dollars. She gave away 8 dollars.	Maria now has 2 dollars.
entailment	Jimmy has 10 dollars. He gave away 3 dollars.	Jimmy now has 7 dollars.
entailment	Annie has 10 dollars. She gave away 3 dollars.	Annie now has 7 dollars.
entailment	Kathryn has 9 dollars. She gave away 8 dollars.	Kathryn now has 1 dollars.
entailment	Bobby has 9 dollars. He gave away 3 dollars.	Bobby now has 6 dollars.
entailment	Elaine has 6 dollars. She gave away 3 dollars.	Elaine now has 3 dollars.
entailment	Edward has 6 dollars. He gave away 4 dollars.	Edward now has 2 dollars.
entailment	Stephanie has 10 dollars. She gave away 3 dollars.	Stephanie now has 7 dollars.
entailment	Alice has 3 dollars. She gave away 2 dollars.	Alice now has 1 dollars.
entailment	Jessica has 8 dollars. She gave away 7 dollars.	Jessica now has 1 dollars.
entailment	Angela has 10 dollars. She gave away 2 dollars.	Angela now has 8 dollars.
entailment	Jeff has 6 dollars. He gave away 4 dollars.	Jeff now has 2 dollars.
entailment	Ruth has 8 dollars. She gave away 4 dollars.	Ruth now has 4 dollars.
entailment	Katherine has 9 dollars. She gave away 4 dollars.	Katherine now has 5 dollars.
entailment	Nancy has 9 dollars. She gave away 7 dollars.	Nancy now has 2 dollars.
entailment	Al has 7 dollars. He gave away 4 dollars.	Al now has 3 dollars.
entailment	Alexander has 8 dollars. He gave away 3 dollars.	Alexander now has 5 dollars.
entailment	Kevin has 10 dollars. He gave away 7 dollars.	Kevin now has 3 dollars.
entailment	Kenneth has 7 dollars. He gave away 2 dollars.	Kenneth now has 5 dollars.
entailment	Jeff has 9 dollars. He gave away 6 dollars.	Jeff now has 3 dollars.
entailment	Jean has 9 dollars. She gave away 3 dollars.	Jean now has 6 dollars.
entailment	Jay has 7 dollars. He gave away 4 dollars.	Jay now has 3 dollars.
entailment	Steve has 10 dollars. He gave away 5 dollars.	Steve now has 5 dollars.
entailment	Donald has 9 dollars. He gave away 7 dollars.	Donald now has 2 dollars.
entailment	Keith has 8 dollars. He gave away 3 dollars.	Keith now has 5 dollars.
entailment	Nick has 8 dollars. He gave away 2 dollars.	Nick now has 6 dollars.
entailment	Francis has 8 dollars. He gave away 3 dollars.	Francis now has 5 dollars.
entailment	Harold has 6 dollars. He gave away 4 dollars.	Harold now has 2 dollars.
entailment	Don has 10 dollars. He gave away 2 dollars.	Don now has 8 dollars.
entailment	Matthew has 5 dollars. He gave away 4 dollars.	Matthew now has 1 dollars.
entailment	Kim has 7 dollars. She gave away 2 dollars.	Kim now has 5 dollars.
entailment	Colin has 8 dollars. He gave away 2 dollars.	Colin now has 6 dollars.
entailment	Helen has 9 dollars. She gave away 3 dollars.	Helen now has 6 dollars.
entailment	Richard has 9 dollars. He gave away 4 dollars.	Richard now has 5 dollars.
entailment	Lynn has 5 dollars. She gave away 4 dollars.	Lynn now has 1 dollars.
entailment	Steven has 6 dollars. He gave away 5 dollars.	Steven now has 1 dollars.
entailment	Anne has 10 dollars. She gave away 3 dollars.	Anne now has 7 dollars.
entailment	Rose has 10 dollars. She gave away 8 dollars.	Rose now has 2 dollars.
entailment	Katherine has 5 dollars. She gave away 4 dollars.	Katherine now has 1 dollars.
entailment	Victoria has 10 dollars. She gave away 7 dollars.	Victoria now has 3 dollars.
entailment	Anna has 9 dollars. She gave away 3 dollars.	Anna now has 6 dollars.
entailment	James has 6 dollars. He gave away 5 dollars.	James now has 1 dollars.
entailment	Sophie has 10 dollars. She gave away 4 dollars.	Sophie now has 6 dollars.
entailment	Kim has 10 dollars. She gave away 7 dollars.	Kim now has 3 dollars.
entailment	Wendy has 9 dollars. She gave away 6 dollars.	Wendy now has 3 dollars.
entailment	Harold has 3 dollars. He gave away 2 dollars.	Harold now has 1 dollars.
entailment	Mark has 8 dollars. He gave away 2 dollars.	Mark now has 6 dollars.
entailment	Dick has 6 dollars. He gave away 2 dollars.	Dick now has 4 dollars.
entailment	Dorothy has 6 dollars. She gave away 3 dollars.	Dorothy now has 3 dollars.
entailment	Angela has 7 dollars. She gave away 6 dollars.	Angela now has 1 dollars.
entailment	George has 5 dollars. He gave away 4 dollars.	George now has 1 dollars.
entailment	Nicole has 10 dollars. She gave away 6 dollars.	Nicole now has 4 dollars.
entailment	Laura has 6 dollars. She gave away 4 dollars.	Laura now has 2 dollars.
entailment	Arthur has 10 dollars. He gave away 8 dollars.	Arthur now has 2 dollars.
entailment	Fred has 10 dollars. He gave away 6 dollars.	Fred now has 4 dollars.
entailment	Johnny has 7 dollars. He gave away 6 dollars.	Johnny now has 1 dollars.
entailment	Margaret has 9 dollars. She gave away 3 dollars.	Margaret now has 6 dollars.
entailment	Kelly has 5 dollars. She gave away 3 dollars.	Kelly now has 2 dollars.
entailment	Christopher has 5 dollars. He gave away 4 dollars.	Christopher now has 1 dollars.
entailment	Ruth has 10 dollars. She gave away 7 dollars.	Ruth now has 3 dollars.
entailment	Cynthia has 10 dollars. She gave away 7 dollars.	Cynthia now has 3 dollars.
entailment	Edward has 9 dollars. He gave away 7 dollars.	Edward now has 2 dollars.
entailment	Janet has 10 dollars. She gave away 8 dollars.	Janet now has 2 dollars.
entailment	Diane has 10 dollars. She gave away 8 dollars.	Diane now has 2 dollars.
entailment	Kelly has 6 dollars. She gave away 2 dollars.	Kelly now has 4 dollars.
entailment	Joseph has 8 dollars. He gave away 5 dollars.	Joseph now has 3 dollars.
entailment	Alan has 10 dollars. He gave away 3 dollars.	Alan now has 7 dollars.
entailment	Steven has 7 dollars. He gave away 2 dollars.	Steven now has 5 dollars.
entailment	Dan has 9 dollars. He gave away 6 dollars.	Dan now has 3 dollars.
entailment	Fiona has 9 dollars. She gave away 8 dollars.	Fiona now has 1 dollars.
entailment	Frances has 7 dollars. She gave away 4 dollars.	Frances now has 3 dollars.
entailment	Dan has 10 dollars. He gave away 9 dollars.	Dan now has 1 dollars.
entailment	Edward has 10 dollars. He gave away 3 dollars.	Edward now has 7 dollars.
entailment	Sue has 7 dollars. She gave away 6 dollars.	Sue now has 1 dollars.
entailment	Mike has 9 dollars. He gave away 7 dollars.	Mike now has 2 dollars.
entailment	Sandra has 7 dollars. She gave away 5 dollars.	Sandra now has 2 dollars.
entailment	Robin has 8 dollars. She gave away 3 dollars.	Robin now has 5 dollars.
entailment	Anna has 10 dollars. She gave away 4 dollars.	Anna now has 6 dollars.
entailment	Jessica has 7 dollars. She gave away 6 dollars.	Jessica now has 1 dollars.
entailment	Judith has 10 dollars. She gave away 5 dollars.	Judith now has 5 dollars.
entailment	Katherine has 10 dollars. She gave away 6 dollars.	Katherine now has 4 dollars.
entailment	Ben has 8 dollars. He gave away 3 dollars.	Ben now has 5 dollars.
entailment	Lisa has 8 dollars. She gave away 2 dollars.	Lisa now has 6 dollars.
entailment	Susan has 10 dollars. She gave away 2 dollars.	Susan now has 8 dollars.
entailment	Donald has 6 dollars. He gave away 2 dollars.	Donald now has 4 dollars.
entailment	Heather has 10 dollars. She gave away 7 dollars.	Heather now has 3 dollars.
entailment	Alan has 7 dollars. He gave away 6 dollars.	Alan now has 1 dollars.
entailment	Heather has 10 dollars. She gave away 4 dollars.	Heather now has 6 dollars.
entailment	Andrea has 8 dollars. She gave away 7 dollars.	Andrea now has 1 dollars.
entailment	Nicole has 10 dollars. She gave away 8 dollars.	Nicole now has 2 dollars.
entailment	Jay has 10 dollars. He gave away 2 dollars.	Jay now has 8 dollars.
entailment	Martha has 10 dollars. She gave away 4 dollars.	Martha now has 6 dollars.
entailment	Patrick has 10 dollars. He gave away 3 dollars.	Patrick now has 7 dollars.
entailment	Billy has 10 dollars. He gave away 9 dollars.	Billy now has 1 dollars.
entailment	Al has 6 dollars. He gave away 5 dollars.	Al now has 1 dollars.
entailment	Jeff has 9 dollars. He gave away 4 dollars.	Jeff now has 5 dollars.
entailment	Carolyn has 8 dollars. She gave away 3 dollars.	Carolyn now has 5 dollars.
entailment	Brian has 6 dollars. He gave away 2 dollars.	Brian now has 4 dollars.
entailment	Jean has 9 dollars. She gave away 7 dollars.	Jean now has 2 dollars.
entailment	Heather has 3 dollars. She gave away 2 dollars.	Heather now has 1 dollars.
entailment	Sally has 10 dollars. She gave away 5 dollars.	Sally now has 5 dollars.
entailment	Anne has 9 dollars. She gave away 3 dollars.	Anne now has 6 dollars.
entailment	Ben has 9 dollars. He gave away 7 dollars.	Ben now has 2 dollars.
entailment	Jeff has 10 dollars. He gave away 3 dollars.	Jeff now has 7 dollars.
entailment	Roy has 9 dollars. He gave away 3 dollars.	Roy now has 6 dollars.
entailment	Carl has 7 dollars. He gave away 5 dollars.	Carl now has 2 dollars.
entailment	Annie has 10 dollars. She gave away 5 dollars.	Annie now has 5 dollars.
entailment	Jessica has 7 dollars. She gave away 5 dollars.	Jessica now has 2 dollars.
entailment	Patricia has 6 dollars. She gave away 5 dollars.	Patricia now has 1 dollars.
entailment	Fred has 9 dollars. He gave away 4 dollars.	Fred now has 5 dollars.
entailment	Emily has 10 dollars. She gave away 8 dollars.	Emily now has 2 dollars.
entailment	Alex has 5 dollars. He gave away 4 dollars.	Alex now has 1 dollars.
entailment	Daniel has 7 dollars. He gave away 3 dollars.	Daniel now has 4 dollars.
entailment	Samuel has 10 dollars. He gave away 2 dollars.	Samuel now has 8 dollars.
entailment	Philip has 4 dollars. He gave away 2 dollars.	Philip now has 2 dollars.
entailment	Martha has 8 dollars. She gave away 6 dollars.	Martha now has 2 dollars.
entailment	Jerry has 7 dollars. He gave away 4 dollars.	Jerry now has 3 dollars.
entailment	Sandra has 4 dollars. She gave away 3 dollars.	Sandra now has 1 dollars.
entailment	Donna has 10 dollars. She gave away 3 dollars.	Donna now has 7 dollars.
entailment	Alexander has 10 dollars. He gave away 7 dollars.	Alexander now has 3 dollars.
entailment	Donald has 4 dollars. He gave away 3 dollars.	Donald now has 1 dollars.
entailment	Larry has 7 dollars. He gave away 5 dollars.	Larry now has 2 dollars.
entailment	Ashley has 5 dollars. She gave away 2 dollars.	Ashley now has 3 dollars.
entailment	Frances has 9 dollars. She gave away 7 dollars.	Frances now has 2 dollars.
entailment	Lauren has 9 dollars. She gave away 3 dollars.	Lauren now has 6 dollars.
entailment	Colin has 10 dollars. He gave away 3 dollars.	Colin now has 7 dollars.
entailment	Harriet has 9 dollars. She gave away 4 dollars.	Harriet now has 5 dollars.
entailment	Charles has 9 dollars. He gave away 4 dollars.	Charles now has 5 dollars.
entailment	Ellen has 8 dollars. She gave away 3 dollars.	Ellen now has 5 dollars.
entailment	Diane has 7 dollars. She gave away 2 dollars.	Diane now has 5 dollars.
entailment	Gary has 10 dollars. He gave away 6 dollars.	Gary now has 4 dollars.
entailment	Lauren has 10 dollars. She gave away 9 dollars.	Lauren now has 1 dollars.
entailment	Albert has 8 dollars. He gave away 6 dollars.	Albert now has 2 dollars.
entailment	Diana has 7 dollars. She gave away 4 dollars.	Diana now has 3 dollars.
entailment	Tom has 7 dollars. He gave away 5 dollars.	Tom now has 2 dollars.
entailment	Ken has 6 dollars. He gave away 2 dollars.	Ken now has 4 dollars.
entailment	Andrea has 7 dollars. She gave away 2 dollars.	Andrea now has 5 dollars.
entailment	Cynthia has 7 dollars. She gave away 6 dollars.	Cynthia now has 1 dollars.
entailment	Ben has 9 dollars. He gave away 4 dollars.	Ben now has 5 dollars.
entailment	Edith has 8 dollars. She gave away 3 dollars.	Edith now has 5 dollars.
entailment	Sara has 5 dollars. She gave away 4 dollars.	Sara now has 1 dollars.
entailment	Mark has 4 dollars. He gave away 2 dollars.	Mark now has 2 dollars.
entailment	Nicole has 8 dollars. She gave away 3 dollars.	Nicole now has 5 dollars.
entailment	Scott has 8 dollars. He gave away 7 dollars.	Scott now has 1 dollars.
entailment	Jane has 8 dollars. She gave away 7 dollars.	Jane now has 1 dollars.
entailment	Christine has 5 dollars. She gave away 2 dollars.	Christine now has 3 dollars.
entailment	Colin has 5 dollars. He gave away 4 dollars.	Colin now has 1 dollars.
entailment	Andrew has 5 dollars. He gave away 2 dollars.	Andrew now has 3 dollars.
entailment	Benjamin has 10 dollars. He gave away 8 dollars.	Benjamin now has 2 dollars.
entailment	Edward has 3 dollars. He gave away 2 dollars.	Edward now has 1 dollars.
entailment	Dan has 7 dollars. He gave away 2 dollars.	Dan now has 5 dollars.
entailment	Ellen has 6 dollars. She gave away 4 dollars.	Ellen now has 2 dollars.
entailment	Edward has 8 dollars. He gave away 4 dollars.	Edward now has 4 dollars.
entailment	Patricia has 4 dollars. She gave away 2 dollars.	Patricia now has 2 dollars.
entailment	Bruce has 7 dollars. He gave away 3 dollars.	Bruce now has 4 dollars.
entailment	Catherine has 5 dollars. She gave away 4 dollars.	Catherine now has 1 dollars.
entailment	Alice has 9 dollars. She gave away 4 dollars.	Alice now has 5 dollars.
entailment	Daniel has 5 dollars. He gave away 4 dollars.	Daniel now has 1 dollars.
entailment	Mark has 10 dollars. He gave away 3 dollars.	Mark now has 7 dollars.
entailment	Lawrence has 10 dollars. He gave away 9 dollars.	Lawrence now has 1 dollars.
entailment	Daniel has 5 dollars. He gave away 4 dollars.	Daniel now has 1 dollars.
entailment	Diane has 8 dollars. She gave away 3 dollars.	Diane now has 5 dollars.
entailment	Jim has 10 dollars. He gave away 6 dollars.	Jim now has 4 dollars.
entailment	Amy has 3 dollars. She gave away 2 dollars.	Amy now has 1 dollars.
entailment	Michelle has 9 dollars. She gave away 2 dollars.	Michelle now has 7 dollars.
entailment	Walter has 8 dollars. He gave away 2 dollars.	Walter now has 6 dollars.
entailment	Steve has 6 dollars. He gave away 3 dollars.	Steve now has 3 dollars.
entailment	Florence has 10 dollars. She gave away 5 dollars.	Florence now has 5 dollars.
entailment	Edward has 10 dollars. He gave away 2 dollars.	Edward now has 8 dollars.
entailment	Philip has 8 dollars. He gave away 3 dollars.	Philip now has 5 dollars.
entailment	Eric has 10 dollars. He gave away 9 dollars.	Eric now has 1 dollars.
entailment	Harriet has 7 dollars. She gave away 5 dollars.	Harriet now has 2 dollars.
entailment	Karen has 8 dollars. She gave away 7 dollars.	Karen now has 1 dollars.
entailment	Jerry has 9 dollars. He gave away 7 dollars.	Jerry now has 2 dollars.
entailment	Jessica has 6 dollars. She gave away 2 dollars.	Jessica now has 4 dollars.
entailment	Mark has 10 dollars. He gave away 9 dollars.	Mark now has 1 dollars.
entailment	Arthur has 10 dollars. He gave away 7 dollars.	Arthur now has 3 dollars.
entailment	Jack has 9 dollars. He gave away 3 dollars.	Jack now has 6 dollars.
entailment	Lawrence has 10 dollars. He gave away 8 dollars.	Lawrence now has 2 dollars.
entailment	Brian has 10 dollars. He gave away 8 dollars.	Brian now has 2 dollars.
entailment	Henry has 5 dollars. He gave away 2 dollars.	Henry now has 3 dollars.
entailment	Charles has 9 dollars. He gave away 4 dollars.	Charles now has 5 dollars.
entailment	Stephanie has 7 dollars. She gave away 3 dollars.	Stephanie now has 4 dollars.
entailment	Alan has 10 dollars. He gave away 5 dollars.	Alan now has 5 dollars.
entailment	Peter has 6 dollars. He gave away 2 dollars.	Peter now has 4 dollars.
entailment	Dan has 10 dollars. He gave away 5 dollars.	Dan now has 5 dollars.
entailment	Kim has 3 dollars. She gave away 2 dollars.	Kim now has 1 dollars.
entailment	Ralph has 4 dollars. He gave away 3 dollars.	Ralph now has 1 dollars.
entailment	Benjamin has 7 dollars. He gave away 5 dollars.	Benjamin now has 2 dollars.
entailment	Ed has 10 dollars. He gave away 7 dollars.	Ed now has 3 dollars.
entailment	Simon has 9 dollars. He gave away 4 dollars.	Simon now has 5 dollars.
entailment	Fiona has 7 dollars. She gave away 4 dollars.	Fiona now has 3 dollars.
entailment	Jean has 7 dollars. She gave away 3 dollars.	Jean now has 4 dollars.
entailment	Robert has 9 dollars. He gave away 6 dollars.	Robert now has 3 dollars.
entailment	Ralph has 6 dollars. He gave away 2 dollars.	Ralph now has 4 dollars.
entailment	Chris has 3 dollars. He gave away 2 dollars.	Chris now has 1 dollars.
entailment	Frank has 8 dollars. He gave away 2 dollars.	Frank now has 6 dollars.
entailment	Kevin has 6 dollars. He gave away 5 dollars.	Kevin now has 1 dollars.
entailment	Alexander has 6 dollars. He gave away 2 dollars.	Alexander now has 4 dollars.
entailment	Patricia has 7 dollars. She gave away 6 dollars.	Patricia now has 1 dollars.
entailment	Scott has 5 dollars. He gave away 4 dollars.	Scott now has 1 dollars.
entailment	Maria has 9 dollars. She gave away 7 dollars.	Maria now has 2 dollars.
entailment	Ray has 8 dollars. He gave away 5 dollars.	Ray now has 3 dollars.
entailment	Steven has 10 dollars. He gave away 9 dollars.	Steven now has 1 dollars.
entailment	Harold has 10 dollars. He gave away 2 dollars.	Harold now has 8 dollars.
entailment	Victoria has 6 dollars. She gave away 3 dollars.	Victoria now has 3 dollars.
entailment	Roger has 9 dollars. He gave away 3 dollars.	Roger now has 6 dollars.
entailment	Betty has 6 dollars. She gave away 2 dollars.	Betty now has 4 dollars.
entailment	Robin has 10 dollars. She gave away 3 dollars.	Robin now has 7 dollars.
entailment	Kelly has 9 dollars. She gave away 3 dollars.	Kelly now has 6 dollars.
entailment	Diane has 9 dollars. She gave away 7 dollars.	Diane now has 2 dollars.
entailment	Steven has 6 dollars. He gave away 3 dollars.	Steven now has 3 dollars.
entailment	Ann has 6 dollars. She gave away 2 dollars.	Ann now has 4 dollars.
entailment	Paul has 8 dollars. He gave away 3 dollars.	Paul now has 5 dollars.
entailment	Thomas has 9 dollars. He gave away 5 dollars.	Thomas now has 4 dollars.
entailment	Stephen has 7 dollars. He gave away 5 dollars.	Stephen now has 2 dollars.
entailment	Mary has 6 dollars. She gave away 4 dollars.	Mary now has 2 dollars.
entailment	Harry has 4 dollars. He gave away 2 dollars.	Harry now has 2 dollars.
entailment	Brian has 10 dollars. He gave away 7 dollars.	Brian now has 3 dollars.
entailment	Jimmy has 10 dollars. He gave away 7 dollars.	Jimmy now has 3 dollars.
entailment	Henry has 8 dollars. He gave away 4 dollars.	Henry now has 4 dollars.
entailment	Sophie has 10 dollars. She gave away 7 dollars.	Sophie now has 3 dollars.
entailment	Robin has 10 dollars. She gave away 4 dollars.	Robin now has 6 dollars.
entailment	Edith has 7 dollars. She gave away 4 dollars.	Edith now has 3 dollars.
entailment	Henry has 7 dollars. He gave away 2 dollars.	Henry now has 5 dollars.
entailment	Donna has 3 dollars. She gave away 2 dollars.	Donna now has 1 dollars.
entailment	Jonathan has 8 dollars. He gave away 7 dollars.	Jonathan now has 1 dollars.
entailment	Dorothy has 6 dollars. She gave away 2 dollars.	Dorothy now has 4 dollars.
entailment	Philip has 10 dollars. He gave away 9 dollars.	Philip now has 1 dollars.
entailment	Hugh has 10 dollars. He gave away 7 dollars.	Hugh now has 3 dollars.
entailment	Caroline has 9 dollars. She gave away 4 dollars.	Caroline now has 5 dollars.
entailment	Steven has 7 dollars. He gave away 4 dollars.	Steven now has 3 dollars.
entailment	Jessica has 6 dollars. She gave away 5 dollars.	Jessica now has 1 dollars.
entailment	Eric has 10 dollars. He gave away 2 dollars.	Eric now has 8 dollars.
entailment	Martha has 10 dollars. She gave away 4 dollars.	Martha now has 6 dollars.
entailment	Richard has 6 dollars. He gave away 2 dollars.	Richard now has 4 dollars.
entailment	Kathryn has 9 dollars. She gave away 3 dollars.	Kathryn now has 6 dollars.
entailment	Johnny has 5 dollars. He gave away 2 dollars.	Johnny now has 3 dollars.
entailment	Mary has 10 dollars. She gave away 3 dollars.	Mary now has 7 dollars.
entailment	Wendy has 6 dollars. She gave away 2 dollars.	Wendy now has 4 dollars.
entailment	Don has 6 dollars. He gave away 3 dollars.	Don now has 3 dollars.
entailment	Diane has 10 dollars. She gave away 3 dollars.	Diane now has 7 dollars.
entailment	Sharon has 10 dollars. She gave away 9 dollars.	Sharon now has 1 dollars.
entailment	Judy has 6 dollars. She gave away 3 dollars.	Judy now has 3 dollars.
entailment	Ryan has 7 dollars. He gave away 6 dollars.	Ryan now has 1 dollars.
entailment	Jane has 10 dollars. She gave away 4 dollars.	Jane now has 6 dollars.
entailment	Alice has 9 dollars. She gave away 2 dollars.	Alice now has 7 dollars.
entailment	Jeff has 7 dollars. He gave away 4 dollars.	Jeff now has 3 dollars.
entailment	Hugh has 10 dollars. He gave away 5 dollars.	Hugh now has 5 dollars.
entailment	Fred has 4 dollars. He gave away 2 dollars.	Fred now has 2 dollars.
entailment	Victoria has 10 dollars. She gave away 6 dollars.	Victoria now has 4 dollars.
entailment	Michael has 9 dollars. He gave away 7 dollars.	Michael now has 2 dollars.
entailment	Ann has 10 dollars. She gave away 6 dollars.	Ann now has 4 dollars.
entailment	Julie has 8 dollars. She gave away 3 dollars.	Julie now has 5 dollars.
entailment	Fred has 10 dollars. He gave away 5 dollars.	Fred now has 5 dollars.
entailment	Charlie has 5 dollars. He gave away 4 dollars.	Charlie now has 1 dollars.
entailment	Sue has 8 dollars. She gave away 7 dollars.	Sue now has 1 dollars.
entailment	Eric has 9 dollars. He gave away 3 dollars.	Eric now has 6 dollars.
entailment	Kathryn has 10 dollars. She gave away 4 dollars.	Kathryn now has 6 dollars.
entailment	Carol has 10 dollars. She gave away 8 dollars.	Carol now has 2 dollars.
entailment	Henry has 8 dollars. He gave away 2 dollars.	Henry now has 6 dollars.
entailment	Emma has 10 dollars. She gave away 5 dollars.	Emma now has 5 dollars.
entailment	Bruce has 10 dollars. He gave away 8 dollars.	Bruce now has 2 dollars.
entailment	Alexandra has 10 dollars. She gave away 3 dollars.	Alexandra now has 7 dollars.
entailment	Jessica has 8 dollars. She gave away 5 dollars.	Jessica now has 3 dollars.
entailment	Sally has 4 dollars. She gave away 3 dollars.	Sally now has 1 dollars.
entailment	Marie has 7 dollars. She gave away 3 dollars.	Marie now has 4 dollars.
entailment	Simon has 6 dollars. He gave away 5 dollars.	Simon now has 1 dollars.
entailment	Heather has 8 dollars. She gave away 5 dollars.	Heather now has 3 dollars.
entailment	Paul has 10 dollars. He gave away 4 dollars.	Paul now has 6 dollars.
entailment	Victoria has 6 dollars. She gave away 4 dollars.	Victoria now has 2 dollars.
entailment	Kathryn has 5 dollars. She gave away 4 dollars.	Kathryn now has 1 dollars.
entailment	Kelly has 6 dollars. She gave away 3 dollars.	Kelly now has 3 dollars.
entailment	Susan has 10 dollars. She gave away 4 dollars.	Susan now has 6 dollars.
entailment	Peter has 6 dollars. He gave away 4 dollars.	Peter now has 2 dollars.
entailment	Ian has 4 dollars. He gave away 3 dollars.	Ian now has 1 dollars.
entailment	Diane has 9 dollars. She gave away 3 dollars.	Diane now has 6 dollars.
entailment	Eric has 9 dollars. He gave away 2 dollars.	Eric now has 7 dollars.
entailment	Alice has 7 dollars. She gave away 3 dollars.	Alice now has 4 dollars.
entailment	Sam has 10 dollars. He gave away 6 dollars.	Sam now has 4 dollars.
entailment	Sarah has 8 dollars. She gave away 7 dollars.	Sarah now has 1 dollars.
entailment	Philip has 10 dollars. He gave away 4 dollars.	Philip now has 6 dollars.
entailment	Anna has 8 dollars. She gave away 2 dollars.	Anna now has 6 dollars.
entailment	Karen has 10 dollars. She gave away 3 dollars.	Karen now has 7 dollars.
entailment	Katie has 10 dollars. She gave away 9 dollars.	Katie now has 1 dollars.
entailment	Eleanor has 9 dollars. She gave away 6 dollars.	Eleanor now has 3 dollars.
entailment	Grace has 10 dollars. She gave away 3 dollars.	Grace now has 7 dollars.
entailment	Karen has 10 dollars. She gave away 6 dollars.	Karen now has 4 dollars.
entailment	Kim has 8 dollars. She gave away 4 dollars.	Kim now has 4 dollars.
entailment	Leslie has 9 dollars. She gave away 8 dollars.	Leslie now has 1 dollars.
entailment	Linda has 4 dollars. She gave away 2 dollars.	Linda now has 2 dollars.
entailment	Albert has 10 dollars. He gave away 6 dollars.	Albert now has 4 dollars.
entailment	Elizabeth has 3 dollars. She gave away 2 dollars.	Elizabeth now has 1 dollars.
entailment	Charlie has 9 dollars. He gave away 7 dollars.	Charlie now has 2 dollars.
entailment	Fiona has 7 dollars. She gave away 3 dollars.	Fiona now has 4 dollars.
entailment	Henry has 7 dollars. He gave away 4 dollars.	Henry now has 3 dollars.
entailment	Cynthia has 7 dollars. She gave away 2 dollars.	Cynthia now has 5 dollars.
entailment	Janet has 5 dollars. She gave away 3 dollars.	Janet now has 2 dollars.
entailment	Sally has 6 dollars. She gave away 4 dollars.	Sally now has 2 dollars.
entailment	Lawrence has 7 dollars. He gave away 5 dollars.	Lawrence now has 2 dollars.
entailment	Alfred has 6 dollars. He gave away 3 dollars.	Alfred now has 3 dollars.
entailment	Dick has 10 dollars. He gave away 4 dollars.	Dick now has 6 dollars.
entailment	Ruth has 8 dollars. She gave away 3 dollars.	Ruth now has 5 dollars.
entailment	Jessica has 5 dollars. She gave away 3 dollars.	Jessica now has 2 dollars.
entailment	Kim has 7 dollars. She gave away 3 dollars.	Kim now has 4 dollars.
entailment	Ellen has 4 dollars. She gave away 3 dollars.	Ellen now has 1 dollars.
entailment	Kevin has 7 dollars. He gave away 4 dollars.	Kevin now has 3 dollars.
entailment	Sue has 10 dollars. She gave away 3 dollars.	Sue now has 7 dollars.
entailment	Lawrence has 3 dollars. He gave away 2 dollars.	Lawrence now has 1 dollars.
entailment	Bobby has 10 dollars. He gave away 9 dollars.	Bobby now has 1 dollars.
entailment	Larry has 8 dollars. He gave away 4 dollars.	Larry now has 4 dollars.
entailment	Jill has 7 dollars. She gave away 2 dollars.	Jill now has 5 dollars.
entailment	Jimmy has 9 dollars. He gave away 2 dollars.	Jimmy now has 7 dollars.
entailment	Alice has 10 dollars. She gave away 8 dollars.	Alice now has 2 dollars.
entailment	Dick has 10 dollars. He gave away 9 dollars.	Dick now has 1 dollars.
entailment	Dave has 9 dollars. He gave away 3 dollars.	Dave now has 6 dollars.
entailment	Julia has 6 dollars. She gave away 2 dollars.	Julia now has 4 dollars.
entailment	Jane has 6 dollars. She gave away 4 dollars.	Jane now has 2 dollars.
entailment	Mark has 5 dollars. He gave away 3 dollars.	Mark now has 2 dollars.
entailment	Joe has 10 dollars. He gave away 4 dollars.	Joe now has 6 dollars.
entailment	Bill has 8 dollars. He gave away 2 dollars.	Bill now has 6 dollars.
entailment	Catherine has 6 dollars. She gave away 5 dollars.	Catherine now has 1 dollars.
entailment	Barbara has 10 dollars. She gave away 7 dollars.	Barbara now has 3 dollars.
entailment	Diana has 9 dollars. She gave away 6 dollars.	Diana now has 3 dollars.
entailment	Benjamin has 7 dollars. He gave away 5 dollars.	Benjamin now has 2 dollars.
entailment	Jason has 4 dollars. He gave away 3 dollars.	Jason now has 1 dollars.
entailment	Mark has 8 dollars. He gave away 6 dollars.	Mark now has 2 dollars.
entailment	Judy has 6 dollars. She gave away 2 dollars.	Judy now has 4 dollars.
entailment	Lynn has 8 dollars. She gave away 4 dollars.	Lynn now has 4 dollars.
entailment	Albert has 10 dollars. He gave away 3 dollars.	Albert now has 7 dollars.
entailment	Ashley has 6 dollars. She gave away 2 dollars.	Ashley now has 4 dollars.
entailment	John has 9 dollars. He gave away 4 dollars.	John now has 5 dollars.
entailment	John has 8 dollars. He gave away 4 dollars.	John now has 4 dollars.
entailment	Billy has 9 dollars. He gave away 4 dollars.	Billy now has 5 dollars.
entailment	Dave has 10 dollars. He gave away 9 dollars.	Dave now has 1 dollars.
entailment	Harold has 5 dollars. He gave away 4 dollars.	Harold now has 1 dollars.
entailment	Barbara has 9 dollars. She gave away 4 dollars.	Barbara now has 5 dollars.
entailment	Brian has 10 dollars. He gave away 5 dollars.	Brian now has 5 dollars.
entailment	Helen has 9 dollars. She gave away 3 dollars.	Helen now has 6 dollars.
entailment	Charles has 8 dollars. He gave away 4 dollars.	Charles now has 4 dollars.
entailment	Nick has 10 dollars. He gave away 9 dollars.	Nick now has 1 dollars.
entailment	Virginia has 10 dollars. She gave away 8 dollars.	Virginia now has 2 dollars.
entailment	Tom has 9 dollars. He gave away 3 dollars.	Tom now has 6 dollars.
entailment	Peter has 9 dollars. He gave away 3 dollars.	Peter now has 6 dollars.
entailment	Don has 9 dollars. He gave away 6 dollars.	Don now has 3 dollars.
entailment	Anne has 7 dollars. She gave away 6 dollars.	Anne now has 1 dollars.
entailment	Johnny has 5 dollars. He gave away 4 dollars.	Johnny now has 1 dollars.
entailment	Billy has 9 dollars. He gave away 6 dollars.	Billy now has 3 dollars.
entailment	Tom has 5 dollars. He gave away 2 dollars.	Tom now has 3 dollars.
entailment	Lynn has 9 dollars. She gave away 6 dollars.	Lynn now has 3 dollars.
entailment	Carolyn has 7 dollars. She gave away 5 dollars.	Carolyn now has 2 dollars.
entailment	Kelly has 10 dollars. She gave away 7 dollars.	Kelly now has 3 dollars.
entailment	Jimmy has 9 dollars. He gave away 6 dollars.	Jimmy now has 3 dollars.
entailment	Lisa has 8 dollars. She gave away 7 dollars.	Lisa now has 1 dollars.
entailment	Alice has 9 dollars. She gave away 2 dollars.	Alice now has 7 dollars.
entailment	Carl has 10 dollars. He gave away 4 dollars.	Carl now has 6 dollars.
entailment	Kim has 5 dollars. She gave away 2 dollars.	Kim now has 3 dollars.
entailment	Leslie has 9 dollars. She gave away 5 dollars.	Leslie now has 4 dollars.
entailment	Dick has 9 dollars. He gave away 6 dollars.	Dick now has 3 dollars.
entailment	Nicole has 7 dollars. She gave away 2 dollars.	Nicole now has 5 dollars.
entailment	Patricia has 9 dollars. She gave away 7 dollars.	Patricia now has 2 dollars.
entailment	Edward has 8 dollars. He gave away 4 dollars.	Edward now has 4 dollars.
entailment	Christopher has 7 dollars. He gave away 2 dollars.	Christopher now has 5 dollars.
entailment	Dan has 10 dollars. He gave away 3 dollars.	Dan now has 7 dollars.
entailment	Lucy has 8 dollars. She gave away 3 dollars.	Lucy now has 5 dollars.
entailment	Leslie has 3 dollars. She gave away 2 dollars.	Leslie now has 1 dollars.
entailment	Edwin has 10 dollars. He gave away 4 dollars.	Edwin now has 6 dollars.
entailment	Andrea has 4 dollars. She gave away 2 dollars.	Andrea now has 2 dollars.
entailment	Jonathan has 10 dollars. He gave away 2 dollars.	Jonathan now has 8 dollars.
entailment	Arthur has 5 dollars. He gave away 4 dollars.	Arthur now has 1 dollars.
entailment	Sophie has 4 dollars. She gave away 3 dollars.	Sophie now has 1 dollars.
entailment	Michael has 10 dollars. He gave away 8 dollars.	Michael now has 2 dollars.
entailment	Sandra has 8 dollars. She gave away 3 dollars.	Sandra now has 5 dollars.
entailment	Laura has 8 dollars. She gave away 7 dollars.	Laura now has 1 dollars.
entailment	Lynn has 9 dollars. She gave away 4 dollars.	Lynn now has 5 dollars.
entailment	Walter has 10 dollars. He gave away 4 dollars.	Walter now has 6 dollars.
entailment	Arthur has 10 dollars. He gave away 6 dollars.	Arthur now has 4 dollars.
entailment	William has 10 dollars. He gave away 7 dollars.	William now has 3 dollars.
entailment	Elizabeth has 9 dollars. She gave away 2 dollars.	Elizabeth now has 7 dollars.
entailment	Roy has 10 dollars. He gave away 6 dollars.	Roy now has 4 dollars.
entailment	Stephanie has 8 dollars. She gave away 2 dollars.	Stephanie now has 6 dollars.
entailment	William has 9 dollars. He gave away 8 dollars.	William now has 1 dollars.
entailment	Dan has 7 dollars. He gave away 2 dollars.	Dan now has 5 dollars.
entailment	Angela has 10 dollars. She gave away 3 dollars.	Angela now has 7 dollars.
entailment	Lucy has 6 dollars. She gave away 2 dollars.	Lucy now has 4 dollars.
entailment	Florence has 7 dollars. She gave away 3 dollars.	Florence now has 4 dollars.
entailment	Kim has 7 dollars. She gave away 6 dollars.	Kim now has 1 dollars.
entailment	Steve has 9 dollars. He gave away 7 dollars.	Steve now has 2 dollars.
entailment	Edith has 8 dollars. She gave away 7 dollars.	Edith now has 1 dollars.
entailment	Kate has 10 dollars. She gave away 8 dollars.	Kate now has 2 dollars.
entailment	Michelle has 10 dollars. She gave away 2 dollars.	Michelle now has 8 dollars.
entailment	Jean has 9 dollars. She gave away 7 dollars.	Jean now has 2 dollars.
entailment	Alexandra has 8 dollars. She gave away 3 dollars.	Alexandra now has 5 dollars.
entailment	Angela has 9 dollars. She gave away 4 dollars.	Angela now has 5 dollars.
entailment	Robin has 8 dollars. She gave away 5 dollars.	Robin now has 3 dollars.
entailment	Lawrence has 10 dollars. He gave away 3 dollars.	Lawrence now has 7 dollars.
entailment	Bobby has 7 dollars. He gave away 4 dollars.	Bobby now has 3 dollars.
entailment	Lisa has 4 dollars. She gave away 2 dollars.	Lisa now has 2 dollars.
entailment	Robert has 10 dollars. He gave away 2 dollars.	Robert now has 8 dollars.
entailment	Sue has 10 dollars. She gave away 4 dollars.	Sue now has 6 dollars.
entailment	Mike has 5 dollars. He gave away 2 dollars.	Mike now has 3 dollars.
entailment	Daniel has 5 dollars. He gave away 4 dollars.	Daniel now has 1 dollars.
entailment	Benjamin has 10 dollars. He gave away 3 dollars.	Benjamin now has 7 dollars.
entailment	Evelyn has 9 dollars. She gave away 7 dollars.	Evelyn now has 2 dollars.
entailment	Harry has 6 dollars. He gave away 5 dollars.	Harry now has 1 dollars.
entailment	Sara has 9 dollars. She gave away 6 dollars.	Sara now has 3 dollars.
entailment	Betty has 7 dollars. She gave away 6 dollars.	Betty now has 1 dollars.
entailment	Caroline has 10 dollars. She gave away 8 dollars.	Caroline now has 2 dollars.
entailment	Kathryn has 7 dollars. She gave away 5 dollars.	Kathryn now has 2 dollars.
entailment	Richard has 8 dollars. He gave away 4 dollars.	Richard now has 4 dollars.
entailment	Kathleen has 8 dollars. She gave away 7 dollars.	Kathleen now has 1 dollars.
entailment	Marilyn has 10 dollars. She gave away 8 dollars.	Marilyn now has 2 dollars.
entailment	Bobby has 6 dollars. He gave away 4 dollars.	Bobby now has 2 dollars.
entailment	Grace has 4 dollars. She gave away 3 dollars.	Grace now has 1 dollars.
entailment	Richard has 4 dollars. He gave away 3 dollars.	Richard now has 1 dollars.
entailment	Alexander has 10 dollars. He gave away 5 dollars.	Alexander now has 5 dollars.
entailment	Charlie has 6 dollars. He gave away 5 dollars.	Charlie now has 1 dollars.
entailment	Keith has 8 dollars. He gave away 6 dollars.	Keith now has 2 dollars.
entailment	Frances has 6 dollars. She gave away 4 dollars.	Frances now has 2 dollars.
entailment	Brian has 10 dollars. He gave away 8 dollars.	Brian now has 2 dollars.
entailment	Lucy has 10 dollars. She gave away 7 dollars.	Lucy now has 3 dollars.
entailment	Mike has 7 dollars. He gave away 5 dollars.	Mike now has 2 dollars.
entailment	Alexandra has 4 dollars. She gave away 3 dollars.	Alexandra now has 1 dollars.
entailment	Gary has 6 dollars. He gave away 3 dollars.	Gary now has 3 dollars.
entailment	Harriet has 5 dollars. She gave away 3 dollars.	Harriet now has 2 dollars.
entailment	Joseph has 8 dollars. He gave away 4 dollars.	Joseph now has 4 dollars.
entailment	Thomas has 10 dollars. He gave away 4 dollars.	Thomas now has 6 dollars.
entailment	Julia has 7 dollars. She gave away 2 dollars.	Julia now has 5 dollars.
entailment	Don has 10 dollars. He gave away 5 dollars.	Don now has 5 dollars.
entailment	Ron has 5 dollars. He gave away 3 dollars.	Ron now has 2 dollars.
entailment	Alan has 6 dollars. He gave away 2 dollars.	Alan now has 4 dollars.
entailment	Kim has 10 dollars. She gave away 4 dollars.	Kim now has 6 dollars.
entailment	Helen has 7 dollars. She gave away 5 dollars.	Helen now has 2 dollars.
entailment	Alexandra has 8 dollars. She gave away 2 dollars.	Alexandra now has 6 dollars.
entailment	Jerry has 9 dollars. He gave away 2 dollars.	Jerry now has 7 dollars.
entailment	Philip has 10 dollars. He gave away 7 dollars.	Philip now has 3 dollars.
entailment	Diana has 8 dollars. She gave away 4 dollars.	Diana now has 4 dollars.
entailment	John has 6 dollars. He gave away 3 dollars.	John now has 3 dollars.
entailment	Roger has 7 dollars. He gave away 3 dollars.	Roger now has 4 dollars.
entailment	Louise has 8 dollars. She gave away 4 dollars.	Louise now has 4 dollars.
entailment	Jonathan has 4 dollars. He gave away 2 dollars.	Jonathan now has 2 dollars.
entailment	Florence has 8 dollars. She gave away 6 dollars.	Florence now has 2 dollars.
entailment	Billy has 6 dollars. He gave away 5 dollars.	Billy now has 1 dollars.
entailment	William has 4 dollars. He gave away 2 dollars.	William now has 2 dollars.
entailment	Ryan has 10 dollars. He gave away 2 dollars.	Ryan now has 8 dollars.
entailment	Arthur has 8 dollars. He gave away 5 dollars.	Arthur now has 3 dollars.
entailment	Suzanne has 5 dollars. She gave away 4 dollars.	Suzanne now has 1 dollars.
entailment	Bruce has 4 dollars. He gave away 3 dollars.	Bruce now has 1 dollars.
entailment	Larry has 5 dollars. He gave away 2 dollars.	Larry now has 3 dollars.
entailment	Ryan has 7 dollars. He gave away 4 dollars.	Ryan now has 3 dollars.
entailment	Anne has 7 dollars. She gave away 5 dollars.	Anne now has 2 dollars.
entailment	Martha has 9 dollars. She gave away 5 dollars.	Martha now has 4 dollars.
entailment	Tom has 10 dollars. He gave away 3 dollars.	Tom now has 7 dollars.
entailment	Andrew has 4 dollars. He gave away 2 dollars.	Andrew now has 2 dollars.
entailment	Margaret has 9 dollars. She gave away 8 dollars.	Margaret now has 1 dollars.
entailment	Patrick has 7 dollars. He gave away 3 dollars.	Patrick now has 4 dollars.
entailment	Tom has 6 dollars. He gave away 4 dollars.	Tom now has 2 dollars.
entailment	Sam has 6 dollars. He gave away 4 dollars.	Sam now has 2 dollars.
entailment	Dorothy has 6 dollars. She gave away 5 dollars.	Dorothy now has 1 dollars.
entailment	Tim has 8 dollars. He gave away 3 dollars.	Tim now has 5 dollars.
entailment	Kate has 5 dollars. She gave away 4 dollars.	Kate now has 1 dollars.
entailment	Suzanne has 3 dollars. She gave away 2 dollars.	Suzanne now has 1 dollars.
entailment	Katherine has 6 dollars. She gave away 4 dollars.	Katherine now has 2 dollars.
entailment	Florence has 5 dollars. She gave away 3 dollars.	Florence now has 2 dollars.
entailment	Ruth has 10 dollars. She gave away 7 dollars.	Ruth now has 3 dollars.
entailment	Howard has 9 dollars. He gave away 8 dollars.	Howard now has 1 dollars.
entailment	Martha has 9 dollars. She gave away 7 dollars.	Martha now has 2 dollars.
entailment	Christopher has 8 dollars. He gave away 2 dollars.	Christopher now has 6 dollars.
entailment	Roger has 10 dollars. He gave away 8 dollars.	Roger now has 2 dollars.
entailment	Emily has 3 dollars. She gave away 2 dollars.	Emily now has 1 dollars.
entailment	Margaret has 9 dollars. She gave away 4 dollars.	Margaret now has 5 dollars.
entailment	Alan has 10 dollars. He gave away 5 dollars.	Alan now has 5 dollars.
entailment	Patricia has 10 dollars. She gave away 5 dollars.	Patricia now has 5 dollars.
entailment	Sam has 8 dollars. He gave away 7 dollars.	Sam now has 1 dollars.
entailment	Tim has 8 dollars. He gave away 2 dollars.	Tim now has 6 dollars.
entailment	Paul has 6 dollars. He gave away 5 dollars.	Paul now has 1 dollars.
entailment	Margaret has 10 dollars. She gave away 8 dollars.	Margaret now has 2 dollars.
entailment	Scott has 9 dollars. He gave away 5 dollars.	Scott now has 4 dollars.
entailment	Cynthia has 10 dollars. She gave away 2 dollars.	Cynthia now has 8 dollars.
entailment	Ann has 5 dollars. She gave away 3 dollars.	Ann now has 2 dollars.
entailment	Johnny has 9 dollars. He gave away 3 dollars.	Johnny now has 6 dollars.
entailment	Diana has 8 dollars. She gave away 3 dollars.	Diana now has 5 dollars.
entailment	Keith has 10 dollars. He gave away 4 dollars.	Keith now has 6 dollars.
entailment	Suzanne has 7 dollars. She gave away 6 dollars.	Suzanne now has 1 dollars.
entailment	Alex has 10 dollars. He gave away 9 dollars.	Alex now has 1 dollars.
entailment	Maria has 7 dollars. She gave away 3 dollars.	Maria now has 4 dollars.
