contradiction	Jeff fired Carol.	No one fired Carol.
contradiction	Edwin helped Anne.	No one helped Anne.
contradiction	Hugh played with Ashley.	No one played with Ashley.
contradiction	Dick fired Kathy.	No one fired Kathy.
contradiction	Matthew hired James.	No one hired James.
contradiction	Jason married Sophie.	No one married Sophie.
contradiction	Jane met Harriet.	No one met Harriet.
contradiction	Julie ate with Marilyn.	No one ate with Marilyn.
contradiction	David liked Jennifer.	No one liked Jennifer.
contradiction	Joe helped Steve.	No one helped Steve.
contradiction	Pamela worked with Jimmy.	No one worked with Jimmy.
contradiction	Sally fired Judith.	No one fired Judith.
contradiction	Maria hired Christopher.	No one hired Christopher.
contradiction	Karen met Jean.	No one met Jean.
contradiction	Philip married Frederick.	No one married Frederick.
contradiction	Victoria played with Claire.	No one played with Claire.
contradiction	Dave liked Ray.	No one liked Ray.
contradiction	David invited Laura.	No one invited Laura.
contradiction	Alexander danced with Kathy.	No one danced with Kathy.
contradiction	Matthew married Sarah.	No one married Sarah.
contradiction	Cynthia ate with Wendy.	No one ate with Wendy.
contradiction	Margaret called out Walter.	No one called out Walter.
contradiction	Rachel played with Henry.	No one played with Henry.
contradiction	Jessica called out Victoria.	No one called out Victoria.
contradiction	Greg fired Betty.	No one fired Betty.
contradiction	Louis met Ruth.	No one met Ruth.
contradiction	Simon met John.	No one met John.
contradiction	Judith called out Kathy.	No one called out Kathy.
contradiction	Ann worked with Kelly.	No one worked with Kelly.
contradiction	Samuel married Matthew.	No one married Matthew.
contradiction	Anne criticised Edwin.	No one criticised Edwin.
contradiction	Janet helped Andrea.	No one helped Andrea.
contradiction	Pamela ate with Bobby.	No one ate with Bobby.
contradiction	Edwin invited Edith.	No one invited Edith.
contradiction	Peter danced with Harriet.	No one danced with Harriet.
contradiction	Lucy praised Donna.	No one praised Donna.
contradiction	Diane slept with James.	No one slept with James.
contradiction	Eleanor criticised Patrick.	No one criticised Patrick.
contradiction	Louise played with Kate.	No one played with Kate.
contradiction	Wendy played with Louis.	No one played with Louis.
contradiction	Kathy hired Albert.	No one hired Albert.
contradiction	Margaret praised Alexandra.	No one praised Alexandra.
contradiction	Sue praised Peter.	No one praised Peter.
contradiction	Sharon invited Eric.	No one invited Eric.
contradiction	Evelyn criticised David.	No one criticised David.
contradiction	Victoria married Brian.	No one married Brian.
contradiction	Andrew met Pamela.	No one met Pamela.
contradiction	Edwin slept with Dave.	No one slept with Dave.
contradiction	Patricia liked Paul.	No one liked Paul.
contradiction	Henry met Gary.	No one met Gary.
contradiction	Jerry called out Alan.	No one called out Alan.
contradiction	Sue praised Grace.	No one praised Grace.
contradiction	Andrew married Philip.	No one married Philip.
contradiction	Jerry met Francis.	No one met Francis.
contradiction	Karen praised Ron.	No one praised Ron.
contradiction	Janet criticised David.	No one criticised David.
contradiction	Amy fired Donna.	No one fired Donna.
contradiction	Julia danced with Harold.	No one danced with Harold.
contradiction	Jill married Martha.	No one married Martha.
contradiction	Helen liked Harry.	No one liked Harry.
contradiction	Daniel called out Thomas.	No one called out Thomas.
contradiction	Sally criticised Kathleen.	No one criticised Kathleen.
contradiction	Steve helped Laura.	No one helped Laura.
contradiction	Eric praised Robert.	No one praised Robert.
contradiction	Marilyn played with Jeff.	No one played with Jeff.
contradiction	Alex hired Bruce.	No one hired Bruce.
contradiction	Dick ate with Claire.	No one ate with Claire.
contradiction	Daniel called out Gary.	No one called out Gary.
contradiction	George hired Joseph.	No one hired Joseph.
contradiction	Alexandra criticised Joseph.	No one criticised Joseph.
contradiction	Diana praised Kathleen.	No one praised Kathleen.
contradiction	Betty played with Paul.	No one played with Paul.
contradiction	Alexander married Catherine.	No one married Catherine.
contradiction	Greg fired Ron.	No one fired Ron.
contradiction	Grace called out Adam.	No one called out Adam.
contradiction	Alexandra helped Roger.	No one helped Roger.
contradiction	Eleanor danced with Bob.	No one danced with Bob.
contradiction	Harry fired Ken.	No one fired Ken.
contradiction	Melissa fired Donald.	No one fired Donald.
contradiction	Wendy worked with Joe.	No one worked with Joe.
contradiction	Kim married Greg.	No one married Greg.
contradiction	Janet fired Jerry.	No one fired Jerry.
contradiction	Jimmy hired Ruth.	No one hired Ruth.
contradiction	Alexandra hired Edith.	No one hired Edith.
contradiction	John helped Howard.	No one helped Howard.
contradiction	Fiona married Jimmy.	No one married Jimmy.
contradiction	Claire liked Mary.	No one liked Mary.
contradiction	Joe slept with Ron.	No one slept with Ron.
contradiction	Kenneth ate with Janet.	No one ate with Janet.
contradiction	Edward criticised Andrea.	No one criticised Andrea.
contradiction	Suzanne ate with Laura.	No one ate with Laura.
contradiction	Leslie called out George.	No one called out George.
contradiction	Leslie danced with Joan.	No one danced with Joan.
contradiction	Frances called out Deborah.	No one called out Deborah.
contradiction	Ralph ate with Katie.	No one ate with Katie.
contradiction	Ian hired Patrick.	No one hired Patrick.
contradiction	Ashley met Daniel.	No one met Daniel.
contradiction	Edith worked with Margaret.	No one worked with Margaret.
contradiction	Frederick fired Elaine.	No one fired Elaine.
contradiction	Victoria helped Martha.	No one helped Martha.
contradiction	Eleanor danced with Ryan.	No one danced with Ryan.
contradiction	Amy hired Alex.	No one hired Alex.
contradiction	Jim worked with Marilyn.	No one worked with Marilyn.
contradiction	Amanda hired Francis.	No one hired Francis.
contradiction	Sandra married Caroline.	No one married Caroline.
contradiction	Albert invited Robin.	No one invited Robin.
contradiction	Chris ate with Harriet.	No one ate with Harriet.
contradiction	Pamela called out Rachel.	No one called out Rachel.
contradiction	Alexandra praised Jeff.	No one praised Jeff.
contradiction	Helen played with Virginia.	No one played with Virginia.
contradiction	Angela married Francis.	No one married Francis.
contradiction	Harold called out Elizabeth.	No one called out Elizabeth.
contradiction	Ben hired Louis.	No one hired Louis.
contradiction	Judith worked with Henry.	No one worked with Henry.
contradiction	Brian helped Charlotte.	No one helped Charlotte.
contradiction	Al married Ellen.	No one married Ellen.
contradiction	Marie hired Roy.	No one hired Roy.
contradiction	Michael helped Matthew.	No one helped Matthew.
contradiction	Patricia liked Linda.	No one liked Linda.
contradiction	Alexander played with Jean.	No one played with Jean.
contradiction	Matthew praised Emily.	No one praised Emily.
contradiction	Paul worked with Simon.	No one worked with Simon.
contradiction	Harold helped Jonathan.	No one helped Jonathan.
contradiction	Edith invited Ashley.	No one invited Ashley.
contradiction	Nancy slept with Julia.	No one slept with Julia.
contradiction	Donna called out Chris.	No one called out Chris.
contradiction	Peter slept with Sharon.	No one slept with Sharon.
contradiction	Catherine liked Jessica.	No one liked Jessica.
contradiction	Fiona worked with Kathy.	No one worked with Kathy.
contradiction	Marie liked Alexandra.	No one liked Alexandra.
contradiction	John praised Sophie.	No one praised Sophie.
contradiction	Margaret helped Edward.	No one helped Edward.
contradiction	Howard married Jim.	No one married Jim.
contradiction	Helen invited Arthur.	No one invited Arthur.
contradiction	Fiona played with Anthony.	No one played with Anthony.
contradiction	Jim ate with Johnny.	No one ate with Johnny.
contradiction	Melissa danced with Mike.	No one danced with Mike.
contradiction	Dave danced with Tony.	No one danced with Tony.
contradiction	Jessica married Robert.	No one married Robert.
contradiction	Bruce met Ryan.	No one met Ryan.
contradiction	Annie married Frances.	No one married Frances.
contradiction	Sue danced with Rose.	No one danced with Rose.
contradiction	Bruce helped Ann.	No one helped Ann.
contradiction	Diane married Judy.	No one married Judy.
contradiction	Diana hired Richard.	No one hired Richard.
contradiction	Ken liked Greg.	No one liked Greg.
contradiction	Kathryn helped Matt.	No one helped Matt.
contradiction	Philip married Marilyn.	No one married Marilyn.
contradiction	Fred called out Tony.	No one called out Tony.
contradiction	Roy danced with Louise.	No one danced with Louise.
contradiction	Janet ate with Arthur.	No one ate with Arthur.
contradiction	Leslie criticised Eric.	No one criticised Eric.
contradiction	Ralph invited Joseph.	No one invited Joseph.
contradiction	Harold invited Simon.	No one invited Simon.
contradiction	David helped Michael.	No one helped Michael.
contradiction	Frederick invited Diana.	No one invited Diana.
contradiction	Kenneth criticised Sally.	No one criticised Sally.
contradiction	Ann ate with Sally.	No one ate with Sally.
contradiction	Catherine met Colin.	No one met Colin.
contradiction	Karen married Patricia.	No one married Patricia.
contradiction	Wendy played with Robin.	No one played with Robin.
contradiction	Ellen played with Fred.	No one played with Fred.
contradiction	Harriet met Thomas.	No one met Thomas.
contradiction	Maria fired Ray.	No one fired Ray.
contradiction	Matt worked with Martin.	No one worked with Martin.
contradiction	Jimmy played with Martin.	No one played with Martin.
contradiction	Charles danced with Peter.	No one danced with Peter.
contradiction	Marie ate with Stephen.	No one ate with Stephen.
contradiction	Walter married Susan.	No one married Susan.
contradiction	Kate liked Joe.	No one liked Joe.
contradiction	Kelly met Lauren.	No one met Lauren.
contradiction	Scott invited Diana.	No one invited Diana.
contradiction	Caroline married Martin.	No one married Martin.
contradiction	Emma hired Linda.	No one hired Linda.
contradiction	Steven hired Andrea.	No one hired Andrea.
contradiction	Jonathan played with Fred.	No one played with Fred.
contradiction	Heather called out Sue.	No one called out Sue.
contradiction	Carolyn slept with Kelly.	No one slept with Kelly.
contradiction	Philip slept with Lucy.	No one slept with Lucy.
contradiction	Katherine helped Jennifer.	No one helped Jennifer.
contradiction	Ed played with Andrew.	No one played with Andrew.
contradiction	Helen worked with Edward.	No one worked with Edward.
contradiction	Henry ate with Ann.	No one ate with Ann.
contradiction	Charlie called out Nick.	No one called out Nick.
contradiction	Eleanor slept with Samuel.	No one slept with Samuel.
contradiction	Alexandra married William.	No one married William.
contradiction	Howard worked with Dan.	No one worked with Dan.
contradiction	Joan criticised Eric.	No one criticised Eric.
contradiction	Ed worked with Barbara.	No one worked with Barbara.
contradiction	Jennifer worked with Ben.	No one worked with Ben.
contradiction	Lynn hired Elizabeth.	No one hired Elizabeth.
contradiction	Michael helped Billy.	No one helped Billy.
contradiction	Elaine danced with Edith.	No one danced with Edith.
contradiction	Kenneth praised Lawrence.	No one praised Lawrence.
contradiction	Harold danced with Marie.	No one danced with Marie.
contradiction	Al played with Karen.	No one played with Karen.
contradiction	Lucy helped Carl.	No one helped Carl.
contradiction	Sue criticised Claire.	No one criticised Claire.
contradiction	Catherine praised Lawrence.	No one praised Lawrence.
contradiction	Sandra danced with Henry.	No one danced with Henry.
contradiction	Nicole played with Annie.	No one played with Annie.
contradiction	Angela criticised Kathryn.	No one criticised Kathryn.
contradiction	Karen called out Melissa.	No one called out Melissa.
contradiction	Thomas fired Catherine.	No one fired Catherine.
contradiction	Ashley met Ruth.	No one met Ruth.
contradiction	Diane worked with Betty.	No one worked with Betty.
contradiction	Robin hired Katie.	No one hired Katie.
contradiction	Catherine played with Heather.	No one played with Heather.
contradiction	Matthew danced with Judy.	No one danced with Judy.
contradiction	Emily played with Ruth.	No one played with Ruth.
contradiction	Tony danced with Joan.	No one danced with Joan.
contradiction	Grace liked Katherine.	No one liked Katherine.
contradiction	Ken criticised Jeff.	No one criticised Jeff.
contradiction	Edith praised Elaine.	No one praised Elaine.
contradiction	Roger praised Harriet.	No one praised Harriet.
contradiction	Edith criticised Patricia.	No one criticised Patricia.
contradiction	Michael called out Ryan.	No one called out Ryan.
contradiction	Sally worked with Ellen.	No one worked with Ellen.
contradiction	Judy criticised Diane.	No one criticised Diane.
contradiction	Jim ate with Howard.	No one ate with Howard.
contradiction	Larry fired Robin.	No one fired Robin.
contradiction	John invited Margaret.	No one invited Margaret.
contradiction	Joseph helped Edith.	No one helped Edith.
contradiction	Barbara liked Carolyn.	No one liked Carolyn.
contradiction	Nicole played with William.	No one played with William.
contradiction	Ian met Stephen.	No one met Stephen.
contradiction	Catherine played with Roger.	No one played with Roger.
contradiction	Jonathan fired Tom.	No one fired Tom.
contradiction	Deborah fired Alan.	No one fired Alan.
contradiction	Matthew met Stephanie.	No one met Stephanie.
contradiction	Katherine played with Kevin.	No one played with Kevin.
contradiction	Lawrence hired Jason.	No one hired Jason.
contradiction	Ellen liked John.	No one liked John.
contradiction	Donna praised Howard.	No one praised Howard.
contradiction	Sandra played with Donald.	No one played with Donald.
contradiction	Benjamin met Laura.	No one met Laura.
contradiction	Michelle slept with Julie.	No one slept with Julie.
contradiction	Lynn hired Arthur.	No one hired Arthur.
contradiction	Ian called out Dave.	No one called out Dave.
contradiction	Benjamin liked Ryan.	No one liked Ryan.
contradiction	Sarah slept with Roger.	No one slept with Roger.
contradiction	Melissa played with Michael.	No one played with Michael.
contradiction	Diana met Julia.	No one met Julia.
contradiction	Ellen helped Sandra.	No one helped Sandra.
contradiction	Joseph fired Christine.	No one fired Christine.
contradiction	Leslie called out Ryan.	No one called out Ryan.
contradiction	Leslie invited Helen.	No one invited Helen.
contradiction	Ben liked Lisa.	No one liked Lisa.
contradiction	Kevin danced with Carolyn.	No one danced with Carolyn.
contradiction	Diana played with Sara.	No one played with Sara.
contradiction	Mary ate with Alan.	No one ate with Alan.
contradiction	Dan married Tony.	No one married Tony.
contradiction	Michael called out Anne.	No one called out Anne.
contradiction	Jason slept with Francis.	No one slept with Francis.
contradiction	Suzanne played with Samuel.	No one played with Samuel.
contradiction	Alexandra played with Charles.	No one played with Charles.
contradiction	Ron invited Pamela.	No one invited Pamela.
contradiction	Susan met Martha.	No one met Martha.
contradiction	Emily danced with Chris.	No one danced with Chris.
contradiction	Katie worked with Harold.	No one worked with Harold.
contradiction	Angela liked Barbara.	No one liked Barbara.
contradiction	Matt called out Barbara.	No one called out Barbara.
contradiction	Jennifer married Leslie.	No one married Leslie.
contradiction	James met Mark.	No one met Mark.
contradiction	Matthew fired Jason.	No one fired Jason.
contradiction	Grace danced with Robert.	No one danced with Robert.
contradiction	Edward invited Jonathan.	No one invited Jonathan.
contradiction	Florence invited Patrick.	No one invited Patrick.
contradiction	Annie liked Kathy.	No one liked Kathy.
contradiction	Sandra criticised Jane.	No one criticised Jane.
contradiction	Stephen invited Carolyn.	No one invited Carolyn.
contradiction	Sally met Elaine.	No one met Elaine.
contradiction	Elizabeth called out Kelly.	No one called out Kelly.
contradiction	Fiona criticised Marilyn.	No one criticised Marilyn.
contradiction	Eleanor liked Emma.	No one liked Emma.
contradiction	Betty invited Katherine.	No one invited Katherine.
contradiction	Sally danced with Francis.	No one danced with Francis.
contradiction	Lisa ate with Alice.	No one ate with Alice.
contradiction	Steve invited James.	No one invited James.
contradiction	Jill married Katherine.	No one married Katherine.
contradiction	Jonathan slept with Louis.	No one slept with Louis.
contradiction	Michael hired Kim.	No one hired Kim.
contradiction	Kim played with Alex.	No one played with Alex.
contradiction	Andrew married Brian.	No one married Brian.
contradiction	Caroline danced with Bruce.	No one danced with Bruce.
contradiction	Barbara danced with Betty.	No one danced with Betty.
contradiction	Dorothy hired Claire.	No one hired Claire.
contradiction	Sandra helped Mike.	No one helped Mike.
contradiction	Carol called out Christopher.	No one called out Christopher.
contradiction	Charlotte met Bob.	No one met Bob.
contradiction	Claire invited Nicole.	No one invited Nicole.
contradiction	Marilyn fired Rebecca.	No one fired Rebecca.
contradiction	Angela liked Caroline.	No one liked Caroline.
contradiction	Benjamin invited Ben.	No one invited Ben.
contradiction	Henry married Peter.	No one married Peter.
contradiction	Joseph helped Sue.	No one helped Sue.
contradiction	Kathy ate with Dan.	No one ate with Dan.
contradiction	Gary slept with Jimmy.	No one slept with Jimmy.
contradiction	Jennifer hired Anne.	No one hired Anne.
contradiction	Edith criticised Harriet.	No one criticised Harriet.
contradiction	Leslie invited Sue.	No one invited Sue.
contradiction	Kathryn married Patricia.	No one married Patricia.
contradiction	Janet slept with Lucy.	No one slept with Lucy.
contradiction	Harry worked with Sally.	No one worked with Sally.
contradiction	Tony married Sally.	No one married Sally.
contradiction	Diana married Ann.	No one married Ann.
contradiction	Colin danced with Judy.	No one danced with Judy.
contradiction	Kenneth played with Marie.	No one played with Marie.
contradiction	Hugh fired Grace.	No one fired Grace.
contradiction	Albert hired Jimmy.	No one hired Jimmy.
contradiction	Fred fired Joseph.	No one fired Joseph.
contradiction	Suzanne met Kevin.	No one met Kevin.
contradiction	Martha praised Katie.	No one praised Katie.
contradiction	Eric helped Sue.	No one helped Sue.
contradiction	Janet praised Virginia.	No one praised Virginia.
contradiction	Mike married Elizabeth.	No one married Elizabeth.
contradiction	Heather invited Henry.	No one invited Henry.
contradiction	Charlie danced with Kathleen.	No one danced with Kathleen.
contradiction	Alice hired Tim.	No one hired Tim.
contradiction	Greg liked Leslie.	No one liked Leslie.
contradiction	Caroline ate with Tim.	No one ate with Tim.
contradiction	Cynthia ate with Heather.	No one ate with Heather.
contradiction	Larry married David.	No one married David.
contradiction	Jerry hired Keith.	No one hired Keith.
contradiction	Stephanie ate with Benjamin.	No one ate with Benjamin.
contradiction	Anna helped Harriet.	No one helped Harriet.
contradiction	Bill met Don.	No one met Don.
contradiction	Kathryn helped Alan.	No one helped Alan.
contradiction	Marilyn fired Frances.	No one fired Frances.
contradiction	Pamela helped John.	No one helped John.
contradiction	Martin called out Nick.	No one called out Nick.
contradiction	Elaine liked Julie.	No one liked Julie.
contradiction	Louise called out Jill.	No one called out Jill.
contradiction	Bill criticised Katie.	No one criticised Katie.
contradiction	Alison worked with Keith.	No one worked with Keith.
contradiction	Pamela slept with Jay.	No one slept with Jay.
contradiction	Laura slept with Linda.	No one slept with Linda.
contradiction	Howard married Lynn.	No one married Lynn.
contradiction	Dan ate with Mary.	No one ate with Mary.
contradiction	Tim hired Pamela.	No one hired Pamela.
contradiction	Ray worked with Sam.	No one worked with Sam.
contradiction	Chris fired Greg.	No one fired Greg.
contradiction	Carl criticised Sara.	No one criticised Sara.
contradiction	Emma met Elizabeth.	No one met Elizabeth.
contradiction	Larry slept with Joe.	No one slept with Joe.
contradiction	Sally hired Lisa.	No one hired Lisa.
contradiction	Hugh called out Judy.	No one called out Judy.
contradiction	Andrea invited Jonathan.	No one invited Jonathan.
contradiction	Virginia slept with Deborah.	No one slept with Deborah.
contradiction	Margaret met Sue.	No one met Sue.
contradiction	Patricia fired Gary.	No one fired Gary.
contradiction	Emma met Amy.	No one met Amy.
contradiction	Anne hired Steve.	No one hired Steve.
contradiction	Nicole ate with Kenneth.	No one ate with Kenneth.
contradiction	Walter praised Johnny.	No one praised Johnny.
contradiction	Johnny liked Fred.	No one liked Fred.
contradiction	Ron called out Peter.	No one called out Peter.
contradiction	Larry met Charlie.	No one met Charlie.
contradiction	Louise invited Kenneth.	No one invited Kenneth.
contradiction	Charlotte slept with Kenneth.	No one slept with Kenneth.
contradiction	Judith met Lisa.	No one met Lisa.
contradiction	Louise ate with Jason.	No one ate with Jason.
contradiction	Richard worked with Kathleen.	No one worked with Kathleen.
contradiction	Ellen slept with Edith.	No one slept with Edith.
contradiction	Sally slept with Katie.	No one slept with Katie.
contradiction	Christopher hired Sharon.	No one hired Sharon.
contradiction	Jeff married Margaret.	No one married Margaret.
contradiction	Kenneth slept with Roger.	No one slept with Roger.
contradiction	Kathy invited Johnny.	No one invited Johnny.
contradiction	Lucy called out Steve.	No one called out Steve.
contradiction	Kenneth called out Ian.	No one called out Ian.
contradiction	Colin played with Carol.	No one played with Carol.
contradiction	Lauren ate with Katherine.	No one ate with Katherine.
contradiction	Laura slept with Leslie.	No one slept with Leslie.
contradiction	Frederick worked with Greg.	No one worked with Greg.
contradiction	Anthony met Sophie.	No one met Sophie.
contradiction	Hugh praised Greg.	No one praised Greg.
contradiction	Roger called out Howard.	No one called out Howard.
contradiction	Michael slept with Henry.	No one slept with Henry.
contradiction	Heather worked with Steven.	No one worked with Steven.
contradiction	Julia played with Catherine.	No one played with Catherine.
contradiction	Betty slept with George.	No one slept with George.
contradiction	Scott hired Donna.	No one hired Donna.
contradiction	Jim married Brian.	No one married Brian.
contradiction	Michael played with Adam.	No one played with Adam.
contradiction	Janet danced with Jean.	No one danced with Jean.
contradiction	Mark praised Ben.	No one praised Ben.
contradiction	Joan criticised Patrick.	No one criticised Patrick.
contradiction	Virginia worked with Stephen.	No one worked with Stephen.
contradiction	Annie danced with Ralph.	No one danced with Ralph.
contradiction	Mark praised Donald.	No one praised Donald.
contradiction	Simon slept with Katie.	No one slept with Katie.
contradiction	Emily worked with Al.	No one worked with Al.
contradiction	Sharon met Matt.	No one met Matt.
contradiction	Carol worked with Ray.	No one worked with Ray.
contradiction	Melissa helped Stephanie.	No one helped Stephanie.
contradiction	Frances invited Grace.	No one invited Grace.
contradiction	Benjamin danced with Steve.	No one danced with Steve.
contradiction	Sophie worked with Marilyn.	No one worked with Marilyn.
contradiction	Jason helped Emily.	No one helped Emily.
contradiction	Heather helped Helen.	No one helped Helen.
contradiction	Catherine danced with Bobby.	No one danced with Bobby.
contradiction	Grace called out Laura.	No one called out Laura.
contradiction	Matthew played with Judith.	No one played with Judith.
contradiction	Jonathan worked with Kim.	No one worked with Kim.
contradiction	Sarah ate with Henry.	No one ate with Henry.
contradiction	Rose hired John.	No one hired John.
contradiction	Edith helped Tim.	No one helped Tim.
contradiction	Keith danced with Billy.	No one danced with Billy.
contradiction	Steve praised Eleanor.	No one praised Eleanor.
contradiction	Claire invited Andrea.	No one invited Andrea.
contradiction	Mary liked Jack.	No one liked Jack.
contradiction	Roy married Albert.	No one married Albert.
contradiction	Rebecca ate with Helen.	No one ate with Helen.
contradiction	Paul praised Dan.	No one praised Dan.
contradiction	Keith worked with Maria.	No one worked with Maria.
contradiction	Katie hired Sam.	No one hired Sam.
contradiction	Jonathan danced with Susan.	No one danced with Susan.
contradiction	Melissa criticised Barbara.	No one criticised Barbara.
contradiction	Kim danced with Maria.	No one danced with Maria.
contradiction	Jerry slept with Emma.	No one slept with Emma.
contradiction	Pamela fired Jonathan.	No one fired Jonathan.
contradiction	Mark criticised Carol.	No one criticised Carol.
contradiction	Francis hired Margaret.	No one hired Margaret.
contradiction	Grace ate with Alan.	No one ate with Alan.
contradiction	Donald liked Mark.	No one liked Mark.
contradiction	Ruth praised Donald.	No one praised Donald.
contradiction	Bobby played with Carl.	No one played with Carl.
contradiction	Patrick married Christine.	No one married Christine.
contradiction	Charlotte praised Donald.	No one praised Donald.
contradiction	Sara called out Annie.	No one called out Annie.
contradiction	Alice fired Billy.	No one fired Billy.
contradiction	Christine praised Lucy.	No one praised Lucy.
contradiction	Benjamin played with Evelyn.	No one played with Evelyn.
contradiction	Susan met Karen.	No one met Karen.
contradiction	Anthony liked Margaret.	No one liked Margaret.
contradiction	Rebecca danced with Sophie.	No one danced with Sophie.
contradiction	William played with Stephen.	No one played with Stephen.
contradiction	Jonathan praised Peter.	No one praised Peter.
contradiction	Susan ate with Martin.	No one ate with Martin.
contradiction	Paul met Edwin.	No one met Edwin.
contradiction	Peter called out Linda.	No one called out Linda.
contradiction	Barbara ate with Ian.	No one ate with Ian.
contradiction	Michelle helped Benjamin.	No one helped Benjamin.
contradiction	Steve danced with Rose.	No one danced with Rose.
contradiction	Margaret worked with Kelly.	No one worked with Kelly.
contradiction	Frances fired Jessica.	No one fired Jessica.
contradiction	Al worked with Anthony.	No one worked with Anthony.
contradiction	Julie married Tim.	No one married Tim.
contradiction	Samuel danced with Grace.	No one danced with Grace.
contradiction	Jerry worked with Carolyn.	No one worked with Carolyn.
contradiction	Joe worked with Lynn.	No one worked with Lynn.
contradiction	Jack helped Lawrence.	No one helped Lawrence.
contradiction	Jack hired Eleanor.	No one hired Eleanor.
contradiction	Ray praised Lawrence.	No one praised Lawrence.
contradiction	Andrew met Tony.	No one met Tony.
contradiction	Ann played with Sara.	No one played with Sara.
contradiction	Julie liked Scott.	No one liked Scott.
contradiction	Florence played with Frank.	No one played with Frank.
contradiction	Annie hired James.	No one hired James.
contradiction	Patricia liked Billy.	No one liked Billy.
contradiction	Susan invited Wendy.	No one invited Wendy.
contradiction	Dick danced with Janet.	No one danced with Janet.
contradiction	Ann helped Steve.	No one helped Steve.
contradiction	Philip met Eleanor.	No one met Eleanor.
contradiction	Sandra married Marie.	No one married Marie.
contradiction	Anthony liked Victoria.	No one liked Victoria.
contradiction	Tim criticised Adam.	No one criticised Adam.
contradiction	Patricia called out Mary.	No one called out Mary.
contradiction	Simon married Deborah.	No one married Deborah.
contradiction	Kathryn called out Walter.	No one called out Walter.
contradiction	Pamela liked Colin.	No one liked Colin.
contradiction	Melissa worked with Andrea.	No one worked with Andrea.
contradiction	Andrew criticised Daniel.	No one criticised Daniel.
contradiction	Nicole praised Larry.	No one praised Larry.
contradiction	Jason met Ellen.	No one met Ellen.
contradiction	Tom criticised Alice.	No one criticised Alice.
contradiction	Hugh met Larry.	No one met Larry.
contradiction	Thomas worked with Patrick.	No one worked with Patrick.
contradiction	Jean hired Judith.	No one hired Judith.
contradiction	Walter liked Dan.	No one liked Dan.
contradiction	Christopher met Ray.	No one met Ray.
contradiction	Janet ate with Christopher.	No one ate with Christopher.
contradiction	Matthew liked Ann.	No one liked Ann.
contradiction	Edwin slept with Al.	No one slept with Al.
contradiction	Fiona praised Samuel.	No one praised Samuel.
contradiction	Rebecca slept with Jerry.	No one slept with Jerry.
contradiction	Jean called out Benjamin.	No one called out Benjamin.
contradiction	Paul danced with Dan.	No one danced with Dan.
contradiction	Marie ate with Walter.	No one ate with Walter.
contradiction	Claire helped Carol.	No one helped Carol.
contradiction	Helen praised Lauren.	No one praised Lauren.
contradiction	Marie danced with Evelyn.	No one danced with Evelyn.
contradiction	Jack fired Patrick.	No one fired Patrick.
contradiction	Louis married Dave.	No one married Dave.
contradiction	Bill invited Charles.	No one invited Charles.
contradiction	Ron praised Steven.	No one praised Steven.
contradiction	Thomas praised Ralph.	No one praised Ralph.
contradiction	Gary met Janet.	No one met Janet.
contradiction	Thomas invited Catherine.	No one invited Catherine.
contradiction	Mark fired Edward.	No one fired Edward.
contradiction	Annie slept with Sam.	No one slept with Sam.
contradiction	James invited Heather.	No one invited Heather.
contradiction	Ruth criticised Samuel.	No one criticised Samuel.
contradiction	Harold slept with Janet.	No one slept with Janet.
contradiction	Philip danced with Jennifer.	No one danced with Jennifer.
contradiction	Samuel called out Margaret.	No one called out Margaret.
contradiction	Colin invited Edwin.	No one invited Edwin.
contradiction	Nancy fired Jim.	No one fired Jim.
contradiction	Ron slept with Rebecca.	No one slept with Rebecca.
contradiction	Katie played with James.	No one played with James.
contradiction	George slept with Laura.	No one slept with Laura.
contradiction	Deborah helped Daniel.	No one helped Daniel.
contradiction	Rachel invited Kim.	No one invited Kim.
contradiction	Christopher called out Heather.	No one called out Heather.
contradiction	Jimmy played with Diana.	No one played with Diana.
contradiction	Samuel slept with Lucy.	No one slept with Lucy.
contradiction	Lucy fired Thomas.	No one fired Thomas.
contradiction	Florence called out Sara.	No one called out Sara.
contradiction	Joe met Angela.	No one met Angela.
contradiction	Robert liked Edith.	No one liked Edith.
contradiction	Colin danced with Benjamin.	No one danced with Benjamin.
contradiction	Bill ate with Joe.	No one ate with Joe.
contradiction	Suzanne played with Sally.	No one played with Sally.
contradiction	Anne played with Paul.	No one played with Paul.
contradiction	Nancy married Edwin.	No one married Edwin.
contradiction	Harry criticised Ashley.	No one criticised Ashley.
contradiction	Bob hired Christopher.	No one hired Christopher.
contradiction	James criticised Angela.	No one criticised Angela.
contradiction	Barbara called out Harriet.	No one called out Harriet.
contradiction	Howard danced with Jonathan.	No one danced with Jonathan.
contradiction	Annie married Marilyn.	No one married Marilyn.
contradiction	Peter fired Emily.	No one fired Emily.
contradiction	Patrick hired Sara.	No one hired Sara.
contradiction	Steven criticised Joseph.	No one criticised Joseph.
contradiction	Victoria met Brian.	No one met Brian.
contradiction	Greg invited Tony.	No one invited Tony.
contradiction	Martin ate with Henry.	No one ate with Henry.
contradiction	Kelly married Ashley.	No one married Ashley.
contradiction	Helen criticised Mike.	No one criticised Mike.
contradiction	Donna praised Andrew.	No one praised Andrew.
contradiction	Frank played with Christopher.	No one played with Christopher.
contradiction	Elizabeth danced with Ray.	No one danced with Ray.
contradiction	Nicole fired Amanda.	No one fired Amanda.
contradiction	Helen danced with Jerry.	No one danced with Jerry.
contradiction	Eric helped Claire.	No one helped Claire.
contradiction	Edward played with Judith.	No one played with Judith.
contradiction	Joe played with Christopher.	No one played with Christopher.
contradiction	Kenneth called out Sandra.	No one called out Sandra.
contradiction	Thomas criticised Greg.	No one criticised Greg.
contradiction	Hugh married Benjamin.	No one married Benjamin.
contradiction	Julie slept with Simon.	No one slept with Simon.
contradiction	Thomas invited Ralph.	No one invited Ralph.
contradiction	Rachel invited Billy.	No one invited Billy.
contradiction	Caroline criticised Roy.	No one criticised Roy.
contradiction	Donna ate with Carol.	No one ate with Carol.
contradiction	Jim helped Amanda.	No one helped Amanda.
contradiction	Alison liked Deborah.	No one liked Deborah.
contradiction	Sally criticised Ellen.	No one criticised Ellen.
contradiction	Alexander slept with Kevin.	No one slept with Kevin.
contradiction	Katherine helped Sandra.	No one helped Sandra.
contradiction	Carolyn liked Fiona.	No one liked Fiona.
contradiction	Martha danced with Ann.	No one danced with Ann.
contradiction	Ray called out Carolyn.	No one called out Carolyn.
contradiction	Betty fired Amanda.	No one fired Amanda.
contradiction	Matt danced with Judith.	No one danced with Judith.
contradiction	James ate with Samuel.	No one ate with Samuel.
contradiction	Jack ate with Keith.	No one ate with Keith.
contradiction	George liked Samuel.	No one liked Samuel.
contradiction	Patrick helped Charles.	No one helped Charles.
contradiction	Suzanne met Diane.	No one met Diane.
contradiction	Nicole worked with Melissa.	No one worked with Melissa.
contradiction	Alexander praised Benjamin.	No one praised Benjamin.
contradiction	Rachel slept with Margaret.	No one slept with Margaret.
contradiction	Jeff invited Paul.	No one invited Paul.
contradiction	Claire praised Ian.	No one praised Ian.
contradiction	Dave called out Jay.	No one called out Jay.
contradiction	Jane slept with Harriet.	No one slept with Harriet.
contradiction	Kim liked Charlotte.	No one liked Charlotte.
contradiction	Charles fired Jean.	No one fired Jean.
contradiction	Joan fired Maria.	No one fired Maria.
contradiction	Jack liked Diana.	No one liked Diana.
contradiction	Roy called out Walter.	No one called out Walter.
contradiction	Jane married Ian.	No one married Ian.
contradiction	Angela criticised Amy.	No one criticised Amy.
contradiction	Edwin married Larry.	No one married Larry.
contradiction	Edwin helped Maria.	No one helped Maria.
contradiction	Louise slept with Walter.	No one slept with Walter.
contradiction	Rose invited Judith.	No one invited Judith.
contradiction	Alan slept with Deborah.	No one slept with Deborah.
contradiction	Kathleen slept with Jay.	No one slept with Jay.
contradiction	Amy praised Heather.	No one praised Heather.
contradiction	Arthur helped Dick.	No one helped Dick.
contradiction	Carolyn hired Roy.	No one hired Roy.
contradiction	Victoria helped Stephen.	No one helped Stephen.
contradiction	Michelle helped Robin.	No one helped Robin.
contradiction	Ryan hired Kathy.	No one hired Kathy.
contradiction	Claire hired Elizabeth.	No one hired Elizabeth.
contradiction	Edith called out Donald.	No one called out Donald.
contradiction	Simon hired Steven.	No one hired Steven.
contradiction	Ann met Deborah.	No one met Deborah.
contradiction	Heather danced with Mary.	No one danced with Mary.
contradiction	Donald slept with Rebecca.	No one slept with Rebecca.
contradiction	Ryan ate with Keith.	No one ate with Keith.
contradiction	Donald praised Claire.	No one praised Claire.
contradiction	Nancy fired Henry.	No one fired Henry.
contradiction	Stephen slept with Ruth.	No one slept with Ruth.
contradiction	Hugh married Karen.	No one married Karen.
contradiction	Elaine slept with Louise.	No one slept with Louise.
contradiction	Stephen helped Wendy.	No one helped Wendy.
contradiction	Walter invited Maria.	No one invited Maria.
contradiction	Leslie helped Kathy.	No one helped Kathy.
contradiction	Harold met Sophie.	No one met Sophie.
contradiction	Ron hired Don.	No one hired Don.
contradiction	Chris married Susan.	No one married Susan.
contradiction	Greg called out Evelyn.	No one called out Evelyn.
contradiction	Paul slept with Donna.	No one slept with Donna.
contradiction	Michelle invited Bill.	No one invited Bill.
contradiction	Joe hired Lynn.	No one hired Lynn.
contradiction	Virginia fired Edwin.	No one fired Edwin.
contradiction	Robin played with Elizabeth.	No one played with Elizabeth.
contradiction	Johnny liked Carolyn.	No one liked Carolyn.
contradiction	Amy married Matt.	No one married Matt.
contradiction	Betty danced with Paul.	No one danced with Paul.
contradiction	Pamela invited Sam.	No one invited Sam.
contradiction	Philip helped David.	No one helped David.
contradiction	Ann slept with Charlie.	No one slept with Charlie.
contradiction	Dave liked Michael.	No one liked Michael.
contradiction	Steven hired Betty.	No one hired Betty.
contradiction	Judith fired Michelle.	No one fired Michelle.
contradiction	Elaine slept with Patrick.	No one slept with Patrick.
contradiction	Patrick fired Alice.	No one fired Alice.
contradiction	Emma called out Alex.	No one called out Alex.
contradiction	Sam helped Mike.	No one helped Mike.
contradiction	Kevin married Karen.	No one married Karen.
contradiction	Al worked with Christine.	No one worked with Christine.
contradiction	Nancy ate with Alex.	No one ate with Alex.
contradiction	Roger praised Edward.	No one praised Edward.
contradiction	Simon slept with Deborah.	No one slept with Deborah.
contradiction	Jeff liked Heather.	No one liked Heather.
contradiction	Steven invited Carolyn.	No one invited Carolyn.
contradiction	James invited Chris.	No one invited Chris.
contradiction	Rose fired Charlotte.	No one fired Charlotte.
contradiction	Anthony hired Ron.	No one hired Ron.
contradiction	Florence played with Steven.	No one played with Steven.
contradiction	Laura hired Melissa.	No one hired Melissa.
contradiction	Henry married Colin.	No one married Colin.
contradiction	Jessica liked Frank.	No one liked Frank.
contradiction	Rose played with Edith.	No one played with Edith.
contradiction	Roger danced with Michael.	No one danced with Michael.
contradiction	Barbara fired Ed.	No one fired Ed.
contradiction	Donna liked Joseph.	No one liked Joseph.
contradiction	Frances played with Kate.	No one played with Kate.
contradiction	Gary danced with Victoria.	No one danced with Victoria.
contradiction	Kim helped David.	No one helped David.
contradiction	David criticised Diana.	No one criticised Diana.
contradiction	Anne married Martin.	No one married Martin.
contradiction	Al played with Brian.	No one played with Brian.
contradiction	Rose fired Ed.	No one fired Ed.
contradiction	Mike slept with Adam.	No one slept with Adam.
contradiction	Ryan ate with Robert.	No one ate with Robert.
contradiction	Sue ate with Steven.	No one ate with Steven.
contradiction	Caroline criticised Jim.	No one criticised Jim.
contradiction	Louis ate with Annie.	No one ate with Annie.
contradiction	Eleanor liked Kathleen.	No one liked Kathleen.
contradiction	Paul praised Sandra.	No one praised Sandra.
contradiction	Patricia met Billy.	No one met Billy.
contradiction	Donald criticised Sandra.	No one criticised Sandra.
contradiction	Evelyn danced with Joe.	No one danced with Joe.
contradiction	Jessica criticised Ray.	No one criticised Ray.
contradiction	Daniel liked Charles.	No one liked Charles.
contradiction	Edith called out Maria.	No one called out Maria.
contradiction	Julia worked with Amanda.	No one worked with Amanda.
contradiction	Sara fired Ian.	No one fired Ian.
contradiction	Martin married Elizabeth.	No one married Elizabeth.
contradiction	Ian called out Cynthia.	No one called out Cynthia.
contradiction	Ray slept with Pamela.	No one slept with Pamela.
contradiction	Evelyn played with Gary.	No one played with Gary.
contradiction	Sam slept with Ellen.	No one slept with Ellen.
contradiction	Jerry slept with Al.	No one slept with Al.
contradiction	Leslie praised Sara.	No one praised Sara.
contradiction	Kathleen praised Tim.	No one praised Tim.
contradiction	Carl fired Emma.	No one fired Emma.
contradiction	Stephen criticised Evelyn.	No one criticised Evelyn.
contradiction	Susan danced with Nancy.	No one danced with Nancy.
contradiction	Caroline ate with Andrew.	No one ate with Andrew.
contradiction	Donna hired Alexandra.	No one hired Alexandra.
contradiction	Jerry liked Jessica.	No one liked Jessica.
contradiction	Ellen invited Carl.	No one invited Carl.
contradiction	Brian called out Diane.	No one called out Diane.
contradiction	Chris praised Ryan.	No one praised Ryan.
contradiction	Julia liked Tony.	No one liked Tony.
contradiction	Elizabeth fired Frederick.	No one fired Frederick.
contradiction	Laura played with Greg.	No one played with Greg.
contradiction	Keith worked with Dan.	No one worked with Dan.
contradiction	Johnny married Martha.	No one married Martha.
contradiction	Michael married Sarah.	No one married Sarah.
contradiction	Francis called out Andrew.	No one called out Andrew.
contradiction	William invited Mark.	No one invited Mark.
contradiction	Donald invited Amy.	No one invited Amy.
contradiction	Victoria worked with Sarah.	No one worked with Sarah.
contradiction	William met Tony.	No one met Tony.
contradiction	Diana hired Steven.	No one hired Steven.
contradiction	Stephen praised Emily.	No one praised Emily.
contradiction	Ashley met Kim.	No one met Kim.
contradiction	Patricia played with Fred.	No one played with Fred.
contradiction	Richard worked with Patrick.	No one worked with Patrick.
contradiction	Jimmy liked Dave.	No one liked Dave.
contradiction	Eric invited Ralph.	No one invited Ralph.
contradiction	Ann met Martha.	No one met Martha.
contradiction	Ashley slept with Amy.	No one slept with Amy.
contradiction	Helen ate with Alexandra.	No one ate with Alexandra.
contradiction	Alice helped Ashley.	No one helped Ashley.
contradiction	Jimmy praised Anthony.	No one praised Anthony.
contradiction	Lauren played with Edward.	No one played with Edward.
contradiction	Virginia invited Margaret.	No one invited Margaret.
contradiction	Jonathan criticised Judy.	No one criticised Judy.
contradiction	Kathy helped Barbara.	No one helped Barbara.
contradiction	Annie slept with Mike.	No one slept with Mike.
contradiction	Ed met Sally.	No one met Sally.
contradiction	Amy fired Stephen.	No one fired Stephen.
contradiction	Sue praised Dorothy.	No one praised Dorothy.
contradiction	Frank fired Benjamin.	No one fired Benjamin.
contradiction	Sally worked with Joan.	No one worked with Joan.
contradiction	Alan slept with Peter.	No one slept with Peter.
contradiction	Lauren danced with Julia.	No one danced with Julia.
contradiction	Fred called out Linda.	No one called out Linda.
contradiction	Dorothy liked Dan.	No one liked Dan.
contradiction	Tim slept with Walter.	No one slept with Walter.
contradiction	Lynn invited Howard.	No one invited Howard.
contradiction	Kenneth worked with Louise.	No one worked with Louise.
contradiction	Evelyn helped Steve.	No one helped Steve.
contradiction	Judy married Ray.	No one married Ray.
contradiction	Joseph played with Don.	No one played with Don.
contradiction	Elizabeth praised Carol.	No one praised Carol.
contradiction	Brian invited Christine.	No one invited Christine.
contradiction	Anna married Steven.	No one married Steven.
contradiction	Victoria helped Elaine.	No one helped Elaine.
contradiction	Albert helped Scott.	No one helped Scott.
contradiction	Linda praised Ron.	No one praised Ron.
contradiction	Maria praised Emma.	No one praised Emma.
contradiction	Eric played with Louis.	No one played with Louis.
contradiction	Diana ate with Kim.	No one ate with Kim.
contradiction	Anthony hired Amy.	No one hired Amy.
contradiction	Kate slept with Chris.	No one slept with Chris.
contradiction	Lucy invited Margaret.	No one invited Margaret.
contradiction	Scott helped Albert.	No one helped Albert.
contradiction	Mike fired Scott.	No one fired Scott.
contradiction	Peter invited Robin.	No one invited Robin.
contradiction	Emma married Suzanne.	No one married Suzanne.
contradiction	Al hired Philip.	No one hired Philip.
contradiction	Alan met Johnny.	No one met Johnny.
contradiction	Laura liked Keith.	No one liked Keith.
contradiction	Jack worked with Christine.	No one worked with Christine.
contradiction	Catherine slept with Karen.	No one slept with Karen.
contradiction	Andrew married Thomas.	No one married Thomas.
contradiction	Anne praised Karen.	No one praised Karen.
contradiction	Caroline slept with John.	No one slept with John.
contradiction	Janet invited Brian.	No one invited Brian.
contradiction	Catherine played with Alice.	No one played with Alice.
contradiction	Mike slept with Heather.	No one slept with Heather.
contradiction	Arthur ate with Grace.	No one ate with Grace.
contradiction	Ann invited Tim.	No one invited Tim.
contradiction	Fred fired Ian.	No one fired Ian.
contradiction	Betty invited Evelyn.	No one invited Evelyn.
contradiction	Henry slept with Walter.	No one slept with Walter.
contradiction	Laura met Philip.	No one met Philip.
contradiction	Jane praised Peter.	No one praised Peter.
contradiction	Alexandra hired Ralph.	No one hired Ralph.
contradiction	Emma criticised Jimmy.	No one criticised Jimmy.
contradiction	Stephanie played with Martha.	No one played with Martha.
contradiction	Paul called out Rachel.	No one called out Rachel.
contradiction	Rachel slept with Christopher.	No one slept with Christopher.
contradiction	Lynn danced with Matt.	No one danced with Matt.
contradiction	Scott helped Hugh.	No one helped Hugh.
contradiction	Catherine fired Ruth.	No one fired Ruth.
contradiction	Stephen helped Kelly.	No one helped Kelly.
contradiction	Lauren fired Andrew.	No one fired Andrew.
contradiction	Paul fired Greg.	No one fired Greg.
contradiction	Catherine married Joan.	No one married Joan.
contradiction	Sarah helped Jimmy.	No one helped Jimmy.
contradiction	Ruth ate with Sandra.	No one ate with Sandra.
contradiction	Anne ate with David.	No one ate with David.
contradiction	Ryan liked Jean.	No one liked Jean.
contradiction	Fiona liked Andrew.	No one liked Andrew.
contradiction	Peter slept with Jeff.	No one slept with Jeff.
contradiction	Sam called out Walter.	No one called out Walter.
contradiction	Francis fired Jack.	No one fired Jack.
contradiction	Sandra criticised Tim.	No one criticised Tim.
contradiction	Pamela danced with Amy.	No one danced with Amy.
contradiction	Albert met Mike.	No one met Mike.
contradiction	Paul met Kathryn.	No one met Kathryn.
contradiction	Leslie slept with Alexander.	No one slept with Alexander.
contradiction	Angela liked Judith.	No one liked Judith.
contradiction	Greg danced with Edward.	No one danced with Edward.
contradiction	Carolyn played with Joseph.	No one played with Joseph.
contradiction	Roger played with Tom.	No one played with Tom.
contradiction	Dan praised Martha.	No one praised Martha.
contradiction	Louise played with Fred.	No one played with Fred.
contradiction	Nick criticised Dorothy.	No one criticised Dorothy.
contradiction	Ann praised Joe.	No one praised Joe.
contradiction	Helen ate with Philip.	No one ate with Philip.
contradiction	Ben slept with Florence.	No one slept with Florence.
contradiction	Angela danced with Nancy.	No one danced with Nancy.
contradiction	Bruce played with Alice.	No one played with Alice.
contradiction	Kathy criticised Stephanie.	No one criticised Stephanie.
contradiction	James invited Barbara.	No one invited Barbara.
contradiction	Jonathan helped Philip.	No one helped Philip.
contradiction	James liked Jonathan.	No one liked Jonathan.
contradiction	Rebecca fired Chris.	No one fired Chris.
contradiction	Ralph danced with Dan.	No one danced with Dan.
contradiction	Benjamin praised Linda.	No one praised Linda.
contradiction	Ken liked Helen.	No one liked Helen.
contradiction	Charlie liked Mark.	No one liked Mark.
contradiction	Andrea played with Kate.	No one played with Kate.
contradiction	Virginia ate with Helen.	No one ate with Helen.
contradiction	Edith danced with Dan.	No one danced with Dan.
contradiction	Kathy worked with Larry.	No one worked with Larry.
contradiction	Joseph criticised Alex.	No one criticised Alex.
contradiction	Ralph worked with Greg.	No one worked with Greg.
contradiction	Katherine hired Patrick.	No one hired Patrick.
contradiction	Christine ate with Howard.	No one ate with Howard.
contradiction	Barbara criticised Ashley.	No one criticised Ashley.
contradiction	Rachel praised Susan.	No one praised Susan.
contradiction	Rachel praised Jason.	No one praised Jason.
contradiction	Louis invited Anne.	No one invited Anne.
contradiction	Robert liked Frank.	No one liked Frank.
contradiction	Dan helped Bruce.	No one helped Bruce.
contradiction	Charlie danced with Kim.	No one danced with Kim.
contradiction	Rachel ate with Bobby.	No one ate with Bobby.
contradiction	Lauren slept with Richard.	No one slept with Richard.
contradiction	Keith worked with Peter.	No one worked with Peter.
contradiction	Alfred played with Jean.	No one played with Jean.
contradiction	Claire slept with Lynn.	No one slept with Lynn.
contradiction	Paul hired Victoria.	No one hired Victoria.
contradiction	Walter met Lawrence.	No one met Lawrence.
contradiction	Anna praised Martha.	No one praised Martha.
contradiction	Jack married Susan.	No one married Susan.
contradiction	Heather slept with Tony.	No one slept with Tony.
contradiction	Sophie danced with Lucy.	No one danced with Lucy.
contradiction	Bobby played with Sharon.	No one played with Sharon.
contradiction	Victoria helped Alexandra.	No one helped Alexandra.
contradiction	Matthew ate with Jeff.	No one ate with Jeff.
contradiction	Kathryn played with Andrea.	No one played with Andrea.
contradiction	Judy ate with Larry.	No one ate with Larry.
contradiction	Harry invited Cynthia.	No one invited Cynthia.
contradiction	Kathleen worked with Kelly.	No one worked with Kelly.
contradiction	Alice worked with Jean.	No one worked with Jean.
contradiction	Paul invited Jack.	No one invited Jack.
contradiction	Pamela played with Rose.	No one played with Rose.
contradiction	Roy married Jay.	No one married Jay.
contradiction	Sara worked with Jessica.	No one worked with Jessica.
contradiction	Jennifer ate with Jean.	No one ate with Jean.
contradiction	Margaret hired Rose.	No one hired Rose.
contradiction	Matt married Robin.	No one married Robin.
contradiction	Ed hired Keith.	No one hired Keith.
contradiction	Annie invited Victoria.	No one invited Victoria.
contradiction	Arthur slept with Henry.	No one slept with Henry.
contradiction	Jim helped Dan.	No one helped Dan.
contradiction	Sara ate with Ruth.	No one ate with Ruth.
contradiction	Bob criticised Jane.	No one criticised Jane.
contradiction	William ate with Roy.	No one ate with Roy.
contradiction	Elizabeth hired Andrea.	No one hired Andrea.
contradiction	Philip helped Bobby.	No one helped Bobby.
contradiction	Marie praised Suzanne.	No one praised Suzanne.
contradiction	Janet called out Sharon.	No one called out Sharon.
contradiction	Barbara met William.	No one met William.
contradiction	Evelyn invited Samuel.	No one invited Samuel.
contradiction	Kevin criticised Eric.	No one criticised Eric.
contradiction	Tim worked with Diana.	No one worked with Diana.
contradiction	Don danced with Alan.	No one danced with Alan.
contradiction	Nicole slept with Richard.	No one slept with Richard.
contradiction	Scott fired Ben.	No one fired Ben.
contradiction	Jeff invited Bill.	No one invited Bill.
contradiction	Jonathan liked Carolyn.	No one liked Carolyn.
contradiction	Karen played with Fred.	No one played with Fred.
contradiction	Mary worked with George.	No one worked with George.
contradiction	Samuel called out Margaret.	No one called out Margaret.
contradiction	Lawrence praised Bruce.	No one praised Bruce.
contradiction	Benjamin helped Annie.	No one helped Annie.
contradiction	Andrea married Bob.	No one married Bob.
contradiction	Charlotte praised Donald.	No one praised Donald.
contradiction	Bobby slept with Carol.	No one slept with Carol.
contradiction	Harry fired Barbara.	No one fired Barbara.
contradiction	Sally met Suzanne.	No one met Suzanne.
contradiction	Ann married Harry.	No one married Harry.
contradiction	Jennifer helped Jill.	No one helped Jill.
contradiction	Dick helped James.	No one helped James.
contradiction	Greg helped Billy.	No one helped Billy.
contradiction	Katie criticised Ryan.	No one criticised Ryan.
contradiction	Sally criticised Thomas.	No one criticised Thomas.
contradiction	Laura worked with Frederick.	No one worked with Frederick.
contradiction	Rachel met Jim.	No one met Jim.
contradiction	Michael liked Henry.	No one liked Henry.
contradiction	Jonathan ate with Barbara.	No one ate with Barbara.
contradiction	Edwin danced with Philip.	No one danced with Philip.
contradiction	Patricia ate with Jason.	No one ate with Jason.
contradiction	Janet played with Kathleen.	No one played with Kathleen.
contradiction	Michael invited Ben.	No one invited Ben.
contradiction	Ellen hired Adam.	No one hired Adam.
contradiction	Ralph called out Stephanie.	No one called out Stephanie.
contradiction	Heather worked with Benjamin.	No one worked with Benjamin.
contradiction	Michelle hired Philip.	No one hired Philip.
contradiction	Amanda danced with Dick.	No one danced with Dick.
contradiction	Stephen slept with Alison.	No one slept with Alison.
contradiction	Christopher helped Frederick.	No one helped Frederick.
contradiction	Christopher helped Billy.	No one helped Billy.
contradiction	Susan married Alfred.	No one married Alfred.
contradiction	Peter worked with Martha.	No one worked with Martha.
contradiction	Christine called out Richard.	No one called out Richard.
contradiction	Tim danced with Roy.	No one danced with Roy.
contradiction	Johnny helped Larry.	No one helped Larry.
contradiction	Fred married Bill.	No one married Bill.
contradiction	Karen helped Charlie.	No one helped Charlie.
contradiction	Ann invited Kathy.	No one invited Kathy.
contradiction	Sandra hired Rachel.	No one hired Rachel.
contradiction	Christopher danced with Harriet.	No one danced with Harriet.
contradiction	Paul criticised Dave.	No one criticised Dave.
contradiction	Steven hired Marilyn.	No one hired Marilyn.
contradiction	Anna fired Angela.	No one fired Angela.
contradiction	Kenneth hired Lucy.	No one hired Lucy.
contradiction	Sam hired Mary.	No one hired Mary.
contradiction	Heather worked with Virginia.	No one worked with Virginia.
contradiction	Sharon married Eleanor.	No one married Eleanor.
contradiction	Andrea met Patricia.	No one met Patricia.
contradiction	Tom ate with Kathleen.	No one ate with Kathleen.
contradiction	Amanda criticised Lawrence.	No one criticised Lawrence.
contradiction	Alfred ate with Jessica.	No one ate with Jessica.
contradiction	Christine liked Mike.	No one liked Mike.
contradiction	Rachel ate with Rebecca.	No one ate with Rebecca.
contradiction	Frank hired Albert.	No one hired Albert.
contradiction	Kathryn danced with Margaret.	No one danced with Margaret.
contradiction	Chris worked with Harold.	No one worked with Harold.
contradiction	Bill ate with Harriet.	No one ate with Harriet.
contradiction	Kim liked Albert.	No one liked Albert.
contradiction	Ian criticised Victoria.	No one criticised Victoria.
contradiction	Ed danced with Greg.	No one danced with Greg.
contradiction	Keith ate with Philip.	No one ate with Philip.
contradiction	Susan called out Dave.	No one called out Dave.
contradiction	Walter played with Matthew.	No one played with Matthew.
contradiction	Lawrence hired Kate.	No one hired Kate.
contradiction	Deborah met Judith.	No one met Judith.
contradiction	Dan worked with Edwin.	No one worked with Edwin.
contradiction	Judy fired Joseph.	No one fired Joseph.
contradiction	Lynn worked with Roy.	No one worked with Roy.
contradiction	Patrick liked Samuel.	No one liked Samuel.
contradiction	Frederick helped Steven.	No one helped Steven.
contradiction	Leslie worked with Benjamin.	No one worked with Benjamin.
contradiction	Jonathan married Al.	No one married Al.
contradiction	Edward praised Samuel.	No one praised Samuel.
contradiction	Jean liked Deborah.	No one liked Deborah.
contradiction	Scott fired Jeff.	No one fired Jeff.
contradiction	Jim criticised Leslie.	No one criticised Leslie.
contradiction	Janet worked with Margaret.	No one worked with Margaret.
contradiction	Bruce worked with Jack.	No one worked with Jack.
contradiction	Johnny ate with Edward.	No one ate with Edward.
contradiction	Brian invited Louise.	No one invited Louise.
contradiction	Claire played with Matt.	No one played with Matt.
contradiction	Mary married Angela.	No one married Angela.
contradiction	Benjamin liked Grace.	No one liked Grace.
contradiction	Donna praised Wendy.	No one praised Wendy.
contradiction	Colin danced with Donna.	No one danced with Donna.
contradiction	William danced with Alison.	No one danced with Alison.
contradiction	Jessica married Betty.	No one married Betty.
contradiction	David praised Helen.	No one praised Helen.
contradiction	Tony worked with Laura.	No one worked with Laura.
contradiction	Andrea called out Tim.	No one called out Tim.
contradiction	Thomas helped Charles.	No one helped Charles.
contradiction	Lauren ate with Jack.	No one ate with Jack.
contradiction	Jennifer ate with Harry.	No one ate with Harry.
contradiction	Caroline fired Alfred.	No one fired Alfred.
contradiction	Judith played with Janet.	No one played with Janet.
contradiction	Jack met Martin.	No one met Martin.
contradiction	Chris hired Patrick.	No one hired Patrick.
contradiction	Robin played with Jeff.	No one played with Jeff.
contradiction	Sam hired Kenneth.	No one hired Kenneth.
contradiction	Adam hired Joan.	No one hired Joan.
contradiction	Karen invited Amy.	No one invited Amy.
contradiction	Roy met Ralph.	No one met Ralph.
contradiction	Tim liked Jeff.	No one liked Jeff.
contradiction	Susan played with Bill.	No one played with Bill.
contradiction	Pamela ate with Adam.	No one ate with Adam.
contradiction	Annie met David.	No one met David.
contradiction	Katie danced with Paul.	No one danced with Paul.
contradiction	Suzanne helped Donald.	No one helped Donald.
contradiction	Katherine called out Alexander.	No one called out Alexander.
contradiction	Evelyn married Alex.	No one married Alex.
contradiction	Bob liked Carol.	No one liked Carol.
contradiction	Annie called out Henry.	No one called out Henry.
contradiction	Sharon slept with Jason.	No one slept with Jason.
contradiction	Ralph ate with Kevin.	No one ate with Kevin.
contradiction	Tony married Louise.	No one married Louise.
contradiction	Simon worked with Larry.	No one worked with Larry.
contradiction	Steve invited Nick.	No one invited Nick.
contradiction	Caroline danced with Scott.	No one danced with Scott.
contradiction	Albert helped Diane.	No one helped Diane.
contradiction	Sarah slept with Billy.	No one slept with Billy.
contradiction	Fred praised Dan.	No one praised Dan.
contradiction	Sue liked Roy.	No one liked Roy.
contradiction	Patricia helped Kathleen.	No one helped Kathleen.
