contradiction	Carol played with Jerry.	Carol played with no one.
contradiction	Matt liked Sarah.	Matt liked no one.
contradiction	Ken criticised Joan.	Ken criticised no one.
contradiction	Ryan worked with Anne.	Ryan worked with no one.
contradiction	Jeff criticised Charlie.	Jeff criticised no one.
contradiction	Alex liked Ann.	Alex liked no one.
contradiction	Ron hired Joseph.	Ron hired no one.
contradiction	Jimmy danced with Ashley.	Jimmy danced with no one.
contradiction	Karen married Angela.	Karen married no one.
contradiction	Marilyn called out Billy.	Marilyn called out no one.
contradiction	Laura slept with Jonathan.	Laura slept with no one.
contradiction	Julie met Larry.	Julie met no one.
contradiction	Dan danced with Patrick.	Dan danced with no one.
contradiction	Bill called out Alison.	Bill called out no one.
contradiction	Brian met Walter.	Brian met no one.
contradiction	Henry helped Larry.	Henry helped no one.
contradiction	Melissa married Jennifer.	Melissa married no one.
contradiction	Tony met Ryan.	Tony met no one.
contradiction	Chris danced with Alex.	Chris danced with no one.
contradiction	Hugh slept with Wendy.	Hugh slept with no one.
contradiction	Lawrence married Patricia.	Lawrence married no one.
contradiction	Mike played with Edwin.	Mike played with no one.
contradiction	Deborah praised Caroline.	Deborah praised no one.
contradiction	Carl helped Mike.	Carl helped no one.
contradiction	Paul hired John.	Paul hired no one.
contradiction	Christopher played with Fiona.	Christopher played with no one.
contradiction	Ray slept with Melissa.	Ray slept with no one.
contradiction	Harriet fired Marie.	Harriet fired no one.
contradiction	Andrew invited Scott.	Andrew invited no one.
contradiction	Charles praised Andrea.	Charles praised no one.
contradiction	Jimmy met Janet.	Jimmy met no one.
contradiction	Jay praised Jack.	Jay praised no one.
contradiction	Sarah praised Lauren.	Sarah praised no one.
contradiction	Louis worked with Al.	Louis worked with no one.
contradiction	Adam ate with Samuel.	Adam ate with no one.
contradiction	Philip criticised Kim.	Philip criticised no one.
contradiction	Emily worked with Louis.	Emily worked with no one.
contradiction	Ruth called out Greg.	Ruth called out no one.
contradiction	Kevin ate with Nicole.	Kevin ate with no one.
contradiction	Ed met Joe.	Ed met no one.
contradiction	Kate married Gary.	Kate married no one.
contradiction	Maria called out Marilyn.	Maria called out no one.
contradiction	Christine worked with Katherine.	Christine worked with no one.
contradiction	Thomas called out Christopher.	Thomas called out no one.
contradiction	Suzanne invited Benjamin.	Suzanne invited no one.
contradiction	Hugh hired Emily.	Hugh hired no one.
contradiction	Jessica slept with Dorothy.	Jessica slept with no one.
contradiction	Kevin helped Marilyn.	Kevin helped no one.
contradiction	Diana played with Harold.	Diana played with no one.
contradiction	Dick married Marie.	Dick married no one.
contradiction	Diane danced with Christine.	Diane danced with no one.
contradiction	Sue liked Ed.	Sue liked no one.
contradiction	Alex played with Peter.	Alex played with no one.
contradiction	Alfred praised Al.	Alfred praised no one.
contradiction	Angela danced with Philip.	Angela danced with no one.
contradiction	Christopher played with Fred.	Christopher played with no one.
contradiction	Eleanor played with Claire.	Eleanor played with no one.
contradiction	Kevin fired Jessica.	Kevin fired no one.
contradiction	Ann hired Lisa.	Ann hired no one.
contradiction	Judith fired Rachel.	Judith fired no one.
contradiction	Ashley married Johnny.	Ashley married no one.
contradiction	Victoria slept with Heather.	Victoria slept with no one.
contradiction	Kevin praised Alan.	Kevin praised no one.
contradiction	Stephen hired Steven.	Stephen hired no one.
contradiction	Margaret hired Sue.	Margaret hired no one.
contradiction	Kathy helped Martin.	Kathy helped no one.
contradiction	Caroline ate with Nancy.	Caroline ate with no one.
contradiction	Ray praised Bruce.	Ray praised no one.
contradiction	Simon married Lauren.	Simon married no one.
contradiction	Jack slept with Adam.	Jack slept with no one.
contradiction	Jonathan hired Rose.	Jonathan hired no one.
contradiction	Kim praised Walter.	Kim praised no one.
contradiction	Al fired Angela.	Al fired no one.
contradiction	Christopher praised Ben.	Christopher praised no one.
contradiction	Linda praised Henry.	Linda praised no one.
contradiction	Wendy danced with Alice.	Wendy danced with no one.
contradiction	Amanda hired Jonathan.	Amanda hired no one.
contradiction	Anne ate with Christine.	Anne ate with no one.
contradiction	Mike played with Richard.	Mike played with no one.
contradiction	Florence met James.	Florence met no one.
contradiction	Louis danced with Kevin.	Louis danced with no one.
contradiction	Diana hired Ryan.	Diana hired no one.
contradiction	Ken danced with Nicole.	Ken danced with no one.
contradiction	Steve helped Jean.	Steve helped no one.
contradiction	Anna met Emily.	Anna met no one.
contradiction	Matthew married Rachel.	Matthew married no one.
contradiction	Rachel danced with John.	Rachel danced with no one.
contradiction	Judy fired Caroline.	Judy fired no one.
contradiction	Emma married Charlotte.	Emma married no one.
contradiction	Catherine liked Alex.	Catherine liked no one.
contradiction	Emily hired Edward.	Emily hired no one.
contradiction	Sam slept with Frances.	Sam slept with no one.
contradiction	Betty liked Billy.	Betty liked no one.
contradiction	Caroline fired Louis.	Caroline fired no one.
contradiction	Julia danced with Dorothy.	Julia danced with no one.
contradiction	Philip helped Wendy.	Philip helped no one.
contradiction	Melissa slept with Annie.	Melissa slept with no one.
contradiction	Tom ate with Suzanne.	Tom ate with no one.
contradiction	Joe slept with Annie.	Joe slept with no one.
contradiction	Ron liked James.	Ron liked no one.
contradiction	Alexandra ate with Michelle.	Alexandra ate with no one.
contradiction	Fiona danced with Deborah.	Fiona danced with no one.
contradiction	Rose helped Bobby.	Rose helped no one.
contradiction	Al praised Joe.	Al praised no one.
contradiction	Hugh invited Marie.	Hugh invited no one.
contradiction	Tom slept with Elizabeth.	Tom slept with no one.
contradiction	Sally liked Benjamin.	Sally liked no one.
contradiction	Michael met Kathryn.	Michael met no one.
contradiction	Jessica invited Harold.	Jessica invited no one.
contradiction	Bill praised Bobby.	Bill praised no one.
contradiction	Victoria called out Sophie.	Victoria called out no one.
contradiction	Jean played with Wendy.	Jean played with no one.
contradiction	Daniel danced with Paul.	Daniel danced with no one.
contradiction	Amanda helped Amy.	Amanda helped no one.
contradiction	Lawrence praised Gary.	Lawrence praised no one.
contradiction	Sue slept with Rachel.	Sue slept with no one.
contradiction	Diane criticised Amy.	Diane criticised no one.
contradiction	Judith met Emma.	Judith met no one.
contradiction	Robert called out Helen.	Robert called out no one.
contradiction	Angela called out Billy.	Angela called out no one.
contradiction	Fred liked Johnny.	Fred liked no one.
contradiction	Dan ate with Katherine.	Dan ate with no one.
contradiction	Johnny played with Brian.	Johnny played with no one.
contradiction	Francis married Edwin.	Francis married no one.
contradiction	Emma liked Rachel.	Emma liked no one.
contradiction	Virginia criticised Edward.	Virginia criticised no one.
contradiction	Suzanne worked with Leslie.	Suzanne worked with no one.
contradiction	Lynn worked with Emily.	Lynn worked with no one.
contradiction	Sophie helped Christine.	Sophie helped no one.
contradiction	Carolyn helped Johnny.	Carolyn helped no one.
contradiction	Kim invited Christine.	Kim invited no one.
contradiction	Linda invited Paul.	Linda invited no one.
contradiction	Steve criticised Adam.	Steve criticised no one.
contradiction	Jessica helped Donald.	Jessica helped no one.
contradiction	Bruce married Lynn.	Bruce married no one.
contradiction	Matt danced with Andrew.	Matt danced with no one.
contradiction	Andrew criticised Sara.	Andrew criticised no one.
contradiction	Ann helped Leslie.	Ann helped no one.
contradiction	William liked Arthur.	William liked no one.
contradiction	Kenneth danced with Ruth.	Kenneth danced with no one.
contradiction	Albert liked Carolyn.	Albert liked no one.
contradiction	Harriet worked with Claire.	Harriet worked with no one.
contradiction	Carol danced with Sophie.	Carol danced with no one.
contradiction	Jerry invited Jennifer.	Jerry invited no one.
contradiction	Alexandra called out Maria.	Alexandra called out no one.
contradiction	Eleanor ate with Elaine.	Eleanor ate with no one.
contradiction	Heather played with Anne.	Heather played with no one.
contradiction	Jill called out Sue.	Jill called out no one.
contradiction	Michael praised Ralph.	Michael praised no one.
contradiction	Paul worked with Ann.	Paul worked with no one.
contradiction	Jessica ate with Kevin.	Jessica ate with no one.
contradiction	Billy ate with Karen.	Billy ate with no one.
contradiction	Deborah praised Jane.	Deborah praised no one.
contradiction	Jack married Nick.	Jack married no one.
contradiction	Kathy liked Albert.	Kathy liked no one.
contradiction	Al liked Mark.	Al liked no one.
contradiction	Kenneth praised Matthew.	Kenneth praised no one.
contradiction	Maria praised Sally.	Maria praised no one.
contradiction	Elizabeth invited Nancy.	Elizabeth invited no one.
contradiction	Walter liked Greg.	Walter liked no one.
contradiction	Evelyn praised Lawrence.	Evelyn praised no one.
contradiction	Mark helped Andrew.	Mark helped no one.
contradiction	Al slept with Jean.	Al slept with no one.
contradiction	James praised Philip.	James praised no one.
contradiction	Al hired Julia.	Al hired no one.
contradiction	Sue slept with Sara.	Sue slept with no one.
contradiction	Frederick invited Melissa.	Frederick invited no one.
contradiction	David invited Virginia.	David invited no one.
contradiction	Tom worked with Laura.	Tom worked with no one.
contradiction	Annie hired Arthur.	Annie hired no one.
contradiction	Margaret worked with Louise.	Margaret worked with no one.
contradiction	William hired Louis.	William hired no one.
contradiction	Jeff worked with Maria.	Jeff worked with no one.
contradiction	Anthony met Ryan.	Anthony met no one.
contradiction	Larry liked Heather.	Larry liked no one.
contradiction	Annie called out Cynthia.	Annie called out no one.
contradiction	Janet played with Simon.	Janet played with no one.
contradiction	Greg liked Anne.	Greg liked no one.
contradiction	Anne ate with Patricia.	Anne ate with no one.
contradiction	Johnny met Roger.	Johnny met no one.
contradiction	Anne called out Sally.	Anne called out no one.
contradiction	Ellen slept with Rachel.	Ellen slept with no one.
contradiction	Karen danced with Maria.	Karen danced with no one.
contradiction	Ray liked Tom.	Ray liked no one.
contradiction	Fred called out Charlotte.	Fred called out no one.
contradiction	Kathleen met Louis.	Kathleen met no one.
contradiction	Brian hired Christine.	Brian hired no one.
contradiction	Anna danced with Billy.	Anna danced with no one.
contradiction	Alexander criticised Charlotte.	Alexander criticised no one.
contradiction	Karen danced with Eric.	Karen danced with no one.
contradiction	Louise praised Stephen.	Louise praised no one.
contradiction	Colin played with Ken.	Colin played with no one.
contradiction	Tim hired Benjamin.	Tim hired no one.
contradiction	Virginia criticised Kate.	Virginia criticised no one.
contradiction	Jack danced with Sara.	Jack danced with no one.
contradiction	Christopher hired Carolyn.	Christopher hired no one.
contradiction	Carolyn hired Nicole.	Carolyn hired no one.
contradiction	Adam worked with Henry.	Adam worked with no one.
contradiction	Jennifer married Al.	Jennifer married no one.
contradiction	Jessica called out Keith.	Jessica called out no one.
contradiction	Henry praised Carol.	Henry praised no one.
contradiction	Charlotte married Carolyn.	Charlotte married no one.
contradiction	Jimmy helped Alexandra.	Jimmy helped no one.
contradiction	Arthur slept with Alexandra.	Arthur slept with no one.
contradiction	Philip criticised Barbara.	Philip criticised no one.
contradiction	Tom invited Michael.	Tom invited no one.
contradiction	Steve liked Nick.	Steve liked no one.
contradiction	Heather fired Dave.	Heather fired no one.
contradiction	Susan played with George.	Susan played with no one.
contradiction	Francis invited Julia.	Francis invited no one.
contradiction	Matt liked Alfred.	Matt liked no one.
contradiction	James ate with Billy.	James ate with no one.
contradiction	Edward hired Michael.	Edward hired no one.
contradiction	Rachel played with Al.	Rachel played with no one.
contradiction	Maria invited Billy.	Maria invited no one.
contradiction	Kathryn ate with Scott.	Kathryn ate with no one.
contradiction	Henry liked Karen.	Henry liked no one.
contradiction	Adam invited Ashley.	Adam invited no one.
contradiction	Patrick helped Billy.	Patrick helped no one.
contradiction	Mark invited Francis.	Mark invited no one.
contradiction	Alexander met Lisa.	Alexander met no one.
contradiction	Amy praised Chris.	Amy praised no one.
contradiction	Patricia worked with Christopher.	Patricia worked with no one.
contradiction	Howard fired Simon.	Howard fired no one.
contradiction	Kenneth praised Fiona.	Kenneth praised no one.
contradiction	Carl called out Marilyn.	Carl called out no one.
contradiction	Cynthia called out Walter.	Cynthia called out no one.
contradiction	Michael fired Alfred.	Michael fired no one.
contradiction	Anthony played with George.	Anthony played with no one.
contradiction	Margaret helped Ian.	Margaret helped no one.
contradiction	Emily met Jill.	Emily met no one.
contradiction	Ann criticised Marilyn.	Ann criticised no one.
contradiction	Walter liked Nick.	Walter liked no one.
contradiction	Colin called out Samuel.	Colin called out no one.
contradiction	Frances hired Nicole.	Frances hired no one.
contradiction	Frederick played with Greg.	Frederick played with no one.
contradiction	Eric married Gary.	Eric married no one.
contradiction	Ryan liked Robert.	Ryan liked no one.
contradiction	Cynthia slept with Al.	Cynthia slept with no one.
contradiction	Rebecca fired Marie.	Rebecca fired no one.
contradiction	Anne criticised Billy.	Anne criticised no one.
contradiction	Colin worked with Hugh.	Colin worked with no one.
contradiction	Kim played with Joe.	Kim played with no one.
contradiction	Lawrence helped Frederick.	Lawrence helped no one.
contradiction	Fred played with Jay.	Fred played with no one.
contradiction	Katie called out Jason.	Katie called out no one.
contradiction	Daniel slept with Paul.	Daniel slept with no one.
contradiction	Jill called out Kenneth.	Jill called out no one.
contradiction	Cynthia worked with Roger.	Cynthia worked with no one.
contradiction	Grace danced with Rebecca.	Grace danced with no one.
contradiction	Stephen called out Francis.	Stephen called out no one.
contradiction	Roger criticised Heather.	Roger criticised no one.
contradiction	Michael danced with Harold.	Michael danced with no one.
contradiction	Steve praised Jeff.	Steve praised no one.
contradiction	Anna criticised Alan.	Anna criticised no one.
contradiction	Julia criticised Jack.	Julia criticised no one.
contradiction	Andrew married Alice.	Andrew married no one.
contradiction	Sally danced with Francis.	Sally danced with no one.
contradiction	Mary called out Fred.	Mary called out no one.
contradiction	Florence worked with Charlie.	Florence worked with no one.
contradiction	Ashley hired David.	Ashley hired no one.
contradiction	Michael helped Charlotte.	Michael helped no one.
contradiction	Edward played with Bobby.	Edward played with no one.
contradiction	Edward played with Jim.	Edward played with no one.
contradiction	Maria ate with Peter.	Maria ate with no one.
contradiction	Catherine hired Ryan.	Catherine hired no one.
contradiction	Barbara liked Peter.	Barbara liked no one.
contradiction	Kelly criticised Catherine.	Kelly criticised no one.
contradiction	Thomas liked Eleanor.	Thomas liked no one.
contradiction	Albert called out Thomas.	Albert called out no one.
contradiction	Joan married Kim.	Joan married no one.
contradiction	Daniel hired Donna.	Daniel hired no one.
contradiction	Bruce called out Steven.	Bruce called out no one.
contradiction	Brian hired Judy.	Brian hired no one.
contradiction	Lynn praised Jerry.	Lynn praised no one.
contradiction	Alan danced with Melissa.	Alan danced with no one.
contradiction	Lynn fired Martin.	Lynn fired no one.
contradiction	Gary called out Thomas.	Gary called out no one.
contradiction	Emma hired Sue.	Emma hired no one.
contradiction	Susan criticised Maria.	Susan criticised no one.
contradiction	Helen called out Arthur.	Helen called out no one.
contradiction	Emily worked with Anthony.	Emily worked with no one.
contradiction	Lisa helped Harriet.	Lisa helped no one.
contradiction	Suzanne met Kathryn.	Suzanne met no one.
contradiction	Charles helped Jason.	Charles helped no one.
contradiction	William fired Keith.	William fired no one.
contradiction	Heather danced with Sandra.	Heather danced with no one.
contradiction	Anne invited Carolyn.	Anne invited no one.
contradiction	Joe danced with Wendy.	Joe danced with no one.
contradiction	Michael invited Edward.	Michael invited no one.
contradiction	Sara worked with Stephanie.	Sara worked with no one.
contradiction	Virginia criticised Tony.	Virginia criticised no one.
contradiction	Ben helped Stephanie.	Ben helped no one.
contradiction	Evelyn invited Sue.	Evelyn invited no one.
contradiction	Judith worked with Robert.	Judith worked with no one.
contradiction	Julie fired Anthony.	Julie fired no one.
contradiction	Robert married Judy.	Robert married no one.
contradiction	Emma hired Florence.	Emma hired no one.
contradiction	Anna met Marilyn.	Anna met no one.
contradiction	Florence hired Ralph.	Florence hired no one.
contradiction	Florence slept with Tony.	Florence slept with no one.
contradiction	Julia criticised Grace.	Julia criticised no one.
contradiction	Jack hired Eric.	Jack hired no one.
contradiction	Jim hired Kelly.	Jim hired no one.
contradiction	Anna fired Charles.	Anna fired no one.
contradiction	Melissa slept with Alan.	Melissa slept with no one.
contradiction	Judith criticised Alexandra.	Judith criticised no one.
contradiction	Jill fired Kim.	Jill fired no one.
contradiction	Marie slept with Kenneth.	Marie slept with no one.
contradiction	Diane danced with Richard.	Diane danced with no one.
contradiction	Andrew fired Amy.	Andrew fired no one.
contradiction	Samuel met Diana.	Samuel met no one.
contradiction	Ed worked with Anthony.	Ed worked with no one.
contradiction	Alexander criticised Katie.	Alexander criticised no one.
contradiction	Claire invited Bobby.	Claire invited no one.
contradiction	Albert hired Lynn.	Albert hired no one.
contradiction	Ryan slept with Paul.	Ryan slept with no one.
contradiction	Dick fired Janet.	Dick fired no one.
contradiction	Ron married Katherine.	Ron married no one.
contradiction	Roy played with Jessica.	Roy played with no one.
contradiction	Howard played with Henry.	Howard played with no one.
contradiction	Jim liked Edward.	Jim liked no one.
contradiction	Brian hired Benjamin.	Brian hired no one.
contradiction	Kevin called out Lisa.	Kevin called out no one.
contradiction	Greg liked Sara.	Greg liked no one.
contradiction	Joseph married David.	Joseph married no one.
contradiction	Dick married Ruth.	Dick married no one.
contradiction	Jonathan slept with Judy.	Jonathan slept with no one.
contradiction	Michelle met Robin.	Michelle met no one.
contradiction	Sophie met Lynn.	Sophie met no one.
contradiction	Ron ate with Bobby.	Ron ate with no one.
contradiction	Cynthia helped Lynn.	Cynthia helped no one.
contradiction	Carl praised Nicole.	Carl praised no one.
contradiction	Janet called out Jessica.	Janet called out no one.
contradiction	Louise helped Ann.	Louise helped no one.
contradiction	Sarah ate with Kelly.	Sarah ate with no one.
contradiction	Steven danced with Nicole.	Steven danced with no one.
contradiction	Edward worked with Jack.	Edward worked with no one.
contradiction	Mike married Bruce.	Mike married no one.
contradiction	Peter ate with Dan.	Peter ate with no one.
contradiction	Al danced with Albert.	Al danced with no one.
contradiction	Sandra ate with Wendy.	Sandra ate with no one.
contradiction	Charlotte liked Paul.	Charlotte liked no one.
contradiction	Daniel met Hugh.	Daniel met no one.
contradiction	Pamela ate with Al.	Pamela ate with no one.
contradiction	Nick worked with Leslie.	Nick worked with no one.
contradiction	Richard called out Alan.	Richard called out no one.
contradiction	Jean fired Alison.	Jean fired no one.
contradiction	Julia ate with Sue.	Julia ate with no one.
contradiction	Helen helped Emily.	Helen helped no one.
contradiction	Kate criticised Dave.	Kate criticised no one.
contradiction	Marilyn danced with Alex.	Marilyn danced with no one.
contradiction	Alan ate with Kelly.	Alan ate with no one.
contradiction	Joseph met Scott.	Joseph met no one.
contradiction	Ray called out Jack.	Ray called out no one.
contradiction	Tony ate with Bob.	Tony ate with no one.
contradiction	Amanda fired Alfred.	Amanda fired no one.
contradiction	Evelyn invited Bill.	Evelyn invited no one.
contradiction	Charlie married Judith.	Charlie married no one.
contradiction	Sophie fired Diane.	Sophie fired no one.
contradiction	Andrew fired Sandra.	Andrew fired no one.
contradiction	Andrew danced with Sally.	Andrew danced with no one.
contradiction	Ruth called out Kelly.	Ruth called out no one.
contradiction	Joan ate with Ben.	Joan ate with no one.
contradiction	Samuel met Steve.	Samuel met no one.
contradiction	Emily criticised Margaret.	Emily criticised no one.
contradiction	Christopher praised Albert.	Christopher praised no one.
contradiction	Donald called out Emma.	Donald called out no one.
contradiction	Greg fired Claire.	Greg fired no one.
contradiction	Emily hired Elizabeth.	Emily hired no one.
contradiction	Stephen played with Julie.	Stephen played with no one.
contradiction	Jeff liked Kenneth.	Jeff liked no one.
contradiction	Wendy praised Alison.	Wendy praised no one.
contradiction	Dorothy hired Alison.	Dorothy hired no one.
contradiction	Mark criticised Mary.	Mark criticised no one.
contradiction	Cynthia helped Alexander.	Cynthia helped no one.
contradiction	Helen hired Fiona.	Helen hired no one.
contradiction	Frances worked with Charlotte.	Frances worked with no one.
contradiction	Melissa hired Edward.	Melissa hired no one.
contradiction	Virginia ate with Carol.	Virginia ate with no one.
contradiction	James invited Mike.	James invited no one.
contradiction	Suzanne met Stephanie.	Suzanne met no one.
contradiction	Greg slept with Michael.	Greg slept with no one.
contradiction	Emily invited Bob.	Emily invited no one.
contradiction	Alison hired Louis.	Alison hired no one.
contradiction	Kelly called out Al.	Kelly called out no one.
contradiction	Anne fired Pamela.	Anne fired no one.
contradiction	Samuel ate with Eleanor.	Samuel ate with no one.
contradiction	Lisa danced with Stephanie.	Lisa danced with no one.
contradiction	Deborah played with Carol.	Deborah played with no one.
contradiction	Joe married Larry.	Joe married no one.
contradiction	Sara praised Caroline.	Sara praised no one.
contradiction	Albert slept with Benjamin.	Albert slept with no one.
contradiction	William married Frank.	William married no one.
contradiction	Sam slept with Marilyn.	Sam slept with no one.
contradiction	Richard danced with Jason.	Richard danced with no one.
contradiction	Jay worked with Amy.	Jay worked with no one.
contradiction	Donald ate with Florence.	Donald ate with no one.
contradiction	Elizabeth helped Suzanne.	Elizabeth helped no one.
contradiction	Harriet danced with James.	Harriet danced with no one.
contradiction	Florence danced with Nicole.	Florence danced with no one.
contradiction	Andrea slept with Linda.	Andrea slept with no one.
contradiction	Kenneth met Kelly.	Kenneth met no one.
contradiction	Jeff liked Charlotte.	Jeff liked no one.
contradiction	Judy invited Kim.	Judy invited no one.
contradiction	Frank helped Sarah.	Frank helped no one.
contradiction	Martha criticised Evelyn.	Martha criticised no one.
contradiction	Robert liked Harry.	Robert liked no one.
contradiction	Nicole danced with George.	Nicole danced with no one.
contradiction	Scott slept with Ken.	Scott slept with no one.
contradiction	Donald met Ann.	Donald met no one.
contradiction	Samuel ate with Jean.	Samuel ate with no one.
contradiction	Karen danced with Elizabeth.	Karen danced with no one.
contradiction	Tim praised Richard.	Tim praised no one.
contradiction	Rachel criticised Anne.	Rachel criticised no one.
contradiction	Virginia hired Alice.	Virginia hired no one.
contradiction	Donna helped Suzanne.	Donna helped no one.
contradiction	Henry ate with Michelle.	Henry ate with no one.
contradiction	Sara ate with John.	Sara ate with no one.
contradiction	Jill praised Charlotte.	Jill praised no one.
contradiction	Ellen fired Stephanie.	Ellen fired no one.
contradiction	Alison liked Carolyn.	Alison liked no one.
contradiction	Bill liked Janet.	Bill liked no one.
contradiction	Jay ate with Kevin.	Jay ate with no one.
contradiction	Katherine fired Ann.	Katherine fired no one.
contradiction	Joan praised Betty.	Joan praised no one.
contradiction	Walter met Sarah.	Walter met no one.
contradiction	Jane fired Helen.	Jane fired no one.
contradiction	Carl criticised Jennifer.	Carl criticised no one.
contradiction	Al fired Tom.	Al fired no one.
contradiction	Jill danced with Jennifer.	Jill danced with no one.
contradiction	Grace hired Heather.	Grace hired no one.
contradiction	Kim praised Alexander.	Kim praised no one.
contradiction	Linda danced with Matt.	Linda danced with no one.
contradiction	Jack danced with Amy.	Jack danced with no one.
contradiction	Deborah worked with John.	Deborah worked with no one.
contradiction	Brian hired Donald.	Brian hired no one.
contradiction	George fired Fiona.	George fired no one.
contradiction	Katie praised Rose.	Katie praised no one.
contradiction	Carolyn married Al.	Carolyn married no one.
contradiction	Frank criticised Julie.	Frank criticised no one.
contradiction	Jack called out Jimmy.	Jack called out no one.
contradiction	Jessica praised Laura.	Jessica praised no one.
contradiction	Alice invited Adam.	Alice invited no one.
contradiction	Jason criticised Henry.	Jason criticised no one.
contradiction	Elaine liked Katherine.	Elaine liked no one.
contradiction	Nick liked Jim.	Nick liked no one.
contradiction	Joan played with George.	Joan played with no one.
contradiction	Bruce ate with Albert.	Bruce ate with no one.
contradiction	Brian called out Jennifer.	Brian called out no one.
contradiction	Jean hired Melissa.	Jean hired no one.
contradiction	Catherine danced with Howard.	Catherine danced with no one.
contradiction	Sharon worked with Jimmy.	Sharon worked with no one.
contradiction	Joan ate with Sam.	Joan ate with no one.
contradiction	Harriet criticised Judith.	Harriet criticised no one.
contradiction	Kevin played with Gary.	Kevin played with no one.
contradiction	Henry hired Alexandra.	Henry hired no one.
contradiction	Steven criticised Sam.	Steven criticised no one.
contradiction	Carolyn criticised Anthony.	Carolyn criticised no one.
contradiction	Florence hired Kevin.	Florence hired no one.
contradiction	Keith played with Annie.	Keith played with no one.
contradiction	Ruth helped Pamela.	Ruth helped no one.
contradiction	Mike criticised David.	Mike criticised no one.
contradiction	Suzanne ate with Charles.	Suzanne ate with no one.
contradiction	Don criticised Sally.	Don criticised no one.
contradiction	Pamela hired Sam.	Pamela hired no one.
contradiction	Sally invited Daniel.	Sally invited no one.
contradiction	Rachel worked with Sophie.	Rachel worked with no one.
contradiction	Edith slept with Elizabeth.	Edith slept with no one.
contradiction	Scott hired Lawrence.	Scott hired no one.
contradiction	Ashley helped Joe.	Ashley helped no one.
contradiction	Joan liked Lisa.	Joan liked no one.
contradiction	Tony ate with Bruce.	Tony ate with no one.
contradiction	Judith praised Alan.	Judith praised no one.
contradiction	Cynthia praised Frank.	Cynthia praised no one.
contradiction	Stephen played with Fiona.	Stephen played with no one.
contradiction	Bobby married Louis.	Bobby married no one.
contradiction	Gary played with Annie.	Gary played with no one.
contradiction	Julia criticised Albert.	Julia criticised no one.
contradiction	Daniel slept with Richard.	Daniel slept with no one.
contradiction	Fiona worked with Nicole.	Fiona worked with no one.
contradiction	Patricia met Kelly.	Patricia met no one.
contradiction	Jessica slept with Barbara.	Jessica slept with no one.
contradiction	Anne hired Kenneth.	Anne hired no one.
contradiction	Paul played with Frances.	Paul played with no one.
contradiction	Alison met Edith.	Alison met no one.
contradiction	Robert invited Alison.	Robert invited no one.
contradiction	Kevin married Dan.	Kevin married no one.
contradiction	Hugh worked with Sally.	Hugh worked with no one.
contradiction	Kathryn praised Michael.	Kathryn praised no one.
contradiction	Carl praised Kathleen.	Carl praised no one.
contradiction	Tony danced with Evelyn.	Tony danced with no one.
contradiction	Martin met Dick.	Martin met no one.
contradiction	Andrew helped Tom.	Andrew helped no one.
contradiction	Roger played with Julia.	Roger played with no one.
contradiction	Elizabeth married Kevin.	Elizabeth married no one.
contradiction	Karen criticised Angela.	Karen criticised no one.
contradiction	Rachel danced with Dave.	Rachel danced with no one.
contradiction	Harold criticised Johnny.	Harold criticised no one.
contradiction	Dick ate with Nicole.	Dick ate with no one.
contradiction	Robin ate with Amanda.	Robin ate with no one.
contradiction	Ben ate with Lawrence.	Ben ate with no one.
contradiction	Lisa married Emma.	Lisa married no one.
contradiction	Christine played with Grace.	Christine played with no one.
contradiction	Peter liked Edwin.	Peter liked no one.
contradiction	Fred helped Brian.	Fred helped no one.
contradiction	Jack fired Dave.	Jack fired no one.
contradiction	Diane invited Ellen.	Diane invited no one.
contradiction	Angela criticised Fiona.	Angela criticised no one.
contradiction	Leslie hired Ryan.	Leslie hired no one.
contradiction	Charlotte praised Jennifer.	Charlotte praised no one.
contradiction	Johnny criticised Patricia.	Johnny criticised no one.
contradiction	Ben hired Henry.	Ben hired no one.
contradiction	Judith hired Sandra.	Judith hired no one.
contradiction	Kevin praised Bob.	Kevin praised no one.
contradiction	Kathryn slept with Lucy.	Kathryn slept with no one.
contradiction	Carolyn invited Edith.	Carolyn invited no one.
contradiction	Lynn danced with Daniel.	Lynn danced with no one.
contradiction	Al praised Charlie.	Al praised no one.
contradiction	Christine married Eleanor.	Christine married no one.
contradiction	Carol helped Rachel.	Carol helped no one.
contradiction	Christine praised Bobby.	Christine praised no one.
contradiction	Kevin praised Marilyn.	Kevin praised no one.
contradiction	Martha criticised Janet.	Martha criticised no one.
contradiction	Lauren hired Andrea.	Lauren hired no one.
contradiction	Christopher called out Joseph.	Christopher called out no one.
contradiction	Mary slept with Lauren.	Mary slept with no one.
contradiction	Karen married Eric.	Karen married no one.
contradiction	Fiona helped Rachel.	Fiona helped no one.
contradiction	Roy liked Betty.	Roy liked no one.
contradiction	Jack liked Carl.	Jack liked no one.
contradiction	Lauren met Daniel.	Lauren met no one.
contradiction	David ate with Kate.	David ate with no one.
contradiction	Eleanor helped Mary.	Eleanor helped no one.
contradiction	Mike played with Ruth.	Mike played with no one.
contradiction	Stephen married Alison.	Stephen married no one.
contradiction	Michelle slept with Lynn.	Michelle slept with no one.
contradiction	Susan criticised Deborah.	Susan criticised no one.
contradiction	Judy met Ray.	Judy met no one.
contradiction	Louis called out Jack.	Louis called out no one.
contradiction	Rachel fired Philip.	Rachel fired no one.
contradiction	Kathryn praised Martin.	Kathryn praised no one.
contradiction	Albert danced with Katie.	Albert danced with no one.
contradiction	Sam hired Lynn.	Sam hired no one.
contradiction	Cynthia worked with Diana.	Cynthia worked with no one.
contradiction	Mary danced with Philip.	Mary danced with no one.
contradiction	Julie ate with Alice.	Julie ate with no one.
contradiction	Jean fired Daniel.	Jean fired no one.
contradiction	Andrea played with Don.	Andrea played with no one.
contradiction	Jane fired Elaine.	Jane fired no one.
contradiction	Colin ate with Alfred.	Colin ate with no one.
contradiction	Emma liked Carolyn.	Emma liked no one.
contradiction	Edith ate with George.	Edith ate with no one.
contradiction	James met Wendy.	James met no one.
contradiction	Sandra fired Frances.	Sandra fired no one.
contradiction	Edward hired Katherine.	Edward hired no one.
contradiction	Sara hired Julie.	Sara hired no one.
contradiction	Ian slept with Bob.	Ian slept with no one.
contradiction	Edward ate with Ron.	Edward ate with no one.
contradiction	Ken liked Kevin.	Ken liked no one.
contradiction	Keith liked Anna.	Keith liked no one.
contradiction	Scott played with Kenneth.	Scott played with no one.
contradiction	Tim helped Katherine.	Tim helped no one.
contradiction	Edwin invited Jill.	Edwin invited no one.
contradiction	Jim liked Heather.	Jim liked no one.
contradiction	Thomas ate with James.	Thomas ate with no one.
contradiction	Ralph criticised Richard.	Ralph criticised no one.
contradiction	Rebecca praised Frances.	Rebecca praised no one.
contradiction	Harold called out John.	Harold called out no one.
contradiction	Diana helped Kelly.	Diana helped no one.
contradiction	Ben criticised Alex.	Ben criticised no one.
contradiction	Diana called out Patricia.	Diana called out no one.
contradiction	Victoria invited Catherine.	Victoria invited no one.
contradiction	Alison liked Ray.	Alison liked no one.
contradiction	Howard praised Bill.	Howard praised no one.
contradiction	Alfred worked with Dave.	Alfred worked with no one.
contradiction	Carolyn criticised Frances.	Carolyn criticised no one.
contradiction	Al invited Anna.	Al invited no one.
contradiction	Michael worked with Jimmy.	Michael worked with no one.
contradiction	Dave invited Amy.	Dave invited no one.
contradiction	Kelly ate with Marilyn.	Kelly ate with no one.
contradiction	Simon married Florence.	Simon married no one.
contradiction	Ellen married Mary.	Ellen married no one.
contradiction	Donald fired Eric.	Donald fired no one.
contradiction	Albert criticised Sophie.	Albert criticised no one.
contradiction	Sam danced with Stephen.	Sam danced with no one.
contradiction	Janet met Matthew.	Janet met no one.
contradiction	Carol hired Sarah.	Carol hired no one.
contradiction	Ralph met Nancy.	Ralph met no one.
contradiction	Ralph married Ruth.	Ralph married no one.
contradiction	Joan hired Bruce.	Joan hired no one.
contradiction	Jane hired Alexandra.	Jane hired no one.
contradiction	Lawrence praised Andrea.	Lawrence praised no one.
contradiction	Matthew called out Jennifer.	Matthew called out no one.
contradiction	Susan married Ryan.	Susan married no one.
contradiction	Steven praised Amy.	Steven praised no one.
contradiction	Edwin hired Roger.	Edwin hired no one.
contradiction	Peter married Lynn.	Peter married no one.
contradiction	Henry invited Robin.	Henry invited no one.
contradiction	Joseph called out Cynthia.	Joseph called out no one.
contradiction	Wendy ate with Joan.	Wendy ate with no one.
contradiction	Thomas played with Al.	Thomas played with no one.
contradiction	Patricia ate with Anthony.	Patricia ate with no one.
contradiction	Billy liked Diana.	Billy liked no one.
contradiction	Walter married Wendy.	Walter married no one.
contradiction	Frederick called out Bob.	Frederick called out no one.
contradiction	Philip danced with Greg.	Philip danced with no one.
contradiction	Paul hired Lauren.	Paul hired no one.
contradiction	Laura played with Edward.	Laura played with no one.
contradiction	Sue called out Frances.	Sue called out no one.
contradiction	Chris praised Ian.	Chris praised no one.
contradiction	Tom ate with Carolyn.	Tom ate with no one.
contradiction	Helen worked with Patricia.	Helen worked with no one.
contradiction	Jeff ate with Jason.	Jeff ate with no one.
contradiction	Carol married Scott.	Carol married no one.
contradiction	Linda slept with Maria.	Linda slept with no one.
contradiction	Alison invited Evelyn.	Alison invited no one.
contradiction	Dan criticised Kim.	Dan criticised no one.
contradiction	Kathy married Colin.	Kathy married no one.
contradiction	Sara called out Victoria.	Sara called out no one.
contradiction	Karen married Gary.	Karen married no one.
contradiction	Bruce criticised Patricia.	Bruce criticised no one.
contradiction	Louise criticised Jay.	Louise criticised no one.
contradiction	Sara met Kenneth.	Sara met no one.
contradiction	Ryan married Ashley.	Ryan married no one.
contradiction	Jerry danced with Daniel.	Jerry danced with no one.
contradiction	Katie met Ashley.	Katie met no one.
contradiction	Matt played with Peter.	Matt played with no one.
contradiction	Helen danced with Adam.	Helen danced with no one.
contradiction	Bruce met Donald.	Bruce met no one.
contradiction	Julie worked with Robin.	Julie worked with no one.
contradiction	Judy met Kelly.	Judy met no one.
contradiction	Margaret liked Sarah.	Margaret liked no one.
contradiction	Lynn worked with Mary.	Lynn worked with no one.
contradiction	Kelly praised Sarah.	Kelly praised no one.
contradiction	Albert ate with Harold.	Albert ate with no one.
contradiction	Ralph fired Elizabeth.	Ralph fired no one.
contradiction	Frederick met Edwin.	Frederick met no one.
contradiction	Katherine fired Patrick.	Katherine fired no one.
contradiction	Martin played with Charlie.	Martin played with no one.
contradiction	Jennifer invited Louise.	Jennifer invited no one.
contradiction	Rose slept with Barbara.	Rose slept with no one.
contradiction	Jessica hired Greg.	Jessica hired no one.
contradiction	Ashley played with Lynn.	Ashley played with no one.
contradiction	Ralph played with Amy.	Ralph played with no one.
contradiction	Charles invited Harriet.	Charles invited no one.
contradiction	Wendy fired Louis.	Wendy fired no one.
contradiction	Bob worked with Ann.	Bob worked with no one.
contradiction	Alan praised Julie.	Alan praised no one.
contradiction	Steve ate with Marilyn.	Steve ate with no one.
contradiction	Jack helped Alfred.	Jack helped no one.
contradiction	Stephen slept with Harry.	Stephen slept with no one.
contradiction	Joseph helped Mark.	Joseph helped no one.
contradiction	Anthony criticised Sharon.	Anthony criticised no one.
contradiction	Andrew ate with Billy.	Andrew ate with no one.
contradiction	Stephen called out Elizabeth.	Stephen called out no one.
contradiction	Kelly criticised Matthew.	Kelly criticised no one.
contradiction	Paul invited Jean.	Paul invited no one.
contradiction	Harold met Kenneth.	Harold met no one.
contradiction	Robin worked with Joseph.	Robin worked with no one.
contradiction	Ron called out Robert.	Ron called out no one.
contradiction	Dave criticised Wendy.	Dave criticised no one.
contradiction	Edwin married Thomas.	Edwin married no one.
contradiction	Chris married Dorothy.	Chris married no one.
contradiction	Leslie ate with Bobby.	Leslie ate with no one.
contradiction	Howard liked Kenneth.	Howard liked no one.
contradiction	Tim invited Evelyn.	Tim invited no one.
contradiction	Harold called out Tony.	Harold called out no one.
contradiction	Andrea called out Frances.	Andrea called out no one.
contradiction	Maria criticised Grace.	Maria criticised no one.
contradiction	Jack married Helen.	Jack married no one.
contradiction	Judy hired Rachel.	Judy hired no one.
contradiction	Paul danced with Deborah.	Paul danced with no one.
contradiction	Angela liked Jessica.	Angela liked no one.
contradiction	Julia played with Ellen.	Julia played with no one.
contradiction	Kevin called out Greg.	Kevin called out no one.
contradiction	Alexander worked with Angela.	Alexander worked with no one.
contradiction	James liked Tim.	James liked no one.
contradiction	David praised Emma.	David praised no one.
contradiction	Rose slept with Al.	Rose slept with no one.
contradiction	Andrew fired Ron.	Andrew fired no one.
contradiction	Carl helped Sharon.	Carl helped no one.
contradiction	Martin slept with Lisa.	Martin slept with no one.
contradiction	James ate with Emma.	James ate with no one.
contradiction	Donald helped Linda.	Donald helped no one.
contradiction	Lauren played with Francis.	Lauren played with no one.
contradiction	Sarah slept with Donald.	Sarah slept with no one.
contradiction	Deborah criticised Margaret.	Deborah criticised no one.
contradiction	Mark played with Dick.	Mark played with no one.
contradiction	Jessica called out Diane.	Jessica called out no one.
contradiction	Suzanne met Alexander.	Suzanne met no one.
contradiction	Diana invited Carolyn.	Diana invited no one.
contradiction	Tom ate with Judy.	Tom ate with no one.
contradiction	Robert married Ashley.	Robert married no one.
contradiction	Julia praised Steve.	Julia praised no one.
contradiction	Jimmy criticised Lucy.	Jimmy criticised no one.
contradiction	Carol played with Rebecca.	Carol played with no one.
contradiction	Emily hired Charlotte.	Emily hired no one.
contradiction	Ellen liked Samuel.	Ellen liked no one.
contradiction	Emily hired Jack.	Emily hired no one.
contradiction	Jennifer worked with Michelle.	Jennifer worked with no one.
contradiction	Ray worked with Jerry.	Ray worked with no one.
contradiction	Hugh married Kevin.	Hugh married no one.
contradiction	Walter praised Rose.	Walter praised no one.
contradiction	Harriet liked Carl.	Harriet liked no one.
contradiction	Ben hired Carolyn.	Ben hired no one.
contradiction	Diane liked Bobby.	Diane liked no one.
contradiction	George ate with Martin.	George ate with no one.
contradiction	Ann called out Charlie.	Ann called out no one.
contradiction	Catherine criticised Anthony.	Catherine criticised no one.
contradiction	Mike ate with Ed.	Mike ate with no one.
contradiction	Stephen slept with Alan.	Stephen slept with no one.
contradiction	Frederick married Charles.	Frederick married no one.
contradiction	Margaret praised Lynn.	Margaret praised no one.
contradiction	Harold worked with Heather.	Harold worked with no one.
contradiction	Martha called out Dan.	Martha called out no one.
contradiction	Barbara fired Jay.	Barbara fired no one.
contradiction	Victoria hired Ruth.	Victoria hired no one.
contradiction	Julie invited Louis.	Julie invited no one.
contradiction	Anthony played with Matthew.	Anthony played with no one.
contradiction	Daniel called out Kelly.	Daniel called out no one.
contradiction	Lauren married Diane.	Lauren married no one.
contradiction	Michael played with Annie.	Michael played with no one.
contradiction	Keith invited Brian.	Keith invited no one.
contradiction	Evelyn called out Ed.	Evelyn called out no one.
contradiction	Bob fired Jim.	Bob fired no one.
contradiction	Chris helped Elizabeth.	Chris helped no one.
contradiction	Betty criticised Roy.	Betty criticised no one.
contradiction	Henry fired Chris.	Henry fired no one.
contradiction	Stephanie ate with Amanda.	Stephanie ate with no one.
contradiction	Jimmy criticised Jason.	Jimmy criticised no one.
contradiction	Lisa hired Rachel.	Lisa hired no one.
contradiction	Barbara ate with Judy.	Barbara ate with no one.
contradiction	Kim called out Dick.	Kim called out no one.
contradiction	Daniel criticised Katie.	Daniel criticised no one.
contradiction	Ryan liked Lauren.	Ryan liked no one.
contradiction	Bill praised Margaret.	Bill praised no one.
contradiction	Sam met Sophie.	Sam met no one.
contradiction	Michael praised Grace.	Michael praised no one.
contradiction	Philip ate with Daniel.	Philip ate with no one.
contradiction	Jane fired Sue.	Jane fired no one.
contradiction	Karen called out Jane.	Karen called out no one.
contradiction	Maria met Rachel.	Maria met no one.
contradiction	Alison liked Annie.	Alison liked no one.
contradiction	Bobby ate with Amy.	Bobby ate with no one.
contradiction	Alex played with Kevin.	Alex played with no one.
contradiction	Simon worked with Stephen.	Simon worked with no one.
contradiction	Christopher slept with Patrick.	Christopher slept with no one.
contradiction	Ryan met Harold.	Ryan met no one.
contradiction	Rose worked with Daniel.	Rose worked with no one.
contradiction	Dorothy slept with Sarah.	Dorothy slept with no one.
contradiction	Marie slept with Mary.	Marie slept with no one.
contradiction	Annie met Tim.	Annie met no one.
contradiction	Matthew slept with Diane.	Matthew slept with no one.
contradiction	Steven married Fred.	Steven married no one.
contradiction	Anna called out Lucy.	Anna called out no one.
contradiction	Emma danced with Johnny.	Emma danced with no one.
contradiction	Virginia liked Patricia.	Virginia liked no one.
contradiction	Judy fired Ellen.	Judy fired no one.
contradiction	Henry ate with Matt.	Henry ate with no one.
contradiction	Frank played with Patricia.	Frank played with no one.
contradiction	Donna helped Albert.	Donna helped no one.
contradiction	Kenneth ate with Jennifer.	Kenneth ate with no one.
contradiction	Edward married Arthur.	Edward married no one.
contradiction	Francis met Louis.	Francis met no one.
contradiction	Peter invited Jerry.	Peter invited no one.
contradiction	Leslie liked Victoria.	Leslie liked no one.
contradiction	Rachel called out Sally.	Rachel called out no one.
contradiction	James hired Amanda.	James hired no one.
contradiction	Nancy called out Francis.	Nancy called out no one.
contradiction	Carolyn called out Christine.	Carolyn called out no one.
contradiction	Jason invited Edith.	Jason invited no one.
contradiction	Martha met Charles.	Martha met no one.
contradiction	Janet hired Cynthia.	Janet hired no one.
contradiction	Sally danced with Grace.	Sally danced with no one.
contradiction	Louis ate with Martin.	Louis ate with no one.
contradiction	Charlie helped Philip.	Charlie helped no one.
contradiction	Ron ate with Kelly.	Ron ate with no one.
contradiction	Albert called out Tony.	Albert called out no one.
contradiction	Kenneth slept with Kim.	Kenneth slept with no one.
contradiction	Edith played with Daniel.	Edith played with no one.
contradiction	Carol slept with Jessica.	Carol slept with no one.
contradiction	Jason ate with Patricia.	Jason ate with no one.
contradiction	Jay helped Don.	Jay helped no one.
contradiction	Ann fired Jay.	Ann fired no one.
contradiction	Tim met Bruce.	Tim met no one.
contradiction	Annie praised Christine.	Annie praised no one.
contradiction	Francis married Nancy.	Francis married no one.
contradiction	Carl hired Ruth.	Carl hired no one.
contradiction	Don danced with Eric.	Don danced with no one.
contradiction	Marie praised Emily.	Marie praised no one.
contradiction	Matthew hired Harry.	Matthew hired no one.
contradiction	Julia hired Thomas.	Julia hired no one.
contradiction	Dave praised Betty.	Dave praised no one.
contradiction	Anna ate with Nicole.	Anna ate with no one.
contradiction	Ralph invited Mark.	Ralph invited no one.
contradiction	Melissa praised Stephanie.	Melissa praised no one.
contradiction	Virginia criticised Frances.	Virginia criticised no one.
contradiction	Lucy met Diana.	Lucy met no one.
contradiction	Charlotte slept with Christopher.	Charlotte slept with no one.
contradiction	Angela married Ann.	Angela married no one.
contradiction	Janet worked with Virginia.	Janet worked with no one.
contradiction	Christine called out Jack.	Christine called out no one.
contradiction	Edward danced with Ryan.	Edward danced with no one.
contradiction	Albert called out Lynn.	Albert called out no one.
contradiction	Larry met Jerry.	Larry met no one.
contradiction	Kathleen married Frances.	Kathleen married no one.
contradiction	Howard praised Adam.	Howard praised no one.
contradiction	Frank danced with Frederick.	Frank danced with no one.
contradiction	Frederick ate with Billy.	Frederick ate with no one.
contradiction	Louise played with Arthur.	Louise played with no one.
contradiction	Edwin criticised Harold.	Edwin criticised no one.
contradiction	Adam danced with Harold.	Adam danced with no one.
contradiction	Frances called out Colin.	Frances called out no one.
contradiction	Amy slept with Hugh.	Amy slept with no one.
contradiction	Dorothy met Sally.	Dorothy met no one.
contradiction	Thomas slept with Stephanie.	Thomas slept with no one.
contradiction	Heather liked Gary.	Heather liked no one.
contradiction	Paul liked Roger.	Paul liked no one.
contradiction	Grace married Larry.	Grace married no one.
contradiction	Kevin liked Ann.	Kevin liked no one.
contradiction	Stephanie ate with Jennifer.	Stephanie ate with no one.
contradiction	Billy liked Larry.	Billy liked no one.
contradiction	Evelyn called out Louis.	Evelyn called out no one.
contradiction	Peter slept with Andrew.	Peter slept with no one.
contradiction	Martha played with Fred.	Martha played with no one.
contradiction	Heather helped Julie.	Heather helped no one.
contradiction	Annie ate with Dorothy.	Annie ate with no one.
contradiction	David met Paul.	David met no one.
contradiction	Jonathan played with Carol.	Jonathan played with no one.
contradiction	James invited Bruce.	James invited no one.
contradiction	Andrea met Lawrence.	Andrea met no one.
contradiction	Rebecca invited Patrick.	Rebecca invited no one.
contradiction	Arthur worked with Martin.	Arthur worked with no one.
contradiction	Edith worked with Sam.	Edith worked with no one.
contradiction	Stephen met Jay.	Stephen met no one.
contradiction	Edith danced with Ian.	Edith danced with no one.
contradiction	Suzanne called out Charlotte.	Suzanne called out no one.
contradiction	Carl invited Mike.	Carl invited no one.
contradiction	Diana called out Peter.	Diana called out no one.
contradiction	Deborah praised Susan.	Deborah praised no one.
contradiction	Anthony hired Suzanne.	Anthony hired no one.
contradiction	Eleanor fired Sarah.	Eleanor fired no one.
contradiction	Melissa danced with Emma.	Melissa danced with no one.
contradiction	Kathleen worked with Harold.	Kathleen worked with no one.
contradiction	Edward liked Rose.	Edward liked no one.
contradiction	John met Dan.	John met no one.
contradiction	Anthony worked with Bob.	Anthony worked with no one.
contradiction	Jeff danced with Fiona.	Jeff danced with no one.
contradiction	Dan helped Rebecca.	Dan helped no one.
contradiction	Maria called out Nicole.	Maria called out no one.
contradiction	Tony married Ray.	Tony married no one.
contradiction	Sharon criticised Melissa.	Sharon criticised no one.
contradiction	Carolyn danced with Susan.	Carolyn danced with no one.
contradiction	Larry praised Keith.	Larry praised no one.
contradiction	James worked with Christine.	James worked with no one.
contradiction	Victoria hired Margaret.	Victoria hired no one.
contradiction	Grace met Matt.	Grace met no one.
contradiction	Dick criticised Alfred.	Dick criticised no one.
contradiction	Louis played with Henry.	Louis played with no one.
contradiction	Arthur fired Jerry.	Arthur fired no one.
contradiction	Diana invited Christopher.	Diana invited no one.
contradiction	Frank liked Laura.	Frank liked no one.
contradiction	Joe invited Harold.	Joe invited no one.
contradiction	Ben liked Daniel.	Ben liked no one.
contradiction	Katie helped Al.	Katie helped no one.
contradiction	Louis praised Frank.	Louis praised no one.
contradiction	Ken worked with Dave.	Ken worked with no one.
contradiction	Jean ate with Henry.	Jean ate with no one.
contradiction	Steve married Hugh.	Steve married no one.
contradiction	Robin slept with Donna.	Robin slept with no one.
contradiction	Alexander played with Eleanor.	Alexander played with no one.
contradiction	Stephanie helped Jack.	Stephanie helped no one.
contradiction	Melissa danced with Victoria.	Melissa danced with no one.
contradiction	Donald married Lisa.	Donald married no one.
contradiction	Greg invited Sandra.	Greg invited no one.
contradiction	Nicole liked Edward.	Nicole liked no one.
contradiction	Jean fired Donald.	Jean fired no one.
contradiction	Donna helped Ed.	Donna helped no one.
contradiction	Alexander hired Harry.	Alexander hired no one.
contradiction	David ate with Ed.	David ate with no one.
contradiction	Howard praised Greg.	Howard praised no one.
contradiction	Jerry criticised Harriet.	Jerry criticised no one.
contradiction	Thomas ate with Andrea.	Thomas ate with no one.
contradiction	Emily praised Caroline.	Emily praised no one.
contradiction	Andrea called out Mark.	Andrea called out no one.
contradiction	Sue slept with Matthew.	Sue slept with no one.
contradiction	Carol called out Eric.	Carol called out no one.
contradiction	Jay helped Sara.	Jay helped no one.
contradiction	Rose criticised Benjamin.	Rose criticised no one.
contradiction	Jay criticised Anthony.	Jay criticised no one.
contradiction	Steven met Katie.	Steven met no one.
contradiction	Tom liked Pamela.	Tom liked no one.
contradiction	Anna fired Mary.	Anna fired no one.
contradiction	Peter danced with Jill.	Peter danced with no one.
contradiction	Tom called out Dorothy.	Tom called out no one.
contradiction	Joe slept with Frank.	Joe slept with no one.
contradiction	Roy married George.	Roy married no one.
contradiction	Suzanne liked Nick.	Suzanne liked no one.
contradiction	Anthony criticised Angela.	Anthony criticised no one.
contradiction	Cynthia fired Dick.	Cynthia fired no one.
contradiction	Julia married Karen.	Julia married no one.
contradiction	Stephanie helped William.	Stephanie helped no one.
contradiction	Susan married Benjamin.	Susan married no one.
contradiction	Kim liked Sophie.	Kim liked no one.
contradiction	George liked Frances.	George liked no one.
contradiction	Lisa invited Dorothy.	Lisa invited no one.
contradiction	Stephanie met Julia.	Stephanie met no one.
contradiction	Leslie liked Greg.	Leslie liked no one.
contradiction	Mary invited Ray.	Mary invited no one.
contradiction	Colin met Ryan.	Colin met no one.
contradiction	Lauren married Alex.	Lauren married no one.
contradiction	Susan invited Albert.	Susan invited no one.
contradiction	Donna fired Greg.	Donna fired no one.
contradiction	Larry invited Frank.	Larry invited no one.
contradiction	Lynn invited Susan.	Lynn invited no one.
contradiction	Sara worked with Rose.	Sara worked with no one.
contradiction	Harold hired Gary.	Harold hired no one.
contradiction	Donna criticised Pamela.	Donna criticised no one.
contradiction	Lynn met Ron.	Lynn met no one.
contradiction	Julie helped Dave.	Julie helped no one.
contradiction	Stephen helped Howard.	Stephen helped no one.
contradiction	Dorothy hired Rebecca.	Dorothy hired no one.
contradiction	Kelly praised Kevin.	Kelly praised no one.
contradiction	Jean criticised Emily.	Jean criticised no one.
contradiction	Stephanie met Jennifer.	Stephanie met no one.
contradiction	William slept with Alfred.	William slept with no one.
contradiction	Mark ate with Rebecca.	Mark ate with no one.
contradiction	James danced with Joe.	James danced with no one.
contradiction	Harold married James.	Harold married no one.
contradiction	Frances liked Kenneth.	Frances liked no one.
contradiction	Ellen criticised Jason.	Ellen criticised no one.
contradiction	Bobby hired Christopher.	Bobby hired no one.
contradiction	Harriet worked with Daniel.	Harriet worked with no one.
contradiction	Lucy criticised Frances.	Lucy criticised no one.
contradiction	Charles praised Sue.	Charles praised no one.
contradiction	Eleanor liked Martha.	Eleanor liked no one.
contradiction	Fred hired Brian.	Fred hired no one.
contradiction	Ray helped Eleanor.	Ray helped no one.
contradiction	Charles married Laura.	Charles married no one.
contradiction	Tony invited Michael.	Tony invited no one.
contradiction	Richard criticised Fiona.	Richard criticised no one.
contradiction	Eric liked Jason.	Eric liked no one.
contradiction	Steve worked with Barbara.	Steve worked with no one.
contradiction	Roger fired Diana.	Roger fired no one.
contradiction	Marie criticised Wendy.	Marie criticised no one.
contradiction	Barbara married Lauren.	Barbara married no one.
contradiction	Billy helped James.	Billy helped no one.
contradiction	Elizabeth married John.	Elizabeth married no one.
contradiction	Paul criticised Diana.	Paul criticised no one.
contradiction	Julia danced with Bob.	Julia danced with no one.
contradiction	Michael fired Emily.	Michael fired no one.
contradiction	Emma married Billy.	Emma married no one.
contradiction	Benjamin ate with Jim.	Benjamin ate with no one.
contradiction	Ann worked with Alison.	Ann worked with no one.
contradiction	Donna fired Melissa.	Donna fired no one.
contradiction	Ken slept with Jennifer.	Ken slept with no one.
contradiction	Rachel hired Joe.	Rachel hired no one.
contradiction	Fiona met Donna.	Fiona met no one.
contradiction	Jerry hired Al.	Jerry hired no one.
contradiction	Matt ate with Larry.	Matt ate with no one.
contradiction	Lauren met Peter.	Lauren met no one.
contradiction	Brian criticised Eleanor.	Brian criticised no one.
contradiction	Matthew met Tim.	Matthew met no one.
contradiction	Martin hired Jennifer.	Martin hired no one.
contradiction	Martin called out Johnny.	Martin called out no one.
contradiction	Alison worked with Betty.	Alison worked with no one.
contradiction	Johnny liked Joan.	Johnny liked no one.
contradiction	Rebecca worked with Kelly.	Rebecca worked with no one.
contradiction	Mike met Keith.	Mike met no one.
contradiction	Laura criticised Donna.	Laura criticised no one.
contradiction	Johnny met Ken.	Johnny met no one.
contradiction	Martin criticised Alice.	Martin criticised no one.
contradiction	Carolyn worked with Harry.	Carolyn worked with no one.
contradiction	Bobby hired Betty.	Bobby hired no one.
contradiction	Patrick liked Louis.	Patrick liked no one.
contradiction	Tony worked with Patricia.	Tony worked with no one.
contradiction	Al criticised Lynn.	Al criticised no one.
contradiction	Frances invited Ruth.	Frances invited no one.
contradiction	Pamela ate with Martin.	Pamela ate with no one.
contradiction	Frances criticised Lynn.	Frances criticised no one.
contradiction	Harriet slept with Mary.	Harriet slept with no one.
contradiction	Leslie married Karen.	Leslie married no one.
contradiction	Peter worked with Frances.	Peter worked with no one.
contradiction	Keith praised Bob.	Keith praised no one.
contradiction	Charles criticised Francis.	Charles criticised no one.
contradiction	Linda met Laura.	Linda met no one.
contradiction	Sara criticised Diane.	Sara criticised no one.
contradiction	Julie met Christopher.	Julie met no one.
contradiction	Ed helped Annie.	Ed helped no one.
contradiction	Kathryn hired Eric.	Kathryn hired no one.
contradiction	Roy danced with Victoria.	Roy danced with no one.
contradiction	Emily worked with Linda.	Emily worked with no one.
contradiction	Nicole called out Harry.	Nicole called out no one.
contradiction	Louis worked with Brian.	Louis worked with no one.
contradiction	Edward played with Donna.	Edward played with no one.
contradiction	Sara liked Julie.	Sara liked no one.
contradiction	Jerry criticised Caroline.	Jerry criticised no one.
contradiction	Kathy praised Claire.	Kathy praised no one.
contradiction	Richard liked Nancy.	Richard liked no one.
