contradiction	Is Diana's comb grey in colour.	Diana does not have a comb.
contradiction	Is Simon's rubber maroon in colour.	Simon does not have a rubber.
contradiction	Is Leslie's watch black in colour.	Leslie does not have a watch.
contradiction	Is Rachel's light bulb maroon in colour.	Rachel does not have a light bulb.
contradiction	Is Judy's purse blue in colour.	Judy does not have a purse.
contradiction	Is Christine's cigarette grey in colour.	Christine does not have a cigarette.
contradiction	Is Joan's pencil magenta in colour.	Joan does not have a pencil.
contradiction	Is Evelyn's pencil magenta in colour.	Evelyn does not have a pencil.
contradiction	Is Sharon's credit card brown in colour.	Sharon does not have a credit card.
contradiction	Is Helen's brush green in colour.	Helen does not have a brush.
contradiction	Is Bobby's comb white in colour.	Bobby does not have a comb.
contradiction	Is Sharon's coin yellow in colour.	Sharon does not have a coin.
contradiction	Is Alfred's camera purple in colour.	Alfred does not have a camera.
contradiction	Is Chris's car pink in colour.	Chris does not have a car.
contradiction	Is Joseph's bottle red in colour.	Joseph does not have a bottle.
contradiction	Is Kathleen's cigarette brown in colour.	Kathleen does not have a cigarette.
contradiction	Is Harry's alarm clock crimson in colour.	Harry does not have an alarm clock.
contradiction	Is Ron's glass green in colour.	Ron does not have a glass.
contradiction	Is Deborah's brush magenta in colour.	Deborah does not have a brush.
contradiction	Is Jimmy's wallet crimson in colour.	Jimmy does not have a wallet.
contradiction	Is Ann's file yellow in colour.	Ann does not have a file.
contradiction	Is Francis's battery yellow in colour.	Francis does not have a battery.
contradiction	Is Michelle's laptop green in colour.	Michelle does not have a laptop.
contradiction	Is Ron's file crimson in colour.	Ron does not have a file.
contradiction	Is Philip's glass green in colour.	Philip does not have a glass.
contradiction	Is Caroline's rubber blue in colour.	Caroline does not have a rubber.
contradiction	Is Joan's alarm clock blue in colour.	Joan does not have an alarm clock.
contradiction	Is Kevin's lighter black in colour.	Kevin does not have a lighter.
contradiction	Is Fiona's dictionary yellow in colour.	Fiona does not have a dictionary.
contradiction	Is Francis's newspaper blue in colour.	Francis does not have a newspaper.
contradiction	Is Bob's postcard purple in colour.	Bob does not have a postcard.
contradiction	Is Alexander's wallet brown in colour.	Alexander does not have a wallet.
contradiction	Is Philip's postcard purple in colour.	Philip does not have a postcard.
contradiction	Is Donald's identity card yellow in colour.	Donald does not have an identity card.
contradiction	Is Dave's diary maroon in colour.	Dave does not have a diary.
contradiction	Is John's dictionary black in colour.	John does not have a dictionary.
contradiction	Is George's file black in colour.	George does not have a file.
contradiction	Is Kate's scissor white in colour.	Kate does not have a scissor.
contradiction	Is John's laptop grey in colour.	John does not have a laptop.
contradiction	Is Joe's glass red in colour.	Joe does not have a glass.
contradiction	Is Edward's rubber purple in colour.	Edward does not have a rubber.
contradiction	Is Margaret's headphone red in colour.	Margaret does not have a headphone.
contradiction	Is Andrea's pencil crimson in colour.	Andrea does not have a pencil.
contradiction	Is Cynthia's alarm clock brown in colour.	Cynthia does not have an alarm clock.
contradiction	Is Martha's bottle magenta in colour.	Martha does not have a bottle.
contradiction	Is Charlie's alarm clock crimson in colour.	Charlie does not have an alarm clock.
contradiction	Is Billy's rubber maroon in colour.	Billy does not have a rubber.
contradiction	Is Chris's car magenta in colour.	Chris does not have a car.
contradiction	Is George's magazine green in colour.	George does not have a magazine.
contradiction	Is Elaine's pen maroon in colour.	Elaine does not have a pen.
contradiction	Is Fred's coin pink in colour.	Fred does not have a coin.
contradiction	Is Fiona's toothbrush brown in colour.	Fiona does not have a toothbrush.
contradiction	Is Rose's identity card black in colour.	Rose does not have an identity card.
contradiction	Is Kathryn's dictionary yellow in colour.	Kathryn does not have a dictionary.
contradiction	Is Charlotte's alarm clock grey in colour.	Charlotte does not have an alarm clock.
contradiction	Is Paul's postcard green in colour.	Paul does not have a postcard.
contradiction	Is Christopher's notebook purple in colour.	Christopher does not have a notebook.
contradiction	Is Deborah's player pink in colour.	Deborah does not have a player.
contradiction	Is Benjamin's notebook pink in colour.	Benjamin does not have a notebook.
contradiction	Is Judith's clip crimson in colour.	Judith does not have a clip.
contradiction	Is Harold's postcard blue in colour.	Harold does not have a postcard.
contradiction	Is Jason's mobile phone black in colour.	Jason does not have a mobile phone.
contradiction	Is Carolyn's button brown in colour.	Carolyn does not have a button.
contradiction	Is Carl's magazine maroon in colour.	Carl does not have a magazine.
contradiction	Is Michelle's scissor maroon in colour.	Michelle does not have a scissor.
contradiction	Is Larry's car pink in colour.	Larry does not have a car.
contradiction	Is Kathy's wallet crimson in colour.	Kathy does not have a wallet.
contradiction	Is Johnny's rubber brown in colour.	Johnny does not have a rubber.
contradiction	Is Peter's purse grey in colour.	Peter does not have a purse.
contradiction	Is Melissa's player red in colour.	Melissa does not have a player.
contradiction	Is Stephanie's light bulb maroon in colour.	Stephanie does not have a light bulb.
contradiction	Is Bill's tissue black in colour.	Bill does not have a tissue.
contradiction	Is Joseph's toothbrush crimson in colour.	Joseph does not have a toothbrush.
contradiction	Is Alexander's car crimson in colour.	Alexander does not have a car.
contradiction	Is Ed's clip magenta in colour.	Ed does not have a clip.
contradiction	Is Rose's brush yellow in colour.	Rose does not have a brush.
contradiction	Is Florence's wallet grey in colour.	Florence does not have a wallet.
contradiction	Is Louis's pen maroon in colour.	Louis does not have a pen.
contradiction	Is Benjamin's button pink in colour.	Benjamin does not have a button.
contradiction	Is Linda's lipstick black in colour.	Linda does not have a lipstick.
contradiction	Is Sue's comb red in colour.	Sue does not have a comb.
contradiction	Is Chris's dictionary yellow in colour.	Chris does not have a dictionary.
contradiction	Is Leslie's watch magenta in colour.	Leslie does not have a watch.
contradiction	Is Dick's tissue magenta in colour.	Dick does not have a tissue.
contradiction	Is Hugh's diary white in colour.	Hugh does not have a diary.
contradiction	Is Carl's glass purple in colour.	Carl does not have a glass.
contradiction	Is Howard's bottle brown in colour.	Howard does not have a bottle.
contradiction	Is Brian's diary maroon in colour.	Brian does not have a diary.
contradiction	Is Ralph's camera crimson in colour.	Ralph does not have a camera.
contradiction	Is Sharon's cigarette green in colour.	Sharon does not have a cigarette.
contradiction	Is Matthew's purse blue in colour.	Matthew does not have a purse.
contradiction	Is Amy's player white in colour.	Amy does not have a player.
contradiction	Is Lauren's wallet magenta in colour.	Lauren does not have a wallet.
contradiction	Is Marilyn's purse white in colour.	Marilyn does not have a purse.
contradiction	Is Emma's scissor green in colour.	Emma does not have a scissor.
contradiction	Is Fiona's identity card magenta in colour.	Fiona does not have an identity card.
contradiction	Is William's tissue crimson in colour.	William does not have a tissue.
contradiction	Is Wendy's bottle purple in colour.	Wendy does not have a bottle.
contradiction	Is Albert's mirror blue in colour.	Albert does not have a mirror.
contradiction	Is Francis's camera pink in colour.	Francis does not have a camera.
contradiction	Is Larry's toothbrush red in colour.	Larry does not have a toothbrush.
contradiction	Is Victoria's newspaper crimson in colour.	Victoria does not have a newspaper.
contradiction	Is Kathy's cigarette magenta in colour.	Kathy does not have a cigarette.
contradiction	Is William's stamp brown in colour.	William does not have a stamp.
contradiction	Is Ray's watch black in colour.	Ray does not have a watch.
contradiction	Is Sam's pen purple in colour.	Sam does not have a pen.
contradiction	Is Keith's pencil green in colour.	Keith does not have a pencil.
contradiction	Is Bill's mirror crimson in colour.	Bill does not have a mirror.
contradiction	Is Bill's mobile phone white in colour.	Bill does not have a mobile phone.
contradiction	Is Carol's mobile phone maroon in colour.	Carol does not have a mobile phone.
contradiction	Is Philip's magazine red in colour.	Philip does not have a magazine.
contradiction	Is Ben's clip red in colour.	Ben does not have a clip.
contradiction	Is Alice's camera maroon in colour.	Alice does not have a camera.
contradiction	Is James's pen magenta in colour.	James does not have a pen.
contradiction	Is Ashley's magazine purple in colour.	Ashley does not have a magazine.
contradiction	Is Ray's file magenta in colour.	Ray does not have a file.
contradiction	Is George's match grey in colour.	George does not have a match.
contradiction	Is Matthew's newspaper green in colour.	Matthew does not have a newspaper.
contradiction	Is Leslie's lighter pink in colour.	Leslie does not have a lighter.
contradiction	Is Margaret's player magenta in colour.	Margaret does not have a player.
contradiction	Is Stephen's camera brown in colour.	Stephen does not have a camera.
contradiction	Is Adam's scissor white in colour.	Adam does not have a scissor.
contradiction	Is Adam's light bulb grey in colour.	Adam does not have a light bulb.
contradiction	Is Arthur's case green in colour.	Arthur does not have a case.
contradiction	Is Leslie's comb blue in colour.	Leslie does not have a comb.
contradiction	Is James's pencil magenta in colour.	James does not have a pencil.
contradiction	Is Adam's file crimson in colour.	Adam does not have a file.
contradiction	Is Al's mobile phone pink in colour.	Al does not have a mobile phone.
contradiction	Is Jimmy's mirror blue in colour.	Jimmy does not have a mirror.
contradiction	Is Benjamin's pen blue in colour.	Benjamin does not have a pen.
contradiction	Is Donald's tissue crimson in colour.	Donald does not have a tissue.
contradiction	Is George's notebook red in colour.	George does not have a notebook.
contradiction	Is Jennifer's light bulb yellow in colour.	Jennifer does not have a light bulb.
contradiction	Is Alexandra's file maroon in colour.	Alexandra does not have a file.
contradiction	Is Claire's coin crimson in colour.	Claire does not have a coin.
contradiction	Is Francis's notebook crimson in colour.	Francis does not have a notebook.
contradiction	Is Charlie's purse yellow in colour.	Charlie does not have a purse.
contradiction	Is Andrew's comb magenta in colour.	Andrew does not have a comb.
contradiction	Is Maria's scissor red in colour.	Maria does not have a scissor.
contradiction	Is Frances's toothbrush purple in colour.	Frances does not have a toothbrush.
contradiction	Is Dave's headphone crimson in colour.	Dave does not have a headphone.
contradiction	Is Edwin's scissor brown in colour.	Edwin does not have a scissor.
contradiction	Is Jerry's brush crimson in colour.	Jerry does not have a brush.
contradiction	Is Jay's battery brown in colour.	Jay does not have a battery.
contradiction	Is Laura's umbrella maroon in colour.	Laura does not have an umbrella.
contradiction	Is Jimmy's credit card crimson in colour.	Jimmy does not have a credit card.
contradiction	Is Ed's postcard blue in colour.	Ed does not have a postcard.
contradiction	Is Kelly's wallet red in colour.	Kelly does not have a wallet.
contradiction	Is Eric's comb red in colour.	Eric does not have a comb.
contradiction	Is George's mobile phone crimson in colour.	George does not have a mobile phone.
contradiction	Is Matt's rubber pink in colour.	Matt does not have a rubber.
contradiction	Is Amy's light bulb magenta in colour.	Amy does not have a light bulb.
contradiction	Is Richard's match blue in colour.	Richard does not have a match.
contradiction	Is Donald's postcard pink in colour.	Donald does not have a postcard.
contradiction	Is Rebecca's mobile phone brown in colour.	Rebecca does not have a mobile phone.
contradiction	Is Ed's diary red in colour.	Ed does not have a diary.
contradiction	Is Arthur's bottle crimson in colour.	Arthur does not have a bottle.
contradiction	Is Wendy's credit card green in colour.	Wendy does not have a credit card.
contradiction	Is Martha's mirror white in colour.	Martha does not have a mirror.
contradiction	Is Mark's headphone black in colour.	Mark does not have a headphone.
contradiction	Is Larry's mobile phone maroon in colour.	Larry does not have a mobile phone.
contradiction	Is Mike's cigarette blue in colour.	Mike does not have a cigarette.
contradiction	Is Dan's cigarette purple in colour.	Dan does not have a cigarette.
contradiction	Is Eleanor's comb red in colour.	Eleanor does not have a comb.
contradiction	Is Joe's magazine blue in colour.	Joe does not have a magazine.
contradiction	Is Angela's toothbrush pink in colour.	Angela does not have a toothbrush.
contradiction	Is Scott's file green in colour.	Scott does not have a file.
contradiction	Is Michelle's camera green in colour.	Michelle does not have a camera.
contradiction	Is Brian's rubber pink in colour.	Brian does not have a rubber.
contradiction	Is Ellen's file white in colour.	Ellen does not have a file.
contradiction	Is Diane's mobile phone magenta in colour.	Diane does not have a mobile phone.
contradiction	Is Stephanie's banknote blue in colour.	Stephanie does not have a banknote.
contradiction	Is Suzanne's alarm clock yellow in colour.	Suzanne does not have an alarm clock.
contradiction	Is Francis's lipstick yellow in colour.	Francis does not have a lipstick.
contradiction	Is Howard's toothbrush blue in colour.	Howard does not have a toothbrush.
contradiction	Is Sara's photo black in colour.	Sara does not have a photo.
contradiction	Is Joan's brush maroon in colour.	Joan does not have a brush.
contradiction	Is Alexandra's diary grey in colour.	Alexandra does not have a diary.
contradiction	Is Betty's pen yellow in colour.	Betty does not have a pen.
contradiction	Is Patricia's pencil crimson in colour.	Patricia does not have a pencil.
contradiction	Is Martha's match brown in colour.	Martha does not have a match.
contradiction	Is Francis's scissor brown in colour.	Francis does not have a scissor.
contradiction	Is Janet's rubber black in colour.	Janet does not have a rubber.
contradiction	Is Bob's laptop crimson in colour.	Bob does not have a laptop.
contradiction	Is Fred's clip blue in colour.	Fred does not have a clip.
contradiction	Is Billy's file pink in colour.	Billy does not have a file.
contradiction	Is Suzanne's bottle grey in colour.	Suzanne does not have a bottle.
contradiction	Is Tom's wallet pink in colour.	Tom does not have a wallet.
contradiction	Is Henry's pen yellow in colour.	Henry does not have a pen.
contradiction	Is Louise's car crimson in colour.	Louise does not have a car.
contradiction	Is Alfred's case blue in colour.	Alfred does not have a case.
contradiction	Is Julia's diary green in colour.	Julia does not have a diary.
contradiction	Is Christine's lipstick grey in colour.	Christine does not have a lipstick.
contradiction	Is Larry's stamp green in colour.	Larry does not have a stamp.
contradiction	Is Elaine's newspaper yellow in colour.	Elaine does not have a newspaper.
contradiction	Is Martha's rubber pink in colour.	Martha does not have a rubber.
contradiction	Is Bob's car crimson in colour.	Bob does not have a car.
contradiction	Is Alison's glass crimson in colour.	Alison does not have a glass.
contradiction	Is Kevin's player yellow in colour.	Kevin does not have a player.
contradiction	Is Frank's lighter crimson in colour.	Frank does not have a lighter.
contradiction	Is William's lighter purple in colour.	William does not have a lighter.
contradiction	Is Matt's coin purple in colour.	Matt does not have a coin.
contradiction	Is Billy's brush red in colour.	Billy does not have a brush.
contradiction	Is Anthony's stamp white in colour.	Anthony does not have a stamp.
contradiction	Is Julie's rubber maroon in colour.	Julie does not have a rubber.
contradiction	Is Colin's pen crimson in colour.	Colin does not have a pen.
contradiction	Is Anthony's credit card maroon in colour.	Anthony does not have a credit card.
contradiction	Is Emily's watch green in colour.	Emily does not have a watch.
contradiction	Is Samuel's mobile phone white in colour.	Samuel does not have a mobile phone.
contradiction	Is Fiona's stamp brown in colour.	Fiona does not have a stamp.
contradiction	Is David's battery blue in colour.	David does not have a battery.
contradiction	Is Stephen's newspaper pink in colour.	Stephen does not have a newspaper.
contradiction	Is Arthur's diary brown in colour.	Arthur does not have a diary.
contradiction	Is Jennifer's battery black in colour.	Jennifer does not have a battery.
contradiction	Is Sarah's bottle green in colour.	Sarah does not have a bottle.
contradiction	Is Heather's newspaper blue in colour.	Heather does not have a newspaper.
contradiction	Is Ashley's case magenta in colour.	Ashley does not have a case.
contradiction	Is Jeff's camera black in colour.	Jeff does not have a camera.
contradiction	Is Jerry's banknote magenta in colour.	Jerry does not have a banknote.
contradiction	Is Alice's stamp white in colour.	Alice does not have a stamp.
contradiction	Is Greg's clip red in colour.	Greg does not have a clip.
contradiction	Is Sally's umbrella white in colour.	Sally does not have an umbrella.
contradiction	Is Al's tissue blue in colour.	Al does not have a tissue.
contradiction	Is Pamela's notebook yellow in colour.	Pamela does not have a notebook.
contradiction	Is Grace's photo grey in colour.	Grace does not have a photo.
contradiction	Is Sam's magazine red in colour.	Sam does not have a magazine.
contradiction	Is Lucy's toothbrush purple in colour.	Lucy does not have a toothbrush.
contradiction	Is Donald's glass yellow in colour.	Donald does not have a glass.
contradiction	Is Jimmy's wallet maroon in colour.	Jimmy does not have a wallet.
contradiction	Is Victoria's photo green in colour.	Victoria does not have a photo.
contradiction	Is Dave's headphone black in colour.	Dave does not have a headphone.
contradiction	Is Richard's clip grey in colour.	Richard does not have a clip.
contradiction	Is Dorothy's tissue yellow in colour.	Dorothy does not have a tissue.
contradiction	Is Ron's car brown in colour.	Ron does not have a car.
contradiction	Is Dan's dictionary yellow in colour.	Dan does not have a dictionary.
contradiction	Is Ann's laptop grey in colour.	Ann does not have a laptop.
contradiction	Is Stephanie's scissor black in colour.	Stephanie does not have a scissor.
contradiction	Is Florence's headphone pink in colour.	Florence does not have a headphone.
contradiction	Is Sarah's player black in colour.	Sarah does not have a player.
contradiction	Is Alexander's file crimson in colour.	Alexander does not have a file.
contradiction	Is Charlie's dictionary blue in colour.	Charlie does not have a dictionary.
contradiction	Is Carl's camera black in colour.	Carl does not have a camera.
contradiction	Is Wendy's coin pink in colour.	Wendy does not have a coin.
contradiction	Is Helen's clip yellow in colour.	Helen does not have a clip.
contradiction	Is Alan's purse pink in colour.	Alan does not have a purse.
contradiction	Is Patricia's mirror magenta in colour.	Patricia does not have a mirror.
contradiction	Is Dan's pen blue in colour.	Dan does not have a pen.
contradiction	Is Alex's magazine grey in colour.	Alex does not have a magazine.
contradiction	Is Kate's car red in colour.	Kate does not have a car.
contradiction	Is Kevin's clip magenta in colour.	Kevin does not have a clip.
contradiction	Is Annie's banknote red in colour.	Annie does not have a banknote.
contradiction	Is Tom's rubber blue in colour.	Tom does not have a rubber.
contradiction	Is Gary's dictionary purple in colour.	Gary does not have a dictionary.
contradiction	Is Edith's notebook red in colour.	Edith does not have a notebook.
contradiction	Is Lucy's coin purple in colour.	Lucy does not have a coin.
contradiction	Is Marilyn's button maroon in colour.	Marilyn does not have a button.
contradiction	Is Johnny's watch black in colour.	Johnny does not have a watch.
contradiction	Is Katie's purse white in colour.	Katie does not have a purse.
contradiction	Is Robert's pen green in colour.	Robert does not have a pen.
contradiction	Is Bobby's umbrella black in colour.	Bobby does not have an umbrella.
contradiction	Is Rose's notebook red in colour.	Rose does not have a notebook.
contradiction	Is Kathy's cigarette purple in colour.	Kathy does not have a cigarette.
contradiction	Is Arthur's coin crimson in colour.	Arthur does not have a coin.
contradiction	Is Dorothy's lighter blue in colour.	Dorothy does not have a lighter.
contradiction	Is Roy's player blue in colour.	Roy does not have a player.
contradiction	Is Joan's notebook pink in colour.	Joan does not have a notebook.
contradiction	Is Stephanie's credit card pink in colour.	Stephanie does not have a credit card.
contradiction	Is Pamela's camera black in colour.	Pamela does not have a camera.
contradiction	Is Stephanie's rubber crimson in colour.	Stephanie does not have a rubber.
contradiction	Is Annie's tissue red in colour.	Annie does not have a tissue.
contradiction	Is Martha's file blue in colour.	Martha does not have a file.
contradiction	Is Christine's coin brown in colour.	Christine does not have a coin.
contradiction	Is Lynn's player pink in colour.	Lynn does not have a player.
contradiction	Is Judy's pen crimson in colour.	Judy does not have a pen.
contradiction	Is Henry's tissue pink in colour.	Henry does not have a tissue.
contradiction	Is Alan's brush magenta in colour.	Alan does not have a brush.
contradiction	Is Alfred's mobile phone yellow in colour.	Alfred does not have a mobile phone.
contradiction	Is Dave's mobile phone white in colour.	Dave does not have a mobile phone.
contradiction	Is Ralph's purse brown in colour.	Ralph does not have a purse.
contradiction	Is Wendy's lighter purple in colour.	Wendy does not have a lighter.
contradiction	Is Walter's tissue purple in colour.	Walter does not have a tissue.
contradiction	Is Jerry's case red in colour.	Jerry does not have a case.
contradiction	Is Alan's bottle grey in colour.	Alan does not have a bottle.
contradiction	Is Walter's cigarette magenta in colour.	Walter does not have a cigarette.
contradiction	Is Betty's laptop purple in colour.	Betty does not have a laptop.
contradiction	Is Julia's cigarette magenta in colour.	Julia does not have a cigarette.
contradiction	Is Diane's mirror green in colour.	Diane does not have a mirror.
contradiction	Is Peter's banknote black in colour.	Peter does not have a banknote.
contradiction	Is Mary's identity card green in colour.	Mary does not have an identity card.
contradiction	Is Kenneth's wallet black in colour.	Kenneth does not have a wallet.
contradiction	Is Ruth's purse green in colour.	Ruth does not have a purse.
contradiction	Is Carl's diary purple in colour.	Carl does not have a diary.
contradiction	Is Helen's identity card pink in colour.	Helen does not have an identity card.
contradiction	Is Richard's toothbrush red in colour.	Richard does not have a toothbrush.
contradiction	Is Ian's car grey in colour.	Ian does not have a car.
contradiction	Is Henry's file purple in colour.	Henry does not have a file.
contradiction	Is Donald's button yellow in colour.	Donald does not have a button.
contradiction	Is Henry's purse white in colour.	Henry does not have a purse.
contradiction	Is Jessica's identity card maroon in colour.	Jessica does not have an identity card.
contradiction	Is Betty's watch white in colour.	Betty does not have a watch.
contradiction	Is Alison's glass blue in colour.	Alison does not have a glass.
contradiction	Is Frederick's newspaper red in colour.	Frederick does not have a newspaper.
contradiction	Is Edwin's player brown in colour.	Edwin does not have a player.
contradiction	Is Charlotte's cigarette red in colour.	Charlotte does not have a cigarette.
contradiction	Is Bill's newspaper pink in colour.	Bill does not have a newspaper.
contradiction	Is Kenneth's glass grey in colour.	Kenneth does not have a glass.
contradiction	Is Kenneth's match grey in colour.	Kenneth does not have a match.
contradiction	Is William's player grey in colour.	William does not have a player.
contradiction	Is Roy's lighter grey in colour.	Roy does not have a lighter.
contradiction	Is Roy's postcard pink in colour.	Roy does not have a postcard.
contradiction	Is Emma's bottle yellow in colour.	Emma does not have a bottle.
contradiction	Is Ashley's pen white in colour.	Ashley does not have a pen.
contradiction	Is Sally's pencil white in colour.	Sally does not have a pencil.
contradiction	Is Dorothy's mirror grey in colour.	Dorothy does not have a mirror.
contradiction	Is Nick's cigarette yellow in colour.	Nick does not have a cigarette.
contradiction	Is Alice's mobile phone magenta in colour.	Alice does not have a mobile phone.
contradiction	Is Linda's lighter maroon in colour.	Linda does not have a lighter.
contradiction	Is Frances's lighter crimson in colour.	Frances does not have a lighter.
contradiction	Is Jeff's wallet red in colour.	Jeff does not have a wallet.
contradiction	Is Anne's scissor green in colour.	Anne does not have a scissor.
contradiction	Is Roger's cigarette grey in colour.	Roger does not have a cigarette.
contradiction	Is Lynn's pen black in colour.	Lynn does not have a pen.
contradiction	Is Howard's camera maroon in colour.	Howard does not have a camera.
contradiction	Is Sharon's headphone magenta in colour.	Sharon does not have a headphone.
contradiction	Is Nick's credit card yellow in colour.	Nick does not have a credit card.
contradiction	Is Walter's banknote grey in colour.	Walter does not have a banknote.
contradiction	Is Katie's button black in colour.	Katie does not have a button.
contradiction	Is Michael's battery white in colour.	Michael does not have a battery.
contradiction	Is Christine's stamp blue in colour.	Christine does not have a stamp.
contradiction	Is Mike's battery brown in colour.	Mike does not have a battery.
contradiction	Is Wendy's banknote black in colour.	Wendy does not have a banknote.
contradiction	Is Keith's diary red in colour.	Keith does not have a diary.
contradiction	Is Judy's diary purple in colour.	Judy does not have a diary.
contradiction	Is Maria's battery blue in colour.	Maria does not have a battery.
contradiction	Is Gary's notebook grey in colour.	Gary does not have a notebook.
contradiction	Is Charlotte's rubber magenta in colour.	Charlotte does not have a rubber.
contradiction	Is Anna's diary brown in colour.	Anna does not have a diary.
contradiction	Is Fred's banknote white in colour.	Fred does not have a banknote.
contradiction	Is Alfred's case brown in colour.	Alfred does not have a case.
contradiction	Is Ray's headphone purple in colour.	Ray does not have a headphone.
contradiction	Is Bobby's wallet brown in colour.	Bobby does not have a wallet.
contradiction	Is Scott's postcard maroon in colour.	Scott does not have a postcard.
contradiction	Is Adam's brush brown in colour.	Adam does not have a brush.
contradiction	Is Elaine's headphone crimson in colour.	Elaine does not have a headphone.
contradiction	Is Ryan's magazine crimson in colour.	Ryan does not have a magazine.
contradiction	Is Ryan's coin white in colour.	Ryan does not have a coin.
contradiction	Is Stephen's rubber magenta in colour.	Stephen does not have a rubber.
contradiction	Is Elizabeth's clip purple in colour.	Elizabeth does not have a clip.
contradiction	Is Rebecca's diary red in colour.	Rebecca does not have a diary.
contradiction	Is Mike's brush magenta in colour.	Mike does not have a brush.
contradiction	Is Ray's toothbrush purple in colour.	Ray does not have a toothbrush.
contradiction	Is Alexandra's car red in colour.	Alexandra does not have a car.
contradiction	Is Suzanne's wallet yellow in colour.	Suzanne does not have a wallet.
contradiction	Is Jean's camera magenta in colour.	Jean does not have a camera.
contradiction	Is Ashley's scissor grey in colour.	Ashley does not have a scissor.
contradiction	Is Emma's rubber grey in colour.	Emma does not have a rubber.
contradiction	Is Anne's watch pink in colour.	Anne does not have a watch.
contradiction	Is Rebecca's button yellow in colour.	Rebecca does not have a button.
contradiction	Is Cynthia's magazine crimson in colour.	Cynthia does not have a magazine.
contradiction	Is Dan's pen black in colour.	Dan does not have a pen.
contradiction	Is Kathy's mirror brown in colour.	Kathy does not have a mirror.
contradiction	Is Charles's battery maroon in colour.	Charles does not have a battery.
contradiction	Is Rachel's laptop black in colour.	Rachel does not have a laptop.
contradiction	Is Emily's battery pink in colour.	Emily does not have a battery.
contradiction	Is Dick's button white in colour.	Dick does not have a button.
contradiction	Is Alan's player green in colour.	Alan does not have a player.
contradiction	Is Carl's car blue in colour.	Carl does not have a car.
contradiction	Is Kate's tissue pink in colour.	Kate does not have a tissue.
contradiction	Is Dick's file brown in colour.	Dick does not have a file.
contradiction	Is Florence's file magenta in colour.	Florence does not have a file.
contradiction	Is Robert's player black in colour.	Robert does not have a player.
contradiction	Is Ray's file white in colour.	Ray does not have a file.
contradiction	Is Kate's file red in colour.	Kate does not have a file.
contradiction	Is Frank's rubber black in colour.	Frank does not have a rubber.
contradiction	Is Edward's car pink in colour.	Edward does not have a car.
contradiction	Is Cynthia's player red in colour.	Cynthia does not have a player.
contradiction	Is Christopher's lipstick crimson in colour.	Christopher does not have a lipstick.
contradiction	Is Annie's player blue in colour.	Annie does not have a player.
contradiction	Is Colin's camera white in colour.	Colin does not have a camera.
contradiction	Is Judith's case green in colour.	Judith does not have a case.
contradiction	Is Bruce's battery red in colour.	Bruce does not have a battery.
contradiction	Is Frank's button black in colour.	Frank does not have a button.
contradiction	Is Elizabeth's lipstick brown in colour.	Elizabeth does not have a lipstick.
contradiction	Is Ryan's tissue blue in colour.	Ryan does not have a tissue.
contradiction	Is Katherine's mobile phone pink in colour.	Katherine does not have a mobile phone.
contradiction	Is David's tissue blue in colour.	David does not have a tissue.
contradiction	Is Helen's photo pink in colour.	Helen does not have a photo.
contradiction	Is Thomas's mirror yellow in colour.	Thomas does not have a mirror.
contradiction	Is Kevin's credit card blue in colour.	Kevin does not have a credit card.
contradiction	Is Howard's battery purple in colour.	Howard does not have a battery.
contradiction	Is Diana's umbrella blue in colour.	Diana does not have an umbrella.
contradiction	Is Louis's notebook red in colour.	Louis does not have a notebook.
contradiction	Is Peter's stamp green in colour.	Peter does not have a stamp.
contradiction	Is Alison's light bulb grey in colour.	Alison does not have a light bulb.
contradiction	Is Angela's button purple in colour.	Angela does not have a button.
contradiction	Is Frank's toothbrush maroon in colour.	Frank does not have a toothbrush.
contradiction	Is Mike's umbrella black in colour.	Mike does not have an umbrella.
contradiction	Is Dan's photo green in colour.	Dan does not have a photo.
contradiction	Is Joseph's banknote magenta in colour.	Joseph does not have a banknote.
contradiction	Is Frances's laptop blue in colour.	Frances does not have a laptop.
contradiction	Is Julie's light bulb purple in colour.	Julie does not have a light bulb.
contradiction	Is Jennifer's wallet white in colour.	Jennifer does not have a wallet.
contradiction	Is Kelly's case green in colour.	Kelly does not have a case.
contradiction	Is Nancy's lighter grey in colour.	Nancy does not have a lighter.
contradiction	Is Steve's cigarette crimson in colour.	Steve does not have a cigarette.
contradiction	Is Harold's camera brown in colour.	Harold does not have a camera.
contradiction	Is Charles's battery white in colour.	Charles does not have a battery.
contradiction	Is Jimmy's tissue yellow in colour.	Jimmy does not have a tissue.
contradiction	Is Edith's mobile phone white in colour.	Edith does not have a mobile phone.
contradiction	Is Pamela's stamp green in colour.	Pamela does not have a stamp.
contradiction	Is Alexander's clip red in colour.	Alexander does not have a clip.
contradiction	Is Michelle's car brown in colour.	Michelle does not have a car.
contradiction	Is Ruth's laptop blue in colour.	Ruth does not have a laptop.
contradiction	Is Roger's pencil white in colour.	Roger does not have a pencil.
contradiction	Is Dan's camera yellow in colour.	Dan does not have a camera.
contradiction	Is Sophie's mirror red in colour.	Sophie does not have a mirror.
contradiction	Is David's newspaper crimson in colour.	David does not have a newspaper.
contradiction	Is Bruce's lipstick crimson in colour.	Bruce does not have a lipstick.
contradiction	Is Joan's purse grey in colour.	Joan does not have a purse.
contradiction	Is Evelyn's wallet crimson in colour.	Evelyn does not have a wallet.
contradiction	Is Billy's scissor white in colour.	Billy does not have a scissor.
contradiction	Is Elizabeth's mirror white in colour.	Elizabeth does not have a mirror.
contradiction	Is Melissa's dictionary white in colour.	Melissa does not have a dictionary.
contradiction	Is Stephen's newspaper crimson in colour.	Stephen does not have a newspaper.
contradiction	Is Donald's battery green in colour.	Donald does not have a battery.
contradiction	Is Ian's dictionary blue in colour.	Ian does not have a dictionary.
contradiction	Is Leslie's mobile phone crimson in colour.	Leslie does not have a mobile phone.
contradiction	Is Rose's rubber brown in colour.	Rose does not have a rubber.
contradiction	Is Sally's wallet magenta in colour.	Sally does not have a wallet.
contradiction	Is Deborah's wallet yellow in colour.	Deborah does not have a wallet.
contradiction	Is Ruth's purse brown in colour.	Ruth does not have a purse.
contradiction	Is David's magazine purple in colour.	David does not have a magazine.
contradiction	Is Sally's pencil brown in colour.	Sally does not have a pencil.
contradiction	Is Don's wallet brown in colour.	Don does not have a wallet.
contradiction	Is Carol's lighter purple in colour.	Carol does not have a lighter.
contradiction	Is Louise's credit card red in colour.	Louise does not have a credit card.
contradiction	Is Dorothy's button maroon in colour.	Dorothy does not have a button.
contradiction	Is Sally's lipstick red in colour.	Sally does not have a lipstick.
contradiction	Is Jessica's clip red in colour.	Jessica does not have a clip.
contradiction	Is James's scissor magenta in colour.	James does not have a scissor.
contradiction	Is Paul's light bulb magenta in colour.	Paul does not have a light bulb.
contradiction	Is Sharon's file white in colour.	Sharon does not have a file.
contradiction	Is Ellen's cigarette yellow in colour.	Ellen does not have a cigarette.
contradiction	Is Katie's glass yellow in colour.	Katie does not have a glass.
contradiction	Is Suzanne's laptop white in colour.	Suzanne does not have a laptop.
contradiction	Is Charles's purse brown in colour.	Charles does not have a purse.
contradiction	Is Tom's brush yellow in colour.	Tom does not have a brush.
contradiction	Is Sam's banknote blue in colour.	Sam does not have a banknote.
contradiction	Is Dave's bottle magenta in colour.	Dave does not have a bottle.
contradiction	Is Eleanor's stamp red in colour.	Eleanor does not have a stamp.
contradiction	Is Michael's mirror magenta in colour.	Michael does not have a mirror.
contradiction	Is Edwin's coin red in colour.	Edwin does not have a coin.
contradiction	Is Rose's coin yellow in colour.	Rose does not have a coin.
contradiction	Is Kevin's button green in colour.	Kevin does not have a button.
contradiction	Is Brian's match grey in colour.	Brian does not have a match.
contradiction	Is Samuel's alarm clock crimson in colour.	Samuel does not have an alarm clock.
contradiction	Is Emma's lighter magenta in colour.	Emma does not have a lighter.
contradiction	Is Sara's pen green in colour.	Sara does not have a pen.
contradiction	Is Ken's banknote magenta in colour.	Ken does not have a banknote.
contradiction	Is Carol's identity card brown in colour.	Carol does not have an identity card.
contradiction	Is Alexander's dictionary black in colour.	Alexander does not have a dictionary.
contradiction	Is Evelyn's coin white in colour.	Evelyn does not have a coin.
contradiction	Is Edward's scissor maroon in colour.	Edward does not have a scissor.
contradiction	Is Marie's car crimson in colour.	Marie does not have a car.
contradiction	Is Jerry's file black in colour.	Jerry does not have a file.
contradiction	Is Katherine's button brown in colour.	Katherine does not have a button.
contradiction	Is Nancy's cigarette magenta in colour.	Nancy does not have a cigarette.
contradiction	Is Jonathan's headphone blue in colour.	Jonathan does not have a headphone.
contradiction	Is Jean's photo blue in colour.	Jean does not have a photo.
contradiction	Is James's file brown in colour.	James does not have a file.
contradiction	Is Andrea's magazine green in colour.	Andrea does not have a magazine.
contradiction	Is Kenneth's button pink in colour.	Kenneth does not have a button.
contradiction	Is Nick's watch green in colour.	Nick does not have a watch.
contradiction	Is Bob's banknote green in colour.	Bob does not have a banknote.
contradiction	Is Elizabeth's case white in colour.	Elizabeth does not have a case.
contradiction	Is Alice's button maroon in colour.	Alice does not have a button.
contradiction	Is Ann's pencil grey in colour.	Ann does not have a pencil.
contradiction	Is Dan's pen pink in colour.	Dan does not have a pen.
contradiction	Is Ryan's diary black in colour.	Ryan does not have a diary.
contradiction	Is Wendy's laptop magenta in colour.	Wendy does not have a laptop.
contradiction	Is Rebecca's clip maroon in colour.	Rebecca does not have a clip.
contradiction	Is James's magazine pink in colour.	James does not have a magazine.
contradiction	Is Hugh's button yellow in colour.	Hugh does not have a button.
contradiction	Is Ellen's pen grey in colour.	Ellen does not have a pen.
contradiction	Is William's notebook yellow in colour.	William does not have a notebook.
contradiction	Is Ann's dictionary yellow in colour.	Ann does not have a dictionary.
contradiction	Is Brian's watch black in colour.	Brian does not have a watch.
contradiction	Is Lisa's button black in colour.	Lisa does not have a button.
contradiction	Is Adam's glass maroon in colour.	Adam does not have a glass.
contradiction	Is Colin's button magenta in colour.	Colin does not have a button.
contradiction	Is Ralph's scissor grey in colour.	Ralph does not have a scissor.
contradiction	Is Sandra's purse purple in colour.	Sandra does not have a purse.
contradiction	Is Ellen's umbrella red in colour.	Ellen does not have an umbrella.
contradiction	Is Dorothy's magazine black in colour.	Dorothy does not have a magazine.
contradiction	Is Louise's pencil red in colour.	Louise does not have a pencil.
contradiction	Is Kate's stamp yellow in colour.	Kate does not have a stamp.
contradiction	Is Heather's file black in colour.	Heather does not have a file.
contradiction	Is Mike's watch yellow in colour.	Mike does not have a watch.
contradiction	Is Anthony's laptop crimson in colour.	Anthony does not have a laptop.
contradiction	Is Richard's pencil maroon in colour.	Richard does not have a pencil.
contradiction	Is Deborah's toothbrush brown in colour.	Deborah does not have a toothbrush.
contradiction	Is Catherine's banknote green in colour.	Catherine does not have a banknote.
contradiction	Is Nicole's light bulb purple in colour.	Nicole does not have a light bulb.
contradiction	Is Bobby's notebook grey in colour.	Bobby does not have a notebook.
contradiction	Is Edith's cigarette brown in colour.	Edith does not have a cigarette.
contradiction	Is Dorothy's credit card pink in colour.	Dorothy does not have a credit card.
contradiction	Is Susan's clip blue in colour.	Susan does not have a clip.
contradiction	Is Ken's watch grey in colour.	Ken does not have a watch.
contradiction	Is Walter's glass magenta in colour.	Walter does not have a glass.
contradiction	Is Martha's case purple in colour.	Martha does not have a case.
contradiction	Is Richard's lighter black in colour.	Richard does not have a lighter.
contradiction	Is Steve's light bulb yellow in colour.	Steve does not have a light bulb.
contradiction	Is Stephanie's magazine white in colour.	Stephanie does not have a magazine.
contradiction	Is Francis's lighter blue in colour.	Francis does not have a lighter.
contradiction	Is Alex's magazine maroon in colour.	Alex does not have a magazine.
contradiction	Is Lawrence's dictionary brown in colour.	Lawrence does not have a dictionary.
contradiction	Is Colin's mobile phone purple in colour.	Colin does not have a mobile phone.
contradiction	Is Kate's glass blue in colour.	Kate does not have a glass.
contradiction	Is Alexander's toothbrush blue in colour.	Alexander does not have a toothbrush.
contradiction	Is Nick's camera blue in colour.	Nick does not have a camera.
contradiction	Is Frank's umbrella green in colour.	Frank does not have an umbrella.
contradiction	Is Eleanor's clip brown in colour.	Eleanor does not have a clip.
contradiction	Is Sara's lighter blue in colour.	Sara does not have a lighter.
contradiction	Is Jay's purse crimson in colour.	Jay does not have a purse.
contradiction	Is Steve's purse grey in colour.	Steve does not have a purse.
contradiction	Is Cynthia's newspaper black in colour.	Cynthia does not have a newspaper.
contradiction	Is Tim's clip magenta in colour.	Tim does not have a clip.
contradiction	Is Ed's comb grey in colour.	Ed does not have a comb.
contradiction	Is Dan's file green in colour.	Dan does not have a file.
contradiction	Is Ann's alarm clock magenta in colour.	Ann does not have an alarm clock.
contradiction	Is Sue's stamp maroon in colour.	Sue does not have a stamp.
contradiction	Is Deborah's car grey in colour.	Deborah does not have a car.
contradiction	Is Bruce's camera blue in colour.	Bruce does not have a camera.
contradiction	Is Peter's clip black in colour.	Peter does not have a clip.
contradiction	Is Frederick's laptop pink in colour.	Frederick does not have a laptop.
contradiction	Is Catherine's diary purple in colour.	Catherine does not have a diary.
contradiction	Is Christopher's file brown in colour.	Christopher does not have a file.
contradiction	Is Billy's mobile phone crimson in colour.	Billy does not have a mobile phone.
contradiction	Is Alice's glass red in colour.	Alice does not have a glass.
contradiction	Is Michael's coin green in colour.	Michael does not have a coin.
contradiction	Is Jennifer's player black in colour.	Jennifer does not have a player.
contradiction	Is Virginia's bottle green in colour.	Virginia does not have a bottle.
contradiction	Is Jerry's identity card pink in colour.	Jerry does not have an identity card.
contradiction	Is Christine's file grey in colour.	Christine does not have a file.
contradiction	Is Robert's mirror blue in colour.	Robert does not have a mirror.
contradiction	Is Annie's clip green in colour.	Annie does not have a clip.
contradiction	Is Linda's mirror brown in colour.	Linda does not have a mirror.
contradiction	Is Gary's diary maroon in colour.	Gary does not have a diary.
contradiction	Is Jack's watch crimson in colour.	Jack does not have a watch.
contradiction	Is Virginia's comb magenta in colour.	Virginia does not have a comb.
contradiction	Is Charles's mirror black in colour.	Charles does not have a mirror.
contradiction	Is Tony's stamp brown in colour.	Tony does not have a stamp.
contradiction	Is Francis's notebook crimson in colour.	Francis does not have a notebook.
contradiction	Is Bobby's cigarette red in colour.	Bobby does not have a cigarette.
contradiction	Is Cynthia's tissue grey in colour.	Cynthia does not have a tissue.
contradiction	Is Elaine's lighter magenta in colour.	Elaine does not have a lighter.
contradiction	Is Lisa's camera black in colour.	Lisa does not have a camera.
contradiction	Is Arthur's headphone green in colour.	Arthur does not have a headphone.
contradiction	Is Alan's tissue crimson in colour.	Alan does not have a tissue.
contradiction	Is Larry's dictionary crimson in colour.	Larry does not have a dictionary.
contradiction	Is Diane's coin maroon in colour.	Diane does not have a coin.
contradiction	Is Caroline's postcard red in colour.	Caroline does not have a postcard.
contradiction	Is Charles's lipstick blue in colour.	Charles does not have a lipstick.
contradiction	Is Frank's alarm clock red in colour.	Frank does not have an alarm clock.
contradiction	Is Anthony's cigarette purple in colour.	Anthony does not have a cigarette.
contradiction	Is Philip's alarm clock green in colour.	Philip does not have an alarm clock.
contradiction	Is Edith's player white in colour.	Edith does not have a player.
contradiction	Is Steve's watch grey in colour.	Steve does not have a watch.
contradiction	Is Dan's mirror maroon in colour.	Dan does not have a mirror.
contradiction	Is Lauren's button blue in colour.	Lauren does not have a button.
contradiction	Is Nancy's clip white in colour.	Nancy does not have a clip.
contradiction	Is Ruth's diary brown in colour.	Ruth does not have a diary.
contradiction	Is Greg's lighter magenta in colour.	Greg does not have a lighter.
contradiction	Is Greg's newspaper purple in colour.	Greg does not have a newspaper.
contradiction	Is Howard's lighter purple in colour.	Howard does not have a lighter.
contradiction	Is Christine's laptop magenta in colour.	Christine does not have a laptop.
contradiction	Is Tom's glass green in colour.	Tom does not have a glass.
contradiction	Is Betty's light bulb brown in colour.	Betty does not have a light bulb.
contradiction	Is Carl's wallet maroon in colour.	Carl does not have a wallet.
contradiction	Is Elizabeth's comb green in colour.	Elizabeth does not have a comb.
contradiction	Is Alice's wallet maroon in colour.	Alice does not have a wallet.
contradiction	Is Sophie's identity card red in colour.	Sophie does not have an identity card.
contradiction	Is Charlotte's battery magenta in colour.	Charlotte does not have a battery.
contradiction	Is Kenneth's pen yellow in colour.	Kenneth does not have a pen.
contradiction	Is Carol's lighter blue in colour.	Carol does not have a lighter.
contradiction	Is Sarah's player grey in colour.	Sarah does not have a player.
contradiction	Is Carol's postcard black in colour.	Carol does not have a postcard.
contradiction	Is Alan's lighter brown in colour.	Alan does not have a lighter.
contradiction	Is Jonathan's camera maroon in colour.	Jonathan does not have a camera.
contradiction	Is Leslie's clip white in colour.	Leslie does not have a clip.
contradiction	Is Louise's clip red in colour.	Louise does not have a clip.
contradiction	Is Eric's bottle maroon in colour.	Eric does not have a bottle.
contradiction	Is Nicole's notebook brown in colour.	Nicole does not have a notebook.
contradiction	Is Kim's camera black in colour.	Kim does not have a camera.
contradiction	Is Ann's photo white in colour.	Ann does not have a photo.
contradiction	Is Carl's wallet pink in colour.	Carl does not have a wallet.
contradiction	Is Sharon's wallet grey in colour.	Sharon does not have a wallet.
contradiction	Is Catherine's lipstick yellow in colour.	Catherine does not have a lipstick.
contradiction	Is Jay's clip green in colour.	Jay does not have a clip.
contradiction	Is Diana's toothbrush yellow in colour.	Diana does not have a toothbrush.
contradiction	Is Alexandra's magazine yellow in colour.	Alexandra does not have a magazine.
contradiction	Is Francis's bottle maroon in colour.	Francis does not have a bottle.
contradiction	Is Scott's mirror black in colour.	Scott does not have a mirror.
contradiction	Is Martin's credit card pink in colour.	Martin does not have a credit card.
contradiction	Is Martin's car purple in colour.	Martin does not have a car.
contradiction	Is Alex's bottle purple in colour.	Alex does not have a bottle.
contradiction	Is Emma's lipstick grey in colour.	Emma does not have a lipstick.
contradiction	Is Diane's stamp white in colour.	Diane does not have a stamp.
contradiction	Is Roy's button crimson in colour.	Roy does not have a button.
contradiction	Is Melissa's file grey in colour.	Melissa does not have a file.
contradiction	Is Katherine's button grey in colour.	Katherine does not have a button.
contradiction	Is Grace's mirror magenta in colour.	Grace does not have a mirror.
contradiction	Is Donna's purse blue in colour.	Donna does not have a purse.
contradiction	Is Lisa's clip maroon in colour.	Lisa does not have a clip.
contradiction	Is Eleanor's car maroon in colour.	Eleanor does not have a car.
contradiction	Is Sam's postcard pink in colour.	Sam does not have a postcard.
contradiction	Is Kenneth's bottle crimson in colour.	Kenneth does not have a bottle.
contradiction	Is Grace's car magenta in colour.	Grace does not have a car.
contradiction	Is Catherine's dictionary magenta in colour.	Catherine does not have a dictionary.
contradiction	Is Martin's camera purple in colour.	Martin does not have a camera.
contradiction	Is Carl's diary magenta in colour.	Carl does not have a diary.
contradiction	Is Samuel's lighter magenta in colour.	Samuel does not have a lighter.
contradiction	Is Joseph's diary magenta in colour.	Joseph does not have a diary.
contradiction	Is Samuel's purse white in colour.	Samuel does not have a purse.
contradiction	Is Jill's wallet yellow in colour.	Jill does not have a wallet.
contradiction	Is Robin's headphone brown in colour.	Robin does not have a headphone.
contradiction	Is Sam's bottle red in colour.	Sam does not have a bottle.
contradiction	Is Sara's headphone maroon in colour.	Sara does not have a headphone.
contradiction	Is Janet's magazine blue in colour.	Janet does not have a magazine.
contradiction	Is Francis's mirror pink in colour.	Francis does not have a mirror.
contradiction	Is Barbara's umbrella pink in colour.	Barbara does not have an umbrella.
contradiction	Is Margaret's lipstick pink in colour.	Margaret does not have a lipstick.
contradiction	Is Claire's light bulb blue in colour.	Claire does not have a light bulb.
contradiction	Is Margaret's comb grey in colour.	Margaret does not have a comb.
contradiction	Is Adam's postcard white in colour.	Adam does not have a postcard.
contradiction	Is Kim's brush yellow in colour.	Kim does not have a brush.
contradiction	Is Nick's photo purple in colour.	Nick does not have a photo.
contradiction	Is Leslie's file grey in colour.	Leslie does not have a file.
contradiction	Is Diane's stamp black in colour.	Diane does not have a stamp.
contradiction	Is Carol's tissue blue in colour.	Carol does not have a tissue.
contradiction	Is Greg's credit card white in colour.	Greg does not have a credit card.
contradiction	Is Donald's camera purple in colour.	Donald does not have a camera.
contradiction	Is Frederick's brush brown in colour.	Frederick does not have a brush.
contradiction	Is James's coin yellow in colour.	James does not have a coin.
contradiction	Is Sam's case grey in colour.	Sam does not have a case.
contradiction	Is Jonathan's alarm clock purple in colour.	Jonathan does not have an alarm clock.
contradiction	Is Benjamin's case black in colour.	Benjamin does not have a case.
contradiction	Is John's laptop red in colour.	John does not have a laptop.
contradiction	Is Amanda's file green in colour.	Amanda does not have a file.
contradiction	Is Christine's clip purple in colour.	Christine does not have a clip.
contradiction	Is Al's notebook magenta in colour.	Al does not have a notebook.
contradiction	Is Scott's file magenta in colour.	Scott does not have a file.
contradiction	Is George's mirror crimson in colour.	George does not have a mirror.
contradiction	Is Kevin's coin purple in colour.	Kevin does not have a coin.
contradiction	Is Thomas's case black in colour.	Thomas does not have a case.
contradiction	Is Jill's rubber grey in colour.	Jill does not have a rubber.
contradiction	Is Lucy's file grey in colour.	Lucy does not have a file.
contradiction	Is Bob's alarm clock white in colour.	Bob does not have an alarm clock.
contradiction	Is Caroline's toothbrush blue in colour.	Caroline does not have a toothbrush.
contradiction	Is Melissa's cigarette magenta in colour.	Melissa does not have a cigarette.
contradiction	Is Michelle's photo crimson in colour.	Michelle does not have a photo.
contradiction	Is Grace's tissue green in colour.	Grace does not have a tissue.
contradiction	Is Frances's toothbrush maroon in colour.	Frances does not have a toothbrush.
contradiction	Is Cynthia's purse red in colour.	Cynthia does not have a purse.
contradiction	Is Bob's scissor blue in colour.	Bob does not have a scissor.
contradiction	Is Edith's laptop blue in colour.	Edith does not have a laptop.
contradiction	Is Benjamin's dictionary brown in colour.	Benjamin does not have a dictionary.
contradiction	Is Alexandra's purse crimson in colour.	Alexandra does not have a purse.
contradiction	Is Sandra's player pink in colour.	Sandra does not have a player.
contradiction	Is Kathleen's camera green in colour.	Kathleen does not have a camera.
contradiction	Is Sarah's notebook yellow in colour.	Sarah does not have a notebook.
contradiction	Is Anne's brush brown in colour.	Anne does not have a brush.
contradiction	Is Ed's player pink in colour.	Ed does not have a player.
contradiction	Is Fred's light bulb crimson in colour.	Fred does not have a light bulb.
contradiction	Is Kate's purse green in colour.	Kate does not have a purse.
contradiction	Is Greg's notebook white in colour.	Greg does not have a notebook.
contradiction	Is Emily's magazine red in colour.	Emily does not have a magazine.
contradiction	Is Stephanie's laptop brown in colour.	Stephanie does not have a laptop.
contradiction	Is Annie's pencil pink in colour.	Annie does not have a pencil.
contradiction	Is Colin's dictionary black in colour.	Colin does not have a dictionary.
contradiction	Is Sam's credit card white in colour.	Sam does not have a credit card.
contradiction	Is Kathryn's magazine green in colour.	Kathryn does not have a magazine.
contradiction	Is Amanda's photo yellow in colour.	Amanda does not have a photo.
contradiction	Is Don's laptop green in colour.	Don does not have a laptop.
contradiction	Is Edith's scissor magenta in colour.	Edith does not have a scissor.
contradiction	Is Joe's alarm clock grey in colour.	Joe does not have an alarm clock.
contradiction	Is Paul's car magenta in colour.	Paul does not have a car.
contradiction	Is Anthony's identity card brown in colour.	Anthony does not have an identity card.
contradiction	Is Kevin's match magenta in colour.	Kevin does not have a match.
contradiction	Is Ian's button green in colour.	Ian does not have a button.
contradiction	Is David's file crimson in colour.	David does not have a file.
contradiction	Is Harry's case purple in colour.	Harry does not have a case.
contradiction	Is Kenneth's toothbrush brown in colour.	Kenneth does not have a toothbrush.
contradiction	Is Sally's glass blue in colour.	Sally does not have a glass.
contradiction	Is Marie's credit card blue in colour.	Marie does not have a credit card.
contradiction	Is Charles's magazine black in colour.	Charles does not have a magazine.
contradiction	Is Judith's mobile phone green in colour.	Judith does not have a mobile phone.
contradiction	Is Harriet's light bulb purple in colour.	Harriet does not have a light bulb.
contradiction	Is Don's watch black in colour.	Don does not have a watch.
contradiction	Is Nancy's postcard brown in colour.	Nancy does not have a postcard.
contradiction	Is Anne's alarm clock blue in colour.	Anne does not have an alarm clock.
contradiction	Is Bill's clip blue in colour.	Bill does not have a clip.
contradiction	Is Elaine's bottle yellow in colour.	Elaine does not have a bottle.
contradiction	Is Edward's wallet brown in colour.	Edward does not have a wallet.
contradiction	Is Angela's glass pink in colour.	Angela does not have a glass.
contradiction	Is Andrew's newspaper purple in colour.	Andrew does not have a newspaper.
contradiction	Is Andrea's banknote blue in colour.	Andrea does not have a banknote.
contradiction	Is Sandra's alarm clock crimson in colour.	Sandra does not have an alarm clock.
contradiction	Is Peter's alarm clock red in colour.	Peter does not have an alarm clock.
contradiction	Is Suzanne's credit card yellow in colour.	Suzanne does not have a credit card.
contradiction	Is Donna's comb pink in colour.	Donna does not have a comb.
contradiction	Is Katie's identity card red in colour.	Katie does not have an identity card.
contradiction	Is Roy's magazine magenta in colour.	Roy does not have a magazine.
contradiction	Is Anna's umbrella grey in colour.	Anna does not have an umbrella.
contradiction	Is Chris's bottle black in colour.	Chris does not have a bottle.
contradiction	Is Edward's credit card purple in colour.	Edward does not have a credit card.
contradiction	Is Simon's lipstick brown in colour.	Simon does not have a lipstick.
contradiction	Is Ruth's alarm clock black in colour.	Ruth does not have an alarm clock.
contradiction	Is Arthur's light bulb magenta in colour.	Arthur does not have a light bulb.
contradiction	Is Charles's diary green in colour.	Charles does not have a diary.
contradiction	Is Ed's diary brown in colour.	Ed does not have a diary.
contradiction	Is Keith's newspaper crimson in colour.	Keith does not have a newspaper.
contradiction	Is Pamela's coin yellow in colour.	Pamela does not have a coin.
contradiction	Is Angela's scissor grey in colour.	Angela does not have a scissor.
contradiction	Is Margaret's car blue in colour.	Margaret does not have a car.
contradiction	Is Jerry's clip white in colour.	Jerry does not have a clip.
contradiction	Is Roy's postcard blue in colour.	Roy does not have a postcard.
contradiction	Is Alfred's car brown in colour.	Alfred does not have a car.
contradiction	Is Christine's headphone crimson in colour.	Christine does not have a headphone.
contradiction	Is Bobby's postcard black in colour.	Bobby does not have a postcard.
contradiction	Is Scott's coin magenta in colour.	Scott does not have a coin.
contradiction	Is Julie's camera pink in colour.	Julie does not have a camera.
contradiction	Is William's button green in colour.	William does not have a button.
contradiction	Is Amy's rubber yellow in colour.	Amy does not have a rubber.
contradiction	Is Alice's pencil white in colour.	Alice does not have a pencil.
contradiction	Is Charlie's alarm clock grey in colour.	Charlie does not have an alarm clock.
contradiction	Is Michael's laptop green in colour.	Michael does not have a laptop.
contradiction	Is Sue's car grey in colour.	Sue does not have a car.
contradiction	Is Kathleen's camera red in colour.	Kathleen does not have a camera.
contradiction	Is Lisa's watch grey in colour.	Lisa does not have a watch.
contradiction	Is Alice's headphone grey in colour.	Alice does not have a headphone.
contradiction	Is Arthur's comb green in colour.	Arthur does not have a comb.
contradiction	Is Eleanor's mirror pink in colour.	Eleanor does not have a mirror.
contradiction	Is George's lipstick green in colour.	George does not have a lipstick.
contradiction	Is Louis's player crimson in colour.	Louis does not have a player.
contradiction	Is Maria's headphone pink in colour.	Maria does not have a headphone.
contradiction	Is Steve's brush brown in colour.	Steve does not have a brush.
contradiction	Is Ken's rubber white in colour.	Ken does not have a rubber.
contradiction	Is Lisa's stamp magenta in colour.	Lisa does not have a stamp.
contradiction	Is Edwin's rubber maroon in colour.	Edwin does not have a rubber.
contradiction	Is William's watch crimson in colour.	William does not have a watch.
contradiction	Is Robert's mobile phone magenta in colour.	Robert does not have a mobile phone.
contradiction	Is Anna's comb magenta in colour.	Anna does not have a comb.
contradiction	Is Anne's button blue in colour.	Anne does not have a button.
contradiction	Is Melissa's banknote white in colour.	Melissa does not have a banknote.
contradiction	Is Ray's button grey in colour.	Ray does not have a button.
contradiction	Is Alex's watch brown in colour.	Alex does not have a watch.
contradiction	Is Julia's postcard crimson in colour.	Julia does not have a postcard.
contradiction	Is Alison's file grey in colour.	Alison does not have a file.
contradiction	Is Philip's banknote black in colour.	Philip does not have a banknote.
contradiction	Is Louis's clip grey in colour.	Louis does not have a clip.
contradiction	Is Suzanne's banknote green in colour.	Suzanne does not have a banknote.
contradiction	Is Michelle's button green in colour.	Michelle does not have a button.
contradiction	Is David's headphone magenta in colour.	David does not have a headphone.
contradiction	Is Henry's toothbrush green in colour.	Henry does not have a toothbrush.
contradiction	Is Larry's brush blue in colour.	Larry does not have a brush.
contradiction	Is Martha's mobile phone purple in colour.	Martha does not have a mobile phone.
contradiction	Is Jason's lipstick blue in colour.	Jason does not have a lipstick.
contradiction	Is Roy's banknote crimson in colour.	Roy does not have a banknote.
contradiction	Is Mark's tissue purple in colour.	Mark does not have a tissue.
contradiction	Is Fiona's notebook magenta in colour.	Fiona does not have a notebook.
contradiction	Is Adam's scissor red in colour.	Adam does not have a scissor.
contradiction	Is Harriet's toothbrush crimson in colour.	Harriet does not have a toothbrush.
contradiction	Is Larry's comb yellow in colour.	Larry does not have a comb.
contradiction	Is Ben's pen maroon in colour.	Ben does not have a pen.
contradiction	Is Elizabeth's postcard blue in colour.	Elizabeth does not have a postcard.
contradiction	Is Nancy's case crimson in colour.	Nancy does not have a case.
contradiction	Is Susan's wallet grey in colour.	Susan does not have a wallet.
contradiction	Is Robin's mirror brown in colour.	Robin does not have a mirror.
contradiction	Is Fred's watch crimson in colour.	Fred does not have a watch.
contradiction	Is Benjamin's button purple in colour.	Benjamin does not have a button.
contradiction	Is Gary's cigarette crimson in colour.	Gary does not have a cigarette.
contradiction	Is Deborah's scissor red in colour.	Deborah does not have a scissor.
contradiction	Is Martin's comb maroon in colour.	Martin does not have a comb.
contradiction	Is Barbara's toothbrush red in colour.	Barbara does not have a toothbrush.
contradiction	Is Maria's coin red in colour.	Maria does not have a coin.
contradiction	Is Joseph's lighter crimson in colour.	Joseph does not have a lighter.
contradiction	Is Jack's pen maroon in colour.	Jack does not have a pen.
contradiction	Is Lawrence's case blue in colour.	Lawrence does not have a case.
contradiction	Is Katherine's scissor yellow in colour.	Katherine does not have a scissor.
contradiction	Is Christopher's case red in colour.	Christopher does not have a case.
contradiction	Is Maria's bottle crimson in colour.	Maria does not have a bottle.
contradiction	Is John's postcard maroon in colour.	John does not have a postcard.
contradiction	Is Ian's scissor blue in colour.	Ian does not have a scissor.
contradiction	Is Benjamin's identity card magenta in colour.	Benjamin does not have an identity card.
contradiction	Is Tim's match red in colour.	Tim does not have a match.
contradiction	Is Julie's scissor green in colour.	Julie does not have a scissor.
contradiction	Is Alexander's comb green in colour.	Alexander does not have a comb.
contradiction	Is Lynn's laptop green in colour.	Lynn does not have a laptop.
contradiction	Is Angela's notebook magenta in colour.	Angela does not have a notebook.
contradiction	Is Harriet's notebook maroon in colour.	Harriet does not have a notebook.
contradiction	Is Paul's dictionary white in colour.	Paul does not have a dictionary.
contradiction	Is Diana's car maroon in colour.	Diana does not have a car.
contradiction	Is Jerry's pen blue in colour.	Jerry does not have a pen.
contradiction	Is Jeff's pencil pink in colour.	Jeff does not have a pencil.
contradiction	Is Anne's brush magenta in colour.	Anne does not have a brush.
contradiction	Is Sarah's mobile phone white in colour.	Sarah does not have a mobile phone.
contradiction	Is Joseph's alarm clock magenta in colour.	Joseph does not have an alarm clock.
contradiction	Is Louis's bottle purple in colour.	Louis does not have a bottle.
contradiction	Is Sue's tissue brown in colour.	Sue does not have a tissue.
contradiction	Is Anthony's cigarette blue in colour.	Anthony does not have a cigarette.
contradiction	Is Carl's lipstick maroon in colour.	Carl does not have a lipstick.
contradiction	Is Kevin's match maroon in colour.	Kevin does not have a match.
contradiction	Is Kevin's button red in colour.	Kevin does not have a button.
contradiction	Is Harold's clip blue in colour.	Harold does not have a clip.
contradiction	Is Jane's newspaper magenta in colour.	Jane does not have a newspaper.
contradiction	Is Elaine's magazine white in colour.	Elaine does not have a magazine.
contradiction	Is Fred's light bulb yellow in colour.	Fred does not have a light bulb.
contradiction	Is Wendy's wallet magenta in colour.	Wendy does not have a wallet.
contradiction	Is Matt's pen magenta in colour.	Matt does not have a pen.
contradiction	Is Hugh's banknote blue in colour.	Hugh does not have a banknote.
contradiction	Is Jill's magazine pink in colour.	Jill does not have a magazine.
contradiction	Is Matt's case black in colour.	Matt does not have a case.
contradiction	Is Jill's light bulb red in colour.	Jill does not have a light bulb.
contradiction	Is Diane's car purple in colour.	Diane does not have a car.
contradiction	Is Marie's credit card white in colour.	Marie does not have a credit card.
contradiction	Is Tim's bottle black in colour.	Tim does not have a bottle.
contradiction	Is Katherine's laptop yellow in colour.	Katherine does not have a laptop.
contradiction	Is Betty's camera crimson in colour.	Betty does not have a camera.
contradiction	Is Dave's player yellow in colour.	Dave does not have a player.
contradiction	Is Don's alarm clock white in colour.	Don does not have an alarm clock.
contradiction	Is Ian's laptop crimson in colour.	Ian does not have a laptop.
contradiction	Is Harry's rubber purple in colour.	Harry does not have a rubber.
contradiction	Is Hugh's wallet maroon in colour.	Hugh does not have a wallet.
contradiction	Is Catherine's tissue magenta in colour.	Catherine does not have a tissue.
contradiction	Is Greg's light bulb grey in colour.	Greg does not have a light bulb.
contradiction	Is Grace's pencil maroon in colour.	Grace does not have a pencil.
contradiction	Is Kathryn's player green in colour.	Kathryn does not have a player.
contradiction	Is Jennifer's notebook maroon in colour.	Jennifer does not have a notebook.
contradiction	Is Suzanne's cigarette green in colour.	Suzanne does not have a cigarette.
contradiction	Is Tony's pen brown in colour.	Tony does not have a pen.
contradiction	Is Angela's glass magenta in colour.	Angela does not have a glass.
contradiction	Is Matt's toothbrush pink in colour.	Matt does not have a toothbrush.
contradiction	Is Arthur's camera yellow in colour.	Arthur does not have a camera.
contradiction	Is Gary's file maroon in colour.	Gary does not have a file.
contradiction	Is Amanda's brush magenta in colour.	Amanda does not have a brush.
contradiction	Is Frederick's watch black in colour.	Frederick does not have a watch.
contradiction	Is Karen's pencil maroon in colour.	Karen does not have a pencil.
contradiction	Is Daniel's player purple in colour.	Daniel does not have a player.
contradiction	Is Emily's watch grey in colour.	Emily does not have a watch.
contradiction	Is Ian's headphone magenta in colour.	Ian does not have a headphone.
contradiction	Is Alison's scissor red in colour.	Alison does not have a scissor.
contradiction	Is Philip's laptop yellow in colour.	Philip does not have a laptop.
contradiction	Is Lucy's umbrella pink in colour.	Lucy does not have an umbrella.
contradiction	Is Don's laptop brown in colour.	Don does not have a laptop.
contradiction	Is Diane's photo blue in colour.	Diane does not have a photo.
contradiction	Is Bob's case purple in colour.	Bob does not have a case.
contradiction	Is Patricia's bottle blue in colour.	Patricia does not have a bottle.
contradiction	Is Charlie's battery grey in colour.	Charlie does not have a battery.
contradiction	Is James's purse white in colour.	James does not have a purse.
contradiction	Is Jimmy's wallet magenta in colour.	Jimmy does not have a wallet.
contradiction	Is Ryan's glass brown in colour.	Ryan does not have a glass.
contradiction	Is Nancy's umbrella pink in colour.	Nancy does not have an umbrella.
contradiction	Is Jill's light bulb maroon in colour.	Jill does not have a light bulb.
contradiction	Is Richard's laptop brown in colour.	Richard does not have a laptop.
contradiction	Is Bruce's glass green in colour.	Bruce does not have a glass.
contradiction	Is Stephen's lighter purple in colour.	Stephen does not have a lighter.
contradiction	Is Andrew's coin white in colour.	Andrew does not have a coin.
contradiction	Is Pamela's player grey in colour.	Pamela does not have a player.
contradiction	Is Anne's credit card maroon in colour.	Anne does not have a credit card.
contradiction	Is Carl's identity card red in colour.	Carl does not have an identity card.
contradiction	Is Laura's dictionary maroon in colour.	Laura does not have a dictionary.
contradiction	Is Harriet's lipstick pink in colour.	Harriet does not have a lipstick.
contradiction	Is Jack's lighter white in colour.	Jack does not have a lighter.
contradiction	Is Al's identity card black in colour.	Al does not have an identity card.
contradiction	Is Donald's pen green in colour.	Donald does not have a pen.
contradiction	Is Louis's postcard grey in colour.	Louis does not have a postcard.
contradiction	Is Marie's watch maroon in colour.	Marie does not have a watch.
contradiction	Is Lisa's dictionary black in colour.	Lisa does not have a dictionary.
contradiction	Is Billy's lighter brown in colour.	Billy does not have a lighter.
contradiction	Is Jeff's banknote brown in colour.	Jeff does not have a banknote.
contradiction	Is Sharon's clip black in colour.	Sharon does not have a clip.
contradiction	Is Katie's cigarette maroon in colour.	Katie does not have a cigarette.
contradiction	Is Colin's mobile phone black in colour.	Colin does not have a mobile phone.
contradiction	Is Paul's tissue green in colour.	Paul does not have a tissue.
contradiction	Is Billy's umbrella grey in colour.	Billy does not have an umbrella.
contradiction	Is Marilyn's scissor black in colour.	Marilyn does not have a scissor.
contradiction	Is Florence's pencil purple in colour.	Florence does not have a pencil.
contradiction	Is Jean's scissor pink in colour.	Jean does not have a scissor.
contradiction	Is Patrick's file blue in colour.	Patrick does not have a file.
contradiction	Is Andrew's lipstick brown in colour.	Andrew does not have a lipstick.
contradiction	Is Mike's umbrella white in colour.	Mike does not have an umbrella.
contradiction	Is Betty's postcard magenta in colour.	Betty does not have a postcard.
contradiction	Is Janet's mobile phone green in colour.	Janet does not have a mobile phone.
contradiction	Is Nicole's dictionary blue in colour.	Nicole does not have a dictionary.
contradiction	Is Marie's rubber green in colour.	Marie does not have a rubber.
contradiction	Is Katherine's alarm clock green in colour.	Katherine does not have an alarm clock.
contradiction	Is Lisa's clip grey in colour.	Lisa does not have a clip.
contradiction	Is Sara's cigarette pink in colour.	Sara does not have a cigarette.
contradiction	Is Louise's newspaper red in colour.	Louise does not have a newspaper.
contradiction	Is Claire's purse red in colour.	Claire does not have a purse.
contradiction	Is Julie's purse blue in colour.	Julie does not have a purse.
contradiction	Is Samuel's coin red in colour.	Samuel does not have a coin.
contradiction	Is Martin's diary white in colour.	Martin does not have a diary.
contradiction	Is Larry's credit card white in colour.	Larry does not have a credit card.
contradiction	Is Sally's photo pink in colour.	Sally does not have a photo.
contradiction	Is Katie's identity card crimson in colour.	Katie does not have an identity card.
contradiction	Is Jennifer's mirror white in colour.	Jennifer does not have a mirror.
contradiction	Is Sam's magazine white in colour.	Sam does not have a magazine.
contradiction	Is Bruce's dictionary magenta in colour.	Bruce does not have a dictionary.
contradiction	Is Nancy's mirror red in colour.	Nancy does not have a mirror.
contradiction	Is Marie's match green in colour.	Marie does not have a match.
contradiction	Is Sam's bottle purple in colour.	Sam does not have a bottle.
contradiction	Is Jeff's brush red in colour.	Jeff does not have a brush.
contradiction	Is Roy's camera yellow in colour.	Roy does not have a camera.
contradiction	Is Tim's lighter yellow in colour.	Tim does not have a lighter.
contradiction	Is Florence's scissor brown in colour.	Florence does not have a scissor.
contradiction	Is Charles's pencil crimson in colour.	Charles does not have a pencil.
contradiction	Is Lawrence's alarm clock purple in colour.	Lawrence does not have an alarm clock.
contradiction	Is Betty's car brown in colour.	Betty does not have a car.
contradiction	Is Patrick's pencil pink in colour.	Patrick does not have a pencil.
contradiction	Is Jay's car crimson in colour.	Jay does not have a car.
contradiction	Is Howard's battery purple in colour.	Howard does not have a battery.
contradiction	Is Carolyn's cigarette yellow in colour.	Carolyn does not have a cigarette.
contradiction	Is Joan's umbrella pink in colour.	Joan does not have an umbrella.
contradiction	Is Mark's cigarette blue in colour.	Mark does not have a cigarette.
contradiction	Is Brian's light bulb pink in colour.	Brian does not have a light bulb.
contradiction	Is Dorothy's case pink in colour.	Dorothy does not have a case.
contradiction	Is Matthew's cigarette blue in colour.	Matthew does not have a cigarette.
contradiction	Is Julie's identity card grey in colour.	Julie does not have an identity card.
contradiction	Is Nick's light bulb red in colour.	Nick does not have a light bulb.
contradiction	Is Harriet's notebook pink in colour.	Harriet does not have a notebook.
contradiction	Is Sharon's button white in colour.	Sharon does not have a button.
contradiction	Is Dave's car magenta in colour.	Dave does not have a car.
contradiction	Is Ryan's dictionary yellow in colour.	Ryan does not have a dictionary.
contradiction	Is Henry's button brown in colour.	Henry does not have a button.
contradiction	Is Alexander's notebook green in colour.	Alexander does not have a notebook.
contradiction	Is Marilyn's alarm clock grey in colour.	Marilyn does not have an alarm clock.
contradiction	Is Jim's purse maroon in colour.	Jim does not have a purse.
contradiction	Is Ruth's scissor blue in colour.	Ruth does not have a scissor.
contradiction	Is Evelyn's button crimson in colour.	Evelyn does not have a button.
contradiction	Is Evelyn's purse crimson in colour.	Evelyn does not have a purse.
contradiction	Is Don's coin black in colour.	Don does not have a coin.
contradiction	Is Diana's wallet pink in colour.	Diana does not have a wallet.
contradiction	Is Brian's battery black in colour.	Brian does not have a battery.
contradiction	Is Bruce's cigarette magenta in colour.	Bruce does not have a cigarette.
contradiction	Is Michelle's dictionary blue in colour.	Michelle does not have a dictionary.
contradiction	Is Leslie's tissue red in colour.	Leslie does not have a tissue.
contradiction	Is Adam's newspaper purple in colour.	Adam does not have a newspaper.
contradiction	Is Frank's car crimson in colour.	Frank does not have a car.
contradiction	Is Kathryn's watch grey in colour.	Kathryn does not have a watch.
contradiction	Is Jill's credit card pink in colour.	Jill does not have a credit card.
contradiction	Is Alexandra's notebook purple in colour.	Alexandra does not have a notebook.
contradiction	Is Ben's glass brown in colour.	Ben does not have a glass.
contradiction	Is Judy's purse blue in colour.	Judy does not have a purse.
contradiction	Is Rebecca's comb crimson in colour.	Rebecca does not have a comb.
contradiction	Is Ann's coin grey in colour.	Ann does not have a coin.
contradiction	Is Tim's postcard magenta in colour.	Tim does not have a postcard.
contradiction	Is Andrea's battery magenta in colour.	Andrea does not have a battery.
contradiction	Is Sally's battery black in colour.	Sally does not have a battery.
contradiction	Is Frederick's mirror magenta in colour.	Frederick does not have a mirror.
contradiction	Is Alex's banknote purple in colour.	Alex does not have a banknote.
contradiction	Is Laura's pencil red in colour.	Laura does not have a pencil.
contradiction	Is Andrew's diary yellow in colour.	Andrew does not have a diary.
contradiction	Is John's coin blue in colour.	John does not have a coin.
contradiction	Is Nancy's stamp blue in colour.	Nancy does not have a stamp.
contradiction	Is Philip's lighter brown in colour.	Philip does not have a lighter.
contradiction	Is Harold's laptop pink in colour.	Harold does not have a laptop.
contradiction	Is Dorothy's match magenta in colour.	Dorothy does not have a match.
contradiction	Is Harold's battery pink in colour.	Harold does not have a battery.
contradiction	Is Melissa's pen maroon in colour.	Melissa does not have a pen.
contradiction	Is Brian's notebook green in colour.	Brian does not have a notebook.
contradiction	Is Leslie's banknote crimson in colour.	Leslie does not have a banknote.
contradiction	Is Dick's glass grey in colour.	Dick does not have a glass.
contradiction	Is Louis's case maroon in colour.	Louis does not have a case.
contradiction	Is Jennifer's clip crimson in colour.	Jennifer does not have a clip.
contradiction	Is Lawrence's rubber magenta in colour.	Lawrence does not have a rubber.
contradiction	Is Joseph's laptop crimson in colour.	Joseph does not have a laptop.
contradiction	Is Jerry's mobile phone pink in colour.	Jerry does not have a mobile phone.
contradiction	Is Ann's case maroon in colour.	Ann does not have a case.
contradiction	Is Alex's match yellow in colour.	Alex does not have a match.
contradiction	Is Edward's light bulb red in colour.	Edward does not have a light bulb.
contradiction	Is Jane's brush green in colour.	Jane does not have a brush.
contradiction	Is Grace's banknote grey in colour.	Grace does not have a banknote.
contradiction	Is Peter's notebook yellow in colour.	Peter does not have a notebook.
contradiction	Is Julia's credit card red in colour.	Julia does not have a credit card.
contradiction	Is Marie's case grey in colour.	Marie does not have a case.
contradiction	Is Daniel's diary crimson in colour.	Daniel does not have a diary.
contradiction	Is Tony's lipstick yellow in colour.	Tony does not have a lipstick.
contradiction	Is George's umbrella blue in colour.	George does not have an umbrella.
contradiction	Is Katherine's banknote grey in colour.	Katherine does not have a banknote.
contradiction	Is Diana's cigarette grey in colour.	Diana does not have a cigarette.
contradiction	Is Walter's button yellow in colour.	Walter does not have a button.
contradiction	Is Harriet's diary blue in colour.	Harriet does not have a diary.
contradiction	Is Victoria's pen crimson in colour.	Victoria does not have a pen.
contradiction	Is Kenneth's comb brown in colour.	Kenneth does not have a comb.
contradiction	Is Richard's identity card white in colour.	Richard does not have an identity card.
contradiction	Is Bruce's pen grey in colour.	Bruce does not have a pen.
contradiction	Is Jimmy's toothbrush crimson in colour.	Jimmy does not have a toothbrush.
contradiction	Is Ryan's brush purple in colour.	Ryan does not have a brush.
