contradiction	Bob has 7 lighters.	Bob has atleast 10 lighters.
contradiction	Fred has 4 notebooks.	Fred has atleast 7 notebooks.
contradiction	Joan has 4 clips.	Joan has atleast 5 clips.
contradiction	David has 3 cameras.	David has atleast 6 cameras.
contradiction	Joseph has 4 tissues.	Joseph has atleast 5 tissues.
contradiction	Anne has 8 matches.	Anne has atleast 10 matches.
contradiction	Dan has 2 pens.	Dan has atleast 6 pens.
contradiction	George has 4 coins.	George has atleast 6 coins.
contradiction	Claire has 1 brushes.	Claire has atleast 3 brushes.
contradiction	Tony has 3 rubbers.	Tony has atleast 8 rubbers.
contradiction	Evelyn has 1 purses.	Evelyn has atleast 2 purses.
contradiction	Johnny has 1 laptops.	Johnny has atleast 2 laptops.
contradiction	Andrea has 4 tissues.	Andrea has atleast 5 tissues.
contradiction	Marie has 5 coins.	Marie has atleast 8 coins.
contradiction	Julie has 1 players.	Julie has atleast 6 players.
contradiction	Ashley has 1 lipsticks.	Ashley has atleast 3 lipsticks.
contradiction	Suzanne has 5 umbrellas.	Suzanne has atleast 10 umbrellas.
contradiction	Anthony has 1 cars.	Anthony has atleast 3 cars.
contradiction	Gary has 4 magazines.	Gary has atleast 5 magazines.
contradiction	Harry has 1 bottles.	Harry has atleast 2 bottles.
contradiction	Kate has 1 mirrors.	Kate has atleast 2 mirrors.
contradiction	Rebecca has 1 glasses.	Rebecca has atleast 2 glasses.
contradiction	Dorothy has 1 coins.	Dorothy has atleast 3 coins.
contradiction	Steven has 7 cases.	Steven has atleast 10 cases.
contradiction	Suzanne has 7 pencils.	Suzanne has atleast 8 pencils.
contradiction	Ken has 3 umbrellas.	Ken has atleast 4 umbrellas.
contradiction	Catherine has 1 light bulbs.	Catherine has atleast 2 light bulbs.
contradiction	Jean has 8 brushes.	Jean has atleast 10 brushes.
contradiction	Jennifer has 4 magazines.	Jennifer has atleast 7 magazines.
contradiction	Lynn has 3 glasses.	Lynn has atleast 5 glasses.
contradiction	Patrick has 4 buttons.	Patrick has atleast 10 buttons.
contradiction	Kenneth has 1 cases.	Kenneth has atleast 3 cases.
contradiction	Mike has 5 bottles.	Mike has atleast 7 bottles.
contradiction	Steven has 2 stamps.	Steven has atleast 3 stamps.
contradiction	Anthony has 7 mirrors.	Anthony has atleast 9 mirrors.
contradiction	Sue has 5 brushes.	Sue has atleast 6 brushes.
contradiction	Ruth has 4 diaries.	Ruth has atleast 5 diaries.
contradiction	Catherine has 1 dictionaries.	Catherine has atleast 2 dictionaries.
contradiction	Jennifer has 7 lipsticks.	Jennifer has atleast 8 lipsticks.
contradiction	Sam has 3 light bulbs.	Sam has atleast 5 light bulbs.
contradiction	Barbara has 6 postcards.	Barbara has atleast 10 postcards.
contradiction	Harry has 2 alarm clocks.	Harry has atleast 5 alarm clocks.
contradiction	Patrick has 2 cameras.	Patrick has atleast 4 cameras.
contradiction	Judy has 3 laptops.	Judy has atleast 8 laptops.
contradiction	Alex has 4 alarm clocks.	Alex has atleast 6 alarm clocks.
contradiction	Edward has 1 lipsticks.	Edward has atleast 2 lipsticks.
contradiction	Dave has 2 cars.	Dave has atleast 9 cars.
contradiction	Helen has 3 light bulbs.	Helen has atleast 4 light bulbs.
contradiction	Nancy has 1 mobile phones.	Nancy has atleast 3 mobile phones.
contradiction	Ben has 2 pens.	Ben has atleast 8 pens.
contradiction	Ruth has 6 players.	Ruth has atleast 10 players.
contradiction	Jane has 2 watches.	Jane has atleast 3 watches.
contradiction	Nicole has 5 tissues.	Nicole has atleast 6 tissues.
contradiction	Frances has 1 batteries.	Frances has atleast 3 batteries.
contradiction	Louis has 2 newspapers.	Louis has atleast 3 newspapers.
contradiction	Scott has 8 umbrellas.	Scott has atleast 9 umbrellas.
contradiction	Lauren has 3 brushes.	Lauren has atleast 4 brushes.
contradiction	Charlotte has 5 combs.	Charlotte has atleast 7 combs.
contradiction	Diana has 2 coins.	Diana has atleast 4 coins.
contradiction	Albert has 1 pencils.	Albert has atleast 2 pencils.
contradiction	Lawrence has 1 magazines.	Lawrence has atleast 3 magazines.
contradiction	Paul has 3 umbrellas.	Paul has atleast 9 umbrellas.
contradiction	Edwin has 1 wallets.	Edwin has atleast 6 wallets.
contradiction	Edward has 2 glasses.	Edward has atleast 5 glasses.
contradiction	Sophie has 3 cases.	Sophie has atleast 8 cases.
contradiction	Grace has 8 dictionaries.	Grace has atleast 10 dictionaries.
contradiction	Jeff has 6 dictionaries.	Jeff has atleast 8 dictionaries.
contradiction	Ryan has 2 pencils.	Ryan has atleast 3 pencils.
contradiction	Kenneth has 1 dictionaries.	Kenneth has atleast 4 dictionaries.
contradiction	Amy has 4 clips.	Amy has atleast 6 clips.
contradiction	Amy has 3 files.	Amy has atleast 4 files.
contradiction	Alfred has 2 batteries.	Alfred has atleast 5 batteries.
contradiction	Pamela has 2 scissors.	Pamela has atleast 3 scissors.
contradiction	Kathryn has 4 rubbers.	Kathryn has atleast 7 rubbers.
contradiction	Walter has 3 brushes.	Walter has atleast 6 brushes.
contradiction	Simon has 4 rubbers.	Simon has atleast 10 rubbers.
contradiction	Harold has 4 umbrellas.	Harold has atleast 7 umbrellas.
contradiction	Barbara has 4 photos.	Barbara has atleast 10 photos.
contradiction	Ann has 2 coins.	Ann has atleast 3 coins.
contradiction	Helen has 3 mobile phones.	Helen has atleast 5 mobile phones.
contradiction	Kathryn has 1 identity cards.	Kathryn has atleast 4 identity cards.
contradiction	Marilyn has 5 cigarettes.	Marilyn has atleast 9 cigarettes.
contradiction	Judith has 4 newspapers.	Judith has atleast 10 newspapers.
contradiction	Alfred has 1 dictionaries.	Alfred has atleast 3 dictionaries.
contradiction	Martha has 4 bottles.	Martha has atleast 8 bottles.
contradiction	Samuel has 2 identity cards.	Samuel has atleast 5 identity cards.
contradiction	Henry has 2 magazines.	Henry has atleast 9 magazines.
contradiction	Ann has 5 credit cards.	Ann has atleast 9 credit cards.
contradiction	Dorothy has 3 lighters.	Dorothy has atleast 5 lighters.
contradiction	Christopher has 2 lipsticks.	Christopher has atleast 7 lipsticks.
contradiction	Bill has 1 mobile phones.	Bill has atleast 9 mobile phones.
contradiction	Mike has 2 pencils.	Mike has atleast 9 pencils.
contradiction	Stephen has 1 rubbers.	Stephen has atleast 4 rubbers.
contradiction	Jim has 5 laptops.	Jim has atleast 7 laptops.
contradiction	Judy has 4 tissues.	Judy has atleast 5 tissues.
contradiction	Sally has 3 scissors.	Sally has atleast 4 scissors.
contradiction	George has 1 identity cards.	George has atleast 8 identity cards.
contradiction	Philip has 1 laptops.	Philip has atleast 6 laptops.
contradiction	Nick has 2 tissues.	Nick has atleast 7 tissues.
contradiction	Stephanie has 1 credit cards.	Stephanie has atleast 3 credit cards.
contradiction	John has 5 coins.	John has atleast 10 coins.
contradiction	Christine has 5 purses.	Christine has atleast 6 purses.
contradiction	Martha has 1 pencils.	Martha has atleast 2 pencils.
contradiction	Emily has 2 stamps.	Emily has atleast 4 stamps.
contradiction	Kim has 2 matches.	Kim has atleast 6 matches.
contradiction	Alan has 1 mirrors.	Alan has atleast 3 mirrors.
contradiction	Rose has 1 dictionaries.	Rose has atleast 2 dictionaries.
contradiction	Katherine has 3 dictionaries.	Katherine has atleast 5 dictionaries.
contradiction	Bobby has 1 light bulbs.	Bobby has atleast 4 light bulbs.
contradiction	Stephanie has 1 stamps.	Stephanie has atleast 2 stamps.
contradiction	Patricia has 3 toothbrushes.	Patricia has atleast 5 toothbrushes.
contradiction	Sarah has 4 lighters.	Sarah has atleast 8 lighters.
contradiction	Walter has 1 identity cards.	Walter has atleast 2 identity cards.
contradiction	Roger has 1 purses.	Roger has atleast 4 purses.
contradiction	Bobby has 5 cases.	Bobby has atleast 7 cases.
contradiction	Patrick has 5 pens.	Patrick has atleast 8 pens.
contradiction	Harry has 3 brushes.	Harry has atleast 8 brushes.
contradiction	Emily has 4 photos.	Emily has atleast 5 photos.
contradiction	Melissa has 3 postcards.	Melissa has atleast 6 postcards.
contradiction	Keith has 5 pencils.	Keith has atleast 10 pencils.
contradiction	Jessica has 7 matches.	Jessica has atleast 8 matches.
contradiction	Sara has 1 purses.	Sara has atleast 4 purses.
contradiction	Betty has 4 photos.	Betty has atleast 7 photos.
contradiction	Gary has 2 mirrors.	Gary has atleast 4 mirrors.
contradiction	Kate has 1 laptops.	Kate has atleast 7 laptops.
contradiction	Harold has 1 combs.	Harold has atleast 4 combs.
contradiction	Nicole has 1 notebooks.	Nicole has atleast 2 notebooks.
contradiction	Tom has 6 pens.	Tom has atleast 8 pens.
contradiction	Eric has 2 brushes.	Eric has atleast 9 brushes.
contradiction	Ellen has 4 stamps.	Ellen has atleast 9 stamps.
contradiction	Alexandra has 4 headphones.	Alexandra has atleast 6 headphones.
contradiction	Joan has 1 rubbers.	Joan has atleast 7 rubbers.
contradiction	Jane has 1 wallets.	Jane has atleast 9 wallets.
contradiction	Bill has 2 cars.	Bill has atleast 3 cars.
contradiction	Edward has 5 wallets.	Edward has atleast 10 wallets.
contradiction	Ed has 4 mirrors.	Ed has atleast 5 mirrors.
contradiction	Kathryn has 2 buttons.	Kathryn has atleast 7 buttons.
contradiction	Frank has 2 rubbers.	Frank has atleast 3 rubbers.
contradiction	Diana has 5 dictionaries.	Diana has atleast 9 dictionaries.
contradiction	Pamela has 1 batteries.	Pamela has atleast 10 batteries.
contradiction	Pamela has 1 players.	Pamela has atleast 6 players.
contradiction	Matt has 3 mobile phones.	Matt has atleast 10 mobile phones.
contradiction	Sharon has 3 alarm clocks.	Sharon has atleast 5 alarm clocks.
contradiction	Dick has 2 photos.	Dick has atleast 4 photos.
contradiction	Kathy has 2 photos.	Kathy has atleast 6 photos.
contradiction	Joan has 2 dictionaries.	Joan has atleast 6 dictionaries.
contradiction	John has 5 tissues.	John has atleast 6 tissues.
contradiction	Edward has 2 combs.	Edward has atleast 8 combs.
contradiction	Jonathan has 6 notebooks.	Jonathan has atleast 7 notebooks.
contradiction	Kenneth has 1 scissors.	Kenneth has atleast 5 scissors.
contradiction	Tom has 2 files.	Tom has atleast 9 files.
contradiction	Cynthia has 5 photos.	Cynthia has atleast 7 photos.
contradiction	Victoria has 5 scissors.	Victoria has atleast 7 scissors.
contradiction	Nicole has 1 toothbrushes.	Nicole has atleast 3 toothbrushes.
contradiction	Heather has 2 postcards.	Heather has atleast 9 postcards.
contradiction	Francis has 2 tissues.	Francis has atleast 6 tissues.
contradiction	Matt has 1 rubbers.	Matt has atleast 3 rubbers.
contradiction	Annie has 6 laptops.	Annie has atleast 9 laptops.
contradiction	Philip has 1 umbrellas.	Philip has atleast 4 umbrellas.
contradiction	Albert has 1 light bulbs.	Albert has atleast 6 light bulbs.
contradiction	Roger has 1 newspapers.	Roger has atleast 3 newspapers.
contradiction	Chris has 4 newspapers.	Chris has atleast 7 newspapers.
contradiction	Colin has 2 cars.	Colin has atleast 3 cars.
contradiction	Johnny has 2 newspapers.	Johnny has atleast 6 newspapers.
contradiction	Steve has 7 banknotes.	Steve has atleast 8 banknotes.
contradiction	Gary has 3 bottles.	Gary has atleast 10 bottles.
contradiction	Michael has 6 stamps.	Michael has atleast 8 stamps.
contradiction	Fiona has 1 watches.	Fiona has atleast 3 watches.
contradiction	Jack has 3 lighters.	Jack has atleast 9 lighters.
contradiction	Eleanor has 3 diaries.	Eleanor has atleast 9 diaries.
contradiction	Sophie has 3 stamps.	Sophie has atleast 6 stamps.
contradiction	Alan has 1 photos.	Alan has atleast 6 photos.
contradiction	Adam has 3 lipsticks.	Adam has atleast 4 lipsticks.
contradiction	Stephanie has 5 dictionaries.	Stephanie has atleast 8 dictionaries.
contradiction	Albert has 3 files.	Albert has atleast 9 files.
contradiction	Jim has 4 headphones.	Jim has atleast 6 headphones.
contradiction	Catherine has 1 photos.	Catherine has atleast 2 photos.
contradiction	David has 1 laptops.	David has atleast 2 laptops.
contradiction	Joan has 2 brushes.	Joan has atleast 6 brushes.
contradiction	Johnny has 1 bottles.	Johnny has atleast 3 bottles.
contradiction	Ed has 3 stamps.	Ed has atleast 5 stamps.
contradiction	Joseph has 3 lipsticks.	Joseph has atleast 8 lipsticks.
contradiction	Kevin has 5 tissues.	Kevin has atleast 10 tissues.
contradiction	Joseph has 1 buttons.	Joseph has atleast 3 buttons.
contradiction	Dorothy has 2 tissues.	Dorothy has atleast 7 tissues.
contradiction	Jonathan has 2 combs.	Jonathan has atleast 3 combs.
contradiction	Alan has 2 cases.	Alan has atleast 3 cases.
contradiction	Joan has 3 dictionaries.	Joan has atleast 8 dictionaries.
contradiction	Fred has 1 rubbers.	Fred has atleast 5 rubbers.
contradiction	Elaine has 2 pens.	Elaine has atleast 8 pens.
contradiction	Tony has 3 dictionaries.	Tony has atleast 4 dictionaries.
contradiction	Alison has 9 coins.	Alison has atleast 10 coins.
contradiction	Eleanor has 1 newspapers.	Eleanor has atleast 8 newspapers.
contradiction	Annie has 1 brushes.	Annie has atleast 4 brushes.
contradiction	Jean has 2 glasses.	Jean has atleast 5 glasses.
contradiction	Anne has 1 scissors.	Anne has atleast 4 scissors.
contradiction	Lawrence has 3 cigarettes.	Lawrence has atleast 7 cigarettes.
contradiction	Al has 3 mobile phones.	Al has atleast 5 mobile phones.
contradiction	Kathleen has 1 purses.	Kathleen has atleast 2 purses.
contradiction	Linda has 2 postcards.	Linda has atleast 10 postcards.
contradiction	Lauren has 2 pencils.	Lauren has atleast 3 pencils.
contradiction	Howard has 3 credit cards.	Howard has atleast 10 credit cards.
contradiction	John has 4 matches.	John has atleast 5 matches.
contradiction	Jane has 6 matches.	Jane has atleast 10 matches.
contradiction	Carl has 4 cars.	Carl has atleast 7 cars.
contradiction	Jonathan has 4 umbrellas.	Jonathan has atleast 5 umbrellas.
contradiction	Adam has 2 cameras.	Adam has atleast 4 cameras.
contradiction	Lauren has 1 purses.	Lauren has atleast 4 purses.
contradiction	Frank has 3 wallets.	Frank has atleast 4 wallets.
contradiction	Stephanie has 1 players.	Stephanie has atleast 4 players.
contradiction	Larry has 2 matches.	Larry has atleast 4 matches.
contradiction	James has 2 mobile phones.	James has atleast 8 mobile phones.
contradiction	Thomas has 3 photos.	Thomas has atleast 6 photos.
contradiction	Brian has 1 magazines.	Brian has atleast 2 magazines.
contradiction	Andrew has 3 pencils.	Andrew has atleast 8 pencils.
contradiction	Mark has 4 purses.	Mark has atleast 9 purses.
contradiction	Steven has 2 photos.	Steven has atleast 6 photos.
contradiction	Charlie has 5 glasses.	Charlie has atleast 8 glasses.
contradiction	Jennifer has 1 dictionaries.	Jennifer has atleast 2 dictionaries.
contradiction	Robin has 9 cases.	Robin has atleast 10 cases.
contradiction	Stephen has 3 laptops.	Stephen has atleast 9 laptops.
contradiction	Mark has 4 pencils.	Mark has atleast 7 pencils.
contradiction	Howard has 1 purses.	Howard has atleast 2 purses.
contradiction	Victoria has 5 notebooks.	Victoria has atleast 7 notebooks.
contradiction	Sophie has 3 cars.	Sophie has atleast 5 cars.
contradiction	Catherine has 1 rubbers.	Catherine has atleast 9 rubbers.
contradiction	Stephanie has 6 stamps.	Stephanie has atleast 7 stamps.
contradiction	Emma has 5 buttons.	Emma has atleast 8 buttons.
contradiction	Tony has 1 toothbrushes.	Tony has atleast 2 toothbrushes.
contradiction	Christopher has 1 mobile phones.	Christopher has atleast 10 mobile phones.
contradiction	Kenneth has 1 cars.	Kenneth has atleast 2 cars.
contradiction	Johnny has 1 toothbrushes.	Johnny has atleast 9 toothbrushes.
contradiction	Wendy has 1 cameras.	Wendy has atleast 6 cameras.
contradiction	Keith has 7 matches.	Keith has atleast 9 matches.
contradiction	Colin has 1 clips.	Colin has atleast 7 clips.
contradiction	Joan has 9 rubbers.	Joan has atleast 10 rubbers.
contradiction	Kathleen has 4 stamps.	Kathleen has atleast 9 stamps.
contradiction	Frank has 5 banknotes.	Frank has atleast 7 banknotes.
contradiction	Victoria has 6 lighters.	Victoria has atleast 9 lighters.
contradiction	Kevin has 4 postcards.	Kevin has atleast 7 postcards.
contradiction	Roger has 8 diaries.	Roger has atleast 9 diaries.
contradiction	Howard has 6 batteries.	Howard has atleast 9 batteries.
contradiction	Dick has 1 banknotes.	Dick has atleast 3 banknotes.
contradiction	Bill has 1 bottles.	Bill has atleast 3 bottles.
contradiction	Leslie has 5 dictionaries.	Leslie has atleast 8 dictionaries.
contradiction	Patrick has 1 cars.	Patrick has atleast 2 cars.
contradiction	Harold has 1 rubbers.	Harold has atleast 7 rubbers.
contradiction	Frederick has 3 mobile phones.	Frederick has atleast 4 mobile phones.
contradiction	Alex has 3 cases.	Alex has atleast 4 cases.
contradiction	Jill has 7 bottles.	Jill has atleast 9 bottles.
contradiction	Sue has 1 purses.	Sue has atleast 2 purses.
contradiction	Susan has 3 banknotes.	Susan has atleast 7 banknotes.
contradiction	Al has 3 diaries.	Al has atleast 4 diaries.
contradiction	Jonathan has 5 dictionaries.	Jonathan has atleast 7 dictionaries.
contradiction	Cynthia has 4 identity cards.	Cynthia has atleast 7 identity cards.
contradiction	Catherine has 4 stamps.	Catherine has atleast 5 stamps.
contradiction	Julia has 7 bottles.	Julia has atleast 10 bottles.
contradiction	Linda has 2 pens.	Linda has atleast 8 pens.
contradiction	Sharon has 4 watches.	Sharon has atleast 5 watches.
contradiction	Joe has 1 photos.	Joe has atleast 2 photos.
contradiction	Jason has 4 lipsticks.	Jason has atleast 6 lipsticks.
contradiction	Fred has 1 identity cards.	Fred has atleast 5 identity cards.
contradiction	William has 4 magazines.	William has atleast 9 magazines.
contradiction	Fred has 1 scissors.	Fred has atleast 2 scissors.
contradiction	Martin has 1 pencils.	Martin has atleast 5 pencils.
contradiction	Julie has 1 mobile phones.	Julie has atleast 2 mobile phones.
contradiction	Katie has 1 files.	Katie has atleast 9 files.
contradiction	Jonathan has 4 light bulbs.	Jonathan has atleast 7 light bulbs.
contradiction	Dan has 6 scissors.	Dan has atleast 9 scissors.
contradiction	Sarah has 1 cars.	Sarah has atleast 7 cars.
contradiction	Robin has 1 pencils.	Robin has atleast 2 pencils.
contradiction	Marie has 1 lipsticks.	Marie has atleast 2 lipsticks.
contradiction	Tony has 4 headphones.	Tony has atleast 6 headphones.
contradiction	Katie has 3 postcards.	Katie has atleast 5 postcards.
contradiction	Ryan has 2 rubbers.	Ryan has atleast 5 rubbers.
contradiction	Virginia has 1 diaries.	Virginia has atleast 2 diaries.
contradiction	Rose has 2 buttons.	Rose has atleast 7 buttons.
contradiction	Benjamin has 2 magazines.	Benjamin has atleast 6 magazines.
contradiction	Catherine has 2 buttons.	Catherine has atleast 5 buttons.
contradiction	Christine has 2 postcards.	Christine has atleast 5 postcards.
contradiction	Jane has 1 cars.	Jane has atleast 7 cars.
contradiction	Grace has 1 cigarettes.	Grace has atleast 7 cigarettes.
contradiction	Ron has 1 mirrors.	Ron has atleast 2 mirrors.
contradiction	Diana has 1 watches.	Diana has atleast 2 watches.
contradiction	Michael has 4 pencils.	Michael has atleast 6 pencils.
contradiction	Jim has 1 dictionaries.	Jim has atleast 2 dictionaries.
contradiction	Pamela has 8 clips.	Pamela has atleast 9 clips.
contradiction	Lynn has 1 brushes.	Lynn has atleast 2 brushes.
contradiction	Simon has 5 toothbrushes.	Simon has atleast 8 toothbrushes.
contradiction	Carolyn has 1 headphones.	Carolyn has atleast 2 headphones.
contradiction	Richard has 7 players.	Richard has atleast 8 players.
contradiction	Sue has 1 mirrors.	Sue has atleast 7 mirrors.
contradiction	Ken has 7 notebooks.	Ken has atleast 10 notebooks.
contradiction	Patricia has 5 wallets.	Patricia has atleast 6 wallets.
contradiction	Ben has 1 lipsticks.	Ben has atleast 2 lipsticks.
contradiction	Donna has 3 wallets.	Donna has atleast 5 wallets.
contradiction	Marie has 1 cameras.	Marie has atleast 2 cameras.
contradiction	Louise has 1 banknotes.	Louise has atleast 10 banknotes.
contradiction	Annie has 1 photos.	Annie has atleast 9 photos.
contradiction	Sara has 1 notebooks.	Sara has atleast 3 notebooks.
contradiction	Kim has 2 players.	Kim has atleast 7 players.
contradiction	Barbara has 4 credit cards.	Barbara has atleast 10 credit cards.
contradiction	Patrick has 1 stamps.	Patrick has atleast 2 stamps.
contradiction	Catherine has 2 laptops.	Catherine has atleast 4 laptops.
contradiction	Andrea has 5 diaries.	Andrea has atleast 7 diaries.
contradiction	Janet has 1 mobile phones.	Janet has atleast 8 mobile phones.
contradiction	Kenneth has 1 identity cards.	Kenneth has atleast 8 identity cards.
contradiction	Amy has 7 alarm clocks.	Amy has atleast 8 alarm clocks.
contradiction	Amy has 1 banknotes.	Amy has atleast 6 banknotes.
contradiction	Lauren has 3 buttons.	Lauren has atleast 4 buttons.
contradiction	Joe has 6 diaries.	Joe has atleast 7 diaries.
contradiction	William has 3 credit cards.	William has atleast 6 credit cards.
contradiction	Jason has 1 mirrors.	Jason has atleast 5 mirrors.
contradiction	Sam has 1 mirrors.	Sam has atleast 2 mirrors.
contradiction	Sue has 1 postcards.	Sue has atleast 4 postcards.
contradiction	Sharon has 1 mirrors.	Sharon has atleast 2 mirrors.
contradiction	Keith has 2 identity cards.	Keith has atleast 3 identity cards.
contradiction	Grace has 3 mirrors.	Grace has atleast 8 mirrors.
contradiction	Judy has 7 scissors.	Judy has atleast 8 scissors.
contradiction	Jack has 3 newspapers.	Jack has atleast 4 newspapers.
contradiction	Charlie has 2 umbrellas.	Charlie has atleast 4 umbrellas.
contradiction	Eric has 1 coins.	Eric has atleast 2 coins.
contradiction	Matthew has 4 cars.	Matthew has atleast 6 cars.
contradiction	Mary has 3 files.	Mary has atleast 6 files.
contradiction	Annie has 2 dictionaries.	Annie has atleast 7 dictionaries.
contradiction	Roger has 1 photos.	Roger has atleast 3 photos.
contradiction	Henry has 5 brushes.	Henry has atleast 6 brushes.
contradiction	Helen has 8 mirrors.	Helen has atleast 10 mirrors.
contradiction	Ann has 2 light bulbs.	Ann has atleast 4 light bulbs.
contradiction	Johnny has 9 coins.	Johnny has atleast 10 coins.
contradiction	Jessica has 2 diaries.	Jessica has atleast 10 diaries.
contradiction	Carol has 8 stamps.	Carol has atleast 10 stamps.
contradiction	Maria has 1 glasses.	Maria has atleast 4 glasses.
contradiction	Linda has 4 umbrellas.	Linda has atleast 8 umbrellas.
contradiction	Ray has 3 stamps.	Ray has atleast 8 stamps.
contradiction	Kathryn has 2 glasses.	Kathryn has atleast 4 glasses.
contradiction	Jean has 8 dictionaries.	Jean has atleast 10 dictionaries.
contradiction	Tom has 1 umbrellas.	Tom has atleast 4 umbrellas.
contradiction	Donald has 3 pencils.	Donald has atleast 4 pencils.
contradiction	Florence has 3 matches.	Florence has atleast 7 matches.
contradiction	Stephanie has 6 alarm clocks.	Stephanie has atleast 7 alarm clocks.
contradiction	Charlie has 2 scissors.	Charlie has atleast 3 scissors.
contradiction	Billy has 2 wallets.	Billy has atleast 10 wallets.
contradiction	Mark has 1 cases.	Mark has atleast 3 cases.
contradiction	Ryan has 1 pens.	Ryan has atleast 2 pens.
contradiction	Joe has 5 coins.	Joe has atleast 9 coins.
contradiction	David has 3 watches.	David has atleast 5 watches.
contradiction	Adam has 2 coins.	Adam has atleast 9 coins.
contradiction	Laura has 1 umbrellas.	Laura has atleast 2 umbrellas.
contradiction	Sandra has 2 credit cards.	Sandra has atleast 6 credit cards.
contradiction	Florence has 1 stamps.	Florence has atleast 2 stamps.
contradiction	Robin has 6 lipsticks.	Robin has atleast 9 lipsticks.
contradiction	Sharon has 1 toothbrushes.	Sharon has atleast 2 toothbrushes.
contradiction	Stephanie has 1 credit cards.	Stephanie has atleast 9 credit cards.
contradiction	Grace has 3 headphones.	Grace has atleast 5 headphones.
contradiction	Frances has 1 headphones.	Frances has atleast 4 headphones.
contradiction	Steven has 2 notebooks.	Steven has atleast 3 notebooks.
contradiction	Thomas has 1 cigarettes.	Thomas has atleast 2 cigarettes.
contradiction	Jill has 2 dictionaries.	Jill has atleast 6 dictionaries.
contradiction	Sally has 2 lighters.	Sally has atleast 3 lighters.
contradiction	Ed has 1 cars.	Ed has atleast 6 cars.
contradiction	Rebecca has 3 brushes.	Rebecca has atleast 4 brushes.
contradiction	Roy has 6 postcards.	Roy has atleast 8 postcards.
contradiction	Suzanne has 1 clips.	Suzanne has atleast 3 clips.
contradiction	Jane has 3 watches.	Jane has atleast 4 watches.
contradiction	Maria has 3 identity cards.	Maria has atleast 9 identity cards.
contradiction	Patrick has 1 scissors.	Patrick has atleast 7 scissors.
contradiction	Jimmy has 2 bottles.	Jimmy has atleast 5 bottles.
contradiction	Catherine has 2 clips.	Catherine has atleast 3 clips.
contradiction	Dorothy has 1 light bulbs.	Dorothy has atleast 2 light bulbs.
contradiction	Jay has 1 cameras.	Jay has atleast 3 cameras.
contradiction	Bobby has 2 cases.	Bobby has atleast 9 cases.
contradiction	Alan has 2 batteries.	Alan has atleast 3 batteries.
contradiction	Margaret has 2 identity cards.	Margaret has atleast 3 identity cards.
contradiction	Samuel has 7 mirrors.	Samuel has atleast 10 mirrors.
contradiction	Patricia has 9 rubbers.	Patricia has atleast 10 rubbers.
contradiction	Ken has 3 pens.	Ken has atleast 8 pens.
contradiction	Charlie has 4 cars.	Charlie has atleast 8 cars.
contradiction	Sophie has 1 identity cards.	Sophie has atleast 4 identity cards.
contradiction	James has 9 mobile phones.	James has atleast 10 mobile phones.
contradiction	Melissa has 3 files.	Melissa has atleast 7 files.
contradiction	Sophie has 2 matches.	Sophie has atleast 3 matches.
contradiction	Susan has 6 cases.	Susan has atleast 7 cases.
contradiction	Ian has 1 pens.	Ian has atleast 2 pens.
contradiction	Louise has 2 bottles.	Louise has atleast 3 bottles.
contradiction	Jennifer has 1 identity cards.	Jennifer has atleast 2 identity cards.
contradiction	Marilyn has 5 umbrellas.	Marilyn has atleast 6 umbrellas.
contradiction	Marie has 4 alarm clocks.	Marie has atleast 6 alarm clocks.
contradiction	Jay has 2 mirrors.	Jay has atleast 3 mirrors.
contradiction	Bill has 7 laptops.	Bill has atleast 8 laptops.
contradiction	Richard has 7 cars.	Richard has atleast 10 cars.
contradiction	Victoria has 2 magazines.	Victoria has atleast 5 magazines.
contradiction	James has 8 banknotes.	James has atleast 9 banknotes.
contradiction	Marilyn has 2 glasses.	Marilyn has atleast 3 glasses.
contradiction	David has 1 laptops.	David has atleast 8 laptops.
contradiction	Lucy has 1 diaries.	Lucy has atleast 2 diaries.
contradiction	Michelle has 8 combs.	Michelle has atleast 10 combs.
contradiction	Leslie has 2 cars.	Leslie has atleast 7 cars.
contradiction	Jennifer has 5 pencils.	Jennifer has atleast 9 pencils.
contradiction	Anna has 1 cigarettes.	Anna has atleast 4 cigarettes.
contradiction	Katie has 1 photos.	Katie has atleast 3 photos.
contradiction	Michelle has 2 light bulbs.	Michelle has atleast 4 light bulbs.
contradiction	Richard has 3 alarm clocks.	Richard has atleast 6 alarm clocks.
contradiction	Judy has 8 mirrors.	Judy has atleast 10 mirrors.
contradiction	Larry has 5 wallets.	Larry has atleast 10 wallets.
contradiction	Tony has 2 files.	Tony has atleast 10 files.
contradiction	Judy has 5 notebooks.	Judy has atleast 9 notebooks.
contradiction	Stephen has 5 identity cards.	Stephen has atleast 9 identity cards.
contradiction	Joe has 1 glasses.	Joe has atleast 3 glasses.
contradiction	Hugh has 1 pencils.	Hugh has atleast 3 pencils.
contradiction	Kevin has 1 newspapers.	Kevin has atleast 7 newspapers.
contradiction	Fred has 6 photos.	Fred has atleast 7 photos.
contradiction	Diane has 6 magazines.	Diane has atleast 7 magazines.
contradiction	Maria has 1 mirrors.	Maria has atleast 5 mirrors.
contradiction	Sara has 2 cameras.	Sara has atleast 3 cameras.
contradiction	Sara has 1 umbrellas.	Sara has atleast 3 umbrellas.
contradiction	Victoria has 1 umbrellas.	Victoria has atleast 6 umbrellas.
contradiction	Donna has 5 newspapers.	Donna has atleast 10 newspapers.
contradiction	Harry has 7 matches.	Harry has atleast 9 matches.
contradiction	Samuel has 1 dictionaries.	Samuel has atleast 4 dictionaries.
contradiction	Leslie has 2 mirrors.	Leslie has atleast 4 mirrors.
contradiction	Mary has 2 batteries.	Mary has atleast 8 batteries.
contradiction	Cynthia has 3 cases.	Cynthia has atleast 5 cases.
contradiction	Bill has 3 tissues.	Bill has atleast 4 tissues.
contradiction	Dan has 2 bottles.	Dan has atleast 6 bottles.
contradiction	Martha has 1 files.	Martha has atleast 4 files.
contradiction	Evelyn has 4 mobile phones.	Evelyn has atleast 7 mobile phones.
contradiction	Jim has 2 stamps.	Jim has atleast 9 stamps.
contradiction	Arthur has 1 toothbrushes.	Arthur has atleast 2 toothbrushes.
contradiction	Elaine has 4 lighters.	Elaine has atleast 10 lighters.
contradiction	Diane has 1 magazines.	Diane has atleast 2 magazines.
contradiction	Pamela has 1 photos.	Pamela has atleast 7 photos.
contradiction	Christopher has 1 cars.	Christopher has atleast 8 cars.
contradiction	Kevin has 4 glasses.	Kevin has atleast 8 glasses.
contradiction	Johnny has 8 lighters.	Johnny has atleast 10 lighters.
contradiction	Keith has 1 mirrors.	Keith has atleast 3 mirrors.
contradiction	Donna has 1 lighters.	Donna has atleast 2 lighters.
contradiction	Frank has 1 scissors.	Frank has atleast 6 scissors.
contradiction	Cynthia has 3 light bulbs.	Cynthia has atleast 9 light bulbs.
contradiction	Evelyn has 2 notebooks.	Evelyn has atleast 6 notebooks.
contradiction	Alexander has 1 laptops.	Alexander has atleast 3 laptops.
contradiction	Wendy has 8 files.	Wendy has atleast 10 files.
contradiction	Jay has 2 cases.	Jay has atleast 4 cases.
contradiction	Jay has 4 coins.	Jay has atleast 9 coins.
contradiction	Lisa has 7 clips.	Lisa has atleast 8 clips.
contradiction	Bruce has 5 dictionaries.	Bruce has atleast 7 dictionaries.
contradiction	Brian has 1 pencils.	Brian has atleast 3 pencils.
contradiction	Ann has 1 matches.	Ann has atleast 4 matches.
contradiction	Ralph has 8 combs.	Ralph has atleast 9 combs.
contradiction	Thomas has 4 pencils.	Thomas has atleast 6 pencils.
contradiction	Stephen has 1 batteries.	Stephen has atleast 2 batteries.
contradiction	Pamela has 5 cigarettes.	Pamela has atleast 8 cigarettes.
contradiction	Alice has 1 laptops.	Alice has atleast 9 laptops.
contradiction	Virginia has 2 tissues.	Virginia has atleast 5 tissues.
contradiction	Keith has 1 pens.	Keith has atleast 2 pens.
contradiction	Claire has 2 magazines.	Claire has atleast 5 magazines.
contradiction	Johnny has 3 stamps.	Johnny has atleast 5 stamps.
contradiction	Robert has 3 brushes.	Robert has atleast 9 brushes.
contradiction	Sam has 5 combs.	Sam has atleast 8 combs.
contradiction	Ryan has 3 players.	Ryan has atleast 6 players.
contradiction	Marilyn has 2 wallets.	Marilyn has atleast 7 wallets.
contradiction	Kevin has 1 light bulbs.	Kevin has atleast 3 light bulbs.
contradiction	Dorothy has 1 stamps.	Dorothy has atleast 4 stamps.
contradiction	Frederick has 1 pencils.	Frederick has atleast 9 pencils.
contradiction	Alexander has 1 laptops.	Alexander has atleast 2 laptops.
contradiction	Edward has 2 credit cards.	Edward has atleast 3 credit cards.
contradiction	Roger has 3 purses.	Roger has atleast 4 purses.
contradiction	Suzanne has 3 mobile phones.	Suzanne has atleast 4 mobile phones.
contradiction	Dick has 3 pens.	Dick has atleast 9 pens.
contradiction	Elizabeth has 2 umbrellas.	Elizabeth has atleast 4 umbrellas.
contradiction	Julia has 1 laptops.	Julia has atleast 2 laptops.
contradiction	Linda has 4 notebooks.	Linda has atleast 5 notebooks.
contradiction	Frances has 1 cars.	Frances has atleast 3 cars.
contradiction	Ian has 3 coins.	Ian has atleast 4 coins.
contradiction	Steven has 4 pens.	Steven has atleast 8 pens.
contradiction	Sophie has 9 batteries.	Sophie has atleast 10 batteries.
contradiction	Victoria has 9 pencils.	Victoria has atleast 10 pencils.
contradiction	Jane has 1 glasses.	Jane has atleast 2 glasses.
contradiction	Marie has 6 lipsticks.	Marie has atleast 8 lipsticks.
contradiction	Gary has 5 diaries.	Gary has atleast 8 diaries.
contradiction	Suzanne has 3 mirrors.	Suzanne has atleast 8 mirrors.
contradiction	Don has 1 headphones.	Don has atleast 4 headphones.
contradiction	Amy has 5 magazines.	Amy has atleast 9 magazines.
contradiction	Chris has 1 players.	Chris has atleast 5 players.
contradiction	Katherine has 2 wallets.	Katherine has atleast 3 wallets.
contradiction	Colin has 3 cigarettes.	Colin has atleast 7 cigarettes.
contradiction	David has 5 files.	David has atleast 7 files.
contradiction	Bruce has 2 players.	Bruce has atleast 3 players.
contradiction	Fred has 2 bottles.	Fred has atleast 4 bottles.
contradiction	Marie has 7 cars.	Marie has atleast 10 cars.
contradiction	Cynthia has 7 cameras.	Cynthia has atleast 8 cameras.
contradiction	Chris has 9 toothbrushes.	Chris has atleast 10 toothbrushes.
contradiction	Charlotte has 5 headphones.	Charlotte has atleast 6 headphones.
contradiction	Donald has 1 brushes.	Donald has atleast 5 brushes.
contradiction	Leslie has 1 coins.	Leslie has atleast 2 coins.
contradiction	Eleanor has 4 notebooks.	Eleanor has atleast 6 notebooks.
contradiction	Edith has 4 players.	Edith has atleast 5 players.
contradiction	Stephanie has 1 credit cards.	Stephanie has atleast 2 credit cards.
contradiction	Don has 3 combs.	Don has atleast 10 combs.
contradiction	Charlotte has 2 mirrors.	Charlotte has atleast 5 mirrors.
contradiction	Florence has 3 stamps.	Florence has atleast 4 stamps.
contradiction	Paul has 4 batteries.	Paul has atleast 7 batteries.
contradiction	Jay has 2 lighters.	Jay has atleast 7 lighters.
contradiction	Albert has 2 banknotes.	Albert has atleast 10 banknotes.
contradiction	Sally has 2 rubbers.	Sally has atleast 5 rubbers.
contradiction	Jean has 1 batteries.	Jean has atleast 8 batteries.
contradiction	Anna has 1 banknotes.	Anna has atleast 4 banknotes.
contradiction	Cynthia has 2 diaries.	Cynthia has atleast 3 diaries.
contradiction	Amy has 4 banknotes.	Amy has atleast 5 banknotes.
contradiction	Marie has 1 bottles.	Marie has atleast 4 bottles.
contradiction	Albert has 5 buttons.	Albert has atleast 6 buttons.
contradiction	Walter has 2 postcards.	Walter has atleast 4 postcards.
contradiction	Keith has 7 cameras.	Keith has atleast 10 cameras.
contradiction	Louis has 7 glasses.	Louis has atleast 10 glasses.
contradiction	Thomas has 2 alarm clocks.	Thomas has atleast 3 alarm clocks.
contradiction	Pamela has 1 brushes.	Pamela has atleast 4 brushes.
contradiction	Jane has 4 dictionaries.	Jane has atleast 5 dictionaries.
contradiction	Michelle has 2 diaries.	Michelle has atleast 4 diaries.
contradiction	Larry has 2 matches.	Larry has atleast 3 matches.
contradiction	Tom has 3 bottles.	Tom has atleast 10 bottles.
contradiction	Scott has 1 glasses.	Scott has atleast 4 glasses.
contradiction	Lawrence has 1 pencils.	Lawrence has atleast 4 pencils.
contradiction	Anna has 5 clips.	Anna has atleast 8 clips.
contradiction	Jimmy has 2 credit cards.	Jimmy has atleast 10 credit cards.
contradiction	Betty has 6 stamps.	Betty has atleast 7 stamps.
contradiction	Caroline has 1 brushes.	Caroline has atleast 2 brushes.
contradiction	Jonathan has 3 clips.	Jonathan has atleast 6 clips.
contradiction	Sharon has 3 diaries.	Sharon has atleast 4 diaries.
contradiction	Simon has 1 pens.	Simon has atleast 4 pens.
contradiction	Thomas has 2 photos.	Thomas has atleast 3 photos.
contradiction	William has 1 matches.	William has atleast 10 matches.
contradiction	Joseph has 1 credit cards.	Joseph has atleast 2 credit cards.
contradiction	Emily has 1 umbrellas.	Emily has atleast 4 umbrellas.
contradiction	Stephanie has 5 toothbrushes.	Stephanie has atleast 8 toothbrushes.
contradiction	Carolyn has 1 players.	Carolyn has atleast 6 players.
contradiction	Hugh has 6 umbrellas.	Hugh has atleast 7 umbrellas.
contradiction	Roy has 3 files.	Roy has atleast 5 files.
contradiction	Cynthia has 1 stamps.	Cynthia has atleast 6 stamps.
contradiction	Ed has 3 laptops.	Ed has atleast 4 laptops.
contradiction	Hugh has 1 purses.	Hugh has atleast 4 purses.
contradiction	Keith has 1 coins.	Keith has atleast 2 coins.
contradiction	Ellen has 8 diaries.	Ellen has atleast 9 diaries.
contradiction	Steve has 3 watches.	Steve has atleast 7 watches.
contradiction	Amanda has 1 banknotes.	Amanda has atleast 6 banknotes.
contradiction	Ben has 3 purses.	Ben has atleast 5 purses.
contradiction	Alison has 2 glasses.	Alison has atleast 4 glasses.
contradiction	Kevin has 4 cigarettes.	Kevin has atleast 5 cigarettes.
contradiction	Victoria has 4 bottles.	Victoria has atleast 8 bottles.
contradiction	Emily has 2 umbrellas.	Emily has atleast 7 umbrellas.
contradiction	Rachel has 7 alarm clocks.	Rachel has atleast 10 alarm clocks.
contradiction	Matthew has 2 mobile phones.	Matthew has atleast 8 mobile phones.
contradiction	Michael has 2 purses.	Michael has atleast 3 purses.
contradiction	Arthur has 3 umbrellas.	Arthur has atleast 4 umbrellas.
contradiction	Frank has 3 light bulbs.	Frank has atleast 10 light bulbs.
contradiction	Carol has 1 purses.	Carol has atleast 2 purses.
contradiction	Tom has 1 players.	Tom has atleast 5 players.
contradiction	Jason has 1 wallets.	Jason has atleast 5 wallets.
contradiction	Sarah has 1 pens.	Sarah has atleast 2 pens.
contradiction	Annie has 6 glasses.	Annie has atleast 7 glasses.
contradiction	Nancy has 4 players.	Nancy has atleast 7 players.
contradiction	Tim has 1 dictionaries.	Tim has atleast 2 dictionaries.
contradiction	Lawrence has 8 brushes.	Lawrence has atleast 9 brushes.
contradiction	Kevin has 1 credit cards.	Kevin has atleast 2 credit cards.
contradiction	Carl has 2 mobile phones.	Carl has atleast 4 mobile phones.
contradiction	Mike has 1 diaries.	Mike has atleast 2 diaries.
contradiction	Jim has 2 coins.	Jim has atleast 3 coins.
contradiction	Bobby has 1 cars.	Bobby has atleast 7 cars.
contradiction	Benjamin has 9 newspapers.	Benjamin has atleast 10 newspapers.
contradiction	Marie has 2 notebooks.	Marie has atleast 3 notebooks.
contradiction	Pamela has 1 watches.	Pamela has atleast 3 watches.
contradiction	Annie has 4 batteries.	Annie has atleast 7 batteries.
contradiction	Marilyn has 2 coins.	Marilyn has atleast 4 coins.
contradiction	Sandra has 1 buttons.	Sandra has atleast 3 buttons.
contradiction	Alex has 1 watches.	Alex has atleast 2 watches.
contradiction	Wendy has 4 clips.	Wendy has atleast 8 clips.
contradiction	Matthew has 4 scissors.	Matthew has atleast 5 scissors.
contradiction	Dick has 1 cigarettes.	Dick has atleast 4 cigarettes.
contradiction	Anthony has 1 notebooks.	Anthony has atleast 2 notebooks.
contradiction	Kenneth has 2 diaries.	Kenneth has atleast 6 diaries.
contradiction	Caroline has 1 lipsticks.	Caroline has atleast 5 lipsticks.
contradiction	Adam has 1 laptops.	Adam has atleast 3 laptops.
contradiction	Jessica has 7 clips.	Jessica has atleast 8 clips.
contradiction	Alex has 1 cameras.	Alex has atleast 2 cameras.
contradiction	Evelyn has 5 buttons.	Evelyn has atleast 7 buttons.
contradiction	Fred has 6 players.	Fred has atleast 9 players.
contradiction	Samuel has 1 matches.	Samuel has atleast 9 matches.
contradiction	Steven has 7 newspapers.	Steven has atleast 9 newspapers.
contradiction	Larry has 6 pencils.	Larry has atleast 9 pencils.
contradiction	Al has 4 headphones.	Al has atleast 7 headphones.
contradiction	Eleanor has 2 pens.	Eleanor has atleast 7 pens.
contradiction	Robert has 5 scissors.	Robert has atleast 6 scissors.
contradiction	Bob has 6 cameras.	Bob has atleast 8 cameras.
contradiction	Kathryn has 2 players.	Kathryn has atleast 4 players.
contradiction	Tom has 3 tissues.	Tom has atleast 8 tissues.
contradiction	Jennifer has 1 stamps.	Jennifer has atleast 9 stamps.
contradiction	Sarah has 1 scissors.	Sarah has atleast 2 scissors.
contradiction	Walter has 1 clips.	Walter has atleast 2 clips.
contradiction	Claire has 1 banknotes.	Claire has atleast 2 banknotes.
contradiction	Judith has 3 identity cards.	Judith has atleast 7 identity cards.
contradiction	Donald has 4 cigarettes.	Donald has atleast 7 cigarettes.
contradiction	Hugh has 1 stamps.	Hugh has atleast 7 stamps.
contradiction	Gary has 2 players.	Gary has atleast 6 players.
contradiction	Patricia has 1 toothbrushes.	Patricia has atleast 7 toothbrushes.
contradiction	Heather has 8 pens.	Heather has atleast 9 pens.
contradiction	Jimmy has 1 clips.	Jimmy has atleast 8 clips.
contradiction	Roger has 5 mobile phones.	Roger has atleast 10 mobile phones.
contradiction	Barbara has 1 cars.	Barbara has atleast 5 cars.
contradiction	Don has 1 bottles.	Don has atleast 2 bottles.
contradiction	Margaret has 1 toothbrushes.	Margaret has atleast 2 toothbrushes.
contradiction	Rebecca has 3 matches.	Rebecca has atleast 4 matches.
contradiction	Ellen has 5 identity cards.	Ellen has atleast 10 identity cards.
contradiction	Keith has 1 headphones.	Keith has atleast 5 headphones.
contradiction	Daniel has 4 combs.	Daniel has atleast 8 combs.
contradiction	Stephanie has 2 brushes.	Stephanie has atleast 4 brushes.
contradiction	Albert has 3 stamps.	Albert has atleast 8 stamps.
contradiction	Alison has 2 dictionaries.	Alison has atleast 3 dictionaries.
contradiction	Edwin has 2 notebooks.	Edwin has atleast 10 notebooks.
contradiction	Hugh has 3 files.	Hugh has atleast 4 files.
contradiction	Howard has 6 dictionaries.	Howard has atleast 10 dictionaries.
contradiction	Rose has 2 combs.	Rose has atleast 3 combs.
contradiction	Hugh has 1 lipsticks.	Hugh has atleast 6 lipsticks.
contradiction	Jill has 2 umbrellas.	Jill has atleast 3 umbrellas.
contradiction	Steve has 1 lighters.	Steve has atleast 2 lighters.
contradiction	Michael has 3 coins.	Michael has atleast 7 coins.
contradiction	Simon has 1 dictionaries.	Simon has atleast 8 dictionaries.
contradiction	Joe has 1 wallets.	Joe has atleast 5 wallets.
contradiction	Andrea has 3 notebooks.	Andrea has atleast 8 notebooks.
contradiction	Frederick has 1 brushes.	Frederick has atleast 8 brushes.
contradiction	Michael has 3 cigarettes.	Michael has atleast 5 cigarettes.
contradiction	Helen has 3 notebooks.	Helen has atleast 6 notebooks.
contradiction	Alexander has 2 cameras.	Alexander has atleast 4 cameras.
contradiction	Karen has 2 pens.	Karen has atleast 3 pens.
contradiction	Adam has 4 laptops.	Adam has atleast 5 laptops.
contradiction	Louise has 5 newspapers.	Louise has atleast 8 newspapers.
contradiction	Lisa has 3 photos.	Lisa has atleast 6 photos.
contradiction	Chris has 3 tissues.	Chris has atleast 9 tissues.
contradiction	Matthew has 3 clips.	Matthew has atleast 7 clips.
contradiction	Judith has 1 coins.	Judith has atleast 2 coins.
contradiction	Maria has 2 notebooks.	Maria has atleast 3 notebooks.
contradiction	Emily has 5 cases.	Emily has atleast 9 cases.
contradiction	Colin has 8 matches.	Colin has atleast 10 matches.
contradiction	Rebecca has 5 light bulbs.	Rebecca has atleast 8 light bulbs.
contradiction	Kelly has 4 scissors.	Kelly has atleast 5 scissors.
contradiction	Anne has 1 newspapers.	Anne has atleast 5 newspapers.
contradiction	Henry has 1 photos.	Henry has atleast 8 photos.
contradiction	Edith has 4 tissues.	Edith has atleast 7 tissues.
contradiction	Elaine has 6 photos.	Elaine has atleast 8 photos.
contradiction	George has 1 alarm clocks.	George has atleast 2 alarm clocks.
contradiction	Alice has 3 lighters.	Alice has atleast 5 lighters.
contradiction	Jay has 4 cars.	Jay has atleast 5 cars.
contradiction	Alfred has 1 stamps.	Alfred has atleast 6 stamps.
contradiction	Benjamin has 1 clips.	Benjamin has atleast 2 clips.
contradiction	Daniel has 1 identity cards.	Daniel has atleast 6 identity cards.
contradiction	Alison has 3 cigarettes.	Alison has atleast 8 cigarettes.
contradiction	Roy has 4 postcards.	Roy has atleast 7 postcards.
contradiction	Stephanie has 2 identity cards.	Stephanie has atleast 3 identity cards.
contradiction	Robin has 1 rubbers.	Robin has atleast 5 rubbers.
contradiction	Karen has 2 glasses.	Karen has atleast 3 glasses.
contradiction	Diane has 1 headphones.	Diane has atleast 2 headphones.
contradiction	Michael has 5 buttons.	Michael has atleast 6 buttons.
contradiction	Virginia has 3 wallets.	Virginia has atleast 9 wallets.
contradiction	Annie has 1 alarm clocks.	Annie has atleast 4 alarm clocks.
contradiction	Sara has 1 banknotes.	Sara has atleast 2 banknotes.
contradiction	Suzanne has 4 bottles.	Suzanne has atleast 5 bottles.
contradiction	Laura has 5 players.	Laura has atleast 7 players.
contradiction	Margaret has 3 batteries.	Margaret has atleast 9 batteries.
contradiction	Mark has 1 glasses.	Mark has atleast 4 glasses.
contradiction	Virginia has 5 rubbers.	Virginia has atleast 7 rubbers.
contradiction	Donald has 7 laptops.	Donald has atleast 9 laptops.
contradiction	Sally has 7 newspapers.	Sally has atleast 10 newspapers.
contradiction	Barbara has 2 watches.	Barbara has atleast 3 watches.
contradiction	Katie has 4 files.	Katie has atleast 8 files.
contradiction	Jay has 2 glasses.	Jay has atleast 7 glasses.
contradiction	Diane has 1 light bulbs.	Diane has atleast 3 light bulbs.
contradiction	Leslie has 2 diaries.	Leslie has atleast 3 diaries.
contradiction	Anthony has 2 diaries.	Anthony has atleast 8 diaries.
contradiction	Stephen has 1 cars.	Stephen has atleast 4 cars.
contradiction	Matt has 5 lighters.	Matt has atleast 7 lighters.
contradiction	Henry has 1 umbrellas.	Henry has atleast 9 umbrellas.
contradiction	Mary has 1 files.	Mary has atleast 3 files.
contradiction	Jim has 3 scissors.	Jim has atleast 7 scissors.
contradiction	Anna has 5 umbrellas.	Anna has atleast 9 umbrellas.
contradiction	Jane has 3 credit cards.	Jane has atleast 4 credit cards.
contradiction	Caroline has 1 laptops.	Caroline has atleast 4 laptops.
contradiction	Anne has 1 headphones.	Anne has atleast 2 headphones.
contradiction	Lawrence has 8 scissors.	Lawrence has atleast 10 scissors.
contradiction	Michelle has 1 buttons.	Michelle has atleast 7 buttons.
contradiction	Lauren has 9 files.	Lauren has atleast 10 files.
contradiction	Bob has 6 watches.	Bob has atleast 9 watches.
contradiction	Kenneth has 3 glasses.	Kenneth has atleast 6 glasses.
contradiction	Michael has 2 toothbrushes.	Michael has atleast 3 toothbrushes.
contradiction	Diane has 1 alarm clocks.	Diane has atleast 8 alarm clocks.
contradiction	Harriet has 3 laptops.	Harriet has atleast 8 laptops.
contradiction	Roger has 1 cameras.	Roger has atleast 2 cameras.
contradiction	Katherine has 3 toothbrushes.	Katherine has atleast 5 toothbrushes.
contradiction	Julie has 1 tissues.	Julie has atleast 2 tissues.
contradiction	Brian has 8 batteries.	Brian has atleast 10 batteries.
contradiction	Matthew has 6 combs.	Matthew has atleast 7 combs.
contradiction	Mary has 2 players.	Mary has atleast 6 players.
contradiction	Jeff has 3 files.	Jeff has atleast 10 files.
contradiction	Robin has 2 laptops.	Robin has atleast 3 laptops.
contradiction	Lucy has 2 light bulbs.	Lucy has atleast 3 light bulbs.
contradiction	Tom has 6 tissues.	Tom has atleast 10 tissues.
contradiction	Fiona has 1 coins.	Fiona has atleast 2 coins.
contradiction	Frances has 2 toothbrushes.	Frances has atleast 3 toothbrushes.
contradiction	Anthony has 1 newspapers.	Anthony has atleast 8 newspapers.
contradiction	Henry has 1 postcards.	Henry has atleast 8 postcards.
contradiction	Joseph has 1 mirrors.	Joseph has atleast 7 mirrors.
contradiction	Patricia has 2 watches.	Patricia has atleast 4 watches.
contradiction	Jessica has 4 players.	Jessica has atleast 6 players.
contradiction	Rose has 2 notebooks.	Rose has atleast 3 notebooks.
contradiction	Leslie has 1 light bulbs.	Leslie has atleast 2 light bulbs.
contradiction	Suzanne has 5 tissues.	Suzanne has atleast 7 tissues.
contradiction	Harry has 4 clips.	Harry has atleast 6 clips.
contradiction	Sandra has 1 wallets.	Sandra has atleast 2 wallets.
contradiction	Gary has 1 dictionaries.	Gary has atleast 9 dictionaries.
contradiction	Samuel has 6 files.	Samuel has atleast 9 files.
contradiction	Frederick has 1 umbrellas.	Frederick has atleast 2 umbrellas.
contradiction	Cynthia has 3 alarm clocks.	Cynthia has atleast 4 alarm clocks.
contradiction	George has 3 wallets.	George has atleast 4 wallets.
contradiction	Larry has 1 files.	Larry has atleast 2 files.
contradiction	Julia has 4 combs.	Julia has atleast 7 combs.
contradiction	Diana has 3 coins.	Diana has atleast 10 coins.
contradiction	Frederick has 7 coins.	Frederick has atleast 9 coins.
contradiction	Leslie has 4 notebooks.	Leslie has atleast 5 notebooks.
contradiction	Victoria has 3 cars.	Victoria has atleast 5 cars.
contradiction	William has 1 purses.	William has atleast 2 purses.
contradiction	Simon has 3 rubbers.	Simon has atleast 6 rubbers.
contradiction	Charles has 1 pencils.	Charles has atleast 4 pencils.
contradiction	Ken has 2 lighters.	Ken has atleast 4 lighters.
contradiction	Bruce has 8 brushes.	Bruce has atleast 9 brushes.
contradiction	Walter has 3 photos.	Walter has atleast 8 photos.
contradiction	Dan has 1 light bulbs.	Dan has atleast 2 light bulbs.
contradiction	Ian has 6 headphones.	Ian has atleast 7 headphones.
contradiction	Judith has 2 combs.	Judith has atleast 4 combs.
contradiction	Julie has 2 stamps.	Julie has atleast 3 stamps.
contradiction	Arthur has 2 lighters.	Arthur has atleast 5 lighters.
contradiction	Peter has 1 pencils.	Peter has atleast 4 pencils.
contradiction	Frank has 1 alarm clocks.	Frank has atleast 2 alarm clocks.
contradiction	Arthur has 2 alarm clocks.	Arthur has atleast 3 alarm clocks.
contradiction	William has 6 light bulbs.	William has atleast 8 light bulbs.
contradiction	Donald has 4 scissors.	Donald has atleast 9 scissors.
contradiction	Edward has 4 identity cards.	Edward has atleast 9 identity cards.
contradiction	Jerry has 1 coins.	Jerry has atleast 3 coins.
contradiction	Steven has 1 lighters.	Steven has atleast 2 lighters.
contradiction	Fred has 1 light bulbs.	Fred has atleast 8 light bulbs.
contradiction	Albert has 2 cases.	Albert has atleast 7 cases.
contradiction	Henry has 1 pens.	Henry has atleast 2 pens.
contradiction	Mary has 1 files.	Mary has atleast 2 files.
contradiction	William has 3 clips.	William has atleast 5 clips.
contradiction	Pamela has 3 players.	Pamela has atleast 9 players.
contradiction	Tony has 1 headphones.	Tony has atleast 2 headphones.
contradiction	Hugh has 1 magazines.	Hugh has atleast 3 magazines.
contradiction	Nick has 5 toothbrushes.	Nick has atleast 8 toothbrushes.
contradiction	Daniel has 7 stamps.	Daniel has atleast 10 stamps.
contradiction	John has 5 bottles.	John has atleast 10 bottles.
contradiction	Alice has 7 alarm clocks.	Alice has atleast 8 alarm clocks.
contradiction	Donald has 7 cigarettes.	Donald has atleast 9 cigarettes.
contradiction	Frances has 5 lipsticks.	Frances has atleast 9 lipsticks.
contradiction	Linda has 3 tissues.	Linda has atleast 8 tissues.
contradiction	Jim has 1 clips.	Jim has atleast 10 clips.
contradiction	Mary has 5 watches.	Mary has atleast 8 watches.
contradiction	Dick has 1 cigarettes.	Dick has atleast 4 cigarettes.
contradiction	Jean has 5 diaries.	Jean has atleast 6 diaries.
contradiction	Steve has 1 buttons.	Steve has atleast 2 buttons.
contradiction	Sarah has 2 glasses.	Sarah has atleast 3 glasses.
contradiction	Daniel has 6 pens.	Daniel has atleast 9 pens.
contradiction	Linda has 1 batteries.	Linda has atleast 7 batteries.
contradiction	Julie has 7 headphones.	Julie has atleast 9 headphones.
contradiction	Greg has 1 bottles.	Greg has atleast 2 bottles.
contradiction	Christine has 7 banknotes.	Christine has atleast 10 banknotes.
contradiction	Leslie has 3 umbrellas.	Leslie has atleast 6 umbrellas.
contradiction	Kate has 3 combs.	Kate has atleast 4 combs.
contradiction	Billy has 1 identity cards.	Billy has atleast 2 identity cards.
contradiction	Victoria has 1 brushes.	Victoria has atleast 2 brushes.
contradiction	Karen has 1 rubbers.	Karen has atleast 2 rubbers.
contradiction	Adam has 1 pens.	Adam has atleast 3 pens.
contradiction	Jean has 2 files.	Jean has atleast 6 files.
contradiction	Colin has 4 players.	Colin has atleast 8 players.
contradiction	Jack has 2 headphones.	Jack has atleast 10 headphones.
contradiction	Ashley has 2 brushes.	Ashley has atleast 3 brushes.
contradiction	Jonathan has 4 tissues.	Jonathan has atleast 9 tissues.
contradiction	Alex has 1 buttons.	Alex has atleast 2 buttons.
contradiction	Anthony has 1 toothbrushes.	Anthony has atleast 3 toothbrushes.
contradiction	George has 2 toothbrushes.	George has atleast 4 toothbrushes.
contradiction	Sally has 1 cars.	Sally has atleast 2 cars.
contradiction	Joe has 1 light bulbs.	Joe has atleast 6 light bulbs.
contradiction	Dorothy has 3 glasses.	Dorothy has atleast 4 glasses.
contradiction	Frank has 5 identity cards.	Frank has atleast 8 identity cards.
contradiction	Gary has 5 buttons.	Gary has atleast 7 buttons.
contradiction	Paul has 2 cigarettes.	Paul has atleast 7 cigarettes.
contradiction	Carolyn has 7 headphones.	Carolyn has atleast 10 headphones.
contradiction	Henry has 4 players.	Henry has atleast 6 players.
contradiction	Catherine has 1 identity cards.	Catherine has atleast 3 identity cards.
contradiction	Louis has 3 mobile phones.	Louis has atleast 5 mobile phones.
contradiction	Kathleen has 1 identity cards.	Kathleen has atleast 5 identity cards.
contradiction	Stephanie has 1 lighters.	Stephanie has atleast 2 lighters.
contradiction	Harry has 1 coins.	Harry has atleast 10 coins.
contradiction	Lynn has 1 mirrors.	Lynn has atleast 6 mirrors.
contradiction	Catherine has 4 identity cards.	Catherine has atleast 5 identity cards.
contradiction	Michael has 4 players.	Michael has atleast 6 players.
contradiction	Ashley has 2 pens.	Ashley has atleast 4 pens.
contradiction	Carolyn has 2 laptops.	Carolyn has atleast 6 laptops.
contradiction	Amanda has 1 laptops.	Amanda has atleast 5 laptops.
contradiction	Francis has 1 files.	Francis has atleast 3 files.
contradiction	Jonathan has 2 buttons.	Jonathan has atleast 5 buttons.
contradiction	Marie has 3 glasses.	Marie has atleast 8 glasses.
contradiction	Dorothy has 2 cases.	Dorothy has atleast 4 cases.
contradiction	Lawrence has 2 banknotes.	Lawrence has atleast 7 banknotes.
contradiction	Jason has 1 players.	Jason has atleast 4 players.
contradiction	Alex has 1 identity cards.	Alex has atleast 4 identity cards.
contradiction	Dave has 3 dictionaries.	Dave has atleast 7 dictionaries.
contradiction	Dick has 1 players.	Dick has atleast 4 players.
contradiction	Chris has 1 laptops.	Chris has atleast 2 laptops.
contradiction	Johnny has 8 mobile phones.	Johnny has atleast 9 mobile phones.
contradiction	Steven has 2 lighters.	Steven has atleast 9 lighters.
contradiction	Ed has 1 pencils.	Ed has atleast 2 pencils.
contradiction	Angela has 2 postcards.	Angela has atleast 3 postcards.
contradiction	Christopher has 1 lighters.	Christopher has atleast 2 lighters.
contradiction	Adam has 7 players.	Adam has atleast 8 players.
contradiction	Eleanor has 3 tissues.	Eleanor has atleast 8 tissues.
contradiction	Melissa has 2 cases.	Melissa has atleast 4 cases.
contradiction	Paul has 1 toothbrushes.	Paul has atleast 3 toothbrushes.
contradiction	Judy has 3 wallets.	Judy has atleast 4 wallets.
contradiction	Harry has 2 clips.	Harry has atleast 7 clips.
contradiction	Katherine has 1 umbrellas.	Katherine has atleast 4 umbrellas.
contradiction	Nick has 5 batteries.	Nick has atleast 9 batteries.
contradiction	Cynthia has 2 matches.	Cynthia has atleast 4 matches.
contradiction	Keith has 3 banknotes.	Keith has atleast 4 banknotes.
contradiction	Matt has 2 pencils.	Matt has atleast 3 pencils.
contradiction	Chris has 3 lighters.	Chris has atleast 4 lighters.
contradiction	Mary has 3 toothbrushes.	Mary has atleast 8 toothbrushes.
contradiction	Jonathan has 1 wallets.	Jonathan has atleast 3 wallets.
contradiction	Peter has 3 mobile phones.	Peter has atleast 10 mobile phones.
contradiction	Jill has 2 batteries.	Jill has atleast 5 batteries.
contradiction	Julie has 9 purses.	Julie has atleast 10 purses.
contradiction	Robert has 1 laptops.	Robert has atleast 7 laptops.
contradiction	Ryan has 9 pens.	Ryan has atleast 10 pens.
contradiction	Jane has 3 alarm clocks.	Jane has atleast 5 alarm clocks.
contradiction	Alfred has 5 alarm clocks.	Alfred has atleast 6 alarm clocks.
contradiction	Virginia has 4 stamps.	Virginia has atleast 9 stamps.
contradiction	Jack has 4 diaries.	Jack has atleast 6 diaries.
contradiction	Ann has 6 umbrellas.	Ann has atleast 8 umbrellas.
contradiction	Sophie has 4 wallets.	Sophie has atleast 6 wallets.
contradiction	Katie has 2 dictionaries.	Katie has atleast 5 dictionaries.
contradiction	Alex has 3 purses.	Alex has atleast 5 purses.
contradiction	Lynn has 6 purses.	Lynn has atleast 9 purses.
contradiction	Andrew has 8 notebooks.	Andrew has atleast 10 notebooks.
contradiction	Bill has 2 rubbers.	Bill has atleast 8 rubbers.
contradiction	Kathryn has 1 mirrors.	Kathryn has atleast 2 mirrors.
contradiction	Christopher has 1 newspapers.	Christopher has atleast 7 newspapers.
contradiction	Nicole has 1 cases.	Nicole has atleast 3 cases.
contradiction	Andrea has 3 mobile phones.	Andrea has atleast 10 mobile phones.
contradiction	Louise has 2 newspapers.	Louise has atleast 5 newspapers.
contradiction	Lawrence has 1 photos.	Lawrence has atleast 2 photos.
contradiction	Colin has 1 files.	Colin has atleast 5 files.
contradiction	Laura has 1 buttons.	Laura has atleast 2 buttons.
contradiction	Judy has 4 postcards.	Judy has atleast 6 postcards.
contradiction	Maria has 2 clips.	Maria has atleast 3 clips.
contradiction	Harriet has 2 umbrellas.	Harriet has atleast 7 umbrellas.
contradiction	Jane has 3 wallets.	Jane has atleast 8 wallets.
contradiction	Sue has 2 cars.	Sue has atleast 3 cars.
contradiction	Ralph has 3 files.	Ralph has atleast 7 files.
contradiction	Frederick has 4 glasses.	Frederick has atleast 7 glasses.
contradiction	Robert has 4 postcards.	Robert has atleast 6 postcards.
contradiction	Charlie has 3 tissues.	Charlie has atleast 9 tissues.
contradiction	Anna has 5 combs.	Anna has atleast 7 combs.
contradiction	Samuel has 1 lipsticks.	Samuel has atleast 3 lipsticks.
contradiction	Edith has 2 wallets.	Edith has atleast 3 wallets.
contradiction	Harriet has 1 cars.	Harriet has atleast 4 cars.
contradiction	Margaret has 4 newspapers.	Margaret has atleast 5 newspapers.
contradiction	Peter has 2 watches.	Peter has atleast 4 watches.
contradiction	Keith has 1 bottles.	Keith has atleast 2 bottles.
contradiction	Jonathan has 6 brushes.	Jonathan has atleast 7 brushes.
contradiction	Cynthia has 3 magazines.	Cynthia has atleast 5 magazines.
contradiction	Linda has 1 banknotes.	Linda has atleast 2 banknotes.
contradiction	Christopher has 1 players.	Christopher has atleast 3 players.
contradiction	Katie has 1 alarm clocks.	Katie has atleast 2 alarm clocks.
contradiction	Emily has 2 magazines.	Emily has atleast 3 magazines.
contradiction	Martha has 9 dictionaries.	Martha has atleast 10 dictionaries.
contradiction	Emma has 4 diaries.	Emma has atleast 6 diaries.
contradiction	Jerry has 2 dictionaries.	Jerry has atleast 5 dictionaries.
contradiction	Dave has 1 mirrors.	Dave has atleast 10 mirrors.
contradiction	Ron has 3 mobile phones.	Ron has atleast 4 mobile phones.
contradiction	Nick has 8 toothbrushes.	Nick has atleast 9 toothbrushes.
contradiction	Frederick has 3 rubbers.	Frederick has atleast 8 rubbers.
contradiction	Stephen has 4 credit cards.	Stephen has atleast 5 credit cards.
contradiction	Michael has 6 dictionaries.	Michael has atleast 7 dictionaries.
contradiction	Dick has 1 combs.	Dick has atleast 2 combs.
contradiction	Edwin has 7 mirrors.	Edwin has atleast 8 mirrors.
contradiction	Rose has 1 tissues.	Rose has atleast 2 tissues.
contradiction	Jack has 1 photos.	Jack has atleast 6 photos.
contradiction	Charlie has 2 cases.	Charlie has atleast 10 cases.
contradiction	John has 3 watches.	John has atleast 10 watches.
contradiction	Dick has 1 credit cards.	Dick has atleast 3 credit cards.
contradiction	Adam has 4 cases.	Adam has atleast 9 cases.
contradiction	Keith has 5 pens.	Keith has atleast 7 pens.
contradiction	Rachel has 8 identity cards.	Rachel has atleast 9 identity cards.
contradiction	Amy has 1 wallets.	Amy has atleast 4 wallets.
contradiction	Florence has 6 brushes.	Florence has atleast 8 brushes.
contradiction	Anthony has 7 pencils.	Anthony has atleast 9 pencils.
contradiction	Ian has 1 alarm clocks.	Ian has atleast 5 alarm clocks.
contradiction	Alice has 5 glasses.	Alice has atleast 8 glasses.
contradiction	James has 3 cigarettes.	James has atleast 4 cigarettes.
contradiction	Marie has 3 mirrors.	Marie has atleast 4 mirrors.
contradiction	Louise has 2 glasses.	Louise has atleast 4 glasses.
contradiction	Samuel has 4 lipsticks.	Samuel has atleast 6 lipsticks.
contradiction	Annie has 3 purses.	Annie has atleast 4 purses.
contradiction	Angela has 4 toothbrushes.	Angela has atleast 5 toothbrushes.
contradiction	Charles has 1 glasses.	Charles has atleast 6 glasses.
contradiction	Ron has 1 batteries.	Ron has atleast 2 batteries.
contradiction	Sam has 3 clips.	Sam has atleast 6 clips.
contradiction	Roger has 3 purses.	Roger has atleast 5 purses.
contradiction	Ralph has 2 clips.	Ralph has atleast 4 clips.
contradiction	Marilyn has 7 buttons.	Marilyn has atleast 9 buttons.
contradiction	Sandra has 2 identity cards.	Sandra has atleast 3 identity cards.
contradiction	Paul has 1 scissors.	Paul has atleast 2 scissors.
contradiction	Walter has 1 toothbrushes.	Walter has atleast 3 toothbrushes.
contradiction	Hugh has 1 mirrors.	Hugh has atleast 6 mirrors.
contradiction	Jean has 1 pencils.	Jean has atleast 4 pencils.
contradiction	Lynn has 6 alarm clocks.	Lynn has atleast 8 alarm clocks.
contradiction	Thomas has 1 glasses.	Thomas has atleast 7 glasses.
contradiction	Samuel has 6 scissors.	Samuel has atleast 9 scissors.
contradiction	Evelyn has 3 bottles.	Evelyn has atleast 8 bottles.
contradiction	Sophie has 1 cases.	Sophie has atleast 8 cases.
contradiction	Annie has 4 cars.	Annie has atleast 6 cars.
contradiction	Matthew has 8 headphones.	Matthew has atleast 9 headphones.
contradiction	Scott has 3 files.	Scott has atleast 4 files.
contradiction	James has 6 combs.	James has atleast 7 combs.
contradiction	Brian has 1 rubbers.	Brian has atleast 4 rubbers.
contradiction	Marie has 3 lighters.	Marie has atleast 6 lighters.
contradiction	Edwin has 3 postcards.	Edwin has atleast 6 postcards.
contradiction	Johnny has 1 batteries.	Johnny has atleast 2 batteries.
contradiction	John has 4 lipsticks.	John has atleast 5 lipsticks.
contradiction	Ken has 1 combs.	Ken has atleast 3 combs.
contradiction	Stephen has 1 buttons.	Stephen has atleast 2 buttons.
contradiction	Carolyn has 1 players.	Carolyn has atleast 2 players.
contradiction	Alexandra has 2 stamps.	Alexandra has atleast 9 stamps.
contradiction	Patrick has 3 wallets.	Patrick has atleast 7 wallets.
contradiction	Louis has 2 bottles.	Louis has atleast 4 bottles.
contradiction	Pamela has 6 umbrellas.	Pamela has atleast 7 umbrellas.
contradiction	Amy has 1 wallets.	Amy has atleast 4 wallets.
contradiction	Susan has 7 rubbers.	Susan has atleast 10 rubbers.
contradiction	Bill has 8 cameras.	Bill has atleast 10 cameras.
contradiction	Francis has 1 umbrellas.	Francis has atleast 2 umbrellas.
contradiction	Anne has 4 dictionaries.	Anne has atleast 10 dictionaries.
contradiction	Sharon has 4 cars.	Sharon has atleast 5 cars.
contradiction	Kim has 6 cameras.	Kim has atleast 10 cameras.
contradiction	Benjamin has 8 batteries.	Benjamin has atleast 10 batteries.
contradiction	Patrick has 4 headphones.	Patrick has atleast 6 headphones.
contradiction	Simon has 2 headphones.	Simon has atleast 3 headphones.
contradiction	Dorothy has 6 notebooks.	Dorothy has atleast 9 notebooks.
contradiction	Fred has 1 mobile phones.	Fred has atleast 2 mobile phones.
contradiction	Rebecca has 7 bottles.	Rebecca has atleast 9 bottles.
contradiction	John has 5 cigarettes.	John has atleast 9 cigarettes.
contradiction	Jessica has 6 notebooks.	Jessica has atleast 10 notebooks.
contradiction	Billy has 1 notebooks.	Billy has atleast 2 notebooks.
contradiction	Simon has 5 clips.	Simon has atleast 6 clips.
contradiction	James has 2 lipsticks.	James has atleast 9 lipsticks.
contradiction	Louise has 2 watches.	Louise has atleast 3 watches.
contradiction	Roy has 1 toothbrushes.	Roy has atleast 4 toothbrushes.
contradiction	Anthony has 1 batteries.	Anthony has atleast 7 batteries.
contradiction	Henry has 1 files.	Henry has atleast 10 files.
contradiction	Maria has 2 umbrellas.	Maria has atleast 4 umbrellas.
contradiction	Kathryn has 7 cars.	Kathryn has atleast 9 cars.
contradiction	William has 3 light bulbs.	William has atleast 5 light bulbs.
contradiction	Maria has 1 postcards.	Maria has atleast 9 postcards.
contradiction	William has 2 tissues.	William has atleast 5 tissues.
contradiction	Anne has 1 toothbrushes.	Anne has atleast 3 toothbrushes.
contradiction	Alison has 2 files.	Alison has atleast 3 files.
contradiction	Joseph has 3 laptops.	Joseph has atleast 6 laptops.
contradiction	Virginia has 3 cars.	Virginia has atleast 5 cars.
contradiction	Anna has 3 notebooks.	Anna has atleast 5 notebooks.
contradiction	Hugh has 1 banknotes.	Hugh has atleast 2 banknotes.
contradiction	Kelly has 2 buttons.	Kelly has atleast 4 buttons.
contradiction	Donna has 7 lipsticks.	Donna has atleast 10 lipsticks.
contradiction	Carol has 4 diaries.	Carol has atleast 8 diaries.
contradiction	Sarah has 3 brushes.	Sarah has atleast 6 brushes.
contradiction	Ann has 3 tissues.	Ann has atleast 8 tissues.
contradiction	Ron has 1 cars.	Ron has atleast 5 cars.
contradiction	Walter has 4 lighters.	Walter has atleast 5 lighters.
contradiction	Benjamin has 2 light bulbs.	Benjamin has atleast 10 light bulbs.
contradiction	Catherine has 1 pens.	Catherine has atleast 2 pens.
contradiction	Robert has 2 brushes.	Robert has atleast 4 brushes.
contradiction	Ann has 5 postcards.	Ann has atleast 9 postcards.
contradiction	Janet has 2 rubbers.	Janet has atleast 10 rubbers.
contradiction	Catherine has 1 pens.	Catherine has atleast 2 pens.
contradiction	Edwin has 1 clips.	Edwin has atleast 2 clips.
contradiction	Julie has 3 umbrellas.	Julie has atleast 5 umbrellas.
contradiction	Diana has 5 bottles.	Diana has atleast 6 bottles.
contradiction	Caroline has 1 glasses.	Caroline has atleast 3 glasses.
contradiction	Maria has 5 glasses.	Maria has atleast 7 glasses.
contradiction	Laura has 1 files.	Laura has atleast 7 files.
contradiction	Kim has 7 players.	Kim has atleast 9 players.
contradiction	Caroline has 2 players.	Caroline has atleast 6 players.
contradiction	Alice has 6 alarm clocks.	Alice has atleast 7 alarm clocks.
contradiction	Patricia has 5 brushes.	Patricia has atleast 6 brushes.
contradiction	Rachel has 2 wallets.	Rachel has atleast 3 wallets.
contradiction	Alexandra has 6 purses.	Alexandra has atleast 9 purses.
contradiction	John has 6 laptops.	John has atleast 9 laptops.
