entailment	Alfred is sister of Laura.	Laura is sibling of Alfred.
entailment	Fred is son of John.	John is parent of Fred.
entailment	Stephanie is father of Dan.	Dan is child of Stephanie.
entailment	Margaret is wife of Matthew.	Matthew is spouse of Margaret.
entailment	Caroline is brother of Patricia.	Patricia is sibling of Caroline.
entailment	Sue is sister of Stephanie.	Stephanie is sibling of Sue.
entailment	Walter is father of Brian.	Brian is child of Walter.
entailment	Michael is son of Sam.	Sam is parent of Michael.
entailment	Billy is father of Henry.	Henry is child of Billy.
entailment	Frederick is mother of Jerry.	Jerry is child of Frederick.
entailment	Roy is son of Michelle.	Michelle is parent of Roy.
entailment	Fiona is son of Matt.	Matt is parent of Fiona.
entailment	Ron is wife of Nicole.	Nicole is spouse of Ron.
entailment	Jean is wife of Rose.	Rose is spouse of Jean.
entailment	Frederick is brother of Emily.	Emily is sibling of Frederick.
entailment	Donna is son of Alice.	Alice is parent of Donna.
entailment	Bobby is father of Julie.	Julie is child of Bobby.
entailment	Ray is daughter of Jean.	Jean is parent of Ray.
entailment	Peter is daughter of Arthur.	Arthur is parent of Peter.
entailment	Nancy is daughter of Jay.	Jay is parent of Nancy.
entailment	Betty is husband of Karen.	Karen is spouse of Betty.
entailment	Harry is brother of Jill.	Jill is sibling of Harry.
entailment	Frederick is husband of Greg.	Greg is spouse of Frederick.
entailment	Stephanie is wife of Frances.	Frances is spouse of Stephanie.
entailment	Ann is son of Ryan.	Ryan is parent of Ann.
entailment	Sarah is father of Dave.	Dave is child of Sarah.
entailment	Andrew is father of Joseph.	Joseph is child of Andrew.
entailment	Alfred is brother of Ashley.	Ashley is sibling of Alfred.
entailment	Charlotte is son of Alice.	Alice is parent of Charlotte.
entailment	Carl is mother of Harold.	Harold is child of Carl.
entailment	Lynn is wife of William.	William is spouse of Lynn.
entailment	Mark is son of Suzanne.	Suzanne is parent of Mark.
entailment	Louise is mother of Jason.	Jason is child of Louise.
entailment	Charlie is wife of Bob.	Bob is spouse of Charlie.
entailment	Sally is father of Jeff.	Jeff is child of Sally.
entailment	Marilyn is mother of Richard.	Richard is child of Marilyn.
entailment	Sally is mother of Ruth.	Ruth is child of Sally.
entailment	Louis is brother of Bob.	Bob is sibling of Louis.
entailment	Marie is wife of Ray.	Ray is spouse of Marie.
entailment	Fred is wife of Robert.	Robert is spouse of Fred.
entailment	Ann is father of Al.	Al is child of Ann.
entailment	Jerry is brother of David.	David is sibling of Jerry.
entailment	Marilyn is mother of Alex.	Alex is child of Marilyn.
entailment	Kathryn is father of Philip.	Philip is child of Kathryn.
entailment	Emma is sister of Martha.	Martha is sibling of Emma.
entailment	Don is brother of Frances.	Frances is sibling of Don.
entailment	Bobby is mother of Rachel.	Rachel is child of Bobby.
entailment	Rose is wife of Ian.	Ian is spouse of Rose.
entailment	Fred is daughter of Simon.	Simon is parent of Fred.
entailment	Jessica is daughter of Dave.	Dave is parent of Jessica.
entailment	Alexandra is brother of Jessica.	Jessica is sibling of Alexandra.
entailment	Francis is daughter of Chris.	Chris is parent of Francis.
entailment	Alfred is husband of Catherine.	Catherine is spouse of Alfred.
entailment	Pamela is son of Johnny.	Johnny is parent of Pamela.
entailment	Marie is father of Elaine.	Elaine is child of Marie.
entailment	Gary is brother of Martin.	Martin is sibling of Gary.
entailment	Sara is husband of Ellen.	Ellen is spouse of Sara.
entailment	Ralph is son of Mary.	Mary is parent of Ralph.
entailment	Cynthia is wife of Bob.	Bob is spouse of Cynthia.
entailment	Ryan is mother of Caroline.	Caroline is child of Ryan.
entailment	Kathryn is husband of George.	George is spouse of Kathryn.
entailment	Sharon is father of Laura.	Laura is child of Sharon.
entailment	Rebecca is son of Alison.	Alison is parent of Rebecca.
entailment	Evelyn is husband of Jeff.	Jeff is spouse of Evelyn.
entailment	Adam is daughter of Anne.	Anne is parent of Adam.
entailment	Donna is mother of Kathleen.	Kathleen is child of Donna.
entailment	Joseph is husband of Nancy.	Nancy is spouse of Joseph.
entailment	Jessica is daughter of Dick.	Dick is parent of Jessica.
entailment	Sally is mother of Caroline.	Caroline is child of Sally.
entailment	Colin is father of Steven.	Steven is child of Colin.
entailment	Edward is mother of Sarah.	Sarah is child of Edward.
entailment	Walter is sister of Edith.	Edith is sibling of Walter.
entailment	Christine is father of Lawrence.	Lawrence is child of Christine.
entailment	Charlie is daughter of Patrick.	Patrick is parent of Charlie.
entailment	Dorothy is daughter of Colin.	Colin is parent of Dorothy.
entailment	Lawrence is brother of Kathryn.	Kathryn is sibling of Lawrence.
entailment	Billy is son of Elizabeth.	Elizabeth is parent of Billy.
entailment	Ian is daughter of Matt.	Matt is parent of Ian.
entailment	Charles is brother of Harriet.	Harriet is sibling of Charles.
entailment	Pamela is husband of Keith.	Keith is spouse of Pamela.
entailment	Bruce is father of Anne.	Anne is child of Bruce.
entailment	Emma is brother of Kate.	Kate is sibling of Emma.
entailment	Janet is husband of Harriet.	Harriet is spouse of Janet.
entailment	Tom is daughter of Peter.	Peter is parent of Tom.
entailment	Carl is wife of Tony.	Tony is spouse of Carl.
entailment	Albert is daughter of Carolyn.	Carolyn is parent of Albert.
entailment	David is daughter of Bruce.	Bruce is parent of David.
entailment	Samuel is brother of Jonathan.	Jonathan is sibling of Samuel.
entailment	Sally is daughter of Cynthia.	Cynthia is parent of Sally.
entailment	Kate is daughter of Deborah.	Deborah is parent of Kate.
entailment	Dorothy is mother of Michael.	Michael is child of Dorothy.
entailment	Jessica is son of Michelle.	Michelle is parent of Jessica.
entailment	Catherine is wife of Thomas.	Thomas is spouse of Catherine.
entailment	Alexandra is brother of Nancy.	Nancy is sibling of Alexandra.
entailment	Paul is sister of Charles.	Charles is sibling of Paul.
entailment	Kathy is son of Sam.	Sam is parent of Kathy.
entailment	Andrea is brother of Matt.	Matt is sibling of Andrea.
entailment	Larry is sister of Jason.	Jason is sibling of Larry.
entailment	Michelle is husband of Laura.	Laura is spouse of Michelle.
entailment	Anthony is wife of Lisa.	Lisa is spouse of Anthony.
entailment	James is mother of Jennifer.	Jennifer is child of James.
entailment	Donald is mother of Frederick.	Frederick is child of Donald.
entailment	Susan is brother of Dorothy.	Dorothy is sibling of Susan.
entailment	Nancy is daughter of Robert.	Robert is parent of Nancy.
entailment	Pamela is father of Sharon.	Sharon is child of Pamela.
entailment	Virginia is son of Cynthia.	Cynthia is parent of Virginia.
entailment	Dave is husband of Eleanor.	Eleanor is spouse of Dave.
entailment	Michelle is wife of Nicole.	Nicole is spouse of Michelle.
entailment	Frank is husband of Roger.	Roger is spouse of Frank.
entailment	Nick is sister of Andrew.	Andrew is sibling of Nick.
entailment	Nancy is husband of Mike.	Mike is spouse of Nancy.
entailment	Jay is mother of Samuel.	Samuel is child of Jay.
entailment	Martha is wife of Jim.	Jim is spouse of Martha.
entailment	Michael is mother of Dan.	Dan is child of Michael.
entailment	Fred is daughter of Adam.	Adam is parent of Fred.
entailment	Don is brother of Francis.	Francis is sibling of Don.
entailment	Fred is brother of Samuel.	Samuel is sibling of Fred.
entailment	Al is wife of Alexandra.	Alexandra is spouse of Al.
entailment	Wendy is father of Elizabeth.	Elizabeth is child of Wendy.
entailment	Amanda is daughter of Marie.	Marie is parent of Amanda.
entailment	Benjamin is daughter of Bill.	Bill is parent of Benjamin.
entailment	Kelly is sister of Florence.	Florence is sibling of Kelly.
entailment	Mark is son of Samuel.	Samuel is parent of Mark.
entailment	Louise is brother of Tim.	Tim is sibling of Louise.
entailment	Carol is brother of Ron.	Ron is sibling of Carol.
entailment	Frank is son of Susan.	Susan is parent of Frank.
entailment	Dan is sister of Ed.	Ed is sibling of Dan.
entailment	Daniel is brother of Cynthia.	Cynthia is sibling of Daniel.
entailment	Richard is mother of Benjamin.	Benjamin is child of Richard.
entailment	Jim is husband of Ashley.	Ashley is spouse of Jim.
entailment	Francis is son of Andrew.	Andrew is parent of Francis.
entailment	Elaine is daughter of Donald.	Donald is parent of Elaine.
entailment	Keith is father of Kathleen.	Kathleen is child of Keith.
entailment	Kevin is brother of Jennifer.	Jennifer is sibling of Kevin.
entailment	Charles is wife of Simon.	Simon is spouse of Charles.
entailment	Fiona is sister of Hugh.	Hugh is sibling of Fiona.
entailment	Paul is wife of Anthony.	Anthony is spouse of Paul.
entailment	Sharon is daughter of Edward.	Edward is parent of Sharon.
entailment	Sandra is son of Dan.	Dan is parent of Sandra.
entailment	Jean is wife of Frederick.	Frederick is spouse of Jean.
entailment	Virginia is wife of Diane.	Diane is spouse of Virginia.
entailment	Thomas is father of Howard.	Howard is child of Thomas.
entailment	Florence is son of Charlie.	Charlie is parent of Florence.
entailment	Mark is wife of George.	George is spouse of Mark.
entailment	Rebecca is wife of Tony.	Tony is spouse of Rebecca.
entailment	Carol is mother of David.	David is child of Carol.
entailment	Tim is brother of Kate.	Kate is sibling of Tim.
entailment	Steven is brother of Benjamin.	Benjamin is sibling of Steven.
entailment	Suzanne is mother of Kevin.	Kevin is child of Suzanne.
entailment	Steve is brother of Harry.	Harry is sibling of Steve.
entailment	Kate is son of Howard.	Howard is parent of Kate.
entailment	Howard is wife of Karen.	Karen is spouse of Howard.
entailment	Grace is mother of Kevin.	Kevin is child of Grace.
entailment	Robin is husband of Sandra.	Sandra is spouse of Robin.
entailment	Ian is wife of Philip.	Philip is spouse of Ian.
entailment	Ian is sister of Melissa.	Melissa is sibling of Ian.
entailment	William is sister of Anthony.	Anthony is sibling of William.
entailment	Susan is mother of Anna.	Anna is child of Susan.
entailment	Victoria is son of Louise.	Louise is parent of Victoria.
entailment	George is daughter of Carl.	Carl is parent of George.
entailment	Anne is son of Amanda.	Amanda is parent of Anne.
entailment	Katie is father of Jeff.	Jeff is child of Katie.
entailment	Lucy is sister of Bruce.	Bruce is sibling of Lucy.
entailment	Kenneth is sister of Frances.	Frances is sibling of Kenneth.
entailment	Patricia is husband of Harry.	Harry is spouse of Patricia.
entailment	Anne is father of Alison.	Alison is child of Anne.
entailment	Marilyn is daughter of Roger.	Roger is parent of Marilyn.
entailment	Diane is brother of Bruce.	Bruce is sibling of Diane.
entailment	Joan is son of Scott.	Scott is parent of Joan.
entailment	Susan is sister of Kenneth.	Kenneth is sibling of Susan.
entailment	Wendy is sister of Diana.	Diana is sibling of Wendy.
entailment	Heather is wife of Lucy.	Lucy is spouse of Heather.
entailment	Tim is husband of Carol.	Carol is spouse of Tim.
entailment	Harriet is daughter of George.	George is parent of Harriet.
entailment	James is mother of Jerry.	Jerry is child of James.
entailment	Ben is mother of Amy.	Amy is child of Ben.
entailment	Jack is husband of Albert.	Albert is spouse of Jack.
entailment	Ray is wife of Tony.	Tony is spouse of Ray.
entailment	Katie is wife of Jessica.	Jessica is spouse of Katie.
entailment	Sue is sister of Elaine.	Elaine is sibling of Sue.
entailment	Helen is wife of Billy.	Billy is spouse of Helen.
entailment	Nicole is sister of Rachel.	Rachel is sibling of Nicole.
entailment	Amy is mother of Richard.	Richard is child of Amy.
entailment	Mike is brother of Ken.	Ken is sibling of Mike.
entailment	Paul is brother of Emma.	Emma is sibling of Paul.
entailment	Frank is son of Alexander.	Alexander is parent of Frank.
entailment	Matt is daughter of Joseph.	Joseph is parent of Matt.
entailment	Ian is brother of Ken.	Ken is sibling of Ian.
entailment	Donald is mother of John.	John is child of Donald.
entailment	Ian is husband of James.	James is spouse of Ian.
entailment	Joseph is sister of Joan.	Joan is sibling of Joseph.
entailment	Thomas is sister of Andrea.	Andrea is sibling of Thomas.
entailment	Larry is father of Patrick.	Patrick is child of Larry.
entailment	Leslie is son of Sarah.	Sarah is parent of Leslie.
entailment	Roger is son of Martin.	Martin is parent of Roger.
entailment	Michael is mother of Nick.	Nick is child of Michael.
entailment	Fiona is father of Lauren.	Lauren is child of Fiona.
entailment	Lucy is father of Michael.	Michael is child of Lucy.
entailment	Brian is wife of Joan.	Joan is spouse of Brian.
entailment	Nancy is brother of James.	James is sibling of Nancy.
entailment	Joe is brother of Scott.	Scott is sibling of Joe.
entailment	Peter is brother of Diane.	Diane is sibling of Peter.
entailment	Ruth is mother of Joseph.	Joseph is child of Ruth.
entailment	Jennifer is mother of Grace.	Grace is child of Jennifer.
entailment	Jimmy is husband of Stephanie.	Stephanie is spouse of Jimmy.
entailment	Colin is sister of Barbara.	Barbara is sibling of Colin.
entailment	Tony is brother of Steve.	Steve is sibling of Tony.
entailment	Janet is wife of Kelly.	Kelly is spouse of Janet.
entailment	Matt is mother of Stephen.	Stephen is child of Matt.
entailment	Emily is son of Catherine.	Catherine is parent of Emily.
entailment	Tim is wife of Jonathan.	Jonathan is spouse of Tim.
entailment	Edward is son of Ryan.	Ryan is parent of Edward.
entailment	Dorothy is mother of Carol.	Carol is child of Dorothy.
entailment	Tim is brother of James.	James is sibling of Tim.
entailment	Scott is daughter of Kevin.	Kevin is parent of Scott.
entailment	Mike is wife of Charles.	Charles is spouse of Mike.
entailment	Cynthia is son of Pamela.	Pamela is parent of Cynthia.
entailment	William is daughter of Sam.	Sam is parent of William.
entailment	Al is son of Sam.	Sam is parent of Al.
entailment	Bob is daughter of Francis.	Francis is parent of Bob.
entailment	Matt is wife of Edwin.	Edwin is spouse of Matt.
entailment	Nancy is sister of Kelly.	Kelly is sibling of Nancy.
entailment	Katie is father of Annie.	Annie is child of Katie.
entailment	Kim is mother of Steve.	Steve is child of Kim.
entailment	Sally is wife of Stephen.	Stephen is spouse of Sally.
entailment	Carol is daughter of Frederick.	Frederick is parent of Carol.
entailment	Don is mother of Maria.	Maria is child of Don.
entailment	Bob is father of Frances.	Frances is child of Bob.
entailment	Catherine is wife of Stephanie.	Stephanie is spouse of Catherine.
entailment	Jessica is father of Keith.	Keith is child of Jessica.
entailment	Catherine is sister of Caroline.	Caroline is sibling of Catherine.
entailment	Marie is son of Tony.	Tony is parent of Marie.
entailment	Henry is father of Rachel.	Rachel is child of Henry.
entailment	Michelle is sister of Annie.	Annie is sibling of Michelle.
entailment	Eric is husband of Andrew.	Andrew is spouse of Eric.
entailment	Jill is brother of Jonathan.	Jonathan is sibling of Jill.
entailment	Betty is daughter of Billy.	Billy is parent of Betty.
entailment	Susan is father of Pamela.	Pamela is child of Susan.
entailment	Virginia is mother of Benjamin.	Benjamin is child of Virginia.
entailment	Sharon is daughter of Elaine.	Elaine is parent of Sharon.
entailment	Ian is sister of Francis.	Francis is sibling of Ian.
entailment	Grace is mother of Nicole.	Nicole is child of Grace.
entailment	Joe is mother of Victoria.	Victoria is child of Joe.
entailment	William is sister of Ralph.	Ralph is sibling of William.
entailment	Eric is sister of Pamela.	Pamela is sibling of Eric.
entailment	Ashley is husband of Dave.	Dave is spouse of Ashley.
entailment	Grace is son of Linda.	Linda is parent of Grace.
entailment	Fred is father of Richard.	Richard is child of Fred.
entailment	Marie is daughter of Gary.	Gary is parent of Marie.
entailment	Kathryn is mother of Patricia.	Patricia is child of Kathryn.
entailment	Deborah is wife of Katie.	Katie is spouse of Deborah.
entailment	Laura is mother of Patrick.	Patrick is child of Laura.
entailment	Samuel is brother of Dan.	Dan is sibling of Samuel.
entailment	Katherine is father of Thomas.	Thomas is child of Katherine.
entailment	Angela is sister of Don.	Don is sibling of Angela.
entailment	Kelly is daughter of Sandra.	Sandra is parent of Kelly.
entailment	Lynn is wife of Greg.	Greg is spouse of Lynn.
entailment	William is wife of Nancy.	Nancy is spouse of William.
entailment	Jeff is brother of Joan.	Joan is sibling of Jeff.
entailment	Patricia is brother of Kenneth.	Kenneth is sibling of Patricia.
entailment	Sophie is mother of Mary.	Mary is child of Sophie.
entailment	Patrick is wife of Alison.	Alison is spouse of Patrick.
entailment	Victoria is mother of Matthew.	Matthew is child of Victoria.
entailment	Charlie is mother of David.	David is child of Charlie.
entailment	Colin is brother of Adam.	Adam is sibling of Colin.
entailment	Walter is brother of Kate.	Kate is sibling of Walter.
entailment	Keith is mother of George.	George is child of Keith.
entailment	Steve is mother of Joe.	Joe is child of Steve.
entailment	Jason is father of Fred.	Fred is child of Jason.
entailment	Ken is sister of Marilyn.	Marilyn is sibling of Ken.
entailment	Ian is son of William.	William is parent of Ian.
entailment	Linda is brother of Charles.	Charles is sibling of Linda.
entailment	Ryan is mother of Victoria.	Victoria is child of Ryan.
entailment	Kate is son of Diana.	Diana is parent of Kate.
entailment	Larry is brother of Kenneth.	Kenneth is sibling of Larry.
entailment	Bill is wife of Edith.	Edith is spouse of Bill.
entailment	Martin is daughter of Rose.	Rose is parent of Martin.
entailment	Jonathan is father of Kim.	Kim is child of Jonathan.
entailment	Jennifer is brother of Deborah.	Deborah is sibling of Jennifer.
entailment	Nicole is brother of Bill.	Bill is sibling of Nicole.
entailment	Adam is sister of Betty.	Betty is sibling of Adam.
entailment	Sandra is wife of Carol.	Carol is spouse of Sandra.
entailment	Kathryn is father of Julie.	Julie is child of Kathryn.
entailment	Matthew is husband of Elizabeth.	Elizabeth is spouse of Matthew.
entailment	Larry is son of George.	George is parent of Larry.
entailment	Ryan is sister of Janet.	Janet is sibling of Ryan.
entailment	Judith is son of Al.	Al is parent of Judith.
entailment	Kathleen is father of Jerry.	Jerry is child of Kathleen.
entailment	Rebecca is brother of Katie.	Katie is sibling of Rebecca.
entailment	Christine is son of Jerry.	Jerry is parent of Christine.
entailment	Christopher is husband of Simon.	Simon is spouse of Christopher.
entailment	Rose is daughter of Lisa.	Lisa is parent of Rose.
entailment	Virginia is father of Simon.	Simon is child of Virginia.
entailment	Donna is mother of Ray.	Ray is child of Donna.
entailment	Kate is sister of Francis.	Francis is sibling of Kate.
entailment	Melissa is daughter of Alfred.	Alfred is parent of Melissa.
entailment	Barbara is daughter of Colin.	Colin is parent of Barbara.
entailment	Claire is father of George.	George is child of Claire.
entailment	Gary is daughter of Janet.	Janet is parent of Gary.
entailment	Robert is wife of James.	James is spouse of Robert.
entailment	Nicole is mother of Ken.	Ken is child of Nicole.
entailment	Betty is husband of Joe.	Joe is spouse of Betty.
entailment	Albert is brother of Alice.	Alice is sibling of Albert.
entailment	Ruth is husband of Patrick.	Patrick is spouse of Ruth.
entailment	Bill is husband of Jack.	Jack is spouse of Bill.
entailment	Keith is father of Arthur.	Arthur is child of Keith.
entailment	Albert is mother of Lauren.	Lauren is child of Albert.
entailment	Julia is son of Donald.	Donald is parent of Julia.
entailment	Patricia is father of George.	George is child of Patricia.
entailment	Al is husband of Lauren.	Lauren is spouse of Al.
entailment	Jill is father of Ian.	Ian is child of Jill.
entailment	Sara is mother of Kenneth.	Kenneth is child of Sara.
entailment	Sandra is mother of Alex.	Alex is child of Sandra.
entailment	Suzanne is brother of Jill.	Jill is sibling of Suzanne.
entailment	Ann is wife of Frank.	Frank is spouse of Ann.
entailment	Kenneth is daughter of Walter.	Walter is parent of Kenneth.
entailment	Ralph is wife of Christopher.	Christopher is spouse of Ralph.
entailment	Sally is son of Fiona.	Fiona is parent of Sally.
entailment	Barbara is brother of William.	William is sibling of Barbara.
entailment	Ray is sister of Kevin.	Kevin is sibling of Ray.
entailment	Philip is husband of Francis.	Francis is spouse of Philip.
entailment	Kelly is husband of Carol.	Carol is spouse of Kelly.
entailment	Charlie is mother of Lisa.	Lisa is child of Charlie.
entailment	Rebecca is wife of Anne.	Anne is spouse of Rebecca.
entailment	Jim is wife of Nick.	Nick is spouse of Jim.
entailment	Michael is mother of Benjamin.	Benjamin is child of Michael.
entailment	Donald is father of Howard.	Howard is child of Donald.
entailment	Patrick is daughter of Caroline.	Caroline is parent of Patrick.
entailment	Roy is wife of Ron.	Ron is spouse of Roy.
entailment	Dick is husband of Carl.	Carl is spouse of Dick.
entailment	Michael is sister of Paul.	Paul is sibling of Michael.
entailment	Angela is mother of Matt.	Matt is child of Angela.
entailment	Benjamin is wife of Rebecca.	Rebecca is spouse of Benjamin.
entailment	Alison is sister of Samuel.	Samuel is sibling of Alison.
entailment	Rachel is mother of Harold.	Harold is child of Rachel.
entailment	Ellen is wife of Martin.	Martin is spouse of Ellen.
entailment	Keith is brother of Lauren.	Lauren is sibling of Keith.
entailment	Steve is mother of Keith.	Keith is child of Steve.
entailment	William is husband of Eleanor.	Eleanor is spouse of William.
entailment	Diane is father of Emily.	Emily is child of Diane.
entailment	Billy is daughter of Eric.	Eric is parent of Billy.
entailment	Arthur is husband of Victoria.	Victoria is spouse of Arthur.
entailment	Ed is mother of Larry.	Larry is child of Ed.
entailment	Alison is daughter of Ashley.	Ashley is parent of Alison.
entailment	Joan is son of James.	James is parent of Joan.
entailment	Anthony is wife of Edward.	Edward is spouse of Anthony.
entailment	Albert is mother of Edward.	Edward is child of Albert.
entailment	Steve is brother of Jimmy.	Jimmy is sibling of Steve.
entailment	Karen is wife of Julie.	Julie is spouse of Karen.
entailment	Tom is father of Ann.	Ann is child of Tom.
entailment	Lauren is husband of Carolyn.	Carolyn is spouse of Lauren.
entailment	Joan is brother of Mike.	Mike is sibling of Joan.
entailment	Colin is father of Roy.	Roy is child of Colin.
entailment	Lucy is husband of Sophie.	Sophie is spouse of Lucy.
entailment	Ralph is father of Dorothy.	Dorothy is child of Ralph.
entailment	Jane is wife of Ron.	Ron is spouse of Jane.
entailment	Harold is sister of Christine.	Christine is sibling of Harold.
entailment	Sara is husband of Harold.	Harold is spouse of Sara.
entailment	Robert is son of Thomas.	Thomas is parent of Robert.
entailment	Claire is mother of Paul.	Paul is child of Claire.
entailment	Carl is son of Charles.	Charles is parent of Carl.
entailment	Emily is mother of Nancy.	Nancy is child of Emily.
entailment	Ellen is sister of Steve.	Steve is sibling of Ellen.
entailment	Dan is sister of Sally.	Sally is sibling of Dan.
entailment	Julia is mother of Dorothy.	Dorothy is child of Julia.
entailment	Sandra is son of Sophie.	Sophie is parent of Sandra.
entailment	Patricia is daughter of Greg.	Greg is parent of Patricia.
entailment	Alexandra is husband of Alexander.	Alexander is spouse of Alexandra.
entailment	Nicole is brother of Stephanie.	Stephanie is sibling of Nicole.
entailment	Richard is son of Judith.	Judith is parent of Richard.
entailment	Kevin is wife of Kathleen.	Kathleen is spouse of Kevin.
entailment	Larry is father of Helen.	Helen is child of Larry.
entailment	Jason is daughter of Edwin.	Edwin is parent of Jason.
entailment	Harriet is son of Tony.	Tony is parent of Harriet.
entailment	Robert is father of Jason.	Jason is child of Robert.
entailment	Carolyn is wife of Benjamin.	Benjamin is spouse of Carolyn.
entailment	Kim is husband of Kelly.	Kelly is spouse of Kim.
entailment	Claire is sister of Fred.	Fred is sibling of Claire.
entailment	Marie is son of Claire.	Claire is parent of Marie.
entailment	Lucy is father of Melissa.	Melissa is child of Lucy.
entailment	Edward is wife of Leslie.	Leslie is spouse of Edward.
entailment	Amanda is mother of Lisa.	Lisa is child of Amanda.
entailment	Sam is brother of Simon.	Simon is sibling of Sam.
entailment	Anthony is brother of Ruth.	Ruth is sibling of Anthony.
entailment	Sharon is wife of Sue.	Sue is spouse of Sharon.
entailment	Nancy is daughter of Stephen.	Stephen is parent of Nancy.
entailment	Richard is father of David.	David is child of Richard.
entailment	Rachel is brother of Fred.	Fred is sibling of Rachel.
entailment	Marie is son of Benjamin.	Benjamin is parent of Marie.
entailment	Robin is husband of Sam.	Sam is spouse of Robin.
entailment	Steven is mother of Annie.	Annie is child of Steven.
entailment	Emma is daughter of Anna.	Anna is parent of Emma.
entailment	Fiona is husband of Rachel.	Rachel is spouse of Fiona.
entailment	Susan is son of Fiona.	Fiona is parent of Susan.
entailment	Julie is sister of Marie.	Marie is sibling of Julie.
entailment	Katherine is brother of Bobby.	Bobby is sibling of Katherine.
entailment	Janet is son of Heather.	Heather is parent of Janet.
entailment	Melissa is mother of Jerry.	Jerry is child of Melissa.
entailment	Steve is husband of Patrick.	Patrick is spouse of Steve.
entailment	Don is mother of Charlotte.	Charlotte is child of Don.
entailment	Virginia is son of Johnny.	Johnny is parent of Virginia.
entailment	Ken is mother of Donna.	Donna is child of Ken.
entailment	Steve is son of Adam.	Adam is parent of Steve.
entailment	Harry is daughter of Roger.	Roger is parent of Harry.
entailment	Jean is mother of David.	David is child of Jean.
entailment	Catherine is brother of Sally.	Sally is sibling of Catherine.
entailment	Ellen is daughter of Charlie.	Charlie is parent of Ellen.
entailment	Jerry is sister of Sarah.	Sarah is sibling of Jerry.
entailment	Ron is wife of Eric.	Eric is spouse of Ron.
entailment	Ryan is son of Dan.	Dan is parent of Ryan.
entailment	Edith is wife of Kelly.	Kelly is spouse of Edith.
entailment	Ron is sister of Martha.	Martha is sibling of Ron.
entailment	Louis is mother of Wendy.	Wendy is child of Louis.
entailment	Jonathan is sister of Eric.	Eric is sibling of Jonathan.
entailment	Frances is brother of Kim.	Kim is sibling of Frances.
entailment	Susan is daughter of David.	David is parent of Susan.
entailment	Harold is father of Sam.	Sam is child of Harold.
entailment	Elaine is wife of Dorothy.	Dorothy is spouse of Elaine.
entailment	Karen is husband of Virginia.	Virginia is spouse of Karen.
entailment	Kate is husband of Kathy.	Kathy is spouse of Kate.
entailment	Andrea is son of Steve.	Steve is parent of Andrea.
entailment	Suzanne is sister of Ashley.	Ashley is sibling of Suzanne.
entailment	Lisa is brother of Don.	Don is sibling of Lisa.
entailment	Frank is father of Leslie.	Leslie is child of Frank.
entailment	Greg is son of Jerry.	Jerry is parent of Greg.
entailment	Simon is wife of Emily.	Emily is spouse of Simon.
entailment	Lisa is son of Patrick.	Patrick is parent of Lisa.
entailment	Evelyn is brother of Ryan.	Ryan is sibling of Evelyn.
entailment	Lawrence is son of Emma.	Emma is parent of Lawrence.
entailment	Francis is mother of Laura.	Laura is child of Francis.
entailment	Edward is father of Daniel.	Daniel is child of Edward.
entailment	Roy is mother of Charlie.	Charlie is child of Roy.
entailment	Donna is mother of Sandra.	Sandra is child of Donna.
entailment	Diana is son of Walter.	Walter is parent of Diana.
entailment	Sally is father of Maria.	Maria is child of Sally.
entailment	Richard is mother of Carolyn.	Carolyn is child of Richard.
entailment	Jeff is sister of Harry.	Harry is sibling of Jeff.
entailment	Eleanor is wife of Alison.	Alison is spouse of Eleanor.
entailment	Carl is husband of Katie.	Katie is spouse of Carl.
entailment	Bobby is husband of Joseph.	Joseph is spouse of Bobby.
entailment	James is father of Anna.	Anna is child of James.
entailment	William is daughter of Philip.	Philip is parent of William.
entailment	Donald is brother of Kim.	Kim is sibling of Donald.
entailment	Anna is son of Jennifer.	Jennifer is parent of Anna.
entailment	Judy is wife of Greg.	Greg is spouse of Judy.
entailment	Tim is mother of Andrea.	Andrea is child of Tim.
entailment	Jane is daughter of Melissa.	Melissa is parent of Jane.
entailment	Edith is wife of Betty.	Betty is spouse of Edith.
entailment	Diane is mother of Leslie.	Leslie is child of Diane.
entailment	Ann is brother of Kevin.	Kevin is sibling of Ann.
entailment	Nicole is brother of Ashley.	Ashley is sibling of Nicole.
entailment	Nick is brother of Margaret.	Margaret is sibling of Nick.
entailment	Thomas is son of Tim.	Tim is parent of Thomas.
entailment	Samuel is brother of Alexandra.	Alexandra is sibling of Samuel.
entailment	Stephanie is mother of Marilyn.	Marilyn is child of Stephanie.
entailment	Scott is daughter of Patrick.	Patrick is parent of Scott.
entailment	Rose is wife of Eleanor.	Eleanor is spouse of Rose.
entailment	Jeff is son of Judy.	Judy is parent of Jeff.
entailment	Emma is sister of Tim.	Tim is sibling of Emma.
entailment	Louise is husband of Tom.	Tom is spouse of Louise.
entailment	Leslie is father of Kelly.	Kelly is child of Leslie.
entailment	Julie is sister of Henry.	Henry is sibling of Julie.
entailment	Donna is father of Christine.	Christine is child of Donna.
entailment	Edith is brother of Rebecca.	Rebecca is sibling of Edith.
entailment	Angela is brother of Catherine.	Catherine is sibling of Angela.
entailment	Katherine is son of Colin.	Colin is parent of Katherine.
entailment	Peter is wife of Harry.	Harry is spouse of Peter.
entailment	Jane is brother of Lisa.	Lisa is sibling of Jane.
entailment	Carl is wife of Edwin.	Edwin is spouse of Carl.
entailment	Carolyn is brother of Rose.	Rose is sibling of Carolyn.
entailment	Katie is husband of Jill.	Jill is spouse of Katie.
entailment	Thomas is brother of Heather.	Heather is sibling of Thomas.
entailment	Mary is wife of Rachel.	Rachel is spouse of Mary.
entailment	Roger is daughter of Nicole.	Nicole is parent of Roger.
entailment	Fiona is brother of Michelle.	Michelle is sibling of Fiona.
entailment	Matthew is daughter of Ian.	Ian is parent of Matthew.
entailment	Judy is wife of Kate.	Kate is spouse of Judy.
entailment	Elizabeth is sister of Martin.	Martin is sibling of Elizabeth.
entailment	Billy is mother of Joan.	Joan is child of Billy.
entailment	Barbara is father of John.	John is child of Barbara.
entailment	Sally is mother of Evelyn.	Evelyn is child of Sally.
entailment	Rachel is sister of Sarah.	Sarah is sibling of Rachel.
entailment	Robert is husband of Kim.	Kim is spouse of Robert.
entailment	Lawrence is father of Annie.	Annie is child of Lawrence.
entailment	Amy is father of Diane.	Diane is child of Amy.
entailment	Louise is son of Pamela.	Pamela is parent of Louise.
entailment	Pamela is husband of Bob.	Bob is spouse of Pamela.
entailment	Alison is daughter of Walter.	Walter is parent of Alison.
entailment	Harold is son of Karen.	Karen is parent of Harold.
entailment	Patricia is wife of Hugh.	Hugh is spouse of Patricia.
entailment	Catherine is brother of Ellen.	Ellen is sibling of Catherine.
entailment	Louis is son of Jane.	Jane is parent of Louis.
entailment	Diane is wife of Florence.	Florence is spouse of Diane.
entailment	Lauren is son of Louis.	Louis is parent of Lauren.
entailment	Anna is sister of Wendy.	Wendy is sibling of Anna.
entailment	Al is daughter of Marie.	Marie is parent of Al.
entailment	Julia is wife of Gary.	Gary is spouse of Julia.
entailment	Patrick is sister of Gary.	Gary is sibling of Patrick.
entailment	Gary is mother of Elaine.	Elaine is child of Gary.
entailment	Lynn is husband of Tim.	Tim is spouse of Lynn.
entailment	Jean is mother of Jane.	Jane is child of Jean.
entailment	Sally is husband of Donald.	Donald is spouse of Sally.
entailment	Evelyn is sister of Gary.	Gary is sibling of Evelyn.
entailment	Michael is husband of Rose.	Rose is spouse of Michael.
entailment	Frances is daughter of Greg.	Greg is parent of Frances.
entailment	Charles is son of Lynn.	Lynn is parent of Charles.
entailment	Betty is mother of Harold.	Harold is child of Betty.
entailment	Rachel is brother of Ann.	Ann is sibling of Rachel.
entailment	Amanda is brother of Lisa.	Lisa is sibling of Amanda.
entailment	Sandra is sister of Caroline.	Caroline is sibling of Sandra.
entailment	Joan is husband of Emily.	Emily is spouse of Joan.
entailment	Edith is son of Eleanor.	Eleanor is parent of Edith.
entailment	Fred is son of Ruth.	Ruth is parent of Fred.
entailment	Diane is son of Sue.	Sue is parent of Diane.
entailment	Nick is husband of Ralph.	Ralph is spouse of Nick.
entailment	Eleanor is sister of Rose.	Rose is sibling of Eleanor.
entailment	Alison is wife of Martin.	Martin is spouse of Alison.
entailment	Philip is daughter of Annie.	Annie is parent of Philip.
entailment	Francis is wife of Ben.	Ben is spouse of Francis.
entailment	Jason is brother of Kathleen.	Kathleen is sibling of Jason.
entailment	Laura is mother of Joseph.	Joseph is child of Laura.
entailment	Ralph is brother of Philip.	Philip is sibling of Ralph.
entailment	Diane is wife of Thomas.	Thomas is spouse of Diane.
entailment	Tom is sister of Mike.	Mike is sibling of Tom.
entailment	Alexandra is daughter of Walter.	Walter is parent of Alexandra.
entailment	Robert is sister of Emily.	Emily is sibling of Robert.
entailment	Thomas is daughter of Jeff.	Jeff is parent of Thomas.
entailment	Tom is father of Virginia.	Virginia is child of Tom.
entailment	Kelly is sister of Alexander.	Alexander is sibling of Kelly.
entailment	Alice is husband of Albert.	Albert is spouse of Alice.
entailment	Claire is mother of Kathy.	Kathy is child of Claire.
entailment	Jason is father of Ron.	Ron is child of Jason.
entailment	Jessica is mother of Kevin.	Kevin is child of Jessica.
entailment	Adam is father of Ellen.	Ellen is child of Adam.
entailment	Carolyn is mother of Daniel.	Daniel is child of Carolyn.
entailment	Edith is brother of Richard.	Richard is sibling of Edith.
entailment	Claire is daughter of Ed.	Ed is parent of Claire.
entailment	Alex is brother of Deborah.	Deborah is sibling of Alex.
entailment	Harold is husband of Barbara.	Barbara is spouse of Harold.
entailment	Lucy is mother of Evelyn.	Evelyn is child of Lucy.
entailment	Harry is son of Simon.	Simon is parent of Harry.
entailment	Nancy is sister of Michael.	Michael is sibling of Nancy.
entailment	Lawrence is husband of Alexander.	Alexander is spouse of Lawrence.
entailment	Ellen is daughter of Ralph.	Ralph is parent of Ellen.
entailment	Ken is sister of Matthew.	Matthew is sibling of Ken.
entailment	Ben is son of Kenneth.	Kenneth is parent of Ben.
entailment	Bill is daughter of Ken.	Ken is parent of Bill.
entailment	Paul is daughter of Julia.	Julia is parent of Paul.
entailment	Frances is mother of Andrea.	Andrea is child of Frances.
entailment	Albert is father of Michelle.	Michelle is child of Albert.
entailment	Kate is son of Kathryn.	Kathryn is parent of Kate.
entailment	Tom is daughter of Harry.	Harry is parent of Tom.
entailment	Jane is husband of Susan.	Susan is spouse of Jane.
entailment	Virginia is son of Carolyn.	Carolyn is parent of Virginia.
entailment	Louise is son of Maria.	Maria is parent of Louise.
entailment	Florence is daughter of Katie.	Katie is parent of Florence.
entailment	Lawrence is brother of Rachel.	Rachel is sibling of Lawrence.
entailment	Arthur is brother of Joseph.	Joseph is sibling of Arthur.
entailment	Michelle is mother of Cynthia.	Cynthia is child of Michelle.
entailment	Scott is son of Alison.	Alison is parent of Scott.
entailment	Laura is sister of Pamela.	Pamela is sibling of Laura.
entailment	Bobby is brother of Matt.	Matt is sibling of Bobby.
entailment	Jonathan is sister of Tony.	Tony is sibling of Jonathan.
entailment	Ralph is husband of Simon.	Simon is spouse of Ralph.
entailment	Chris is father of Judy.	Judy is child of Chris.
entailment	Jack is son of Edwin.	Edwin is parent of Jack.
entailment	Mary is son of Eleanor.	Eleanor is parent of Mary.
entailment	Ken is son of Robert.	Robert is parent of Ken.
entailment	Annie is father of Arthur.	Arthur is child of Annie.
entailment	Scott is father of Andrew.	Andrew is child of Scott.
entailment	Harold is brother of Mary.	Mary is sibling of Harold.
entailment	Leslie is son of Ellen.	Ellen is parent of Leslie.
entailment	Angela is mother of Amanda.	Amanda is child of Angela.
entailment	Ron is wife of Jonathan.	Jonathan is spouse of Ron.
entailment	James is mother of Elizabeth.	Elizabeth is child of James.
entailment	Martin is brother of Grace.	Grace is sibling of Martin.
entailment	Nancy is mother of Rebecca.	Rebecca is child of Nancy.
entailment	Lawrence is son of Roy.	Roy is parent of Lawrence.
entailment	Catherine is daughter of Jim.	Jim is parent of Catherine.
entailment	Daniel is father of Barbara.	Barbara is child of Daniel.
entailment	Elaine is mother of Simon.	Simon is child of Elaine.
entailment	Mike is husband of Bruce.	Bruce is spouse of Mike.
entailment	Martha is sister of Julia.	Julia is sibling of Martha.
entailment	Greg is wife of Emma.	Emma is spouse of Greg.
entailment	Jay is brother of Cynthia.	Cynthia is sibling of Jay.
entailment	Jerry is daughter of Judith.	Judith is parent of Jerry.
entailment	Emma is son of Karen.	Karen is parent of Emma.
entailment	Ed is wife of Sally.	Sally is spouse of Ed.
entailment	Alison is daughter of Leslie.	Leslie is parent of Alison.
entailment	Jack is brother of Richard.	Richard is sibling of Jack.
entailment	Edith is wife of Claire.	Claire is spouse of Edith.
entailment	Melissa is father of Greg.	Greg is child of Melissa.
entailment	Mary is daughter of Annie.	Annie is parent of Mary.
entailment	Charlotte is daughter of Anne.	Anne is parent of Charlotte.
entailment	Donald is brother of William.	William is sibling of Donald.
entailment	Alan is son of Elizabeth.	Elizabeth is parent of Alan.
entailment	Diana is mother of Leslie.	Leslie is child of Diana.
entailment	Evelyn is son of Jerry.	Jerry is parent of Evelyn.
entailment	Katherine is daughter of Helen.	Helen is parent of Katherine.
entailment	Paul is wife of Edwin.	Edwin is spouse of Paul.
entailment	Harry is sister of Katherine.	Katherine is sibling of Harry.
entailment	Jean is sister of Ben.	Ben is sibling of Jean.
entailment	Margaret is brother of Angela.	Angela is sibling of Margaret.
entailment	Jerry is sister of Jane.	Jane is sibling of Jerry.
entailment	Steve is sister of Lynn.	Lynn is sibling of Steve.
entailment	Deborah is husband of Patricia.	Patricia is spouse of Deborah.
entailment	Alfred is son of Jennifer.	Jennifer is parent of Alfred.
entailment	Fiona is husband of Sharon.	Sharon is spouse of Fiona.
entailment	Sharon is husband of Bob.	Bob is spouse of Sharon.
entailment	Billy is husband of Julia.	Julia is spouse of Billy.
entailment	Roy is father of Ralph.	Ralph is child of Roy.
entailment	Edith is daughter of Katherine.	Katherine is parent of Edith.
entailment	Cynthia is husband of Melissa.	Melissa is spouse of Cynthia.
entailment	Andrew is son of Rachel.	Rachel is parent of Andrew.
entailment	Greg is brother of Nancy.	Nancy is sibling of Greg.
entailment	Lawrence is daughter of Andrea.	Andrea is parent of Lawrence.
entailment	Evelyn is mother of Nicole.	Nicole is child of Evelyn.
entailment	Eleanor is mother of Nicole.	Nicole is child of Eleanor.
entailment	Carl is daughter of Jane.	Jane is parent of Carl.
entailment	Jay is daughter of Lauren.	Lauren is parent of Jay.
entailment	Jay is daughter of Edwin.	Edwin is parent of Jay.
entailment	Alexandra is brother of Dorothy.	Dorothy is sibling of Alexandra.
entailment	Susan is daughter of Steven.	Steven is parent of Susan.
entailment	Fred is son of Greg.	Greg is parent of Fred.
entailment	Marilyn is wife of Matthew.	Matthew is spouse of Marilyn.
entailment	Judith is father of Simon.	Simon is child of Judith.
entailment	Susan is wife of Diane.	Diane is spouse of Susan.
entailment	Virginia is husband of Donna.	Donna is spouse of Virginia.
entailment	Eleanor is husband of Ben.	Ben is spouse of Eleanor.
entailment	Kevin is daughter of Larry.	Larry is parent of Kevin.
entailment	Ann is husband of Jim.	Jim is spouse of Ann.
entailment	Rachel is sister of Paul.	Paul is sibling of Rachel.
entailment	Kathleen is mother of Nicole.	Nicole is child of Kathleen.
entailment	Benjamin is husband of Kate.	Kate is spouse of Benjamin.
entailment	Jane is husband of Marie.	Marie is spouse of Jane.
entailment	Amy is wife of Jennifer.	Jennifer is spouse of Amy.
entailment	Roy is sister of Louise.	Louise is sibling of Roy.
entailment	Steven is son of Arthur.	Arthur is parent of Steven.
entailment	Fred is wife of Michelle.	Michelle is spouse of Fred.
entailment	Sandra is husband of Sally.	Sally is spouse of Sandra.
entailment	Emma is mother of Sophie.	Sophie is child of Emma.
entailment	Carol is father of Don.	Don is child of Carol.
entailment	Kevin is brother of Benjamin.	Benjamin is sibling of Kevin.
entailment	Charlie is wife of Gary.	Gary is spouse of Charlie.
entailment	Martin is father of Matt.	Matt is child of Martin.
entailment	Louise is husband of David.	David is spouse of Louise.
entailment	Gary is father of Alice.	Alice is child of Gary.
entailment	Ruth is son of Tom.	Tom is parent of Ruth.
entailment	Francis is daughter of Robin.	Robin is parent of Francis.
entailment	Steve is wife of Robin.	Robin is spouse of Steve.
entailment	Matthew is husband of Daniel.	Daniel is spouse of Matthew.
entailment	Rose is wife of Helen.	Helen is spouse of Rose.
entailment	Kevin is mother of Ashley.	Ashley is child of Kevin.
entailment	Stephanie is sister of Virginia.	Virginia is sibling of Stephanie.
entailment	Ralph is daughter of Lucy.	Lucy is parent of Ralph.
entailment	Charlotte is daughter of Andrea.	Andrea is parent of Charlotte.
entailment	Sharon is father of Lisa.	Lisa is child of Sharon.
entailment	Diana is brother of Kenneth.	Kenneth is sibling of Diana.
entailment	Richard is son of Dave.	Dave is parent of Richard.
entailment	Hugh is mother of Jill.	Jill is child of Hugh.
entailment	Tom is mother of Sharon.	Sharon is child of Tom.
entailment	Alan is sister of Edwin.	Edwin is sibling of Alan.
entailment	Carol is brother of Kate.	Kate is sibling of Carol.
entailment	Robert is son of Ray.	Ray is parent of Robert.
entailment	Alfred is father of Tom.	Tom is child of Alfred.
entailment	Claire is mother of Fiona.	Fiona is child of Claire.
entailment	Benjamin is husband of Eric.	Eric is spouse of Benjamin.
entailment	Kathy is husband of Ryan.	Ryan is spouse of Kathy.
entailment	Bob is mother of Eric.	Eric is child of Bob.
entailment	Joan is son of Gary.	Gary is parent of Joan.
entailment	Jonathan is mother of Pamela.	Pamela is child of Jonathan.
entailment	Kate is brother of Katie.	Katie is sibling of Kate.
entailment	Harriet is brother of Kelly.	Kelly is sibling of Harriet.
entailment	William is son of Harold.	Harold is parent of William.
entailment	Sarah is daughter of Charles.	Charles is parent of Sarah.
entailment	Peter is brother of Elizabeth.	Elizabeth is sibling of Peter.
entailment	Bob is brother of Ryan.	Ryan is sibling of Bob.
entailment	Jason is son of Jay.	Jay is parent of Jason.
entailment	Leslie is husband of Amanda.	Amanda is spouse of Leslie.
entailment	Grace is father of Arthur.	Arthur is child of Grace.
entailment	Jane is sister of Kelly.	Kelly is sibling of Jane.
entailment	Al is husband of Jimmy.	Jimmy is spouse of Al.
entailment	Kevin is son of Tom.	Tom is parent of Kevin.
entailment	Michael is brother of Jason.	Jason is sibling of Michael.
entailment	Ray is father of Katherine.	Katherine is child of Ray.
entailment	Lawrence is sister of Elizabeth.	Elizabeth is sibling of Lawrence.
entailment	Ron is sister of Wendy.	Wendy is sibling of Ron.
entailment	Francis is husband of Joe.	Joe is spouse of Francis.
entailment	Anna is father of Evelyn.	Evelyn is child of Anna.
entailment	Matt is daughter of Ron.	Ron is parent of Matt.
entailment	Ryan is husband of Lisa.	Lisa is spouse of Ryan.
entailment	Howard is brother of Don.	Don is sibling of Howard.
entailment	Katherine is mother of Victoria.	Victoria is child of Katherine.
entailment	Sarah is wife of Florence.	Florence is spouse of Sarah.
entailment	Fred is son of Paul.	Paul is parent of Fred.
entailment	Alison is wife of Katherine.	Katherine is spouse of Alison.
entailment	Rose is brother of Samuel.	Samuel is sibling of Rose.
entailment	Louis is son of Frederick.	Frederick is parent of Louis.
entailment	Tony is mother of Joseph.	Joseph is child of Tony.
entailment	Philip is sister of Jessica.	Jessica is sibling of Philip.
entailment	Simon is father of Ed.	Ed is child of Simon.
entailment	Larry is mother of Jimmy.	Jimmy is child of Larry.
entailment	Steve is daughter of Patricia.	Patricia is parent of Steve.
entailment	Julia is husband of Mary.	Mary is spouse of Julia.
entailment	Linda is brother of Larry.	Larry is sibling of Linda.
entailment	Jonathan is wife of Ellen.	Ellen is spouse of Jonathan.
entailment	Jill is brother of Jim.	Jim is sibling of Jill.
entailment	Nick is mother of Virginia.	Virginia is child of Nick.
entailment	Lynn is mother of Janet.	Janet is child of Lynn.
entailment	Anna is husband of Heather.	Heather is spouse of Anna.
entailment	Carl is wife of Ann.	Ann is spouse of Carl.
entailment	Ray is brother of Tom.	Tom is sibling of Ray.
entailment	Howard is daughter of Barbara.	Barbara is parent of Howard.
entailment	Ashley is brother of Nancy.	Nancy is sibling of Ashley.
entailment	Alexandra is father of Daniel.	Daniel is child of Alexandra.
entailment	Ryan is mother of Karen.	Karen is child of Ryan.
entailment	Joan is mother of Jimmy.	Jimmy is child of Joan.
entailment	Nancy is husband of Bill.	Bill is spouse of Nancy.
entailment	Samuel is husband of Jerry.	Jerry is spouse of Samuel.
entailment	Anna is father of Kim.	Kim is child of Anna.
entailment	Francis is son of Christine.	Christine is parent of Francis.
entailment	Gary is daughter of Alan.	Alan is parent of Gary.
entailment	Julie is husband of Andrea.	Andrea is spouse of Julie.
entailment	Lawrence is daughter of Wendy.	Wendy is parent of Lawrence.
entailment	Scott is son of Ben.	Ben is parent of Scott.
entailment	Grace is son of Jonathan.	Jonathan is parent of Grace.
entailment	Sophie is wife of Leslie.	Leslie is spouse of Sophie.
entailment	Daniel is brother of Lauren.	Lauren is sibling of Daniel.
entailment	Leslie is brother of Elaine.	Elaine is sibling of Leslie.
entailment	Paul is daughter of Claire.	Claire is parent of Paul.
entailment	Maria is husband of Dorothy.	Dorothy is spouse of Maria.
entailment	Katherine is son of Julie.	Julie is parent of Katherine.
entailment	Harold is wife of Barbara.	Barbara is spouse of Harold.
entailment	Joseph is father of Fred.	Fred is child of Joseph.
entailment	Carl is son of Ian.	Ian is parent of Carl.
entailment	Annie is sister of Alex.	Alex is sibling of Annie.
entailment	Alfred is sister of Kim.	Kim is sibling of Alfred.
entailment	Joan is mother of Frank.	Frank is child of Joan.
entailment	George is son of Amanda.	Amanda is parent of George.
entailment	Jeff is father of Janet.	Janet is child of Jeff.
entailment	Bob is husband of Jonathan.	Jonathan is spouse of Bob.
entailment	Francis is son of Samuel.	Samuel is parent of Francis.
entailment	Jason is father of Ann.	Ann is child of Jason.
entailment	Gary is son of Eric.	Eric is parent of Gary.
entailment	Amanda is daughter of Albert.	Albert is parent of Amanda.
entailment	Elizabeth is sister of Carolyn.	Carolyn is sibling of Elizabeth.
entailment	Andrew is wife of Karen.	Karen is spouse of Andrew.
entailment	Margaret is son of Sue.	Sue is parent of Margaret.
entailment	Philip is wife of Andrea.	Andrea is spouse of Philip.
entailment	Dan is wife of Albert.	Albert is spouse of Dan.
entailment	Charles is daughter of Al.	Al is parent of Charles.
entailment	Grace is wife of Michael.	Michael is spouse of Grace.
entailment	Ruth is father of Mike.	Mike is child of Ruth.
entailment	Arthur is father of Adam.	Adam is child of Arthur.
entailment	Sara is mother of Alice.	Alice is child of Sara.
entailment	Sue is daughter of Leslie.	Leslie is parent of Sue.
entailment	Christine is son of Donna.	Donna is parent of Christine.
entailment	Chris is daughter of Larry.	Larry is parent of Chris.
entailment	Karen is son of Larry.	Larry is parent of Karen.
entailment	Christopher is mother of Virginia.	Virginia is child of Christopher.
entailment	Virginia is daughter of Lisa.	Lisa is parent of Virginia.
entailment	Sandra is daughter of Carolyn.	Carolyn is parent of Sandra.
entailment	Anna is daughter of Harold.	Harold is parent of Anna.
entailment	Joan is father of Heather.	Heather is child of Joan.
entailment	Jill is father of Charles.	Charles is child of Jill.
entailment	Nick is mother of Ken.	Ken is child of Nick.
entailment	Barbara is husband of Sue.	Sue is spouse of Barbara.
entailment	Nancy is mother of Eleanor.	Eleanor is child of Nancy.
entailment	Steve is brother of Sara.	Sara is sibling of Steve.
entailment	Albert is husband of Tony.	Tony is spouse of Albert.
entailment	Margaret is son of Louis.	Louis is parent of Margaret.
entailment	Heather is daughter of Evelyn.	Evelyn is parent of Heather.
entailment	Robert is son of Ralph.	Ralph is parent of Robert.
entailment	Nick is husband of Kenneth.	Kenneth is spouse of Nick.
entailment	Howard is sister of Steve.	Steve is sibling of Howard.
entailment	Lawrence is son of Bobby.	Bobby is parent of Lawrence.
entailment	Kathryn is brother of Jean.	Jean is sibling of Kathryn.
entailment	John is husband of Rebecca.	Rebecca is spouse of John.
entailment	Laura is father of Sam.	Sam is child of Laura.
entailment	Kathleen is son of Henry.	Henry is parent of Kathleen.
entailment	Bobby is daughter of Diana.	Diana is parent of Bobby.
entailment	Roger is brother of Anna.	Anna is sibling of Roger.
entailment	Ryan is husband of Lisa.	Lisa is spouse of Ryan.
entailment	Alex is daughter of Marilyn.	Marilyn is parent of Alex.
entailment	Michael is husband of Sara.	Sara is spouse of Michael.
entailment	Bob is mother of Daniel.	Daniel is child of Bob.
entailment	Jonathan is husband of Nicole.	Nicole is spouse of Jonathan.
entailment	Harry is brother of Johnny.	Johnny is sibling of Harry.
entailment	Tony is father of Frank.	Frank is child of Tony.
entailment	Larry is husband of Emma.	Emma is spouse of Larry.
entailment	Christopher is wife of Katie.	Katie is spouse of Christopher.
entailment	George is mother of Elizabeth.	Elizabeth is child of George.
entailment	Richard is sister of Ralph.	Ralph is sibling of Richard.
entailment	Joseph is wife of Karen.	Karen is spouse of Joseph.
entailment	Angela is mother of Susan.	Susan is child of Angela.
entailment	Matthew is father of Robin.	Robin is child of Matthew.
entailment	Jill is brother of Steve.	Steve is sibling of Jill.
entailment	Gary is husband of Harriet.	Harriet is spouse of Gary.
entailment	Judy is wife of Robin.	Robin is spouse of Judy.
entailment	Louis is son of Margaret.	Margaret is parent of Louis.
entailment	Scott is brother of Edward.	Edward is sibling of Scott.
entailment	Patricia is father of Pamela.	Pamela is child of Patricia.
entailment	Sam is son of Stephanie.	Stephanie is parent of Sam.
entailment	Julie is father of Edward.	Edward is child of Julie.
entailment	Ed is mother of Lawrence.	Lawrence is child of Ed.
entailment	Donna is brother of Colin.	Colin is sibling of Donna.
entailment	Robert is son of Jason.	Jason is parent of Robert.
entailment	Kenneth is daughter of Sophie.	Sophie is parent of Kenneth.
entailment	Dave is husband of Elaine.	Elaine is spouse of Dave.
entailment	Brian is son of Francis.	Francis is parent of Brian.
entailment	Kathy is son of Lauren.	Lauren is parent of Kathy.
entailment	Sam is wife of Joseph.	Joseph is spouse of Sam.
entailment	Jerry is sister of Ralph.	Ralph is sibling of Jerry.
entailment	Julie is mother of Margaret.	Margaret is child of Julie.
entailment	John is wife of Rose.	Rose is spouse of John.
entailment	Linda is sister of Karen.	Karen is sibling of Linda.
entailment	Edward is sister of Steve.	Steve is sibling of Edward.
entailment	Deborah is son of Lynn.	Lynn is parent of Deborah.
entailment	Patrick is father of Diane.	Diane is child of Patrick.
entailment	Joan is mother of Jean.	Jean is child of Joan.
entailment	Mark is brother of Joseph.	Joseph is sibling of Mark.
entailment	Jessica is father of Virginia.	Virginia is child of Jessica.
entailment	Harriet is wife of Jean.	Jean is spouse of Harriet.
entailment	Ron is father of Ann.	Ann is child of Ron.
entailment	Ray is sister of Matt.	Matt is sibling of Ray.
entailment	Katherine is wife of Sophie.	Sophie is spouse of Katherine.
entailment	Chris is father of Ellen.	Ellen is child of Chris.
entailment	Jerry is son of Bobby.	Bobby is parent of Jerry.
entailment	Diana is father of Amy.	Amy is child of Diana.
entailment	Sam is son of Joan.	Joan is parent of Sam.
entailment	Jason is husband of Don.	Don is spouse of Jason.
entailment	Marilyn is wife of Donna.	Donna is spouse of Marilyn.
entailment	Charles is sister of Melissa.	Melissa is sibling of Charles.
entailment	Ellen is sister of Al.	Al is sibling of Ellen.
entailment	Ralph is wife of Bill.	Bill is spouse of Ralph.
entailment	Daniel is mother of Jay.	Jay is child of Daniel.
entailment	Charlotte is sister of Sarah.	Sarah is sibling of Charlotte.
entailment	Al is brother of Jean.	Jean is sibling of Al.
entailment	Judith is mother of Ken.	Ken is child of Judith.
entailment	Steven is daughter of Ralph.	Ralph is parent of Steven.
entailment	Anne is mother of Matt.	Matt is child of Anne.
entailment	Jim is wife of Catherine.	Catherine is spouse of Jim.
entailment	Michael is brother of Janet.	Janet is sibling of Michael.
entailment	Philip is son of Alex.	Alex is parent of Philip.
entailment	Kenneth is son of Emma.	Emma is parent of Kenneth.
entailment	Louis is mother of Harold.	Harold is child of Louis.
entailment	Joe is husband of Andrew.	Andrew is spouse of Joe.
entailment	Dave is son of Lucy.	Lucy is parent of Dave.
entailment	Andrea is husband of Deborah.	Deborah is spouse of Andrea.
entailment	Christine is wife of Arthur.	Arthur is spouse of Christine.
entailment	Ray is sister of Chris.	Chris is sibling of Ray.
entailment	Kevin is husband of Edwin.	Edwin is spouse of Kevin.
entailment	Kenneth is mother of Dorothy.	Dorothy is child of Kenneth.
entailment	Rebecca is father of Ian.	Ian is child of Rebecca.
entailment	Al is brother of Eleanor.	Eleanor is sibling of Al.
entailment	Lauren is mother of Michael.	Michael is child of Lauren.
entailment	Steve is sister of Katherine.	Katherine is sibling of Steve.
entailment	Stephen is sister of Stephanie.	Stephanie is sibling of Stephen.
entailment	Ralph is husband of Ann.	Ann is spouse of Ralph.
entailment	Howard is daughter of Amanda.	Amanda is parent of Howard.
entailment	Michelle is mother of Angela.	Angela is child of Michelle.
entailment	Roy is wife of Andrew.	Andrew is spouse of Roy.
entailment	Robin is father of Angela.	Angela is child of Robin.
entailment	Scott is wife of Ray.	Ray is spouse of Scott.
entailment	Marilyn is son of Robert.	Robert is parent of Marilyn.
entailment	Emma is son of Melissa.	Melissa is parent of Emma.
entailment	Michelle is mother of Donald.	Donald is child of Michelle.
entailment	Charles is daughter of Dave.	Dave is parent of Charles.
entailment	Anthony is mother of David.	David is child of Anthony.
entailment	Martin is brother of Julia.	Julia is sibling of Martin.
entailment	Albert is father of Alan.	Alan is child of Albert.
entailment	Lauren is son of Jerry.	Jerry is parent of Lauren.
entailment	Robert is father of Jane.	Jane is child of Robert.
entailment	Diane is mother of Kevin.	Kevin is child of Diane.
entailment	Simon is wife of Carol.	Carol is spouse of Simon.
entailment	Annie is husband of Emily.	Emily is spouse of Annie.
entailment	Diane is husband of Suzanne.	Suzanne is spouse of Diane.
entailment	Christopher is husband of Anne.	Anne is spouse of Christopher.
entailment	Fred is father of Kelly.	Kelly is child of Fred.
entailment	Judy is sister of Frederick.	Frederick is sibling of Judy.
entailment	Kelly is daughter of Chris.	Chris is parent of Kelly.
entailment	Lucy is father of Ray.	Ray is child of Lucy.
entailment	Christine is brother of Anna.	Anna is sibling of Christine.
entailment	Ruth is father of Francis.	Francis is child of Ruth.
entailment	Margaret is husband of Lucy.	Lucy is spouse of Margaret.
entailment	Donna is daughter of Paul.	Paul is parent of Donna.
entailment	Melissa is husband of Amanda.	Amanda is spouse of Melissa.
entailment	Colin is husband of Evelyn.	Evelyn is spouse of Colin.
entailment	Edith is daughter of Ben.	Ben is parent of Edith.
entailment	Kelly is wife of Philip.	Philip is spouse of Kelly.
entailment	Louise is sister of Leslie.	Leslie is sibling of Louise.
entailment	David is father of Louise.	Louise is child of David.
entailment	Janet is son of Rebecca.	Rebecca is parent of Janet.
entailment	Howard is daughter of Evelyn.	Evelyn is parent of Howard.
entailment	Rose is son of Steven.	Steven is parent of Rose.
entailment	Nick is father of Victoria.	Victoria is child of Nick.
entailment	Kathy is son of Katie.	Katie is parent of Kathy.
entailment	Kathy is daughter of Scott.	Scott is parent of Kathy.
entailment	Bill is brother of Donna.	Donna is sibling of Bill.
entailment	Steven is son of Alexandra.	Alexandra is parent of Steven.
entailment	Gary is wife of Sara.	Sara is spouse of Gary.
entailment	Jeff is brother of Heather.	Heather is sibling of Jeff.
entailment	Harold is sister of Harry.	Harry is sibling of Harold.
entailment	Frederick is wife of Al.	Al is spouse of Frederick.
entailment	Samuel is sister of Kim.	Kim is sibling of Samuel.
entailment	Adam is husband of Ashley.	Ashley is spouse of Adam.
entailment	Kathleen is father of Betty.	Betty is child of Kathleen.
entailment	Howard is son of Margaret.	Margaret is parent of Howard.
entailment	Alice is sister of Donald.	Donald is sibling of Alice.
entailment	Edward is daughter of Deborah.	Deborah is parent of Edward.
entailment	Ruth is daughter of Robin.	Robin is parent of Ruth.
entailment	Katie is wife of Kathleen.	Kathleen is spouse of Katie.
entailment	Annie is sister of Albert.	Albert is sibling of Annie.
entailment	Deborah is wife of Anna.	Anna is spouse of Deborah.
entailment	Adam is father of Anthony.	Anthony is child of Adam.
entailment	Betty is mother of Al.	Al is child of Betty.
entailment	Harry is daughter of Marie.	Marie is parent of Harry.
entailment	Jessica is son of Alex.	Alex is parent of Jessica.
entailment	Louis is sister of Ann.	Ann is sibling of Louis.
entailment	Grace is daughter of Janet.	Janet is parent of Grace.
entailment	Lynn is sister of Jim.	Jim is sibling of Lynn.
entailment	Mark is sister of Ken.	Ken is sibling of Mark.
entailment	Bruce is brother of George.	George is sibling of Bruce.
entailment	Cynthia is son of Kate.	Kate is parent of Cynthia.
entailment	Alexander is daughter of Jimmy.	Jimmy is parent of Alexander.
entailment	Mike is wife of Victoria.	Victoria is spouse of Mike.
entailment	Lynn is sister of Ron.	Ron is sibling of Lynn.
entailment	Joe is father of Kenneth.	Kenneth is child of Joe.
entailment	Sam is son of Christopher.	Christopher is parent of Sam.
entailment	Sharon is brother of Ian.	Ian is sibling of Sharon.
entailment	Bobby is mother of Fred.	Fred is child of Bobby.
entailment	Kathleen is mother of Daniel.	Daniel is child of Kathleen.
entailment	Julie is wife of Al.	Al is spouse of Julie.
entailment	Florence is wife of Annie.	Annie is spouse of Florence.
entailment	Jessica is sister of Kenneth.	Kenneth is sibling of Jessica.
entailment	Maria is daughter of Bruce.	Bruce is parent of Maria.
entailment	Matt is husband of Kathryn.	Kathryn is spouse of Matt.
entailment	Kenneth is brother of Sara.	Sara is sibling of Kenneth.
entailment	Ellen is wife of Adam.	Adam is spouse of Ellen.
entailment	Fred is daughter of Arthur.	Arthur is parent of Fred.
entailment	Walter is son of Jimmy.	Jimmy is parent of Walter.
entailment	Eric is sister of Suzanne.	Suzanne is sibling of Eric.
entailment	Anthony is sister of Daniel.	Daniel is sibling of Anthony.
entailment	Andrea is daughter of Carol.	Carol is parent of Andrea.
entailment	Jeff is mother of Jerry.	Jerry is child of Jeff.
entailment	Bruce is mother of Marie.	Marie is child of Bruce.
entailment	Matthew is father of Dorothy.	Dorothy is child of Matthew.
entailment	Rose is wife of Alison.	Alison is spouse of Rose.
entailment	Charlie is sister of Alexander.	Alexander is sibling of Charlie.
entailment	Alex is brother of Sue.	Sue is sibling of Alex.
entailment	Helen is sister of Sally.	Sally is sibling of Helen.
entailment	Susan is son of Ashley.	Ashley is parent of Susan.
entailment	Leslie is brother of Stephen.	Stephen is sibling of Leslie.
entailment	Christine is daughter of Benjamin.	Benjamin is parent of Christine.
entailment	Frank is brother of Peter.	Peter is sibling of Frank.
entailment	Greg is mother of Marilyn.	Marilyn is child of Greg.
entailment	Elizabeth is husband of Jean.	Jean is spouse of Elizabeth.
entailment	Lauren is sister of Albert.	Albert is sibling of Lauren.
entailment	Lynn is daughter of Roy.	Roy is parent of Lynn.
entailment	Judith is husband of Joseph.	Joseph is spouse of Judith.
entailment	Fiona is sister of Matthew.	Matthew is sibling of Fiona.
entailment	Kelly is sister of Carolyn.	Carolyn is sibling of Kelly.
entailment	Mark is son of Charlotte.	Charlotte is parent of Mark.
entailment	Sarah is father of Jimmy.	Jimmy is child of Sarah.
entailment	Mark is daughter of Sally.	Sally is parent of Mark.
entailment	Chris is daughter of Fiona.	Fiona is parent of Chris.
entailment	Andrew is father of Edward.	Edward is child of Andrew.
entailment	Janet is wife of Dave.	Dave is spouse of Janet.
entailment	Matt is son of Elizabeth.	Elizabeth is parent of Matt.
entailment	Pamela is son of Ashley.	Ashley is parent of Pamela.
entailment	Sharon is father of Larry.	Larry is child of Sharon.
entailment	Paul is brother of Gary.	Gary is sibling of Paul.
entailment	Fiona is mother of Ryan.	Ryan is child of Fiona.
entailment	Samuel is mother of Alfred.	Alfred is child of Samuel.
entailment	Frederick is husband of Caroline.	Caroline is spouse of Frederick.
entailment	Edward is father of Tony.	Tony is child of Edward.
entailment	Howard is mother of Jerry.	Jerry is child of Howard.
entailment	Patricia is daughter of Benjamin.	Benjamin is parent of Patricia.
entailment	Ben is father of Frances.	Frances is child of Ben.
entailment	Kevin is son of George.	George is parent of Kevin.
entailment	Joseph is father of Marie.	Marie is child of Joseph.
entailment	Robin is brother of Roger.	Roger is sibling of Robin.
entailment	Kim is wife of Rose.	Rose is spouse of Kim.
entailment	Dorothy is brother of Lisa.	Lisa is sibling of Dorothy.
entailment	Edith is wife of Kelly.	Kelly is spouse of Edith.
entailment	Frank is mother of Kelly.	Kelly is child of Frank.
entailment	Lawrence is sister of Emily.	Emily is sibling of Lawrence.
entailment	Lucy is husband of Virginia.	Virginia is spouse of Lucy.
entailment	Ann is mother of Bob.	Bob is child of Ann.
entailment	Jason is son of Emma.	Emma is parent of Jason.
entailment	Kevin is son of Simon.	Simon is parent of Kevin.
entailment	Rachel is sister of Jennifer.	Jennifer is sibling of Rachel.
entailment	Amanda is husband of Louise.	Louise is spouse of Amanda.
entailment	Robert is mother of Larry.	Larry is child of Robert.
entailment	Martha is husband of Susan.	Susan is spouse of Martha.
entailment	Joe is brother of Larry.	Larry is sibling of Joe.
entailment	Andrew is daughter of Nick.	Nick is parent of Andrew.
entailment	Judith is mother of Laura.	Laura is child of Judith.
entailment	Alfred is wife of Anne.	Anne is spouse of Alfred.
entailment	Judy is wife of Bobby.	Bobby is spouse of Judy.
