contradiction	Gary is listening and so is Bob.	Bob is not listening.
contradiction	Lisa is dancing and so is Bobby.	Bobby is not dancing.
contradiction	Alfred is listening and so is Emma.	Emma is not listening.
contradiction	Louise is exercising and so is Gary.	Gary is not exercising.
contradiction	Benjamin is sleeping and so is Dorothy.	Dorothy is not sleeping.
contradiction	Alfred is travelling and so is Don.	Don is not travelling.
contradiction	Stephen is writing and so is Simon.	Simon is not writing.
contradiction	Katie is going and so is Ashley.	Ashley is not going.
contradiction	Fred is swimming and so is Sam.	Sam is not swimming.
contradiction	Sam is travelling and so is Harold.	Harold is not travelling.
contradiction	Lawrence is writing and so is Betty.	Betty is not writing.
contradiction	Harold is working and so is Annie.	Annie is not working.
contradiction	Leslie is dancing and so is Louise.	Louise is not dancing.
contradiction	Kathryn is sleeping and so is Louis.	Louis is not sleeping.
contradiction	William is running and so is Ryan.	Ryan is not running.
contradiction	Tim is travelling and so is Marilyn.	Marilyn is not travelling.
contradiction	Sarah is studying and so is Joan.	Joan is not studying.
contradiction	Martha is writing and so is Grace.	Grace is not writing.
contradiction	Bruce is travelling and so is Angela.	Angela is not travelling.
contradiction	Carl is reading and so is Katherine.	Katherine is not reading.
contradiction	Ken is speaking and so is Catherine.	Catherine is not speaking.
contradiction	Frances is exercising and so is Frederick.	Frederick is not exercising.
contradiction	Sandra is going and so is Rose.	Rose is not going.
contradiction	Samuel is dancing and so is Donald.	Donald is not dancing.
contradiction	Sara is going and so is Sandra.	Sandra is not going.
contradiction	Jennifer is running and so is Walter.	Walter is not running.
contradiction	Julia is speaking and so is Catherine.	Catherine is not speaking.
contradiction	Jim is dancing and so is Alexandra.	Alexandra is not dancing.
contradiction	Deborah is writing and so is Jimmy.	Jimmy is not writing.
contradiction	Ron is writing and so is Jill.	Jill is not writing.
contradiction	Nancy is exercising and so is Arthur.	Arthur is not exercising.
contradiction	Frederick is swimming and so is Catherine.	Catherine is not swimming.
contradiction	Emma is dancing and so is Jack.	Jack is not dancing.
contradiction	Sara is writing and so is Joe.	Joe is not writing.
contradiction	Colin is going and so is Dave.	Dave is not going.
contradiction	Rose is going and so is Mary.	Mary is not going.
contradiction	Judith is listening and so is Julie.	Julie is not listening.
contradiction	Elaine is painting and so is Lucy.	Lucy is not painting.
contradiction	Anthony is travelling and so is Marilyn.	Marilyn is not travelling.
contradiction	Arthur is running and so is Catherine.	Catherine is not running.
contradiction	Sarah is running and so is Gary.	Gary is not running.
contradiction	Helen is sleeping and so is Walter.	Walter is not sleeping.
contradiction	Evelyn is listening and so is Elizabeth.	Elizabeth is not listening.
contradiction	Carolyn is swimming and so is Hugh.	Hugh is not swimming.
contradiction	Bobby is travelling and so is Ron.	Ron is not travelling.
contradiction	Lauren is swimming and so is Carl.	Carl is not swimming.
contradiction	Jennifer is writing and so is Diane.	Diane is not writing.
contradiction	Robert is running and so is Grace.	Grace is not running.
contradiction	Frederick is swimming and so is Robin.	Robin is not swimming.
contradiction	Victoria is going and so is Claire.	Claire is not going.
contradiction	Pamela is painting and so is Ann.	Ann is not painting.
contradiction	Julia is writing and so is Carol.	Carol is not writing.
contradiction	Dorothy is reading and so is Marie.	Marie is not reading.
contradiction	James is speaking and so is Robin.	Robin is not speaking.
contradiction	Marilyn is running and so is Billy.	Billy is not running.
contradiction	Suzanne is exercising and so is Sarah.	Sarah is not exercising.
contradiction	Lauren is exercising and so is Carol.	Carol is not exercising.
contradiction	Helen is dancing and so is Christopher.	Christopher is not dancing.
contradiction	Fred is studying and so is Patrick.	Patrick is not studying.
contradiction	Alison is sleeping and so is Stephanie.	Stephanie is not sleeping.
contradiction	Louise is going and so is Edward.	Edward is not going.
contradiction	Joe is going and so is Colin.	Colin is not going.
contradiction	Jean is swimming and so is Donna.	Donna is not swimming.
contradiction	Lucy is dancing and so is Christopher.	Christopher is not dancing.
contradiction	Jason is swimming and so is Tom.	Tom is not swimming.
contradiction	Grace is going and so is Diane.	Diane is not going.
contradiction	Jonathan is sleeping and so is Walter.	Walter is not sleeping.
contradiction	Brian is studying and so is Deborah.	Deborah is not studying.
contradiction	Mark is studying and so is Howard.	Howard is not studying.
contradiction	Arthur is sleeping and so is Sally.	Sally is not sleeping.
contradiction	Ralph is swimming and so is Judy.	Judy is not swimming.
contradiction	Elizabeth is running and so is Diane.	Diane is not running.
contradiction	Julia is travelling and so is Susan.	Susan is not travelling.
contradiction	Janet is painting and so is Evelyn.	Evelyn is not painting.
contradiction	Bruce is going and so is Jennifer.	Jennifer is not going.
contradiction	Fiona is speaking and so is Peter.	Peter is not speaking.
contradiction	Billy is sleeping and so is Margaret.	Margaret is not sleeping.
contradiction	Arthur is sleeping and so is Matt.	Matt is not sleeping.
contradiction	Samuel is swimming and so is Dick.	Dick is not swimming.
contradiction	Kim is listening and so is Annie.	Annie is not listening.
contradiction	Alice is reading and so is Arthur.	Arthur is not reading.
contradiction	Leslie is working and so is Simon.	Simon is not working.
contradiction	Sandra is going and so is Jimmy.	Jimmy is not going.
contradiction	Carol is exercising and so is Sophie.	Sophie is not exercising.
contradiction	Maria is reading and so is Grace.	Grace is not reading.
contradiction	Tim is reading and so is Evelyn.	Evelyn is not reading.
contradiction	Linda is studying and so is Kathy.	Kathy is not studying.
contradiction	Samuel is travelling and so is Elaine.	Elaine is not travelling.
contradiction	Joe is studying and so is Tim.	Tim is not studying.
contradiction	Joan is exercising and so is Heather.	Heather is not exercising.
contradiction	Maria is writing and so is Marilyn.	Marilyn is not writing.
contradiction	Sophie is working and so is Edwin.	Edwin is not working.
contradiction	Sarah is sleeping and so is Annie.	Annie is not sleeping.
contradiction	Laura is painting and so is Leslie.	Leslie is not painting.
contradiction	Rebecca is working and so is Sara.	Sara is not working.
contradiction	Donald is dancing and so is Jill.	Jill is not dancing.
contradiction	Robert is running and so is Andrew.	Andrew is not running.
contradiction	Melissa is studying and so is Andrea.	Andrea is not studying.
contradiction	Kelly is speaking and so is Mark.	Mark is not speaking.
contradiction	David is dancing and so is Nick.	Nick is not dancing.
contradiction	Jeff is swimming and so is Joan.	Joan is not swimming.
contradiction	Kelly is studying and so is Sara.	Sara is not studying.
contradiction	Robert is dancing and so is Walter.	Walter is not dancing.
contradiction	Kathryn is exercising and so is Evelyn.	Evelyn is not exercising.
contradiction	Larry is writing and so is Robert.	Robert is not writing.
contradiction	Jane is travelling and so is Katie.	Katie is not travelling.
contradiction	Julia is sleeping and so is Albert.	Albert is not sleeping.
contradiction	Helen is exercising and so is Kevin.	Kevin is not exercising.
contradiction	Lauren is speaking and so is Adam.	Adam is not speaking.
contradiction	Larry is painting and so is Emily.	Emily is not painting.
contradiction	Lucy is travelling and so is Florence.	Florence is not travelling.
contradiction	Jerry is painting and so is Jessica.	Jessica is not painting.
contradiction	Lauren is sleeping and so is Laura.	Laura is not sleeping.
contradiction	Cynthia is travelling and so is Kenneth.	Kenneth is not travelling.
contradiction	Wendy is dancing and so is David.	David is not dancing.
contradiction	Melissa is working and so is Sue.	Sue is not working.
contradiction	Janet is dancing and so is Ellen.	Ellen is not dancing.
contradiction	George is sleeping and so is Albert.	Albert is not sleeping.
contradiction	Sam is running and so is Donald.	Donald is not running.
contradiction	Mike is working and so is Katherine.	Katherine is not working.
contradiction	Patrick is exercising and so is Michael.	Michael is not exercising.
contradiction	Caroline is dancing and so is Stephanie.	Stephanie is not dancing.
contradiction	Dorothy is travelling and so is Andrew.	Andrew is not travelling.
contradiction	Kim is exercising and so is Rachel.	Rachel is not exercising.
contradiction	Matthew is going and so is Donald.	Donald is not going.
contradiction	Ruth is listening and so is Ed.	Ed is not listening.
contradiction	Jason is sleeping and so is Anna.	Anna is not sleeping.
contradiction	Anthony is running and so is Alfred.	Alfred is not running.
contradiction	Rose is travelling and so is Charlie.	Charlie is not travelling.
contradiction	Diane is writing and so is Sandra.	Sandra is not writing.
contradiction	Joan is studying and so is Jason.	Jason is not studying.
contradiction	Alexander is listening and so is Thomas.	Thomas is not listening.
contradiction	Nicole is reading and so is Fiona.	Fiona is not reading.
contradiction	Wendy is running and so is Frederick.	Frederick is not running.
contradiction	Mike is exercising and so is Joe.	Joe is not exercising.
contradiction	Jimmy is dancing and so is Jerry.	Jerry is not dancing.
contradiction	Catherine is reading and so is Mike.	Mike is not reading.
contradiction	Hugh is studying and so is Christopher.	Christopher is not studying.
contradiction	Bobby is running and so is David.	David is not running.
contradiction	Jerry is painting and so is Harold.	Harold is not painting.
contradiction	Kenneth is working and so is Matthew.	Matthew is not working.
contradiction	Sam is speaking and so is Gary.	Gary is not speaking.
contradiction	Christopher is working and so is Ralph.	Ralph is not working.
contradiction	Rose is painting and so is Harold.	Harold is not painting.
contradiction	Deborah is swimming and so is Thomas.	Thomas is not swimming.
contradiction	Christine is swimming and so is Ed.	Ed is not swimming.
contradiction	Edward is listening and so is Alex.	Alex is not listening.
contradiction	Alison is studying and so is Samuel.	Samuel is not studying.
contradiction	Carl is writing and so is Cynthia.	Cynthia is not writing.
contradiction	Ed is speaking and so is Kathy.	Kathy is not speaking.
contradiction	Ed is working and so is Michelle.	Michelle is not working.
contradiction	Amanda is working and so is Bobby.	Bobby is not working.
contradiction	Jimmy is studying and so is Ken.	Ken is not studying.
contradiction	Jonathan is studying and so is Nancy.	Nancy is not studying.
contradiction	Helen is going and so is Lawrence.	Lawrence is not going.
contradiction	Julie is sleeping and so is Daniel.	Daniel is not sleeping.
contradiction	Linda is listening and so is Tony.	Tony is not listening.
contradiction	Dave is studying and so is Emma.	Emma is not studying.
contradiction	Jonathan is sleeping and so is Linda.	Linda is not sleeping.
contradiction	Donald is swimming and so is Catherine.	Catherine is not swimming.
contradiction	Jimmy is running and so is Steven.	Steven is not running.
contradiction	Cynthia is going and so is Ralph.	Ralph is not going.
contradiction	Jimmy is sleeping and so is Emma.	Emma is not sleeping.
contradiction	Philip is speaking and so is Benjamin.	Benjamin is not speaking.
contradiction	George is running and so is Diane.	Diane is not running.
contradiction	Sharon is going and so is Ben.	Ben is not going.
contradiction	Ashley is travelling and so is Katie.	Katie is not travelling.
contradiction	Mary is writing and so is Peter.	Peter is not writing.
contradiction	Charlotte is working and so is Brian.	Brian is not working.
contradiction	Virginia is painting and so is Howard.	Howard is not painting.
contradiction	Robin is running and so is Kathy.	Kathy is not running.
contradiction	Leslie is working and so is Jane.	Jane is not working.
contradiction	Elaine is running and so is Mike.	Mike is not running.
contradiction	Victoria is listening and so is Alexandra.	Alexandra is not listening.
contradiction	Howard is studying and so is Karen.	Karen is not studying.
contradiction	Carol is listening and so is Harold.	Harold is not listening.
contradiction	Ann is writing and so is Carl.	Carl is not writing.
contradiction	Mary is dancing and so is Grace.	Grace is not dancing.
contradiction	Kelly is writing and so is Leslie.	Leslie is not writing.
contradiction	Jack is reading and so is Ian.	Ian is not reading.
contradiction	Leslie is speaking and so is Andrea.	Andrea is not speaking.
contradiction	Julia is studying and so is Ann.	Ann is not studying.
contradiction	Jimmy is studying and so is Jane.	Jane is not studying.
contradiction	Annie is writing and so is Roy.	Roy is not writing.
contradiction	Lawrence is studying and so is Grace.	Grace is not studying.
contradiction	Kelly is listening and so is Deborah.	Deborah is not listening.
contradiction	Martin is swimming and so is Ken.	Ken is not swimming.
contradiction	Thomas is painting and so is Roy.	Roy is not painting.
contradiction	Kelly is running and so is Donald.	Donald is not running.
contradiction	Robin is studying and so is Adam.	Adam is not studying.
contradiction	Christine is reading and so is Rachel.	Rachel is not reading.
contradiction	Nancy is working and so is Louis.	Louis is not working.
contradiction	Ed is listening and so is Eric.	Eric is not listening.
contradiction	Jack is dancing and so is Louis.	Louis is not dancing.
contradiction	Bruce is travelling and so is Tim.	Tim is not travelling.
contradiction	Susan is reading and so is Dave.	Dave is not reading.
contradiction	Bob is studying and so is Helen.	Helen is not studying.
contradiction	Ray is going and so is Ron.	Ron is not going.
contradiction	Edith is travelling and so is Dave.	Dave is not travelling.
contradiction	Michael is going and so is Arthur.	Arthur is not going.
contradiction	Edith is writing and so is Annie.	Annie is not writing.
contradiction	Victoria is swimming and so is Betty.	Betty is not swimming.
contradiction	Albert is painting and so is Katie.	Katie is not painting.
contradiction	William is swimming and so is Marie.	Marie is not swimming.
contradiction	Jay is reading and so is Maria.	Maria is not reading.
contradiction	Kathleen is working and so is Anthony.	Anthony is not working.
contradiction	Rebecca is dancing and so is Victoria.	Victoria is not dancing.
contradiction	Susan is dancing and so is Sarah.	Sarah is not dancing.
contradiction	Ron is listening and so is Kevin.	Kevin is not listening.
contradiction	Amanda is running and so is Jay.	Jay is not running.
contradiction	Joseph is running and so is Caroline.	Caroline is not running.
contradiction	Dave is travelling and so is Louise.	Louise is not travelling.
contradiction	Simon is listening and so is Laura.	Laura is not listening.
contradiction	Wendy is painting and so is Kate.	Kate is not painting.
contradiction	Barbara is painting and so is Joe.	Joe is not painting.
contradiction	Michelle is sleeping and so is Charlotte.	Charlotte is not sleeping.
contradiction	Scott is listening and so is Frank.	Frank is not listening.
contradiction	Suzanne is sleeping and so is Donna.	Donna is not sleeping.
contradiction	Victoria is listening and so is Walter.	Walter is not listening.
contradiction	Ron is reading and so is Sue.	Sue is not reading.
contradiction	Charles is working and so is Sharon.	Sharon is not working.
contradiction	Henry is reading and so is Michael.	Michael is not reading.
contradiction	Carl is sleeping and so is Bobby.	Bobby is not sleeping.
contradiction	Louis is writing and so is Laura.	Laura is not writing.
contradiction	Frederick is running and so is Ron.	Ron is not running.
contradiction	Dan is reading and so is Suzanne.	Suzanne is not reading.
contradiction	Mark is writing and so is Jonathan.	Jonathan is not writing.
contradiction	Lauren is reading and so is Anne.	Anne is not reading.
contradiction	Alan is listening and so is Jason.	Jason is not listening.
contradiction	Lucy is dancing and so is Ray.	Ray is not dancing.
contradiction	Christine is painting and so is Paul.	Paul is not painting.
contradiction	Rebecca is speaking and so is Kathy.	Kathy is not speaking.
contradiction	Leslie is listening and so is Lisa.	Lisa is not listening.
contradiction	Daniel is studying and so is Edwin.	Edwin is not studying.
contradiction	Tom is running and so is Jessica.	Jessica is not running.
contradiction	Melissa is sleeping and so is Stephen.	Stephen is not sleeping.
contradiction	Rose is listening and so is Martin.	Martin is not listening.
contradiction	Kathryn is studying and so is Joseph.	Joseph is not studying.
contradiction	Peter is sleeping and so is Caroline.	Caroline is not sleeping.
contradiction	Matthew is swimming and so is Anne.	Anne is not swimming.
contradiction	Donald is travelling and so is Kevin.	Kevin is not travelling.
contradiction	Emily is speaking and so is Kate.	Kate is not speaking.
contradiction	Jessica is travelling and so is Alex.	Alex is not travelling.
contradiction	Joseph is writing and so is Christopher.	Christopher is not writing.
contradiction	Ralph is sleeping and so is Hugh.	Hugh is not sleeping.
contradiction	Carolyn is swimming and so is Frances.	Frances is not swimming.
contradiction	Lauren is exercising and so is Keith.	Keith is not exercising.
contradiction	Lucy is studying and so is Matt.	Matt is not studying.
contradiction	Alex is studying and so is Pamela.	Pamela is not studying.
contradiction	Sally is travelling and so is Emily.	Emily is not travelling.
contradiction	Jay is exercising and so is Jerry.	Jerry is not exercising.
contradiction	Jeff is writing and so is Ann.	Ann is not writing.
contradiction	Jay is swimming and so is Robin.	Robin is not swimming.
contradiction	Nancy is studying and so is George.	George is not studying.
contradiction	Scott is listening and so is Katherine.	Katherine is not listening.
contradiction	Dave is exercising and so is Amy.	Amy is not exercising.
contradiction	Greg is dancing and so is Ann.	Ann is not dancing.
contradiction	Daniel is travelling and so is Steven.	Steven is not travelling.
contradiction	William is going and so is Peter.	Peter is not going.
contradiction	Kim is exercising and so is Arthur.	Arthur is not exercising.
contradiction	Adam is running and so is Victoria.	Victoria is not running.
contradiction	Arthur is running and so is Annie.	Annie is not running.
contradiction	Julia is painting and so is Lawrence.	Lawrence is not painting.
contradiction	Christine is going and so is Kathryn.	Kathryn is not going.
contradiction	Dan is studying and so is Peter.	Peter is not studying.
contradiction	Gary is dancing and so is Ralph.	Ralph is not dancing.
contradiction	Marie is listening and so is Chris.	Chris is not listening.
contradiction	Alan is going and so is Virginia.	Virginia is not going.
contradiction	Angela is speaking and so is Deborah.	Deborah is not speaking.
contradiction	Sophie is working and so is Albert.	Albert is not working.
contradiction	Alex is studying and so is Fred.	Fred is not studying.
contradiction	Paul is speaking and so is Jennifer.	Jennifer is not speaking.
contradiction	Nick is swimming and so is Mary.	Mary is not swimming.
contradiction	Rachel is listening and so is Alexander.	Alexander is not listening.
contradiction	Johnny is swimming and so is Tony.	Tony is not swimming.
contradiction	Andrew is going and so is Billy.	Billy is not going.
contradiction	Jane is swimming and so is Martha.	Martha is not swimming.
contradiction	Edith is working and so is Dick.	Dick is not working.
contradiction	Billy is running and so is Charlotte.	Charlotte is not running.
contradiction	Sue is painting and so is Ellen.	Ellen is not painting.
contradiction	Harold is sleeping and so is Tom.	Tom is not sleeping.
contradiction	Kim is writing and so is Emily.	Emily is not writing.
contradiction	Janet is going and so is Ken.	Ken is not going.
contradiction	Sophie is running and so is Kate.	Kate is not running.
contradiction	Judith is running and so is Dorothy.	Dorothy is not running.
contradiction	Lisa is listening and so is Fred.	Fred is not listening.
contradiction	Louise is listening and so is Jean.	Jean is not listening.
contradiction	Louise is working and so is Suzanne.	Suzanne is not working.
contradiction	Rebecca is writing and so is Jerry.	Jerry is not writing.
contradiction	Paul is going and so is Fred.	Fred is not going.
contradiction	Christine is swimming and so is Lauren.	Lauren is not swimming.
contradiction	Kelly is sleeping and so is Dick.	Dick is not sleeping.
contradiction	Carolyn is painting and so is Carol.	Carol is not painting.
contradiction	Emily is dancing and so is Judy.	Judy is not dancing.
contradiction	Eric is swimming and so is Henry.	Henry is not swimming.
contradiction	Ian is reading and so is Kathryn.	Kathryn is not reading.
contradiction	Marilyn is swimming and so is Bruce.	Bruce is not swimming.
contradiction	Mike is studying and so is Charles.	Charles is not studying.
contradiction	Alex is working and so is Melissa.	Melissa is not working.
contradiction	Edith is dancing and so is Nancy.	Nancy is not dancing.
contradiction	Robin is painting and so is Nancy.	Nancy is not painting.
contradiction	Fred is going and so is Christopher.	Christopher is not going.
contradiction	Louis is speaking and so is Margaret.	Margaret is not speaking.
contradiction	John is running and so is Edwin.	Edwin is not running.
contradiction	Thomas is working and so is Harold.	Harold is not working.
contradiction	Howard is speaking and so is Nicole.	Nicole is not speaking.
contradiction	Marie is going and so is Lucy.	Lucy is not going.
contradiction	Amanda is running and so is Ken.	Ken is not running.
contradiction	Harry is working and so is Matt.	Matt is not working.
contradiction	Lucy is sleeping and so is Greg.	Greg is not sleeping.
contradiction	Ann is sleeping and so is Barbara.	Barbara is not sleeping.
contradiction	Elaine is studying and so is Billy.	Billy is not studying.
contradiction	Bob is painting and so is Katie.	Katie is not painting.
contradiction	Stephen is writing and so is Paul.	Paul is not writing.
contradiction	Eleanor is painting and so is Keith.	Keith is not painting.
contradiction	Rebecca is listening and so is Judith.	Judith is not listening.
contradiction	Carol is swimming and so is Sharon.	Sharon is not swimming.
contradiction	Charlie is reading and so is Scott.	Scott is not reading.
contradiction	Steve is listening and so is Harriet.	Harriet is not listening.
contradiction	Harriet is painting and so is Daniel.	Daniel is not painting.
contradiction	John is speaking and so is Robin.	Robin is not speaking.
contradiction	Billy is exercising and so is Linda.	Linda is not exercising.
contradiction	Andrew is working and so is Jim.	Jim is not working.
contradiction	Martin is painting and so is Linda.	Linda is not painting.
contradiction	Lauren is studying and so is Jane.	Jane is not studying.
contradiction	Jennifer is writing and so is Matthew.	Matthew is not writing.
contradiction	Eric is speaking and so is Jane.	Jane is not speaking.
contradiction	Sharon is working and so is Pamela.	Pamela is not working.
contradiction	Susan is dancing and so is Dick.	Dick is not dancing.
contradiction	Fiona is speaking and so is Alex.	Alex is not speaking.
contradiction	Louis is swimming and so is Robert.	Robert is not swimming.
contradiction	Michelle is speaking and so is Joan.	Joan is not speaking.
contradiction	Colin is exercising and so is Philip.	Philip is not exercising.
contradiction	Pamela is speaking and so is Susan.	Susan is not speaking.
contradiction	Judy is travelling and so is Leslie.	Leslie is not travelling.
contradiction	Judy is listening and so is Karen.	Karen is not listening.
contradiction	Heather is painting and so is Philip.	Philip is not painting.
contradiction	Diane is painting and so is Frances.	Frances is not painting.
contradiction	Michelle is sleeping and so is Ron.	Ron is not sleeping.
contradiction	Ruth is running and so is Bob.	Bob is not running.
contradiction	Patrick is speaking and so is Rebecca.	Rebecca is not speaking.
contradiction	George is reading and so is James.	James is not reading.
contradiction	Roy is painting and so is Benjamin.	Benjamin is not painting.
contradiction	Fiona is running and so is Mike.	Mike is not running.
contradiction	Steve is speaking and so is Sharon.	Sharon is not speaking.
contradiction	Robin is exercising and so is Linda.	Linda is not exercising.
contradiction	Henry is painting and so is Diane.	Diane is not painting.
contradiction	Daniel is dancing and so is Judy.	Judy is not dancing.
contradiction	Carolyn is running and so is Ellen.	Ellen is not running.
contradiction	George is reading and so is Christine.	Christine is not reading.
contradiction	Kevin is listening and so is Mark.	Mark is not listening.
contradiction	Rose is studying and so is Kate.	Kate is not studying.
contradiction	Ryan is running and so is Alan.	Alan is not running.
contradiction	Joan is writing and so is Harry.	Harry is not writing.
contradiction	Nicole is listening and so is Sarah.	Sarah is not listening.
contradiction	Amanda is exercising and so is Arthur.	Arthur is not exercising.
contradiction	Jay is listening and so is Martin.	Martin is not listening.
contradiction	Dick is writing and so is Frances.	Frances is not writing.
contradiction	Ann is speaking and so is Jack.	Jack is not speaking.
contradiction	Alexander is dancing and so is Fred.	Fred is not dancing.
contradiction	Jessica is painting and so is Edward.	Edward is not painting.
contradiction	Frederick is running and so is Roger.	Roger is not running.
contradiction	Thomas is sleeping and so is Linda.	Linda is not sleeping.
contradiction	Ryan is reading and so is Paul.	Paul is not reading.
contradiction	Dave is exercising and so is Thomas.	Thomas is not exercising.
contradiction	Anthony is working and so is Wendy.	Wendy is not working.
contradiction	Janet is painting and so is Claire.	Claire is not painting.
contradiction	Louis is exercising and so is Tom.	Tom is not exercising.
contradiction	Hugh is swimming and so is Emma.	Emma is not swimming.
contradiction	Roy is speaking and so is Stephanie.	Stephanie is not speaking.
contradiction	Bobby is studying and so is Jason.	Jason is not studying.
contradiction	Florence is painting and so is Steven.	Steven is not painting.
contradiction	Jennifer is writing and so is Al.	Al is not writing.
contradiction	Bill is listening and so is Mike.	Mike is not listening.
contradiction	Katherine is painting and so is Dan.	Dan is not painting.
contradiction	Simon is sleeping and so is Alexander.	Alexander is not sleeping.
contradiction	Edith is studying and so is Carl.	Carl is not studying.
contradiction	Paul is swimming and so is Benjamin.	Benjamin is not swimming.
contradiction	Dave is listening and so is Joseph.	Joseph is not listening.
contradiction	Sophie is reading and so is Sam.	Sam is not reading.
contradiction	Karen is painting and so is Kate.	Kate is not painting.
contradiction	Dan is swimming and so is Jay.	Jay is not swimming.
contradiction	Billy is dancing and so is Kim.	Kim is not dancing.
contradiction	Roger is running and so is Jay.	Jay is not running.
contradiction	Alex is painting and so is Pamela.	Pamela is not painting.
contradiction	Paul is listening and so is Harry.	Harry is not listening.
contradiction	Howard is listening and so is Nicole.	Nicole is not listening.
contradiction	Alan is painting and so is Andrea.	Andrea is not painting.
contradiction	David is travelling and so is Karen.	Karen is not travelling.
contradiction	Steven is working and so is Robin.	Robin is not working.
contradiction	Charles is working and so is Kim.	Kim is not working.
contradiction	Edwin is going and so is Barbara.	Barbara is not going.
contradiction	George is writing and so is Lucy.	Lucy is not writing.
contradiction	Stephanie is going and so is Larry.	Larry is not going.
contradiction	Kenneth is writing and so is Robin.	Robin is not writing.
contradiction	Gary is reading and so is Annie.	Annie is not reading.
contradiction	Frances is dancing and so is Michelle.	Michelle is not dancing.
contradiction	Dorothy is working and so is Cynthia.	Cynthia is not working.
contradiction	Annie is reading and so is Julie.	Julie is not reading.
contradiction	John is going and so is Dan.	Dan is not going.
contradiction	Sandra is travelling and so is Joe.	Joe is not travelling.
contradiction	Kate is swimming and so is Matthew.	Matthew is not swimming.
contradiction	Lynn is exercising and so is Catherine.	Catherine is not exercising.
contradiction	Sally is studying and so is Sara.	Sara is not studying.
contradiction	Steven is sleeping and so is Ellen.	Ellen is not sleeping.
contradiction	Don is speaking and so is Kathryn.	Kathryn is not speaking.
contradiction	Claire is writing and so is Lawrence.	Lawrence is not writing.
contradiction	Ryan is travelling and so is Ken.	Ken is not travelling.
contradiction	Alexander is going and so is Tony.	Tony is not going.
contradiction	Simon is working and so is Ralph.	Ralph is not working.
contradiction	Alexander is writing and so is Cynthia.	Cynthia is not writing.
contradiction	Louise is listening and so is Harriet.	Harriet is not listening.
contradiction	Lauren is speaking and so is Ed.	Ed is not speaking.
contradiction	Walter is sleeping and so is Julie.	Julie is not sleeping.
contradiction	Elaine is travelling and so is Mark.	Mark is not travelling.
contradiction	Heather is reading and so is Anna.	Anna is not reading.
contradiction	Kate is studying and so is Anna.	Anna is not studying.
contradiction	Harold is listening and so is Jack.	Jack is not listening.
contradiction	Ken is travelling and so is Sally.	Sally is not travelling.
contradiction	Rebecca is dancing and so is Suzanne.	Suzanne is not dancing.
contradiction	Bruce is working and so is Dan.	Dan is not working.
contradiction	Barbara is writing and so is Jim.	Jim is not writing.
contradiction	Bobby is running and so is Linda.	Linda is not running.
contradiction	Donald is sleeping and so is Rose.	Rose is not sleeping.
contradiction	Patrick is writing and so is Victoria.	Victoria is not writing.
contradiction	Harold is sleeping and so is Linda.	Linda is not sleeping.
contradiction	Charles is sleeping and so is Ed.	Ed is not sleeping.
contradiction	Andrew is listening and so is Betty.	Betty is not listening.
contradiction	Thomas is sleeping and so is Rebecca.	Rebecca is not sleeping.
contradiction	Ann is going and so is Steve.	Steve is not going.
contradiction	Ann is working and so is Sara.	Sara is not working.
contradiction	Melissa is working and so is Dave.	Dave is not working.
contradiction	Ellen is swimming and so is Annie.	Annie is not swimming.
contradiction	Joe is working and so is Amanda.	Amanda is not working.
contradiction	Matthew is working and so is Harry.	Harry is not working.
contradiction	Al is reading and so is Tom.	Tom is not reading.
contradiction	Harry is swimming and so is Diane.	Diane is not swimming.
contradiction	Ann is travelling and so is Ian.	Ian is not travelling.
contradiction	Alison is speaking and so is Michelle.	Michelle is not speaking.
contradiction	Hugh is going and so is Sharon.	Sharon is not going.
contradiction	Wendy is going and so is Claire.	Claire is not going.
contradiction	Laura is running and so is John.	John is not running.
contradiction	Grace is exercising and so is Brian.	Brian is not exercising.
contradiction	Robin is speaking and so is Victoria.	Victoria is not speaking.
contradiction	Marilyn is listening and so is Matt.	Matt is not listening.
contradiction	Arthur is sleeping and so is Francis.	Francis is not sleeping.
contradiction	Dorothy is going and so is Anthony.	Anthony is not going.
contradiction	Anthony is reading and so is Daniel.	Daniel is not reading.
contradiction	Samuel is listening and so is Charles.	Charles is not listening.
contradiction	Matthew is studying and so is Judy.	Judy is not studying.
contradiction	Richard is writing and so is George.	George is not writing.
contradiction	Jerry is reading and so is Eleanor.	Eleanor is not reading.
contradiction	Jean is travelling and so is Frederick.	Frederick is not travelling.
contradiction	Alan is travelling and so is Elaine.	Elaine is not travelling.
contradiction	Dan is running and so is Louis.	Louis is not running.
contradiction	Elaine is speaking and so is Ralph.	Ralph is not speaking.
contradiction	Karen is running and so is Carl.	Carl is not running.
contradiction	Sally is going and so is Harriet.	Harriet is not going.
contradiction	Margaret is speaking and so is Florence.	Florence is not speaking.
contradiction	Howard is sleeping and so is Sally.	Sally is not sleeping.
contradiction	Barbara is swimming and so is Leslie.	Leslie is not swimming.
contradiction	Alison is going and so is Ray.	Ray is not going.
contradiction	Kate is writing and so is Alice.	Alice is not writing.
contradiction	Andrew is painting and so is Scott.	Scott is not painting.
contradiction	Nancy is studying and so is Matt.	Matt is not studying.
contradiction	Hugh is listening and so is Thomas.	Thomas is not listening.
contradiction	Judith is listening and so is Patricia.	Patricia is not listening.
contradiction	Bobby is reading and so is Jim.	Jim is not reading.
contradiction	Evelyn is reading and so is Christopher.	Christopher is not reading.
contradiction	Christopher is speaking and so is Sam.	Sam is not speaking.
contradiction	Lauren is running and so is Benjamin.	Benjamin is not running.
contradiction	Robert is listening and so is Ben.	Ben is not listening.
contradiction	Katherine is going and so is Steven.	Steven is not going.
contradiction	Charlotte is listening and so is Lynn.	Lynn is not listening.
contradiction	Alison is running and so is Edith.	Edith is not running.
contradiction	Ruth is speaking and so is Roy.	Roy is not speaking.
contradiction	Donald is reading and so is Jason.	Jason is not reading.
contradiction	Jane is speaking and so is Charles.	Charles is not speaking.
contradiction	Leslie is dancing and so is Marilyn.	Marilyn is not dancing.
contradiction	Christopher is working and so is Benjamin.	Benjamin is not working.
contradiction	Stephanie is travelling and so is Paul.	Paul is not travelling.
contradiction	Jennifer is studying and so is Kathy.	Kathy is not studying.
contradiction	Rebecca is studying and so is Nick.	Nick is not studying.
contradiction	Adam is exercising and so is Johnny.	Johnny is not exercising.
contradiction	Karen is studying and so is Ruth.	Ruth is not studying.
contradiction	Jason is listening and so is Gary.	Gary is not listening.
contradiction	Simon is speaking and so is Marie.	Marie is not speaking.
contradiction	Frederick is reading and so is Ruth.	Ruth is not reading.
contradiction	Charles is travelling and so is Arthur.	Arthur is not travelling.
contradiction	Colin is exercising and so is Julie.	Julie is not exercising.
contradiction	Jay is dancing and so is Dan.	Dan is not dancing.
contradiction	Heather is reading and so is Michael.	Michael is not reading.
contradiction	Mike is dancing and so is David.	David is not dancing.
contradiction	Frederick is writing and so is Andrew.	Andrew is not writing.
contradiction	Barbara is painting and so is Paul.	Paul is not painting.
contradiction	Edward is working and so is Roger.	Roger is not working.
contradiction	Steven is working and so is Ian.	Ian is not working.
contradiction	Ann is exercising and so is Kenneth.	Kenneth is not exercising.
contradiction	John is painting and so is Greg.	Greg is not painting.
contradiction	Alan is reading and so is Jimmy.	Jimmy is not reading.
contradiction	Evelyn is speaking and so is Claire.	Claire is not speaking.
contradiction	Samuel is painting and so is Heather.	Heather is not painting.
contradiction	Katherine is painting and so is Ann.	Ann is not painting.
contradiction	Cynthia is travelling and so is Donald.	Donald is not travelling.
contradiction	Amy is studying and so is Dick.	Dick is not studying.
contradiction	Alice is sleeping and so is Peter.	Peter is not sleeping.
contradiction	Joseph is dancing and so is Suzanne.	Suzanne is not dancing.
contradiction	Nicole is reading and so is Joan.	Joan is not reading.
contradiction	Keith is writing and so is Albert.	Albert is not writing.
contradiction	Alexander is speaking and so is Lauren.	Lauren is not speaking.
contradiction	Colin is listening and so is Greg.	Greg is not listening.
contradiction	Margaret is painting and so is Maria.	Maria is not painting.
contradiction	Louis is painting and so is Al.	Al is not painting.
contradiction	Ken is writing and so is Dick.	Dick is not writing.
contradiction	Ed is writing and so is Julia.	Julia is not writing.
contradiction	Carolyn is studying and so is Harry.	Harry is not studying.
contradiction	Frances is writing and so is Tom.	Tom is not writing.
contradiction	Kenneth is studying and so is Andrew.	Andrew is not studying.
contradiction	Betty is listening and so is Elizabeth.	Elizabeth is not listening.
contradiction	Jill is speaking and so is Donald.	Donald is not speaking.
contradiction	Sara is sleeping and so is Lucy.	Lucy is not sleeping.
contradiction	Sandra is swimming and so is Henry.	Henry is not swimming.
contradiction	Kim is listening and so is Jessica.	Jessica is not listening.
contradiction	Harriet is exercising and so is Alice.	Alice is not exercising.
contradiction	Margaret is travelling and so is Ron.	Ron is not travelling.
contradiction	Betty is studying and so is Cynthia.	Cynthia is not studying.
contradiction	Tom is working and so is Elaine.	Elaine is not working.
contradiction	Lawrence is running and so is Bobby.	Bobby is not running.
contradiction	Rebecca is exercising and so is Sharon.	Sharon is not exercising.
contradiction	Larry is working and so is Laura.	Laura is not working.
contradiction	Frances is reading and so is Kenneth.	Kenneth is not reading.
contradiction	Anne is swimming and so is Matt.	Matt is not swimming.
contradiction	Janet is painting and so is Alexander.	Alexander is not painting.
contradiction	Fiona is dancing and so is Alexandra.	Alexandra is not dancing.
contradiction	Harry is listening and so is Ellen.	Ellen is not listening.
contradiction	Jimmy is dancing and so is Elaine.	Elaine is not dancing.
contradiction	Caroline is painting and so is Harold.	Harold is not painting.
contradiction	Sam is swimming and so is Catherine.	Catherine is not swimming.
contradiction	Ray is reading and so is Sarah.	Sarah is not reading.
contradiction	Matt is sleeping and so is Rose.	Rose is not sleeping.
contradiction	Carl is working and so is Ron.	Ron is not working.
contradiction	Carl is writing and so is Kathy.	Kathy is not writing.
contradiction	James is running and so is Charles.	Charles is not running.
contradiction	Betty is listening and so is Kelly.	Kelly is not listening.
contradiction	Jeff is dancing and so is Peter.	Peter is not dancing.
contradiction	Frederick is painting and so is Roger.	Roger is not painting.
contradiction	Eric is working and so is Kelly.	Kelly is not working.
contradiction	Jonathan is exercising and so is Marie.	Marie is not exercising.
contradiction	Diane is speaking and so is Patricia.	Patricia is not speaking.
contradiction	Bob is speaking and so is Tony.	Tony is not speaking.
contradiction	Donna is sleeping and so is Bob.	Bob is not sleeping.
contradiction	Howard is reading and so is Al.	Al is not reading.
contradiction	Nancy is exercising and so is Don.	Don is not exercising.
contradiction	Alison is writing and so is Evelyn.	Evelyn is not writing.
contradiction	Marilyn is speaking and so is Thomas.	Thomas is not speaking.
contradiction	Pamela is exercising and so is Rose.	Rose is not exercising.
contradiction	Joan is travelling and so is Rebecca.	Rebecca is not travelling.
contradiction	Carol is painting and so is Bruce.	Bruce is not painting.
contradiction	Peter is dancing and so is Dave.	Dave is not dancing.
contradiction	Keith is sleeping and so is Andrea.	Andrea is not sleeping.
contradiction	Joseph is speaking and so is Tim.	Tim is not speaking.
contradiction	Susan is speaking and so is Emily.	Emily is not speaking.
contradiction	Howard is travelling and so is Sally.	Sally is not travelling.
contradiction	Charlotte is painting and so is Susan.	Susan is not painting.
contradiction	Sam is painting and so is Anna.	Anna is not painting.
contradiction	Lynn is working and so is Steven.	Steven is not working.
contradiction	Simon is going and so is Robin.	Robin is not going.
contradiction	Kelly is sleeping and so is Grace.	Grace is not sleeping.
contradiction	Jeff is writing and so is Matthew.	Matthew is not writing.
contradiction	Kathryn is running and so is Cynthia.	Cynthia is not running.
contradiction	Kim is listening and so is Keith.	Keith is not listening.
contradiction	Harry is working and so is Joseph.	Joseph is not working.
contradiction	Louise is working and so is Joan.	Joan is not working.
contradiction	Harry is speaking and so is Tim.	Tim is not speaking.
contradiction	Rose is sleeping and so is Jill.	Jill is not sleeping.
contradiction	Edward is swimming and so is Patricia.	Patricia is not swimming.
contradiction	Eleanor is travelling and so is Rose.	Rose is not travelling.
contradiction	Sara is exercising and so is Tony.	Tony is not exercising.
contradiction	Kim is speaking and so is Scott.	Scott is not speaking.
contradiction	Julia is exercising and so is Tony.	Tony is not exercising.
contradiction	Rachel is sleeping and so is Fred.	Fred is not sleeping.
contradiction	Michael is going and so is Leslie.	Leslie is not going.
contradiction	Martha is sleeping and so is Lucy.	Lucy is not sleeping.
contradiction	Alison is travelling and so is Kathleen.	Kathleen is not travelling.
contradiction	Florence is exercising and so is George.	George is not exercising.
contradiction	Frank is speaking and so is Claire.	Claire is not speaking.
contradiction	Amanda is going and so is Ken.	Ken is not going.
contradiction	Jessica is studying and so is Philip.	Philip is not studying.
contradiction	Ralph is working and so is Colin.	Colin is not working.
contradiction	Andrew is speaking and so is Nancy.	Nancy is not speaking.
contradiction	Frederick is sleeping and so is Keith.	Keith is not sleeping.
contradiction	Deborah is running and so is Harold.	Harold is not running.
contradiction	Dan is travelling and so is Jim.	Jim is not travelling.
contradiction	Sara is sleeping and so is Charlie.	Charlie is not sleeping.
contradiction	Edwin is reading and so is Scott.	Scott is not reading.
contradiction	Sarah is travelling and so is Philip.	Philip is not travelling.
contradiction	Alice is dancing and so is Caroline.	Caroline is not dancing.
contradiction	Carl is studying and so is Lucy.	Lucy is not studying.
contradiction	Ron is working and so is Edward.	Edward is not working.
contradiction	Peter is dancing and so is Pamela.	Pamela is not dancing.
contradiction	Sarah is listening and so is Maria.	Maria is not listening.
contradiction	Amanda is going and so is Jim.	Jim is not going.
contradiction	Lauren is swimming and so is Margaret.	Margaret is not swimming.
contradiction	Henry is sleeping and so is Ken.	Ken is not sleeping.
contradiction	Emily is travelling and so is Kathleen.	Kathleen is not travelling.
contradiction	Bill is exercising and so is Bobby.	Bobby is not exercising.
contradiction	Martin is writing and so is Lynn.	Lynn is not writing.
contradiction	Victoria is running and so is Alison.	Alison is not running.
contradiction	Pamela is studying and so is William.	William is not studying.
contradiction	Jessica is reading and so is Robin.	Robin is not reading.
contradiction	Sally is running and so is Victoria.	Victoria is not running.
contradiction	Dorothy is going and so is Daniel.	Daniel is not going.
contradiction	Michael is studying and so is Anthony.	Anthony is not studying.
contradiction	Katie is dancing and so is Joe.	Joe is not dancing.
contradiction	Nick is swimming and so is Judith.	Judith is not swimming.
contradiction	Nicole is dancing and so is Christine.	Christine is not dancing.
contradiction	Alexander is going and so is Greg.	Greg is not going.
contradiction	Carl is running and so is Deborah.	Deborah is not running.
contradiction	Stephanie is reading and so is Caroline.	Caroline is not reading.
contradiction	Barbara is painting and so is Amanda.	Amanda is not painting.
contradiction	James is writing and so is Annie.	Annie is not writing.
contradiction	Ed is travelling and so is Christopher.	Christopher is not travelling.
contradiction	Suzanne is studying and so is David.	David is not studying.
contradiction	Diana is writing and so is Edwin.	Edwin is not writing.
contradiction	Linda is listening and so is Janet.	Janet is not listening.
contradiction	Robin is studying and so is Elizabeth.	Elizabeth is not studying.
contradiction	Daniel is speaking and so is Henry.	Henry is not speaking.
contradiction	Angela is writing and so is Alan.	Alan is not writing.
contradiction	Judy is listening and so is Maria.	Maria is not listening.
contradiction	Kelly is travelling and so is Kathy.	Kathy is not travelling.
contradiction	Victoria is reading and so is Frances.	Frances is not reading.
contradiction	Fiona is exercising and so is Ann.	Ann is not exercising.
contradiction	Peter is going and so is Deborah.	Deborah is not going.
contradiction	Karen is swimming and so is Ed.	Ed is not swimming.
contradiction	Elaine is dancing and so is Judith.	Judith is not dancing.
contradiction	Claire is swimming and so is Roy.	Roy is not swimming.
contradiction	Larry is writing and so is Frances.	Frances is not writing.
contradiction	Lucy is studying and so is Martin.	Martin is not studying.
contradiction	Howard is painting and so is Louise.	Louise is not painting.
contradiction	Dave is writing and so is Kenneth.	Kenneth is not writing.
contradiction	Dorothy is swimming and so is Ralph.	Ralph is not swimming.
contradiction	Jeff is working and so is Ralph.	Ralph is not working.
contradiction	Jay is working and so is Howard.	Howard is not working.
contradiction	Jack is speaking and so is Claire.	Claire is not speaking.
contradiction	Alison is swimming and so is Al.	Al is not swimming.
contradiction	Alexandra is listening and so is Charlotte.	Charlotte is not listening.
contradiction	Andrew is writing and so is Ruth.	Ruth is not writing.
contradiction	Ann is dancing and so is Nick.	Nick is not dancing.
contradiction	Barbara is sleeping and so is Harold.	Harold is not sleeping.
contradiction	David is reading and so is Virginia.	Virginia is not reading.
contradiction	Deborah is travelling and so is Jim.	Jim is not travelling.
contradiction	Kim is painting and so is Louis.	Louis is not painting.
contradiction	Linda is painting and so is Henry.	Henry is not painting.
contradiction	Lawrence is dancing and so is Mike.	Mike is not dancing.
contradiction	Jerry is travelling and so is Alexandra.	Alexandra is not travelling.
contradiction	Adam is sleeping and so is Tim.	Tim is not sleeping.
contradiction	Lynn is exercising and so is Janet.	Janet is not exercising.
contradiction	Deborah is running and so is Dorothy.	Dorothy is not running.
contradiction	Nicole is working and so is Heather.	Heather is not working.
contradiction	Rachel is painting and so is Ruth.	Ruth is not painting.
contradiction	Helen is listening and so is Nicole.	Nicole is not listening.
contradiction	Dorothy is running and so is Lawrence.	Lawrence is not running.
contradiction	Janet is speaking and so is Lawrence.	Lawrence is not speaking.
contradiction	Elaine is studying and so is Matthew.	Matthew is not studying.
contradiction	Kathryn is travelling and so is Kathleen.	Kathleen is not travelling.
contradiction	Sara is swimming and so is Ken.	Ken is not swimming.
contradiction	Cynthia is studying and so is Bruce.	Bruce is not studying.
contradiction	Harriet is reading and so is Stephen.	Stephen is not reading.
contradiction	Fiona is writing and so is Evelyn.	Evelyn is not writing.
contradiction	Tim is swimming and so is Diane.	Diane is not swimming.
contradiction	William is studying and so is Nicole.	Nicole is not studying.
contradiction	Edward is exercising and so is Frances.	Frances is not exercising.
contradiction	Linda is running and so is Michelle.	Michelle is not running.
contradiction	Michael is running and so is Katie.	Katie is not running.
contradiction	Paul is speaking and so is Mark.	Mark is not speaking.
contradiction	Kenneth is speaking and so is Judith.	Judith is not speaking.
contradiction	Eric is exercising and so is Alison.	Alison is not exercising.
contradiction	Kathy is reading and so is Ryan.	Ryan is not reading.
contradiction	Jennifer is going and so is Marie.	Marie is not going.
contradiction	Tom is running and so is Kelly.	Kelly is not running.
contradiction	Alexandra is swimming and so is Sophie.	Sophie is not swimming.
contradiction	Colin is sleeping and so is Edwin.	Edwin is not sleeping.
contradiction	Walter is dancing and so is David.	David is not dancing.
contradiction	Suzanne is running and so is George.	George is not running.
contradiction	Kelly is writing and so is Bill.	Bill is not writing.
contradiction	John is sleeping and so is Bruce.	Bruce is not sleeping.
contradiction	Kate is writing and so is Eric.	Eric is not writing.
contradiction	Ian is dancing and so is Jerry.	Jerry is not dancing.
contradiction	Rachel is speaking and so is Anna.	Anna is not speaking.
contradiction	Ed is studying and so is Susan.	Susan is not studying.
contradiction	Louis is going and so is Sam.	Sam is not going.
contradiction	Bob is studying and so is Tim.	Tim is not studying.
contradiction	Donald is painting and so is Alison.	Alison is not painting.
contradiction	Tom is writing and so is Melissa.	Melissa is not writing.
contradiction	Louis is listening and so is Daniel.	Daniel is not listening.
contradiction	Louise is sleeping and so is Victoria.	Victoria is not sleeping.
contradiction	Howard is sleeping and so is Charlie.	Charlie is not sleeping.
contradiction	Dave is painting and so is Michelle.	Michelle is not painting.
contradiction	Elizabeth is swimming and so is Jill.	Jill is not swimming.
contradiction	Kathryn is studying and so is Harriet.	Harriet is not studying.
contradiction	Barbara is exercising and so is Michelle.	Michelle is not exercising.
contradiction	Karen is exercising and so is Louise.	Louise is not exercising.
contradiction	Robin is writing and so is Jennifer.	Jennifer is not writing.
contradiction	Tony is speaking and so is Ian.	Ian is not speaking.
contradiction	Grace is going and so is Victoria.	Victoria is not going.
contradiction	Hugh is sleeping and so is Kevin.	Kevin is not sleeping.
contradiction	Gary is studying and so is Helen.	Helen is not studying.
contradiction	Ben is going and so is Joe.	Joe is not going.
contradiction	Frances is reading and so is Emma.	Emma is not reading.
contradiction	Martin is writing and so is Brian.	Brian is not writing.
contradiction	George is working and so is Florence.	Florence is not working.
contradiction	Walter is travelling and so is Alan.	Alan is not travelling.
contradiction	Elaine is working and so is Kevin.	Kevin is not working.
contradiction	Jill is working and so is Martha.	Martha is not working.
contradiction	Carolyn is painting and so is Jerry.	Jerry is not painting.
contradiction	Ann is reading and so is Wendy.	Wendy is not reading.
contradiction	Simon is dancing and so is Rebecca.	Rebecca is not dancing.
contradiction	Ed is exercising and so is Kathy.	Kathy is not exercising.
contradiction	Laura is speaking and so is Kim.	Kim is not speaking.
contradiction	Judy is sleeping and so is Sharon.	Sharon is not sleeping.
contradiction	Ed is listening and so is Peter.	Peter is not listening.
contradiction	Fred is writing and so is Maria.	Maria is not writing.
contradiction	Christopher is dancing and so is Al.	Al is not dancing.
contradiction	Elizabeth is studying and so is Kathryn.	Kathryn is not studying.
contradiction	Mike is listening and so is Matt.	Matt is not listening.
contradiction	Bill is working and so is Jack.	Jack is not working.
contradiction	Louis is dancing and so is Dave.	Dave is not dancing.
contradiction	Christine is going and so is Judith.	Judith is not going.
contradiction	William is dancing and so is Charlotte.	Charlotte is not dancing.
contradiction	Richard is reading and so is Emily.	Emily is not reading.
contradiction	Diane is working and so is Sarah.	Sarah is not working.
contradiction	Steve is travelling and so is Bill.	Bill is not travelling.
contradiction	Patrick is listening and so is Angela.	Angela is not listening.
contradiction	Jim is running and so is Judy.	Judy is not running.
contradiction	Scott is studying and so is Lauren.	Lauren is not studying.
contradiction	Brian is going and so is Alexander.	Alexander is not going.
contradiction	Emma is exercising and so is Kevin.	Kevin is not exercising.
contradiction	Carolyn is going and so is Louis.	Louis is not going.
contradiction	Greg is studying and so is Charlie.	Charlie is not studying.
contradiction	Eleanor is writing and so is Cynthia.	Cynthia is not writing.
contradiction	Lucy is speaking and so is Mary.	Mary is not speaking.
contradiction	Bruce is studying and so is Matthew.	Matthew is not studying.
contradiction	Kenneth is listening and so is Sharon.	Sharon is not listening.
contradiction	Suzanne is swimming and so is Louise.	Louise is not swimming.
contradiction	Alex is going and so is Paul.	Paul is not going.
contradiction	Ellen is swimming and so is Sally.	Sally is not swimming.
contradiction	Karen is reading and so is Alice.	Alice is not reading.
contradiction	Catherine is reading and so is Steve.	Steve is not reading.
contradiction	Sharon is listening and so is Richard.	Richard is not listening.
contradiction	Judith is dancing and so is Ashley.	Ashley is not dancing.
contradiction	Barbara is dancing and so is Jennifer.	Jennifer is not dancing.
contradiction	Emma is dancing and so is Fred.	Fred is not dancing.
contradiction	Billy is dancing and so is Howard.	Howard is not dancing.
contradiction	Louise is writing and so is Richard.	Richard is not writing.
contradiction	Jack is sleeping and so is Chris.	Chris is not sleeping.
contradiction	Don is swimming and so is Roy.	Roy is not swimming.
contradiction	Colin is going and so is Tony.	Tony is not going.
contradiction	Jay is listening and so is Bill.	Bill is not listening.
contradiction	Kathryn is speaking and so is Florence.	Florence is not speaking.
contradiction	Don is swimming and so is Alfred.	Alfred is not swimming.
contradiction	Christine is running and so is Bobby.	Bobby is not running.
contradiction	Andrew is sleeping and so is Sara.	Sara is not sleeping.
contradiction	Ken is working and so is Carl.	Carl is not working.
contradiction	Laura is speaking and so is Edward.	Edward is not speaking.
contradiction	Pamela is reading and so is Harold.	Harold is not reading.
contradiction	Bobby is writing and so is Howard.	Howard is not writing.
contradiction	Patricia is painting and so is Fiona.	Fiona is not painting.
contradiction	Alan is going and so is Patricia.	Patricia is not going.
contradiction	Billy is speaking and so is Nicole.	Nicole is not speaking.
contradiction	Kelly is listening and so is Margaret.	Margaret is not listening.
contradiction	Kathryn is working and so is Johnny.	Johnny is not working.
contradiction	Kathy is exercising and so is Bob.	Bob is not exercising.
contradiction	Ruth is speaking and so is Betty.	Betty is not speaking.
contradiction	Nancy is exercising and so is Alex.	Alex is not exercising.
contradiction	Greg is listening and so is Sue.	Sue is not listening.
contradiction	Samuel is studying and so is Ruth.	Ruth is not studying.
contradiction	Leslie is studying and so is Lawrence.	Lawrence is not studying.
contradiction	Lynn is speaking and so is Jennifer.	Jennifer is not speaking.
contradiction	Gary is travelling and so is Barbara.	Barbara is not travelling.
contradiction	Simon is working and so is Stephen.	Stephen is not working.
contradiction	Lynn is going and so is Bill.	Bill is not going.
contradiction	Ken is painting and so is Adam.	Adam is not painting.
contradiction	Mark is studying and so is Robert.	Robert is not studying.
contradiction	Alex is reading and so is Roy.	Roy is not reading.
contradiction	Donald is listening and so is Joan.	Joan is not listening.
contradiction	Johnny is running and so is Brian.	Brian is not running.
contradiction	Lawrence is swimming and so is Anna.	Anna is not swimming.
contradiction	Jerry is swimming and so is Pamela.	Pamela is not swimming.
contradiction	Kenneth is listening and so is Steve.	Steve is not listening.
contradiction	Jason is travelling and so is Walter.	Walter is not travelling.
contradiction	Virginia is running and so is Anne.	Anne is not running.
contradiction	Sally is running and so is Maria.	Maria is not running.
contradiction	Tim is running and so is Alex.	Alex is not running.
contradiction	Alice is painting and so is Ashley.	Ashley is not painting.
contradiction	Chris is listening and so is Daniel.	Daniel is not listening.
contradiction	Alfred is swimming and so is Alan.	Alan is not swimming.
contradiction	Pamela is going and so is Christine.	Christine is not going.
contradiction	Andrew is working and so is Edith.	Edith is not working.
contradiction	Rebecca is listening and so is Martha.	Martha is not listening.
contradiction	William is swimming and so is Roger.	Roger is not swimming.
contradiction	Colin is dancing and so is Andrea.	Andrea is not dancing.
contradiction	Ken is studying and so is Betty.	Betty is not studying.
contradiction	Jay is speaking and so is Diane.	Diane is not speaking.
contradiction	Kevin is exercising and so is Lucy.	Lucy is not exercising.
contradiction	Martha is writing and so is Florence.	Florence is not writing.
contradiction	Nicole is travelling and so is Deborah.	Deborah is not travelling.
contradiction	Kate is running and so is Andrea.	Andrea is not running.
contradiction	Frances is sleeping and so is Mary.	Mary is not sleeping.
contradiction	Cynthia is swimming and so is Daniel.	Daniel is not swimming.
contradiction	Evelyn is speaking and so is Mark.	Mark is not speaking.
contradiction	Alex is listening and so is Patrick.	Patrick is not listening.
contradiction	David is speaking and so is Dick.	Dick is not speaking.
contradiction	Ruth is sleeping and so is Ron.	Ron is not sleeping.
contradiction	Ashley is running and so is Daniel.	Daniel is not running.
contradiction	Patrick is writing and so is Paul.	Paul is not writing.
contradiction	Ray is running and so is John.	John is not running.
contradiction	Anne is travelling and so is Stephen.	Stephen is not travelling.
contradiction	Barbara is sleeping and so is Rachel.	Rachel is not sleeping.
contradiction	Mark is sleeping and so is Ben.	Ben is not sleeping.
contradiction	Suzanne is sleeping and so is Greg.	Greg is not sleeping.
contradiction	Brian is speaking and so is Daniel.	Daniel is not speaking.
contradiction	Angela is studying and so is Sophie.	Sophie is not studying.
contradiction	Harriet is dancing and so is Donald.	Donald is not dancing.
contradiction	Rebecca is speaking and so is Paul.	Paul is not speaking.
contradiction	Dave is exercising and so is Gary.	Gary is not exercising.
contradiction	Edward is working and so is Steven.	Steven is not working.
contradiction	Sue is painting and so is Emma.	Emma is not painting.
contradiction	Judy is listening and so is Lawrence.	Lawrence is not listening.
contradiction	Johnny is writing and so is Martha.	Martha is not writing.
contradiction	Keith is running and so is Samuel.	Samuel is not running.
contradiction	Thomas is reading and so is Diana.	Diana is not reading.
contradiction	Alan is sleeping and so is Martha.	Martha is not sleeping.
contradiction	William is reading and so is Bruce.	Bruce is not reading.
contradiction	Mark is speaking and so is Dave.	Dave is not speaking.
contradiction	Sally is swimming and so is Billy.	Billy is not swimming.
contradiction	Chris is sleeping and so is Sharon.	Sharon is not sleeping.
contradiction	Jill is running and so is Claire.	Claire is not running.
contradiction	Ray is writing and so is Caroline.	Caroline is not writing.
contradiction	Emily is swimming and so is Billy.	Billy is not swimming.
contradiction	Hugh is swimming and so is Sarah.	Sarah is not swimming.
contradiction	Jean is speaking and so is Al.	Al is not speaking.
contradiction	Carol is swimming and so is Don.	Don is not swimming.
contradiction	Paul is writing and so is Sara.	Sara is not writing.
contradiction	Diana is writing and so is Lisa.	Lisa is not writing.
contradiction	Sophie is studying and so is Ben.	Ben is not studying.
contradiction	Don is exercising and so is Lucy.	Lucy is not exercising.
contradiction	Anna is speaking and so is Louis.	Louis is not speaking.
contradiction	Wendy is reading and so is Emily.	Emily is not reading.
contradiction	Nick is travelling and so is Alison.	Alison is not travelling.
contradiction	Jessica is speaking and so is Donna.	Donna is not speaking.
contradiction	Donna is speaking and so is Dick.	Dick is not speaking.
contradiction	Tom is swimming and so is Joe.	Joe is not swimming.
contradiction	Rose is speaking and so is Melissa.	Melissa is not speaking.
contradiction	Judith is travelling and so is Larry.	Larry is not travelling.
contradiction	Alan is sleeping and so is Howard.	Howard is not sleeping.
contradiction	Henry is working and so is Amy.	Amy is not working.
contradiction	Deborah is speaking and so is Frederick.	Frederick is not speaking.
contradiction	Martin is travelling and so is Judy.	Judy is not travelling.
contradiction	Suzanne is swimming and so is Julia.	Julia is not swimming.
contradiction	Harriet is travelling and so is Linda.	Linda is not travelling.
contradiction	Gary is listening and so is Lucy.	Lucy is not listening.
contradiction	Sara is going and so is Dave.	Dave is not going.
contradiction	Lisa is dancing and so is Jack.	Jack is not dancing.
contradiction	Louise is listening and so is Mary.	Mary is not listening.
contradiction	Larry is reading and so is Michael.	Michael is not reading.
contradiction	Stephen is listening and so is Elizabeth.	Elizabeth is not listening.
contradiction	Don is writing and so is Katie.	Katie is not writing.
contradiction	Fiona is travelling and so is Jane.	Jane is not travelling.
contradiction	Joseph is speaking and so is Jane.	Jane is not speaking.
contradiction	Arthur is exercising and so is Jennifer.	Jennifer is not exercising.
contradiction	Ruth is writing and so is Martin.	Martin is not writing.
contradiction	Joe is sleeping and so is Victoria.	Victoria is not sleeping.
contradiction	Emily is dancing and so is Kathryn.	Kathryn is not dancing.
contradiction	Kevin is writing and so is Steve.	Steve is not writing.
contradiction	Edith is speaking and so is Caroline.	Caroline is not speaking.
contradiction	Charlie is speaking and so is Anne.	Anne is not speaking.
contradiction	Don is writing and so is Carl.	Carl is not writing.
contradiction	Edward is studying and so is Patrick.	Patrick is not studying.
contradiction	Harold is writing and so is Jeff.	Jeff is not writing.
contradiction	Dan is running and so is Stephen.	Stephen is not running.
contradiction	Carolyn is exercising and so is Alice.	Alice is not exercising.
contradiction	Stephen is reading and so is Harriet.	Harriet is not reading.
contradiction	Jason is studying and so is Dan.	Dan is not studying.
contradiction	Sam is studying and so is Elaine.	Elaine is not studying.
contradiction	Judith is going and so is Suzanne.	Suzanne is not going.
contradiction	Andrea is writing and so is Alexandra.	Alexandra is not writing.
contradiction	Larry is reading and so is Ruth.	Ruth is not reading.
contradiction	Rebecca is travelling and so is Katie.	Katie is not travelling.
contradiction	Christine is going and so is Philip.	Philip is not going.
contradiction	John is running and so is Anne.	Anne is not running.
contradiction	Kathleen is exercising and so is Donald.	Donald is not exercising.
contradiction	Louise is swimming and so is Alice.	Alice is not swimming.
contradiction	Victoria is swimming and so is Jill.	Jill is not swimming.
contradiction	Kate is sleeping and so is Thomas.	Thomas is not sleeping.
contradiction	Sue is sleeping and so is Fred.	Fred is not sleeping.
contradiction	Robert is studying and so is Laura.	Laura is not studying.
contradiction	Michelle is sleeping and so is Maria.	Maria is not sleeping.
contradiction	Arthur is dancing and so is Alfred.	Alfred is not dancing.
contradiction	Fiona is reading and so is Charlotte.	Charlotte is not reading.
contradiction	Deborah is exercising and so is Ed.	Ed is not exercising.
contradiction	Donna is travelling and so is Alison.	Alison is not travelling.
contradiction	Nick is travelling and so is Julia.	Julia is not travelling.
contradiction	Andrew is travelling and so is Donald.	Donald is not travelling.
contradiction	Bill is sleeping and so is Mary.	Mary is not sleeping.
contradiction	Lucy is writing and so is Helen.	Helen is not writing.
contradiction	Ralph is travelling and so is Ben.	Ben is not travelling.
contradiction	Brian is reading and so is Colin.	Colin is not reading.
contradiction	John is sleeping and so is Alan.	Alan is not sleeping.
contradiction	Sara is dancing and so is Marilyn.	Marilyn is not dancing.
contradiction	Howard is dancing and so is Nancy.	Nancy is not dancing.
contradiction	Amanda is reading and so is Catherine.	Catherine is not reading.
contradiction	Donald is exercising and so is Carol.	Carol is not exercising.
contradiction	Donald is writing and so is George.	George is not writing.
contradiction	Marie is painting and so is Heather.	Heather is not painting.
contradiction	Ray is swimming and so is Diana.	Diana is not swimming.
contradiction	Kelly is writing and so is Sue.	Sue is not writing.
contradiction	Ben is painting and so is Ellen.	Ellen is not painting.
contradiction	Katie is dancing and so is Frances.	Frances is not dancing.
contradiction	Marilyn is painting and so is Lisa.	Lisa is not painting.
contradiction	Elizabeth is swimming and so is Elaine.	Elaine is not swimming.
contradiction	Nancy is running and so is Jay.	Jay is not running.
contradiction	Katherine is swimming and so is Katie.	Katie is not swimming.
contradiction	Patricia is working and so is Christopher.	Christopher is not working.
contradiction	Wendy is dancing and so is Ed.	Ed is not dancing.
contradiction	Mike is exercising and so is Fiona.	Fiona is not exercising.
contradiction	Rose is exercising and so is Janet.	Janet is not exercising.
contradiction	Albert is writing and so is Christopher.	Christopher is not writing.
contradiction	Bobby is reading and so is James.	James is not reading.
contradiction	Colin is dancing and so is Rose.	Rose is not dancing.
contradiction	Steve is reading and so is Paul.	Paul is not reading.
contradiction	Simon is dancing and so is Larry.	Larry is not dancing.
contradiction	Ralph is dancing and so is Al.	Al is not dancing.
contradiction	Melissa is speaking and so is Kathryn.	Kathryn is not speaking.
contradiction	Alexander is exercising and so is David.	David is not exercising.
contradiction	Maria is travelling and so is Thomas.	Thomas is not travelling.
contradiction	Ian is swimming and so is Margaret.	Margaret is not swimming.
contradiction	Eleanor is swimming and so is Linda.	Linda is not swimming.
contradiction	Jill is sleeping and so is Jason.	Jason is not sleeping.
contradiction	Tim is travelling and so is Nick.	Nick is not travelling.
contradiction	Samuel is travelling and so is Harry.	Harry is not travelling.
contradiction	Johnny is painting and so is Louis.	Louis is not painting.
contradiction	John is studying and so is Lisa.	Lisa is not studying.
contradiction	Frances is writing and so is Angela.	Angela is not writing.
contradiction	Kate is sleeping and so is Adam.	Adam is not sleeping.
contradiction	Jason is travelling and so is Kathy.	Kathy is not travelling.
contradiction	Martin is writing and so is Lucy.	Lucy is not writing.
contradiction	Carl is studying and so is Fred.	Fred is not studying.
contradiction	Martin is listening and so is Harold.	Harold is not listening.
contradiction	Judy is swimming and so is Melissa.	Melissa is not swimming.
contradiction	Frances is speaking and so is Hugh.	Hugh is not speaking.
contradiction	Hugh is going and so is Alfred.	Alfred is not going.
contradiction	Jerry is running and so is Ed.	Ed is not running.
contradiction	Kelly is exercising and so is Edward.	Edward is not exercising.
contradiction	Simon is writing and so is Alexander.	Alexander is not writing.
contradiction	Edwin is travelling and so is Judy.	Judy is not travelling.
contradiction	Maria is listening and so is Louise.	Louise is not listening.
contradiction	Howard is sleeping and so is Lawrence.	Lawrence is not sleeping.
contradiction	Donna is speaking and so is Laura.	Laura is not speaking.
contradiction	Stephen is running and so is Bruce.	Bruce is not running.
contradiction	Dan is reading and so is Bobby.	Bobby is not reading.
contradiction	Sharon is writing and so is Sally.	Sally is not writing.
contradiction	John is sleeping and so is Edwin.	Edwin is not sleeping.
contradiction	Tony is exercising and so is Janet.	Janet is not exercising.
contradiction	Louis is travelling and so is Katie.	Katie is not travelling.
contradiction	Michael is going and so is Suzanne.	Suzanne is not going.
contradiction	Margaret is running and so is Mike.	Mike is not running.
contradiction	Colin is speaking and so is Steven.	Steven is not speaking.
contradiction	Sally is listening and so is Robin.	Robin is not listening.
contradiction	Louis is exercising and so is Frederick.	Frederick is not exercising.
contradiction	Harriet is speaking and so is Roy.	Roy is not speaking.
contradiction	Patrick is exercising and so is Harry.	Harry is not exercising.
contradiction	Mike is dancing and so is Jean.	Jean is not dancing.
contradiction	Amy is running and so is Julie.	Julie is not running.
contradiction	Billy is going and so is Ellen.	Ellen is not going.
contradiction	Steve is swimming and so is Grace.	Grace is not swimming.
contradiction	Rebecca is studying and so is John.	John is not studying.
contradiction	Caroline is speaking and so is Rebecca.	Rebecca is not speaking.
contradiction	Jim is running and so is Carol.	Carol is not running.
contradiction	Christine is painting and so is Johnny.	Johnny is not painting.
contradiction	Alexandra is dancing and so is Andrew.	Andrew is not dancing.
contradiction	Katherine is exercising and so is Helen.	Helen is not exercising.
contradiction	Marilyn is writing and so is Stephanie.	Stephanie is not writing.
contradiction	Karen is working and so is Harry.	Harry is not working.
contradiction	Leslie is working and so is Mark.	Mark is not working.
contradiction	Frances is sleeping and so is Helen.	Helen is not sleeping.
contradiction	Philip is travelling and so is Katie.	Katie is not travelling.
contradiction	Jennifer is dancing and so is Fiona.	Fiona is not dancing.
contradiction	Tim is painting and so is Kevin.	Kevin is not painting.
contradiction	Bob is running and so is Andrea.	Andrea is not running.
contradiction	Edith is running and so is Michael.	Michael is not running.
contradiction	Sandra is going and so is Alice.	Alice is not going.
contradiction	Ed is travelling and so is Katie.	Katie is not travelling.
contradiction	Robert is speaking and so is Charles.	Charles is not speaking.
contradiction	Edward is travelling and so is Tom.	Tom is not travelling.
contradiction	Nicole is listening and so is Tim.	Tim is not listening.
contradiction	Arthur is running and so is Fiona.	Fiona is not running.
contradiction	Carol is dancing and so is Melissa.	Melissa is not dancing.
contradiction	Marilyn is exercising and so is Ron.	Ron is not exercising.
contradiction	Ron is exercising and so is Kenneth.	Kenneth is not exercising.
contradiction	Bob is exercising and so is Harry.	Harry is not exercising.
