contradiction	Mary was born in 2017 and Catherine was born in 2000.	Catherine was born later than Mary.
contradiction	Karen was born in 2001 and Janet was born in 1993.	Janet was born later than Karen.
contradiction	Alexandra was born in 1997 and Ian was born in 1992.	Ian was born later than Alexandra.
contradiction	Melissa was born in 2015 and Jonathan was born in 2007.	Jonathan was born later than Melissa.
contradiction	Peter was born in 2020 and Charlie was born in 1995.	Charlie was born later than Peter.
contradiction	Susan was born in 1998 and Ruth was born in 1993.	Ruth was born later than Susan.
contradiction	Catherine was born in 2010 and Janet was born in 1999.	Janet was born later than Catherine.
contradiction	Andrew was born in 2009 and Lauren was born in 2007.	Lauren was born later than Andrew.
contradiction	Dave was born in 1997 and Tim was born in 1993.	Tim was born later than Dave.
contradiction	Lucy was born in 1991 and Kathleen was born in 1990.	Kathleen was born later than Lucy.
contradiction	Fiona was born in 2001 and Tom was born in 1990.	Tom was born later than Fiona.
contradiction	Adam was born in 2003 and Ellen was born in 1993.	Ellen was born later than Adam.
contradiction	Daniel was born in 2008 and Eleanor was born in 2002.	Eleanor was born later than Daniel.
contradiction	Robin was born in 2020 and Ron was born in 2009.	Ron was born later than Robin.
contradiction	Keith was born in 1991 and Anthony was born in 1990.	Anthony was born later than Keith.
contradiction	Jessica was born in 1992 and Jean was born in 1991.	Jean was born later than Jessica.
contradiction	Catherine was born in 1999 and Louise was born in 1991.	Louise was born later than Catherine.
contradiction	Charles was born in 1995 and Elaine was born in 1991.	Elaine was born later than Charles.
contradiction	Linda was born in 2006 and Katie was born in 2004.	Katie was born later than Linda.
contradiction	Annie was born in 1991 and Amy was born in 1990.	Amy was born later than Annie.
contradiction	Roy was born in 2010 and Frances was born in 2002.	Frances was born later than Roy.
contradiction	Mark was born in 2014 and Samuel was born in 2005.	Samuel was born later than Mark.
contradiction	Sophie was born in 2016 and Fred was born in 2000.	Fred was born later than Sophie.
contradiction	Kevin was born in 2013 and Al was born in 1992.	Al was born later than Kevin.
contradiction	Sandra was born in 1992 and Betty was born in 1990.	Betty was born later than Sandra.
contradiction	Ken was born in 2008 and Harriet was born in 1991.	Harriet was born later than Ken.
contradiction	Evelyn was born in 2016 and Maria was born in 2001.	Maria was born later than Evelyn.
contradiction	James was born in 1993 and Chris was born in 1991.	Chris was born later than James.
contradiction	Ron was born in 1995 and Katherine was born in 1994.	Katherine was born later than Ron.
contradiction	Suzanne was born in 2001 and Sam was born in 1994.	Sam was born later than Suzanne.
contradiction	Donna was born in 2011 and Stephanie was born in 1997.	Stephanie was born later than Donna.
contradiction	Howard was born in 1997 and Jonathan was born in 1991.	Jonathan was born later than Howard.
contradiction	Steve was born in 1991 and Evelyn was born in 1990.	Evelyn was born later than Steve.
contradiction	Alexander was born in 2003 and Rachel was born in 1992.	Rachel was born later than Alexander.
contradiction	Julie was born in 1992 and David was born in 1990.	David was born later than Julie.
contradiction	Sam was born in 1998 and Bobby was born in 1993.	Bobby was born later than Sam.
contradiction	Melissa was born in 2003 and Emily was born in 1995.	Emily was born later than Melissa.
contradiction	Florence was born in 1999 and Harry was born in 1995.	Harry was born later than Florence.
contradiction	Tony was born in 2016 and Eric was born in 2008.	Eric was born later than Tony.
contradiction	Suzanne was born in 2003 and Louis was born in 1998.	Louis was born later than Suzanne.
contradiction	Ryan was born in 1998 and Anne was born in 1993.	Anne was born later than Ryan.
contradiction	Helen was born in 2011 and Arthur was born in 2008.	Arthur was born later than Helen.
contradiction	Andrea was born in 2011 and Ray was born in 1996.	Ray was born later than Andrea.
contradiction	Ray was born in 2003 and Charlie was born in 1991.	Charlie was born later than Ray.
contradiction	Al was born in 2004 and Emily was born in 1998.	Emily was born later than Al.
contradiction	Hugh was born in 1999 and Amanda was born in 1997.	Amanda was born later than Hugh.
contradiction	Scott was born in 2007 and George was born in 2006.	George was born later than Scott.
contradiction	Kathy was born in 2002 and Mark was born in 1997.	Mark was born later than Kathy.
contradiction	Martin was born in 2005 and Joan was born in 2002.	Joan was born later than Martin.
contradiction	Matthew was born in 2004 and Anne was born in 1996.	Anne was born later than Matthew.
contradiction	John was born in 2007 and Kim was born in 1993.	Kim was born later than John.
contradiction	Virginia was born in 2018 and Leslie was born in 2005.	Leslie was born later than Virginia.
contradiction	Alexandra was born in 2006 and Bill was born in 1996.	Bill was born later than Alexandra.
contradiction	Martin was born in 1993 and Stephen was born in 1992.	Stephen was born later than Martin.
contradiction	Sandra was born in 2008 and Harold was born in 1991.	Harold was born later than Sandra.
contradiction	Edwin was born in 1999 and Jay was born in 1996.	Jay was born later than Edwin.
contradiction	Rachel was born in 1996 and Mike was born in 1995.	Mike was born later than Rachel.
contradiction	Billy was born in 2005 and Sharon was born in 1993.	Sharon was born later than Billy.
contradiction	Jimmy was born in 2014 and Ron was born in 1991.	Ron was born later than Jimmy.
contradiction	Grace was born in 2004 and Carl was born in 2000.	Carl was born later than Grace.
contradiction	Adam was born in 1993 and Pamela was born in 1991.	Pamela was born later than Adam.
contradiction	Fiona was born in 2000 and Ellen was born in 1999.	Ellen was born later than Fiona.
contradiction	Al was born in 2017 and Charlie was born in 1996.	Charlie was born later than Al.
contradiction	Harold was born in 2010 and Marilyn was born in 1999.	Marilyn was born later than Harold.
contradiction	Dan was born in 2007 and Samuel was born in 1993.	Samuel was born later than Dan.
contradiction	Jonathan was born in 2011 and Dick was born in 2010.	Dick was born later than Jonathan.
contradiction	Robin was born in 2018 and Ray was born in 2006.	Ray was born later than Robin.
contradiction	Andrea was born in 2002 and Maria was born in 1993.	Maria was born later than Andrea.
contradiction	Matt was born in 2011 and Jennifer was born in 1996.	Jennifer was born later than Matt.
contradiction	Heather was born in 1999 and Jonathan was born in 1990.	Jonathan was born later than Heather.
contradiction	Lisa was born in 2003 and Samuel was born in 1994.	Samuel was born later than Lisa.
contradiction	Barbara was born in 2002 and Evelyn was born in 1996.	Evelyn was born later than Barbara.
contradiction	Daniel was born in 2007 and Carl was born in 2005.	Carl was born later than Daniel.
contradiction	Frank was born in 1994 and Kelly was born in 1993.	Kelly was born later than Frank.
contradiction	Lisa was born in 2000 and Helen was born in 1990.	Helen was born later than Lisa.
contradiction	Tom was born in 2010 and Leslie was born in 1991.	Leslie was born later than Tom.
contradiction	Johnny was born in 2015 and Emily was born in 2001.	Emily was born later than Johnny.
contradiction	Angela was born in 1992 and Dave was born in 1991.	Dave was born later than Angela.
contradiction	Joseph was born in 2008 and Dave was born in 2002.	Dave was born later than Joseph.
contradiction	Harry was born in 2013 and Robin was born in 2002.	Robin was born later than Harry.
contradiction	Diana was born in 2006 and Donna was born in 1999.	Donna was born later than Diana.
contradiction	Sophie was born in 2007 and Heather was born in 2003.	Heather was born later than Sophie.
contradiction	Amy was born in 2004 and Philip was born in 1990.	Philip was born later than Amy.
contradiction	Anthony was born in 2015 and Joe was born in 1990.	Joe was born later than Anthony.
contradiction	Keith was born in 2005 and Stephanie was born in 2001.	Stephanie was born later than Keith.
contradiction	Alice was born in 2000 and Larry was born in 1999.	Larry was born later than Alice.
contradiction	David was born in 2006 and Andrew was born in 1996.	Andrew was born later than David.
contradiction	Hugh was born in 1991 and Don was born in 1990.	Don was born later than Hugh.
contradiction	Tim was born in 2014 and Ryan was born in 2009.	Ryan was born later than Tim.
contradiction	Sally was born in 2000 and Steven was born in 1993.	Steven was born later than Sally.
contradiction	Richard was born in 1991 and Robin was born in 1990.	Robin was born later than Richard.
contradiction	Julie was born in 2020 and Andrea was born in 2010.	Andrea was born later than Julie.
contradiction	Jay was born in 1992 and Jill was born in 1991.	Jill was born later than Jay.
contradiction	Jason was born in 2018 and Ryan was born in 2008.	Ryan was born later than Jason.
contradiction	Emma was born in 2003 and Alan was born in 1999.	Alan was born later than Emma.
contradiction	Ed was born in 2007 and Ian was born in 1992.	Ian was born later than Ed.
contradiction	Judy was born in 2001 and Jay was born in 1991.	Jay was born later than Judy.
contradiction	Matt was born in 2007 and Eleanor was born in 1991.	Eleanor was born later than Matt.
contradiction	Claire was born in 2017 and Kevin was born in 1997.	Kevin was born later than Claire.
contradiction	Colin was born in 2015 and Andrew was born in 1991.	Andrew was born later than Colin.
contradiction	Bobby was born in 2001 and Johnny was born in 1993.	Johnny was born later than Bobby.
contradiction	Alexander was born in 2019 and Frances was born in 2011.	Frances was born later than Alexander.
contradiction	Catherine was born in 2014 and Rose was born in 2001.	Rose was born later than Catherine.
contradiction	Carol was born in 2018 and Jean was born in 2006.	Jean was born later than Carol.
contradiction	Frederick was born in 2001 and Patrick was born in 1991.	Patrick was born later than Frederick.
contradiction	Florence was born in 2017 and Kelly was born in 2009.	Kelly was born later than Florence.
contradiction	Evelyn was born in 2002 and Betty was born in 1999.	Betty was born later than Evelyn.
contradiction	Leslie was born in 2019 and Alfred was born in 1999.	Alfred was born later than Leslie.
contradiction	Marilyn was born in 2010 and Virginia was born in 1995.	Virginia was born later than Marilyn.
contradiction	Michael was born in 1998 and Donald was born in 1996.	Donald was born later than Michael.
contradiction	Larry was born in 1996 and Ian was born in 1991.	Ian was born later than Larry.
contradiction	Alex was born in 2015 and Ed was born in 1991.	Ed was born later than Alex.
contradiction	Kim was born in 2016 and Robert was born in 1996.	Robert was born later than Kim.
contradiction	Evelyn was born in 2000 and Donna was born in 1991.	Donna was born later than Evelyn.
contradiction	Alice was born in 2020 and Simon was born in 1994.	Simon was born later than Alice.
contradiction	Alice was born in 2011 and Grace was born in 2010.	Grace was born later than Alice.
contradiction	Judith was born in 2020 and Carl was born in 2019.	Carl was born later than Judith.
contradiction	Sophie was born in 1999 and Jim was born in 1991.	Jim was born later than Sophie.
contradiction	David was born in 2013 and Nick was born in 2003.	Nick was born later than David.
contradiction	Kathleen was born in 2011 and William was born in 1995.	William was born later than Kathleen.
contradiction	Lisa was born in 2011 and Janet was born in 2010.	Janet was born later than Lisa.
contradiction	Sophie was born in 2014 and Ray was born in 2008.	Ray was born later than Sophie.
contradiction	Matt was born in 1991 and Jane was born in 1990.	Jane was born later than Matt.
contradiction	Jonathan was born in 1996 and Carol was born in 1992.	Carol was born later than Jonathan.
contradiction	Caroline was born in 2013 and Lisa was born in 1993.	Lisa was born later than Caroline.
contradiction	Annie was born in 1996 and Sally was born in 1995.	Sally was born later than Annie.
contradiction	Mike was born in 1997 and Greg was born in 1992.	Greg was born later than Mike.
contradiction	Linda was born in 1999 and Bill was born in 1994.	Bill was born later than Linda.
contradiction	Suzanne was born in 1998 and Gary was born in 1997.	Gary was born later than Suzanne.
contradiction	Alex was born in 2018 and Greg was born in 2015.	Greg was born later than Alex.
contradiction	Joan was born in 2001 and Diane was born in 1998.	Diane was born later than Joan.
contradiction	Matthew was born in 2018 and Fred was born in 2003.	Fred was born later than Matthew.
contradiction	Ann was born in 2018 and Julie was born in 1999.	Julie was born later than Ann.
contradiction	Robert was born in 1994 and Sally was born in 1990.	Sally was born later than Robert.
contradiction	Ron was born in 1997 and Peter was born in 1996.	Peter was born later than Ron.
contradiction	Ed was born in 2016 and Judith was born in 1990.	Judith was born later than Ed.
contradiction	Grace was born in 2013 and Cynthia was born in 2008.	Cynthia was born later than Grace.
contradiction	Joan was born in 1992 and Patricia was born in 1991.	Patricia was born later than Joan.
contradiction	Alexander was born in 2005 and Nicole was born in 1993.	Nicole was born later than Alexander.
contradiction	Betty was born in 1998 and Daniel was born in 1995.	Daniel was born later than Betty.
contradiction	Martha was born in 2003 and Kenneth was born in 2000.	Kenneth was born later than Martha.
contradiction	Florence was born in 1994 and Martin was born in 1990.	Martin was born later than Florence.
contradiction	Brian was born in 1995 and Elaine was born in 1994.	Elaine was born later than Brian.
contradiction	Nicole was born in 2019 and Louis was born in 2018.	Louis was born later than Nicole.
contradiction	Kate was born in 2017 and Sandra was born in 2012.	Sandra was born later than Kate.
contradiction	Hugh was born in 1992 and Roy was born in 1991.	Roy was born later than Hugh.
contradiction	Patrick was born in 2017 and Patricia was born in 2007.	Patricia was born later than Patrick.
contradiction	Tim was born in 2016 and Julie was born in 2008.	Julie was born later than Tim.
contradiction	Cynthia was born in 2010 and Charlotte was born in 1992.	Charlotte was born later than Cynthia.
contradiction	Roger was born in 2000 and Charlie was born in 1996.	Charlie was born later than Roger.
contradiction	Judy was born in 2017 and Louis was born in 2014.	Louis was born later than Judy.
contradiction	Claire was born in 2007 and Harry was born in 2004.	Harry was born later than Claire.
contradiction	Emily was born in 2011 and Anthony was born in 1996.	Anthony was born later than Emily.
contradiction	Ed was born in 1993 and Brian was born in 1990.	Brian was born later than Ed.
contradiction	Eric was born in 1993 and Margaret was born in 1992.	Margaret was born later than Eric.
contradiction	Annie was born in 2011 and Janet was born in 2004.	Janet was born later than Annie.
contradiction	Marilyn was born in 2002 and Edith was born in 1994.	Edith was born later than Marilyn.
contradiction	Evelyn was born in 2016 and Simon was born in 2011.	Simon was born later than Evelyn.
contradiction	Carol was born in 1992 and Sharon was born in 1991.	Sharon was born later than Carol.
contradiction	Jay was born in 1998 and Patricia was born in 1990.	Patricia was born later than Jay.
contradiction	Kathleen was born in 1993 and Jason was born in 1992.	Jason was born later than Kathleen.
contradiction	Ruth was born in 1991 and Rebecca was born in 1990.	Rebecca was born later than Ruth.
contradiction	Stephen was born in 1995 and Samuel was born in 1992.	Samuel was born later than Stephen.
contradiction	Sally was born in 2004 and Patricia was born in 2000.	Patricia was born later than Sally.
contradiction	Michelle was born in 2003 and Sam was born in 2002.	Sam was born later than Michelle.
contradiction	Sara was born in 2003 and Anne was born in 2001.	Anne was born later than Sara.
contradiction	Michelle was born in 2019 and Sam was born in 2010.	Sam was born later than Michelle.
contradiction	Martha was born in 1999 and Don was born in 1991.	Don was born later than Martha.
contradiction	Robin was born in 1992 and Michael was born in 1991.	Michael was born later than Robin.
contradiction	Jerry was born in 2003 and Matt was born in 1997.	Matt was born later than Jerry.
contradiction	Dorothy was born in 2015 and Brian was born in 2006.	Brian was born later than Dorothy.
contradiction	Frederick was born in 2009 and Al was born in 1992.	Al was born later than Frederick.
contradiction	Johnny was born in 2008 and Joan was born in 1995.	Joan was born later than Johnny.
contradiction	Ed was born in 2003 and Andrew was born in 2000.	Andrew was born later than Ed.
contradiction	Cynthia was born in 1995 and Anthony was born in 1994.	Anthony was born later than Cynthia.
contradiction	Don was born in 2012 and Donna was born in 1997.	Donna was born later than Don.
contradiction	Kathy was born in 1999 and Tim was born in 1991.	Tim was born later than Kathy.
contradiction	Dan was born in 2000 and Maria was born in 1991.	Maria was born later than Dan.
contradiction	Sarah was born in 2003 and Ken was born in 1996.	Ken was born later than Sarah.
contradiction	Robin was born in 2016 and Sophie was born in 1994.	Sophie was born later than Robin.
contradiction	Alex was born in 2011 and Eric was born in 1992.	Eric was born later than Alex.
contradiction	Ralph was born in 2003 and Heather was born in 1990.	Heather was born later than Ralph.
contradiction	Fiona was born in 1998 and Emily was born in 1996.	Emily was born later than Fiona.
contradiction	Greg was born in 2010 and Maria was born in 2007.	Maria was born later than Greg.
contradiction	Rachel was born in 2013 and Gary was born in 1999.	Gary was born later than Rachel.
contradiction	Steven was born in 1995 and Andrew was born in 1993.	Andrew was born later than Steven.
contradiction	Kathy was born in 1999 and Bill was born in 1991.	Bill was born later than Kathy.
contradiction	Ray was born in 2018 and Marie was born in 2001.	Marie was born later than Ray.
contradiction	Charlotte was born in 2009 and Eleanor was born in 1999.	Eleanor was born later than Charlotte.
contradiction	Joe was born in 1995 and Peter was born in 1994.	Peter was born later than Joe.
contradiction	Dave was born in 2001 and Judy was born in 1996.	Judy was born later than Dave.
contradiction	David was born in 2013 and Cynthia was born in 1994.	Cynthia was born later than David.
contradiction	Michael was born in 2013 and Lauren was born in 1993.	Lauren was born later than Michael.
contradiction	Scott was born in 2019 and Samuel was born in 1992.	Samuel was born later than Scott.
contradiction	Bill was born in 1995 and Samuel was born in 1993.	Samuel was born later than Bill.
contradiction	Charlie was born in 2014 and Elaine was born in 1999.	Elaine was born later than Charlie.
contradiction	Ryan was born in 2003 and Mark was born in 1998.	Mark was born later than Ryan.
contradiction	Ruth was born in 2018 and Grace was born in 1994.	Grace was born later than Ruth.
contradiction	Karen was born in 2003 and Judith was born in 2001.	Judith was born later than Karen.
contradiction	Maria was born in 1991 and Sara was born in 1990.	Sara was born later than Maria.
contradiction	Louise was born in 1996 and Al was born in 1993.	Al was born later than Louise.
contradiction	Charles was born in 2006 and Steve was born in 1993.	Steve was born later than Charles.
contradiction	Amy was born in 2007 and Donna was born in 2004.	Donna was born later than Amy.
contradiction	Harold was born in 1996 and Ken was born in 1995.	Ken was born later than Harold.
contradiction	James was born in 2002 and Louise was born in 1998.	Louise was born later than James.
contradiction	Dave was born in 2016 and Brian was born in 1991.	Brian was born later than Dave.
contradiction	Jason was born in 2000 and Gary was born in 1999.	Gary was born later than Jason.
contradiction	Steve was born in 2007 and Keith was born in 2006.	Keith was born later than Steve.
contradiction	Joe was born in 1998 and Peter was born in 1991.	Peter was born later than Joe.
contradiction	Steve was born in 2011 and Victoria was born in 2005.	Victoria was born later than Steve.
contradiction	Julia was born in 2006 and Ken was born in 2003.	Ken was born later than Julia.
contradiction	Don was born in 1996 and Edwin was born in 1994.	Edwin was born later than Don.
contradiction	Angela was born in 2005 and Ellen was born in 1990.	Ellen was born later than Angela.
contradiction	Lynn was born in 2020 and Alison was born in 1991.	Alison was born later than Lynn.
contradiction	Ben was born in 2002 and Paul was born in 1997.	Paul was born later than Ben.
contradiction	Louis was born in 2016 and Ken was born in 1996.	Ken was born later than Louis.
contradiction	Sophie was born in 2009 and John was born in 1994.	John was born later than Sophie.
contradiction	Anthony was born in 2003 and Virginia was born in 1999.	Virginia was born later than Anthony.
contradiction	Tony was born in 2008 and Kelly was born in 2001.	Kelly was born later than Tony.
contradiction	Linda was born in 1998 and Rose was born in 1997.	Rose was born later than Linda.
contradiction	Diane was born in 2007 and Philip was born in 2006.	Philip was born later than Diane.
contradiction	Wendy was born in 1995 and Steve was born in 1991.	Steve was born later than Wendy.
contradiction	Johnny was born in 1998 and Barbara was born in 1996.	Barbara was born later than Johnny.
contradiction	Eric was born in 1991 and Joan was born in 1990.	Joan was born later than Eric.
contradiction	Bobby was born in 1991 and David was born in 1990.	David was born later than Bobby.
contradiction	Martin was born in 1999 and Roger was born in 1990.	Roger was born later than Martin.
contradiction	Marie was born in 2009 and Annie was born in 2008.	Annie was born later than Marie.
contradiction	Jeff was born in 1993 and Emily was born in 1992.	Emily was born later than Jeff.
contradiction	Lawrence was born in 2004 and Henry was born in 1997.	Henry was born later than Lawrence.
contradiction	Nancy was born in 2015 and Edith was born in 2001.	Edith was born later than Nancy.
contradiction	Bruce was born in 2001 and Bobby was born in 1991.	Bobby was born later than Bruce.
contradiction	Fred was born in 1998 and Bruce was born in 1997.	Bruce was born later than Fred.
contradiction	Joe was born in 2004 and Kenneth was born in 1993.	Kenneth was born later than Joe.
contradiction	Christopher was born in 2016 and Helen was born in 2006.	Helen was born later than Christopher.
contradiction	Eleanor was born in 2003 and Brian was born in 1997.	Brian was born later than Eleanor.
contradiction	Jessica was born in 1999 and Marie was born in 1997.	Marie was born later than Jessica.
contradiction	Bob was born in 1994 and Colin was born in 1991.	Colin was born later than Bob.
contradiction	Alexander was born in 1997 and Harriet was born in 1996.	Harriet was born later than Alexander.
contradiction	Linda was born in 2003 and Alan was born in 1998.	Alan was born later than Linda.
contradiction	Barbara was born in 1999 and Charlotte was born in 1993.	Charlotte was born later than Barbara.
contradiction	Betty was born in 2011 and Tom was born in 1997.	Tom was born later than Betty.
contradiction	Claire was born in 2017 and Gary was born in 2014.	Gary was born later than Claire.
contradiction	Charles was born in 2012 and Alice was born in 1996.	Alice was born later than Charles.
contradiction	Louis was born in 2008 and Jason was born in 2003.	Jason was born later than Louis.
contradiction	Kate was born in 2012 and Maria was born in 2007.	Maria was born later than Kate.
contradiction	Susan was born in 1996 and Ann was born in 1992.	Ann was born later than Susan.
contradiction	Caroline was born in 2010 and Katie was born in 1998.	Katie was born later than Caroline.
contradiction	Jimmy was born in 2001 and Lauren was born in 1999.	Lauren was born later than Jimmy.
contradiction	Judy was born in 2005 and Eleanor was born in 1998.	Eleanor was born later than Judy.
contradiction	Harriet was born in 2019 and Stephen was born in 2013.	Stephen was born later than Harriet.
contradiction	Michael was born in 2005 and John was born in 1990.	John was born later than Michael.
contradiction	John was born in 2009 and Jonathan was born in 1999.	Jonathan was born later than John.
contradiction	Edward was born in 2003 and Alexander was born in 1994.	Alexander was born later than Edward.
contradiction	Michelle was born in 2020 and Charles was born in 2019.	Charles was born later than Michelle.
contradiction	Patrick was born in 2003 and Sandra was born in 2002.	Sandra was born later than Patrick.
contradiction	Eric was born in 2002 and Philip was born in 1994.	Philip was born later than Eric.
contradiction	Hugh was born in 2016 and Anthony was born in 1996.	Anthony was born later than Hugh.
contradiction	Stephen was born in 2008 and Andrea was born in 1993.	Andrea was born later than Stephen.
contradiction	Tony was born in 2000 and Jack was born in 1991.	Jack was born later than Tony.
contradiction	Virginia was born in 1996 and Kim was born in 1990.	Kim was born later than Virginia.
contradiction	Jennifer was born in 2011 and Victoria was born in 1992.	Victoria was born later than Jennifer.
contradiction	Ian was born in 1993 and Suzanne was born in 1990.	Suzanne was born later than Ian.
contradiction	Tom was born in 2012 and Heather was born in 1990.	Heather was born later than Tom.
contradiction	Amanda was born in 2001 and Janet was born in 1997.	Janet was born later than Amanda.
contradiction	Alexandra was born in 1995 and Deborah was born in 1992.	Deborah was born later than Alexandra.
contradiction	Julie was born in 1992 and Nancy was born in 1991.	Nancy was born later than Julie.
contradiction	Alice was born in 2005 and Thomas was born in 2000.	Thomas was born later than Alice.
contradiction	Jonathan was born in 1997 and Louis was born in 1996.	Louis was born later than Jonathan.
contradiction	Fiona was born in 2005 and Sarah was born in 2003.	Sarah was born later than Fiona.
contradiction	Anthony was born in 1995 and Hugh was born in 1992.	Hugh was born later than Anthony.
contradiction	Paul was born in 2002 and Alan was born in 1995.	Alan was born later than Paul.
contradiction	Dan was born in 2008 and Alexandra was born in 1992.	Alexandra was born later than Dan.
contradiction	Jimmy was born in 2004 and Jill was born in 2000.	Jill was born later than Jimmy.
contradiction	Jessica was born in 2002 and Eleanor was born in 1993.	Eleanor was born later than Jessica.
contradiction	Kelly was born in 2002 and Alan was born in 1992.	Alan was born later than Kelly.
contradiction	Charlotte was born in 2017 and Bill was born in 2001.	Bill was born later than Charlotte.
contradiction	Pamela was born in 2013 and Eleanor was born in 2007.	Eleanor was born later than Pamela.
contradiction	Robin was born in 1999 and Edward was born in 1996.	Edward was born later than Robin.
contradiction	Steven was born in 1995 and Joe was born in 1991.	Joe was born later than Steven.
contradiction	Gary was born in 1998 and Barbara was born in 1995.	Barbara was born later than Gary.
contradiction	Gary was born in 2006 and Frank was born in 2001.	Frank was born later than Gary.
contradiction	Benjamin was born in 2000 and Rachel was born in 1997.	Rachel was born later than Benjamin.
contradiction	Lisa was born in 2020 and Tim was born in 1996.	Tim was born later than Lisa.
contradiction	Nicole was born in 2003 and Caroline was born in 1993.	Caroline was born later than Nicole.
contradiction	Ian was born in 1997 and Joseph was born in 1995.	Joseph was born later than Ian.
contradiction	Tim was born in 2004 and Andrew was born in 1994.	Andrew was born later than Tim.
contradiction	Jason was born in 1994 and Bill was born in 1991.	Bill was born later than Jason.
contradiction	Albert was born in 2010 and Scott was born in 2009.	Scott was born later than Albert.
contradiction	Edwin was born in 1992 and Sandra was born in 1990.	Sandra was born later than Edwin.
contradiction	Deborah was born in 1999 and Alfred was born in 1998.	Alfred was born later than Deborah.
contradiction	Harriet was born in 1998 and Michael was born in 1991.	Michael was born later than Harriet.
contradiction	Bruce was born in 1995 and Marilyn was born in 1994.	Marilyn was born later than Bruce.
contradiction	Julie was born in 2000 and Henry was born in 1998.	Henry was born later than Julie.
contradiction	Bobby was born in 2014 and Jack was born in 2007.	Jack was born later than Bobby.
contradiction	Jonathan was born in 1994 and Emily was born in 1992.	Emily was born later than Jonathan.
contradiction	Sally was born in 2003 and Nicole was born in 1998.	Nicole was born later than Sally.
contradiction	Carolyn was born in 1999 and Annie was born in 1994.	Annie was born later than Carolyn.
contradiction	Bill was born in 2018 and Martin was born in 2002.	Martin was born later than Bill.
contradiction	Dave was born in 1998 and Fiona was born in 1993.	Fiona was born later than Dave.
contradiction	Gary was born in 2000 and Marie was born in 1991.	Marie was born later than Gary.
contradiction	Melissa was born in 1996 and Jessica was born in 1992.	Jessica was born later than Melissa.
contradiction	Amy was born in 2012 and Wendy was born in 2006.	Wendy was born later than Amy.
contradiction	Ralph was born in 2018 and Jay was born in 2003.	Jay was born later than Ralph.
contradiction	John was born in 2006 and Michelle was born in 1990.	Michelle was born later than John.
contradiction	Stephanie was born in 1995 and Katherine was born in 1991.	Katherine was born later than Stephanie.
contradiction	Thomas was born in 1997 and Ryan was born in 1991.	Ryan was born later than Thomas.
contradiction	Edward was born in 1991 and Joseph was born in 1990.	Joseph was born later than Edward.
contradiction	Kenneth was born in 1991 and Ann was born in 1990.	Ann was born later than Kenneth.
contradiction	Emma was born in 2002 and Sophie was born in 1991.	Sophie was born later than Emma.
contradiction	Philip was born in 1994 and Jerry was born in 1991.	Jerry was born later than Philip.
contradiction	Jerry was born in 1999 and Jennifer was born in 1990.	Jennifer was born later than Jerry.
contradiction	Patricia was born in 1996 and Dan was born in 1992.	Dan was born later than Patricia.
contradiction	Bob was born in 2004 and Patricia was born in 1992.	Patricia was born later than Bob.
contradiction	Sam was born in 1999 and Dick was born in 1998.	Dick was born later than Sam.
contradiction	Jean was born in 2009 and Brian was born in 1991.	Brian was born later than Jean.
contradiction	Christopher was born in 2015 and Don was born in 1995.	Don was born later than Christopher.
contradiction	Ralph was born in 1994 and Evelyn was born in 1990.	Evelyn was born later than Ralph.
contradiction	Evelyn was born in 2002 and Ann was born in 1993.	Ann was born later than Evelyn.
contradiction	Roy was born in 1991 and Martin was born in 1990.	Martin was born later than Roy.
contradiction	Eleanor was born in 2015 and Diane was born in 2011.	Diane was born later than Eleanor.
contradiction	Mary was born in 2016 and Tony was born in 2014.	Tony was born later than Mary.
contradiction	Elaine was born in 2000 and Linda was born in 1992.	Linda was born later than Elaine.
contradiction	Elaine was born in 1991 and Billy was born in 1990.	Billy was born later than Elaine.
contradiction	Ryan was born in 2016 and Bobby was born in 2006.	Bobby was born later than Ryan.
contradiction	Jay was born in 2000 and Donna was born in 1998.	Donna was born later than Jay.
contradiction	Ian was born in 1999 and Emma was born in 1991.	Emma was born later than Ian.
contradiction	Benjamin was born in 2007 and Kevin was born in 2000.	Kevin was born later than Benjamin.
contradiction	Sharon was born in 2007 and Al was born in 2003.	Al was born later than Sharon.
contradiction	Barbara was born in 2018 and Anthony was born in 2000.	Anthony was born later than Barbara.
contradiction	Christopher was born in 2006 and Patrick was born in 1992.	Patrick was born later than Christopher.
contradiction	Virginia was born in 2004 and Diane was born in 1993.	Diane was born later than Virginia.
contradiction	Andrew was born in 2012 and Susan was born in 1992.	Susan was born later than Andrew.
contradiction	Ian was born in 1997 and Claire was born in 1994.	Claire was born later than Ian.
contradiction	Christopher was born in 1992 and Diana was born in 1990.	Diana was born later than Christopher.
contradiction	Ben was born in 2018 and Robin was born in 2014.	Robin was born later than Ben.
contradiction	Marie was born in 2009 and Charlie was born in 1990.	Charlie was born later than Marie.
contradiction	Jill was born in 2004 and Emily was born in 2000.	Emily was born later than Jill.
contradiction	Joseph was born in 2005 and Pamela was born in 1990.	Pamela was born later than Joseph.
contradiction	Carol was born in 1998 and Larry was born in 1994.	Larry was born later than Carol.
contradiction	Bill was born in 2007 and Katherine was born in 1993.	Katherine was born later than Bill.
contradiction	Jane was born in 2010 and Louis was born in 1993.	Louis was born later than Jane.
contradiction	Sandra was born in 2002 and Scott was born in 1991.	Scott was born later than Sandra.
contradiction	Sara was born in 2007 and Tom was born in 1999.	Tom was born later than Sara.
contradiction	Sarah was born in 2012 and Kenneth was born in 1999.	Kenneth was born later than Sarah.
contradiction	Roger was born in 2009 and Frederick was born in 2004.	Frederick was born later than Roger.
contradiction	Jennifer was born in 1999 and Jessica was born in 1994.	Jessica was born later than Jennifer.
contradiction	Benjamin was born in 2014 and Jay was born in 2008.	Jay was born later than Benjamin.
contradiction	Emily was born in 1997 and Edith was born in 1992.	Edith was born later than Emily.
contradiction	David was born in 2018 and Eric was born in 2011.	Eric was born later than David.
contradiction	Charles was born in 2003 and Stephanie was born in 2000.	Stephanie was born later than Charles.
contradiction	Jonathan was born in 2014 and Angela was born in 1993.	Angela was born later than Jonathan.
contradiction	Michael was born in 2009 and Mike was born in 2002.	Mike was born later than Michael.
contradiction	Christopher was born in 2016 and Tony was born in 2002.	Tony was born later than Christopher.
contradiction	Ben was born in 2008 and Andrew was born in 2002.	Andrew was born later than Ben.
contradiction	Carol was born in 2019 and Eric was born in 2005.	Eric was born later than Carol.
contradiction	Ralph was born in 1992 and Maria was born in 1990.	Maria was born later than Ralph.
contradiction	Sophie was born in 1996 and Leslie was born in 1993.	Leslie was born later than Sophie.
contradiction	Dick was born in 2002 and Martin was born in 2000.	Martin was born later than Dick.
contradiction	Ian was born in 2013 and Steve was born in 1993.	Steve was born later than Ian.
contradiction	Louis was born in 2016 and Benjamin was born in 2002.	Benjamin was born later than Louis.
contradiction	Lauren was born in 1996 and Peter was born in 1991.	Peter was born later than Lauren.
contradiction	Lawrence was born in 1997 and Anne was born in 1990.	Anne was born later than Lawrence.
contradiction	Linda was born in 2010 and Al was born in 1996.	Al was born later than Linda.
contradiction	Matthew was born in 2000 and Judith was born in 1991.	Judith was born later than Matthew.
contradiction	Mark was born in 1998 and Jeff was born in 1993.	Jeff was born later than Mark.
contradiction	Jimmy was born in 2006 and Greg was born in 1996.	Greg was born later than Jimmy.
contradiction	Roy was born in 2000 and Dorothy was born in 1999.	Dorothy was born later than Roy.
contradiction	Bob was born in 2014 and Mary was born in 1995.	Mary was born later than Bob.
contradiction	Scott was born in 2017 and Steven was born in 2004.	Steven was born later than Scott.
contradiction	Ed was born in 2011 and Jennifer was born in 2000.	Jennifer was born later than Ed.
contradiction	Steve was born in 2016 and Diane was born in 2010.	Diane was born later than Steve.
contradiction	Jay was born in 2014 and Scott was born in 2000.	Scott was born later than Jay.
contradiction	Amy was born in 1991 and Anna was born in 1990.	Anna was born later than Amy.
contradiction	Julie was born in 1997 and Sue was born in 1991.	Sue was born later than Julie.
contradiction	Anthony was born in 2010 and Frederick was born in 2000.	Frederick was born later than Anthony.
contradiction	Bob was born in 1993 and Jimmy was born in 1992.	Jimmy was born later than Bob.
contradiction	Lauren was born in 2003 and Al was born in 2002.	Al was born later than Lauren.
contradiction	Frances was born in 2009 and Sally was born in 2007.	Sally was born later than Frances.
contradiction	Kelly was born in 2014 and Bruce was born in 1991.	Bruce was born later than Kelly.
contradiction	Anthony was born in 2011 and Lawrence was born in 1990.	Lawrence was born later than Anthony.
contradiction	Stephanie was born in 2017 and Sam was born in 1998.	Sam was born later than Stephanie.
contradiction	Roy was born in 2006 and Carol was born in 1992.	Carol was born later than Roy.
contradiction	Deborah was born in 2008 and Tim was born in 1998.	Tim was born later than Deborah.
contradiction	Betty was born in 1992 and John was born in 1990.	John was born later than Betty.
contradiction	Amy was born in 2003 and Matthew was born in 1992.	Matthew was born later than Amy.
contradiction	Eleanor was born in 2003 and Albert was born in 1993.	Albert was born later than Eleanor.
contradiction	Heather was born in 2007 and Frederick was born in 1994.	Frederick was born later than Heather.
contradiction	Ian was born in 2017 and Amanda was born in 2007.	Amanda was born later than Ian.
contradiction	Don was born in 2004 and Evelyn was born in 1993.	Evelyn was born later than Don.
contradiction	Edward was born in 2003 and Leslie was born in 1999.	Leslie was born later than Edward.
contradiction	Chris was born in 2015 and Anna was born in 2013.	Anna was born later than Chris.
contradiction	Pamela was born in 2016 and Roger was born in 1994.	Roger was born later than Pamela.
contradiction	Martha was born in 2020 and Claire was born in 1992.	Claire was born later than Martha.
contradiction	Keith was born in 1995 and Louis was born in 1990.	Louis was born later than Keith.
contradiction	Harriet was born in 2018 and Mary was born in 2015.	Mary was born later than Harriet.
contradiction	Matthew was born in 2008 and Leslie was born in 1995.	Leslie was born later than Matthew.
contradiction	Elizabeth was born in 2019 and Frederick was born in 2002.	Frederick was born later than Elizabeth.
contradiction	Ashley was born in 1996 and Carolyn was born in 1990.	Carolyn was born later than Ashley.
contradiction	Emma was born in 2015 and Adam was born in 1992.	Adam was born later than Emma.
contradiction	Sarah was born in 2014 and Donna was born in 1998.	Donna was born later than Sarah.
contradiction	Andrea was born in 2003 and Diane was born in 1991.	Diane was born later than Andrea.
contradiction	Al was born in 2000 and Richard was born in 1993.	Richard was born later than Al.
contradiction	Joseph was born in 2001 and Sarah was born in 1998.	Sarah was born later than Joseph.
contradiction	Charlie was born in 2020 and Peter was born in 2000.	Peter was born later than Charlie.
contradiction	Peter was born in 2003 and Laura was born in 1991.	Laura was born later than Peter.
contradiction	Sarah was born in 2017 and Maria was born in 2002.	Maria was born later than Sarah.
contradiction	Sally was born in 1991 and Jim was born in 1990.	Jim was born later than Sally.
contradiction	Dorothy was born in 2008 and Sandra was born in 2007.	Sandra was born later than Dorothy.
contradiction	Victoria was born in 1993 and Albert was born in 1991.	Albert was born later than Victoria.
contradiction	Lisa was born in 2018 and Kathy was born in 2000.	Kathy was born later than Lisa.
contradiction	Kathy was born in 2007 and Howard was born in 1999.	Howard was born later than Kathy.
contradiction	Kathryn was born in 2020 and Katherine was born in 2006.	Katherine was born later than Kathryn.
contradiction	Martin was born in 1998 and Ashley was born in 1992.	Ashley was born later than Martin.
contradiction	Anne was born in 2008 and Frances was born in 2007.	Frances was born later than Anne.
contradiction	Victoria was born in 1991 and Ruth was born in 1990.	Ruth was born later than Victoria.
contradiction	Kelly was born in 1991 and Julia was born in 1990.	Julia was born later than Kelly.
contradiction	Jill was born in 2005 and Richard was born in 1996.	Richard was born later than Jill.
contradiction	Ron was born in 1992 and Albert was born in 1990.	Albert was born later than Ron.
contradiction	Kevin was born in 2017 and Larry was born in 2016.	Larry was born later than Kevin.
contradiction	Emily was born in 2004 and Karen was born in 2001.	Karen was born later than Emily.
contradiction	Jerry was born in 2010 and Robert was born in 2008.	Robert was born later than Jerry.
contradiction	Lisa was born in 2013 and Joan was born in 1991.	Joan was born later than Lisa.
contradiction	Fiona was born in 1996 and Alexandra was born in 1994.	Alexandra was born later than Fiona.
contradiction	Margaret was born in 2013 and Howard was born in 2007.	Howard was born later than Margaret.
contradiction	Heather was born in 1999 and Paul was born in 1994.	Paul was born later than Heather.
contradiction	Kathy was born in 2001 and Katherine was born in 1992.	Katherine was born later than Kathy.
contradiction	Alison was born in 2004 and Jill was born in 1995.	Jill was born later than Alison.
contradiction	Sarah was born in 2000 and Harry was born in 1993.	Harry was born later than Sarah.
contradiction	Robin was born in 2010 and Evelyn was born in 2005.	Evelyn was born later than Robin.
contradiction	Michael was born in 2010 and Scott was born in 2002.	Scott was born later than Michael.
contradiction	Frederick was born in 2019 and Andrea was born in 1994.	Andrea was born later than Frederick.
contradiction	Rose was born in 2014 and Alfred was born in 2010.	Alfred was born later than Rose.
contradiction	Kate was born in 1994 and Mary was born in 1992.	Mary was born later than Kate.
contradiction	Bob was born in 2006 and Jimmy was born in 2002.	Jimmy was born later than Bob.
contradiction	Henry was born in 2018 and Billy was born in 2011.	Billy was born later than Henry.
contradiction	Fred was born in 1994 and Alan was born in 1990.	Alan was born later than Fred.
contradiction	Sally was born in 2013 and Al was born in 2005.	Al was born later than Sally.
contradiction	Maria was born in 2007 and Victoria was born in 1993.	Victoria was born later than Maria.
contradiction	Alex was born in 1997 and Martin was born in 1993.	Martin was born later than Alex.
contradiction	Harold was born in 2005 and Mary was born in 1998.	Mary was born later than Harold.
contradiction	Patricia was born in 2007 and Leslie was born in 2003.	Leslie was born later than Patricia.
contradiction	Alan was born in 2011 and Bobby was born in 2004.	Bobby was born later than Alan.
contradiction	Benjamin was born in 1998 and Julia was born in 1992.	Julia was born later than Benjamin.
contradiction	Laura was born in 1998 and Angela was born in 1994.	Angela was born later than Laura.
contradiction	Kathy was born in 1996 and Carol was born in 1994.	Carol was born later than Kathy.
contradiction	Lauren was born in 2012 and Brian was born in 1998.	Brian was born later than Lauren.
contradiction	Jessica was born in 1992 and Nick was born in 1991.	Nick was born later than Jessica.
contradiction	Kim was born in 1995 and Sue was born in 1992.	Sue was born later than Kim.
contradiction	Bruce was born in 1994 and Steven was born in 1992.	Steven was born later than Bruce.
contradiction	Tim was born in 2011 and Anne was born in 2001.	Anne was born later than Tim.
contradiction	Alison was born in 2009 and Carl was born in 2003.	Carl was born later than Alison.
contradiction	Virginia was born in 2012 and Alan was born in 2009.	Alan was born later than Virginia.
contradiction	Marie was born in 1997 and Patrick was born in 1996.	Patrick was born later than Marie.
contradiction	Eleanor was born in 1991 and Grace was born in 1990.	Grace was born later than Eleanor.
contradiction	Ron was born in 2015 and Harriet was born in 2012.	Harriet was born later than Ron.
contradiction	Elizabeth was born in 2009 and Lauren was born in 2001.	Lauren was born later than Elizabeth.
contradiction	Sandra was born in 2002 and Kathy was born in 2000.	Kathy was born later than Sandra.
contradiction	Dorothy was born in 2017 and Carl was born in 2014.	Carl was born later than Dorothy.
contradiction	Thomas was born in 2006 and Emma was born in 1995.	Emma was born later than Thomas.
contradiction	Judith was born in 2010 and Henry was born in 1995.	Henry was born later than Judith.
contradiction	Gary was born in 1995 and Ron was born in 1992.	Ron was born later than Gary.
contradiction	Bob was born in 1995 and Bill was born in 1993.	Bill was born later than Bob.
contradiction	Lynn was born in 1991 and Jim was born in 1990.	Jim was born later than Lynn.
contradiction	Margaret was born in 2007 and Edward was born in 1990.	Edward was born later than Margaret.
contradiction	Mary was born in 2002 and Sam was born in 2001.	Sam was born later than Mary.
contradiction	Alan was born in 1999 and Colin was born in 1993.	Colin was born later than Alan.
contradiction	Martha was born in 1992 and Paul was born in 1991.	Paul was born later than Martha.
contradiction	Ann was born in 1997 and Kathryn was born in 1994.	Kathryn was born later than Ann.
contradiction	Harold was born in 2007 and Pamela was born in 1995.	Pamela was born later than Harold.
contradiction	Arthur was born in 1996 and Sally was born in 1994.	Sally was born later than Arthur.
contradiction	Ruth was born in 2012 and Kim was born in 2003.	Kim was born later than Ruth.
contradiction	Al was born in 2013 and David was born in 2008.	David was born later than Al.
contradiction	Judith was born in 2009 and Michelle was born in 1993.	Michelle was born later than Judith.
contradiction	Eric was born in 2016 and Karen was born in 1996.	Karen was born later than Eric.
contradiction	Sandra was born in 1993 and Julie was born in 1992.	Julie was born later than Sandra.
contradiction	Janet was born in 2001 and Lisa was born in 1995.	Lisa was born later than Janet.
contradiction	Jessica was born in 2011 and Julie was born in 2004.	Julie was born later than Jessica.
contradiction	Sharon was born in 1998 and Philip was born in 1991.	Philip was born later than Sharon.
contradiction	Sharon was born in 1993 and Edward was born in 1991.	Edward was born later than Sharon.
contradiction	Judy was born in 1993 and Paul was born in 1992.	Paul was born later than Judy.
contradiction	Dan was born in 2009 and Kathleen was born in 2006.	Kathleen was born later than Dan.
contradiction	Andrew was born in 1993 and Dick was born in 1990.	Dick was born later than Andrew.
contradiction	Lauren was born in 2015 and Nick was born in 2007.	Nick was born later than Lauren.
contradiction	Tom was born in 1991 and Alice was born in 1990.	Alice was born later than Tom.
contradiction	Caroline was born in 2003 and Julie was born in 2001.	Julie was born later than Caroline.
contradiction	George was born in 2010 and Dave was born in 2006.	Dave was born later than George.
contradiction	Billy was born in 1994 and Suzanne was born in 1991.	Suzanne was born later than Billy.
contradiction	Kelly was born in 1991 and Lawrence was born in 1990.	Lawrence was born later than Kelly.
contradiction	Kate was born in 2008 and Patrick was born in 2007.	Patrick was born later than Kate.
contradiction	Sam was born in 2010 and Al was born in 2004.	Al was born later than Sam.
contradiction	Julia was born in 1991 and Dave was born in 1990.	Dave was born later than Julia.
contradiction	Sam was born in 2008 and Jessica was born in 1997.	Jessica was born later than Sam.
contradiction	Samuel was born in 2016 and Emily was born in 2013.	Emily was born later than Samuel.
contradiction	Catherine was born in 2007 and Kevin was born in 2003.	Kevin was born later than Catherine.
contradiction	Rebecca was born in 2016 and Louis was born in 2015.	Louis was born later than Rebecca.
contradiction	Keith was born in 2006 and Marilyn was born in 1999.	Marilyn was born later than Keith.
contradiction	Marie was born in 1994 and Peter was born in 1991.	Peter was born later than Marie.
contradiction	Carol was born in 2004 and Christopher was born in 2003.	Christopher was born later than Carol.
contradiction	Ralph was born in 2018 and Lynn was born in 2002.	Lynn was born later than Ralph.
contradiction	Florence was born in 2018 and Victoria was born in 1999.	Victoria was born later than Florence.
contradiction	Jill was born in 2008 and Harry was born in 1997.	Harry was born later than Jill.
contradiction	Anna was born in 1997 and Helen was born in 1994.	Helen was born later than Anna.
contradiction	Ian was born in 2009 and Dave was born in 1992.	Dave was born later than Ian.
contradiction	Frederick was born in 1997 and Angela was born in 1995.	Angela was born later than Frederick.
contradiction	Lynn was born in 2004 and Sue was born in 1991.	Sue was born later than Lynn.
contradiction	Mary was born in 2009 and Alex was born in 2001.	Alex was born later than Mary.
contradiction	Thomas was born in 2001 and Lucy was born in 1996.	Lucy was born later than Thomas.
contradiction	Diane was born in 2020 and Samuel was born in 2008.	Samuel was born later than Diane.
contradiction	Carolyn was born in 2016 and Ben was born in 2003.	Ben was born later than Carolyn.
contradiction	Scott was born in 2010 and Leslie was born in 2003.	Leslie was born later than Scott.
contradiction	Mike was born in 2016 and Alfred was born in 1999.	Alfred was born later than Mike.
contradiction	Harriet was born in 2019 and Katherine was born in 2001.	Katherine was born later than Harriet.
contradiction	Ray was born in 1998 and Angela was born in 1997.	Angela was born later than Ray.
contradiction	Nicole was born in 2004 and Ashley was born in 2002.	Ashley was born later than Nicole.
contradiction	Alex was born in 2002 and Marie was born in 1996.	Marie was born later than Alex.
contradiction	Mark was born in 1995 and Kathryn was born in 1993.	Kathryn was born later than Mark.
contradiction	Diana was born in 2007 and Harold was born in 1990.	Harold was born later than Diana.
contradiction	Andrew was born in 2016 and Virginia was born in 1997.	Virginia was born later than Andrew.
contradiction	Peter was born in 1996 and Francis was born in 1994.	Francis was born later than Peter.
contradiction	Jason was born in 2004 and Simon was born in 2001.	Simon was born later than Jason.
contradiction	Charles was born in 1991 and Ashley was born in 1990.	Ashley was born later than Charles.
contradiction	Rachel was born in 1993 and Caroline was born in 1991.	Caroline was born later than Rachel.
contradiction	Henry was born in 2013 and Nancy was born in 2003.	Nancy was born later than Henry.
contradiction	Julie was born in 2011 and Lynn was born in 2007.	Lynn was born later than Julie.
contradiction	Elizabeth was born in 2019 and Barbara was born in 1997.	Barbara was born later than Elizabeth.
contradiction	Jane was born in 2020 and Harriet was born in 2003.	Harriet was born later than Jane.
contradiction	Laura was born in 2012 and Tom was born in 1999.	Tom was born later than Laura.
contradiction	Anthony was born in 2007 and Sophie was born in 2005.	Sophie was born later than Anthony.
contradiction	Martha was born in 2016 and Ed was born in 1994.	Ed was born later than Martha.
contradiction	John was born in 2009 and Kathryn was born in 2004.	Kathryn was born later than John.
contradiction	Katherine was born in 1996 and Alan was born in 1995.	Alan was born later than Katherine.
contradiction	Jennifer was born in 2015 and Jerry was born in 1998.	Jerry was born later than Jennifer.
contradiction	Sandra was born in 1999 and Fiona was born in 1997.	Fiona was born later than Sandra.
contradiction	Lisa was born in 2001 and Edith was born in 1997.	Edith was born later than Lisa.
contradiction	Gary was born in 1993 and Roy was born in 1990.	Roy was born later than Gary.
contradiction	Gary was born in 1999 and Ron was born in 1994.	Ron was born later than Gary.
contradiction	Johnny was born in 1996 and Janet was born in 1995.	Janet was born later than Johnny.
contradiction	Paul was born in 1996 and Harriet was born in 1994.	Harriet was born later than Paul.
contradiction	Tom was born in 2018 and Stephanie was born in 2000.	Stephanie was born later than Tom.
contradiction	Bruce was born in 2019 and Rebecca was born in 2015.	Rebecca was born later than Bruce.
contradiction	Grace was born in 2010 and Heather was born in 1991.	Heather was born later than Grace.
contradiction	Virginia was born in 2003 and Ann was born in 2001.	Ann was born later than Virginia.
contradiction	Johnny was born in 2004 and Ann was born in 1997.	Ann was born later than Johnny.
contradiction	Alexandra was born in 2018 and Peter was born in 1995.	Peter was born later than Alexandra.
contradiction	Dave was born in 2000 and Rachel was born in 1998.	Rachel was born later than Dave.
contradiction	Dick was born in 2017 and Dorothy was born in 2013.	Dorothy was born later than Dick.
contradiction	Albert was born in 1992 and Rebecca was born in 1991.	Rebecca was born later than Albert.
contradiction	Tom was born in 2002 and Walter was born in 2001.	Walter was born later than Tom.
contradiction	Tony was born in 2012 and Dorothy was born in 2005.	Dorothy was born later than Tony.
contradiction	Donald was born in 2000 and Wendy was born in 1997.	Wendy was born later than Donald.
contradiction	Bobby was born in 2011 and Ken was born in 1995.	Ken was born later than Bobby.
contradiction	Judith was born in 2013 and Alison was born in 2003.	Alison was born later than Judith.
contradiction	Marie was born in 2018 and James was born in 2017.	James was born later than Marie.
contradiction	Amanda was born in 1994 and Sue was born in 1992.	Sue was born later than Amanda.
contradiction	Howard was born in 1993 and Katie was born in 1991.	Katie was born later than Howard.
contradiction	Bruce was born in 1996 and Daniel was born in 1991.	Daniel was born later than Bruce.
contradiction	Arthur was born in 2016 and Ben was born in 2015.	Ben was born later than Arthur.
contradiction	Florence was born in 2000 and Leslie was born in 1995.	Leslie was born later than Florence.
contradiction	Robert was born in 1998 and Arthur was born in 1994.	Arthur was born later than Robert.
contradiction	Fiona was born in 1998 and James was born in 1993.	James was born later than Fiona.
contradiction	Eleanor was born in 2016 and Harry was born in 1998.	Harry was born later than Eleanor.
contradiction	Kate was born in 2011 and Ann was born in 2002.	Ann was born later than Kate.
contradiction	Stephen was born in 2005 and Kenneth was born in 2003.	Kenneth was born later than Stephen.
contradiction	Jennifer was born in 2009 and George was born in 1994.	George was born later than Jennifer.
contradiction	Harry was born in 2005 and Margaret was born in 1999.	Margaret was born later than Harry.
contradiction	Bobby was born in 2011 and Scott was born in 1997.	Scott was born later than Bobby.
contradiction	Stephen was born in 2018 and Victoria was born in 1990.	Victoria was born later than Stephen.
contradiction	Sophie was born in 2002 and Dick was born in 1992.	Dick was born later than Sophie.
contradiction	Claire was born in 1998 and Jerry was born in 1993.	Jerry was born later than Claire.
contradiction	Samuel was born in 2017 and Walter was born in 1990.	Walter was born later than Samuel.
contradiction	Sophie was born in 1997 and Dave was born in 1996.	Dave was born later than Sophie.
contradiction	Emily was born in 1997 and Virginia was born in 1994.	Virginia was born later than Emily.
contradiction	Jack was born in 2010 and Suzanne was born in 2008.	Suzanne was born later than Jack.
contradiction	Carol was born in 1991 and Diane was born in 1990.	Diane was born later than Carol.
contradiction	Benjamin was born in 2009 and Janet was born in 2007.	Janet was born later than Benjamin.
contradiction	Kathleen was born in 2020 and Claire was born in 1995.	Claire was born later than Kathleen.
contradiction	Ian was born in 2010 and Anthony was born in 2006.	Anthony was born later than Ian.
contradiction	Alexandra was born in 2003 and Ray was born in 1992.	Ray was born later than Alexandra.
contradiction	Julia was born in 2003 and Claire was born in 2001.	Claire was born later than Julia.
contradiction	Benjamin was born in 2014 and Donald was born in 1999.	Donald was born later than Benjamin.
contradiction	Alexandra was born in 2004 and David was born in 1998.	David was born later than Alexandra.
contradiction	Johnny was born in 2019 and Kevin was born in 2008.	Kevin was born later than Johnny.
contradiction	Betty was born in 1992 and Deborah was born in 1991.	Deborah was born later than Betty.
contradiction	Alan was born in 2002 and Emma was born in 1992.	Emma was born later than Alan.
contradiction	Helen was born in 2019 and Harriet was born in 1993.	Harriet was born later than Helen.
contradiction	Chris was born in 2004 and Maria was born in 2001.	Maria was born later than Chris.
contradiction	Barbara was born in 1997 and Lucy was born in 1990.	Lucy was born later than Barbara.
contradiction	Alison was born in 2012 and Ralph was born in 2001.	Ralph was born later than Alison.
contradiction	Sandra was born in 2012 and Martin was born in 2009.	Martin was born later than Sandra.
contradiction	Jimmy was born in 2020 and Lauren was born in 1994.	Lauren was born later than Jimmy.
contradiction	Edward was born in 2010 and Daniel was born in 2003.	Daniel was born later than Edward.
contradiction	Sarah was born in 2010 and Amy was born in 2007.	Amy was born later than Sarah.
contradiction	Judith was born in 2012 and Jeff was born in 1992.	Jeff was born later than Judith.
contradiction	Donna was born in 1997 and Henry was born in 1991.	Henry was born later than Donna.
contradiction	Kathleen was born in 2006 and Louis was born in 1998.	Louis was born later than Kathleen.
contradiction	Caroline was born in 2017 and John was born in 2003.	John was born later than Caroline.
contradiction	Anthony was born in 2005 and Kelly was born in 1992.	Kelly was born later than Anthony.
contradiction	Alexander was born in 2010 and Linda was born in 1999.	Linda was born later than Alexander.
contradiction	Alice was born in 2012 and William was born in 2007.	William was born later than Alice.
contradiction	Paul was born in 2020 and Scott was born in 2005.	Scott was born later than Paul.
contradiction	Jennifer was born in 2017 and Jane was born in 1999.	Jane was born later than Jennifer.
contradiction	Benjamin was born in 2015 and Ralph was born in 1996.	Ralph was born later than Benjamin.
contradiction	Edith was born in 1993 and Janet was born in 1991.	Janet was born later than Edith.
contradiction	Carl was born in 2013 and Marilyn was born in 2007.	Marilyn was born later than Carl.
contradiction	Paul was born in 2002 and Roy was born in 1999.	Roy was born later than Paul.
contradiction	Kelly was born in 2006 and Annie was born in 1996.	Annie was born later than Kelly.
contradiction	Louise was born in 2017 and Frances was born in 1992.	Frances was born later than Louise.
contradiction	Mary was born in 1993 and Mike was born in 1991.	Mike was born later than Mary.
contradiction	Alexander was born in 2016 and Evelyn was born in 2000.	Evelyn was born later than Alexander.
contradiction	Diana was born in 2006 and Patricia was born in 1996.	Patricia was born later than Diana.
contradiction	Robin was born in 2000 and Elaine was born in 1992.	Elaine was born later than Robin.
contradiction	Patricia was born in 2000 and Heather was born in 1994.	Heather was born later than Patricia.
contradiction	Elaine was born in 2013 and Carol was born in 1998.	Carol was born later than Elaine.
contradiction	Alison was born in 2002 and Alfred was born in 1995.	Alfred was born later than Alison.
contradiction	Carol was born in 1998 and Daniel was born in 1997.	Daniel was born later than Carol.
contradiction	James was born in 2006 and Ashley was born in 1993.	Ashley was born later than James.
contradiction	Jay was born in 1996 and Frederick was born in 1992.	Frederick was born later than Jay.
contradiction	Frederick was born in 2004 and George was born in 1998.	George was born later than Frederick.
contradiction	Keith was born in 2009 and Catherine was born in 2006.	Catherine was born later than Keith.
contradiction	Greg was born in 2003 and Joan was born in 2000.	Joan was born later than Greg.
contradiction	Edith was born in 2009 and Anna was born in 1997.	Anna was born later than Edith.
contradiction	Alice was born in 2000 and Chris was born in 1992.	Chris was born later than Alice.
contradiction	Jennifer was born in 2015 and Marie was born in 2000.	Marie was born later than Jennifer.
contradiction	Francis was born in 2001 and Howard was born in 1998.	Howard was born later than Francis.
contradiction	Alex was born in 2004 and Charlotte was born in 1997.	Charlotte was born later than Alex.
contradiction	Ruth was born in 1993 and Laura was born in 1991.	Laura was born later than Ruth.
contradiction	Jane was born in 2017 and Janet was born in 1991.	Janet was born later than Jane.
contradiction	Benjamin was born in 2014 and Henry was born in 2000.	Henry was born later than Benjamin.
contradiction	Fiona was born in 1996 and David was born in 1990.	David was born later than Fiona.
contradiction	Dan was born in 2020 and Dick was born in 1998.	Dick was born later than Dan.
contradiction	Edward was born in 2014 and Margaret was born in 2009.	Margaret was born later than Edward.
contradiction	Gary was born in 1999 and Ralph was born in 1991.	Ralph was born later than Gary.
contradiction	Sophie was born in 2013 and Peter was born in 1991.	Peter was born later than Sophie.
contradiction	Florence was born in 2006 and Scott was born in 2004.	Scott was born later than Florence.
contradiction	Dave was born in 2007 and Jeff was born in 2003.	Jeff was born later than Dave.
contradiction	Dave was born in 1991 and Annie was born in 1990.	Annie was born later than Dave.
contradiction	Jonathan was born in 1999 and Dick was born in 1990.	Dick was born later than Jonathan.
contradiction	Richard was born in 2014 and Ruth was born in 1993.	Ruth was born later than Richard.
contradiction	Charlie was born in 1992 and Judy was born in 1991.	Judy was born later than Charlie.
contradiction	Ryan was born in 2003 and Peter was born in 1997.	Peter was born later than Ryan.
contradiction	Charlotte was born in 2017 and Harold was born in 2001.	Harold was born later than Charlotte.
contradiction	Donna was born in 1998 and William was born in 1991.	William was born later than Donna.
contradiction	Bobby was born in 2006 and Larry was born in 1996.	Larry was born later than Bobby.
contradiction	Angela was born in 2009 and Peter was born in 1996.	Peter was born later than Angela.
contradiction	Dorothy was born in 2011 and Scott was born in 2005.	Scott was born later than Dorothy.
contradiction	Edith was born in 2011 and Lynn was born in 1999.	Lynn was born later than Edith.
contradiction	Robin was born in 2009 and Kim was born in 1990.	Kim was born later than Robin.
contradiction	Billy was born in 2008 and Dick was born in 1992.	Dick was born later than Billy.
contradiction	Dave was born in 2010 and Roger was born in 2003.	Roger was born later than Dave.
contradiction	Harry was born in 1992 and Keith was born in 1991.	Keith was born later than Harry.
contradiction	Sally was born in 1995 and Louis was born in 1994.	Louis was born later than Sally.
contradiction	Sandra was born in 2005 and Matt was born in 2002.	Matt was born later than Sandra.
contradiction	James was born in 2006 and Roger was born in 2000.	Roger was born later than James.
contradiction	Cynthia was born in 2000 and Mary was born in 1994.	Mary was born later than Cynthia.
contradiction	Katherine was born in 2009 and Jack was born in 2006.	Jack was born later than Katherine.
contradiction	Sue was born in 2017 and Susan was born in 1990.	Susan was born later than Sue.
contradiction	Daniel was born in 1996 and Wendy was born in 1992.	Wendy was born later than Daniel.
contradiction	Jay was born in 2006 and Victoria was born in 1991.	Victoria was born later than Jay.
contradiction	David was born in 1993 and Kathy was born in 1990.	Kathy was born later than David.
contradiction	Larry was born in 2016 and Grace was born in 1992.	Grace was born later than Larry.
contradiction	Nicole was born in 2013 and Angela was born in 1992.	Angela was born later than Nicole.
contradiction	Jean was born in 1991 and Emma was born in 1990.	Emma was born later than Jean.
contradiction	Sandra was born in 1999 and Tony was born in 1990.	Tony was born later than Sandra.
contradiction	Carl was born in 2006 and Dick was born in 1997.	Dick was born later than Carl.
contradiction	Michael was born in 1996 and Judy was born in 1991.	Judy was born later than Michael.
contradiction	Frank was born in 2003 and Bob was born in 2000.	Bob was born later than Frank.
contradiction	Ralph was born in 2019 and Henry was born in 1990.	Henry was born later than Ralph.
contradiction	Lisa was born in 2006 and Charles was born in 1996.	Charles was born later than Lisa.
contradiction	Dick was born in 2000 and Florence was born in 1998.	Florence was born later than Dick.
contradiction	James was born in 1999 and Nick was born in 1996.	Nick was born later than James.
contradiction	Katherine was born in 1999 and Andrea was born in 1995.	Andrea was born later than Katherine.
contradiction	Steve was born in 2015 and Billy was born in 2012.	Billy was born later than Steve.
contradiction	Karen was born in 2004 and Caroline was born in 1996.	Caroline was born later than Karen.
contradiction	Henry was born in 1994 and Fred was born in 1992.	Fred was born later than Henry.
contradiction	Catherine was born in 2003 and Wendy was born in 2002.	Wendy was born later than Catherine.
contradiction	Richard was born in 2017 and Ken was born in 2011.	Ken was born later than Richard.
contradiction	Andrea was born in 2016 and Lawrence was born in 2013.	Lawrence was born later than Andrea.
contradiction	Alexandra was born in 1996 and Walter was born in 1993.	Walter was born later than Alexandra.
contradiction	Frank was born in 2011 and Victoria was born in 1992.	Victoria was born later than Frank.
contradiction	Bill was born in 2006 and Tom was born in 1992.	Tom was born later than Bill.
contradiction	Larry was born in 2004 and Peter was born in 1996.	Peter was born later than Larry.
contradiction	Anne was born in 2008 and Heather was born in 2000.	Heather was born later than Anne.
contradiction	Keith was born in 1991 and Lynn was born in 1990.	Lynn was born later than Keith.
contradiction	Lynn was born in 1999 and Edwin was born in 1993.	Edwin was born later than Lynn.
contradiction	Arthur was born in 1993 and Carol was born in 1991.	Carol was born later than Arthur.
contradiction	Charlie was born in 2018 and Emily was born in 2006.	Emily was born later than Charlie.
contradiction	Lawrence was born in 2009 and Betty was born in 1993.	Betty was born later than Lawrence.
contradiction	Frances was born in 2018 and Evelyn was born in 1992.	Evelyn was born later than Frances.
contradiction	Francis was born in 2018 and Patrick was born in 1995.	Patrick was born later than Francis.
contradiction	Simon was born in 2000 and Alfred was born in 1994.	Alfred was born later than Simon.
contradiction	Harold was born in 1996 and Lauren was born in 1994.	Lauren was born later than Harold.
contradiction	Bill was born in 1991 and Virginia was born in 1990.	Virginia was born later than Bill.
contradiction	Sally was born in 1991 and Philip was born in 1990.	Philip was born later than Sally.
contradiction	Sarah was born in 1998 and Harry was born in 1994.	Harry was born later than Sarah.
contradiction	Ann was born in 1999 and Dan was born in 1998.	Dan was born later than Ann.
contradiction	Albert was born in 1997 and Alison was born in 1994.	Alison was born later than Albert.
contradiction	Amanda was born in 1997 and Rose was born in 1995.	Rose was born later than Amanda.
contradiction	Billy was born in 1999 and Kim was born in 1998.	Kim was born later than Billy.
contradiction	Tom was born in 2006 and Judy was born in 2005.	Judy was born later than Tom.
contradiction	Alfred was born in 1991 and Anna was born in 1990.	Anna was born later than Alfred.
contradiction	Annie was born in 2002 and Nancy was born in 1998.	Nancy was born later than Annie.
contradiction	Thomas was born in 2004 and Scott was born in 1999.	Scott was born later than Thomas.
contradiction	Dick was born in 1994 and Edwin was born in 1990.	Edwin was born later than Dick.
contradiction	Jason was born in 2020 and William was born in 1990.	William was born later than Jason.
contradiction	Katherine was born in 2020 and Linda was born in 2007.	Linda was born later than Katherine.
contradiction	Francis was born in 2011 and Kate was born in 1997.	Kate was born later than Francis.
contradiction	Joe was born in 2010 and John was born in 1994.	John was born later than Joe.
contradiction	Harriet was born in 2011 and Carol was born in 2000.	Carol was born later than Harriet.
contradiction	Michael was born in 2000 and Kathy was born in 1990.	Kathy was born later than Michael.
contradiction	Rebecca was born in 2011 and Bob was born in 1996.	Bob was born later than Rebecca.
contradiction	Laura was born in 2013 and Richard was born in 1998.	Richard was born later than Laura.
contradiction	Ian was born in 1993 and Lynn was born in 1992.	Lynn was born later than Ian.
contradiction	Heather was born in 2010 and George was born in 1992.	George was born later than Heather.
contradiction	Judy was born in 1993 and Joseph was born in 1991.	Joseph was born later than Judy.
contradiction	Tony was born in 2003 and Nick was born in 1998.	Nick was born later than Tony.
contradiction	Johnny was born in 2013 and Jean was born in 1992.	Jean was born later than Johnny.
contradiction	Maria was born in 2009 and Janet was born in 1991.	Janet was born later than Maria.
contradiction	Arthur was born in 2005 and Ian was born in 2001.	Ian was born later than Arthur.
contradiction	Betty was born in 2004 and Samuel was born in 1996.	Samuel was born later than Betty.
contradiction	Joe was born in 2007 and Jimmy was born in 1995.	Jimmy was born later than Joe.
contradiction	Jimmy was born in 2016 and Frances was born in 2006.	Frances was born later than Jimmy.
contradiction	Jessica was born in 2020 and Steve was born in 2011.	Steve was born later than Jessica.
contradiction	Philip was born in 1995 and Judith was born in 1992.	Judith was born later than Philip.
contradiction	Alice was born in 1992 and Greg was born in 1990.	Greg was born later than Alice.
contradiction	Caroline was born in 1999 and Sandra was born in 1990.	Sandra was born later than Caroline.
contradiction	Dick was born in 2007 and Alexandra was born in 2005.	Alexandra was born later than Dick.
contradiction	Rose was born in 2009 and Hugh was born in 2006.	Hugh was born later than Rose.
contradiction	Amanda was born in 2000 and Anna was born in 1992.	Anna was born later than Amanda.
contradiction	Jack was born in 1999 and Alexandra was born in 1997.	Alexandra was born later than Jack.
contradiction	Roy was born in 2010 and Sophie was born in 2009.	Sophie was born later than Roy.
contradiction	Chris was born in 2009 and Joe was born in 2008.	Joe was born later than Chris.
contradiction	Joe was born in 2004 and Dan was born in 1996.	Dan was born later than Joe.
contradiction	Andrew was born in 1991 and Hugh was born in 1990.	Hugh was born later than Andrew.
contradiction	Kenneth was born in 1999 and Marie was born in 1997.	Marie was born later than Kenneth.
contradiction	Wendy was born in 2008 and Fred was born in 1991.	Fred was born later than Wendy.
contradiction	Alex was born in 2006 and Ed was born in 1990.	Ed was born later than Alex.
contradiction	Larry was born in 1994 and Paul was born in 1992.	Paul was born later than Larry.
contradiction	Carol was born in 2018 and Virginia was born in 1992.	Virginia was born later than Carol.
contradiction	Ed was born in 2005 and Keith was born in 1998.	Keith was born later than Ed.
contradiction	Harry was born in 2010 and Judith was born in 1993.	Judith was born later than Harry.
contradiction	Jay was born in 2019 and Angela was born in 2013.	Angela was born later than Jay.
contradiction	Joan was born in 2004 and Greg was born in 1999.	Greg was born later than Joan.
contradiction	Tom was born in 2001 and Nick was born in 1994.	Nick was born later than Tom.
contradiction	Leslie was born in 1994 and Karen was born in 1990.	Karen was born later than Leslie.
contradiction	Fred was born in 2001 and Lucy was born in 1998.	Lucy was born later than Fred.
contradiction	Sharon was born in 1994 and Jimmy was born in 1991.	Jimmy was born later than Sharon.
contradiction	Simon was born in 1997 and Bobby was born in 1990.	Bobby was born later than Simon.
contradiction	Donna was born in 1999 and John was born in 1998.	John was born later than Donna.
contradiction	Ray was born in 2009 and Charlie was born in 2002.	Charlie was born later than Ray.
contradiction	Maria was born in 2017 and Angela was born in 2015.	Angela was born later than Maria.
contradiction	Evelyn was born in 1997 and Frances was born in 1993.	Frances was born later than Evelyn.
contradiction	Katie was born in 2006 and Frederick was born in 1994.	Frederick was born later than Katie.
contradiction	Ed was born in 2010 and Mike was born in 2001.	Mike was born later than Ed.
contradiction	Lucy was born in 2018 and Eric was born in 1999.	Eric was born later than Lucy.
contradiction	Bobby was born in 1997 and Katie was born in 1994.	Katie was born later than Bobby.
contradiction	Mark was born in 1996 and Peter was born in 1994.	Peter was born later than Mark.
contradiction	Judith was born in 1997 and Eleanor was born in 1990.	Eleanor was born later than Judith.
contradiction	Kate was born in 2007 and Katie was born in 2005.	Katie was born later than Kate.
contradiction	Louise was born in 2001 and Dick was born in 1996.	Dick was born later than Louise.
contradiction	Ron was born in 2009 and Adam was born in 1995.	Adam was born later than Ron.
contradiction	Harriet was born in 1993 and Louis was born in 1992.	Louis was born later than Harriet.
contradiction	Ed was born in 2018 and Amanda was born in 1996.	Amanda was born later than Ed.
contradiction	Michael was born in 2008 and Lawrence was born in 2000.	Lawrence was born later than Michael.
contradiction	Lisa was born in 2018 and Joe was born in 2008.	Joe was born later than Lisa.
contradiction	Peter was born in 2010 and Billy was born in 2002.	Billy was born later than Peter.
contradiction	Fiona was born in 2019 and William was born in 1999.	William was born later than Fiona.
contradiction	Kim was born in 2008 and Rebecca was born in 2005.	Rebecca was born later than Kim.
contradiction	Paul was born in 2008 and Amanda was born in 1992.	Amanda was born later than Paul.
contradiction	Dan was born in 2004 and Ian was born in 2002.	Ian was born later than Dan.
contradiction	Alexandra was born in 2019 and Dick was born in 2016.	Dick was born later than Alexandra.
contradiction	Jane was born in 2005 and Mary was born in 1992.	Mary was born later than Jane.
contradiction	Christopher was born in 1998 and Diane was born in 1997.	Diane was born later than Christopher.
contradiction	Patricia was born in 2007 and Alice was born in 2001.	Alice was born later than Patricia.
contradiction	Laura was born in 2018 and John was born in 2014.	John was born later than Laura.
contradiction	Philip was born in 2005 and Julie was born in 1996.	Julie was born later than Philip.
contradiction	Deborah was born in 2009 and Jay was born in 1996.	Jay was born later than Deborah.
contradiction	Jim was born in 1994 and Claire was born in 1993.	Claire was born later than Jim.
contradiction	Samuel was born in 2012 and Kate was born in 2011.	Kate was born later than Samuel.
contradiction	Frances was born in 2015 and Ron was born in 2002.	Ron was born later than Frances.
contradiction	Jay was born in 2020 and Charlie was born in 2016.	Charlie was born later than Jay.
contradiction	Simon was born in 2018 and Linda was born in 1995.	Linda was born later than Simon.
contradiction	Benjamin was born in 2018 and Fiona was born in 2002.	Fiona was born later than Benjamin.
contradiction	Hugh was born in 2012 and Mary was born in 2011.	Mary was born later than Hugh.
contradiction	Al was born in 2001 and Kathleen was born in 1996.	Kathleen was born later than Al.
contradiction	Patrick was born in 2003 and Suzanne was born in 2002.	Suzanne was born later than Patrick.
contradiction	Helen was born in 2011 and Colin was born in 2003.	Colin was born later than Helen.
contradiction	Jennifer was born in 2005 and Alexander was born in 1997.	Alexander was born later than Jennifer.
contradiction	Gary was born in 2000 and Kathryn was born in 1997.	Kathryn was born later than Gary.
contradiction	Stephen was born in 2015 and Florence was born in 1996.	Florence was born later than Stephen.
contradiction	Chris was born in 2005 and Diane was born in 1993.	Diane was born later than Chris.
contradiction	Ellen was born in 1995 and Margaret was born in 1993.	Margaret was born later than Ellen.
contradiction	Jay was born in 1996 and Philip was born in 1994.	Philip was born later than Jay.
contradiction	Ian was born in 2004 and Linda was born in 1994.	Linda was born later than Ian.
contradiction	Jay was born in 1999 and Ian was born in 1992.	Ian was born later than Jay.
contradiction	Ralph was born in 1997 and Dan was born in 1995.	Dan was born later than Ralph.
contradiction	Leslie was born in 2017 and Sam was born in 2000.	Sam was born later than Leslie.
contradiction	Wendy was born in 2010 and Paul was born in 1993.	Paul was born later than Wendy.
contradiction	Tom was born in 1995 and Judith was born in 1992.	Judith was born later than Tom.
contradiction	Marilyn was born in 1998 and Jim was born in 1996.	Jim was born later than Marilyn.
contradiction	Fred was born in 2002 and Peter was born in 2000.	Peter was born later than Fred.
contradiction	Charlotte was born in 2018 and Frances was born in 2004.	Frances was born later than Charlotte.
contradiction	Alfred was born in 2006 and Gary was born in 1995.	Gary was born later than Alfred.
contradiction	Jerry was born in 2011 and Simon was born in 2003.	Simon was born later than Jerry.
contradiction	Kenneth was born in 2008 and Al was born in 2006.	Al was born later than Kenneth.
contradiction	Elizabeth was born in 2016 and Rebecca was born in 2003.	Rebecca was born later than Elizabeth.
contradiction	Lucy was born in 1998 and John was born in 1990.	John was born later than Lucy.
contradiction	Janet was born in 2015 and Linda was born in 1995.	Linda was born later than Janet.
contradiction	Steve was born in 2011 and Fiona was born in 2004.	Fiona was born later than Steve.
contradiction	Sara was born in 2020 and Louise was born in 1993.	Louise was born later than Sara.
contradiction	Tim was born in 2008 and Kate was born in 2005.	Kate was born later than Tim.
contradiction	Martin was born in 2009 and Kenneth was born in 2002.	Kenneth was born later than Martin.
contradiction	Henry was born in 1994 and Arthur was born in 1991.	Arthur was born later than Henry.
contradiction	Julie was born in 1997 and Charlotte was born in 1996.	Charlotte was born later than Julie.
contradiction	Marie was born in 2003 and Mike was born in 1999.	Mike was born later than Marie.
contradiction	Carol was born in 2008 and Julia was born in 1992.	Julia was born later than Carol.
contradiction	Arthur was born in 2008 and Evelyn was born in 2002.	Evelyn was born later than Arthur.
contradiction	Heather was born in 1994 and Bruce was born in 1990.	Bruce was born later than Heather.
contradiction	Marilyn was born in 1992 and Frank was born in 1990.	Frank was born later than Marilyn.
contradiction	Albert was born in 2010 and Alexander was born in 2007.	Alexander was born later than Albert.
contradiction	Sam was born in 1993 and Hugh was born in 1990.	Hugh was born later than Sam.
contradiction	Virginia was born in 1993 and Harold was born in 1992.	Harold was born later than Virginia.
contradiction	Betty was born in 1995 and Sophie was born in 1994.	Sophie was born later than Betty.
contradiction	Andrea was born in 2019 and Ed was born in 1990.	Ed was born later than Andrea.
contradiction	Florence was born in 2006 and Kathy was born in 1993.	Kathy was born later than Florence.
contradiction	Jeff was born in 2007 and Bruce was born in 2000.	Bruce was born later than Jeff.
contradiction	Brian was born in 2010 and Billy was born in 1997.	Billy was born later than Brian.
contradiction	Steven was born in 1993 and Rose was born in 1992.	Rose was born later than Steven.
contradiction	Eric was born in 2017 and Carl was born in 2011.	Carl was born later than Eric.
contradiction	Samuel was born in 1997 and Jack was born in 1991.	Jack was born later than Samuel.
contradiction	Charles was born in 2011 and Scott was born in 1999.	Scott was born later than Charles.
contradiction	Katherine was born in 2003 and Michelle was born in 1994.	Michelle was born later than Katherine.
contradiction	Thomas was born in 2010 and Catherine was born in 1995.	Catherine was born later than Thomas.
contradiction	Nick was born in 2010 and Eric was born in 1992.	Eric was born later than Nick.
contradiction	Jerry was born in 2011 and Johnny was born in 2001.	Johnny was born later than Jerry.
contradiction	Frances was born in 2007 and Ellen was born in 1998.	Ellen was born later than Frances.
contradiction	Larry was born in 2020 and Henry was born in 1999.	Henry was born later than Larry.
contradiction	Bill was born in 2007 and Laura was born in 1999.	Laura was born later than Bill.
contradiction	John was born in 2000 and Nick was born in 1995.	Nick was born later than John.
contradiction	Ann was born in 2020 and Marie was born in 2017.	Marie was born later than Ann.
contradiction	John was born in 2019 and Florence was born in 2015.	Florence was born later than John.
contradiction	Robert was born in 1992 and Charlotte was born in 1991.	Charlotte was born later than Robert.
contradiction	Jim was born in 1993 and Judith was born in 1991.	Judith was born later than Jim.
contradiction	Bruce was born in 2006 and Victoria was born in 2000.	Victoria was born later than Bruce.
contradiction	Amy was born in 2014 and Nicole was born in 2011.	Nicole was born later than Amy.
contradiction	Billy was born in 2010 and Kathy was born in 1997.	Kathy was born later than Billy.
contradiction	Frank was born in 2009 and Karen was born in 2002.	Karen was born later than Frank.
contradiction	Marilyn was born in 2018 and Nicole was born in 2004.	Nicole was born later than Marilyn.
contradiction	Ron was born in 2004 and Sarah was born in 1999.	Sarah was born later than Ron.
contradiction	Charlie was born in 2016 and Johnny was born in 2003.	Johnny was born later than Charlie.
contradiction	Sarah was born in 1994 and Kelly was born in 1990.	Kelly was born later than Sarah.
contradiction	Ray was born in 2002 and Jean was born in 1995.	Jean was born later than Ray.
contradiction	Victoria was born in 2012 and Lynn was born in 1996.	Lynn was born later than Victoria.
contradiction	Tony was born in 2016 and Louis was born in 2004.	Louis was born later than Tony.
contradiction	Henry was born in 2001 and Elaine was born in 1998.	Elaine was born later than Henry.
contradiction	Mary was born in 1995 and Albert was born in 1994.	Albert was born later than Mary.
contradiction	Tony was born in 2010 and Maria was born in 2002.	Maria was born later than Tony.
contradiction	Pamela was born in 2002 and Harriet was born in 1997.	Harriet was born later than Pamela.
contradiction	Karen was born in 2015 and Donald was born in 2007.	Donald was born later than Karen.
contradiction	Jack was born in 2008 and William was born in 2007.	William was born later than Jack.
contradiction	Jason was born in 1996 and Julia was born in 1992.	Julia was born later than Jason.
contradiction	Suzanne was born in 1994 and Harold was born in 1990.	Harold was born later than Suzanne.
contradiction	Colin was born in 1991 and Kathy was born in 1990.	Kathy was born later than Colin.
contradiction	Francis was born in 2018 and Charlotte was born in 2016.	Charlotte was born later than Francis.
contradiction	George was born in 2004 and Rebecca was born in 1990.	Rebecca was born later than George.
contradiction	Roger was born in 1996 and Dick was born in 1990.	Dick was born later than Roger.
contradiction	Betty was born in 1999 and Lisa was born in 1991.	Lisa was born later than Betty.
contradiction	Ryan was born in 2008 and Lawrence was born in 1998.	Lawrence was born later than Ryan.
contradiction	Lisa was born in 2016 and Rachel was born in 2010.	Rachel was born later than Lisa.
contradiction	Emma was born in 2007 and Alex was born in 2004.	Alex was born later than Emma.
contradiction	Steven was born in 2003 and Jeff was born in 2001.	Jeff was born later than Steven.
contradiction	Margaret was born in 2020 and Richard was born in 1991.	Richard was born later than Margaret.
contradiction	Katherine was born in 2008 and Keith was born in 1999.	Keith was born later than Katherine.
contradiction	Martha was born in 1999 and Roy was born in 1993.	Roy was born later than Martha.
contradiction	Amy was born in 1999 and Mary was born in 1997.	Mary was born later than Amy.
contradiction	Ben was born in 2016 and Michelle was born in 1991.	Michelle was born later than Ben.
contradiction	Matt was born in 2007 and Michael was born in 1997.	Michael was born later than Matt.
contradiction	Harold was born in 2015 and Ken was born in 2000.	Ken was born later than Harold.
contradiction	Harriet was born in 2001 and Kate was born in 1995.	Kate was born later than Harriet.
contradiction	Kenneth was born in 1999 and Patrick was born in 1996.	Patrick was born later than Kenneth.
contradiction	Ruth was born in 2003 and Carolyn was born in 1990.	Carolyn was born later than Ruth.
contradiction	Bob was born in 1997 and Roy was born in 1991.	Roy was born later than Bob.
contradiction	Arthur was born in 2001 and Bobby was born in 1991.	Bobby was born later than Arthur.
contradiction	Andrew was born in 2010 and Jimmy was born in 1992.	Jimmy was born later than Andrew.
contradiction	Kate was born in 2003 and Susan was born in 1990.	Susan was born later than Kate.
contradiction	Howard was born in 2002 and George was born in 1998.	George was born later than Howard.
contradiction	Arthur was born in 2017 and Martin was born in 2000.	Martin was born later than Arthur.
contradiction	Frank was born in 2020 and Jill was born in 2007.	Jill was born later than Frank.
contradiction	Cynthia was born in 2009 and Kate was born in 2006.	Kate was born later than Cynthia.
contradiction	Margaret was born in 2001 and Jonathan was born in 1993.	Jonathan was born later than Margaret.
contradiction	Joseph was born in 2018 and Sharon was born in 2012.	Sharon was born later than Joseph.
contradiction	Sharon was born in 2012 and Sara was born in 2006.	Sara was born later than Sharon.
contradiction	Philip was born in 2002 and Kathleen was born in 1996.	Kathleen was born later than Philip.
contradiction	Sam was born in 2001 and Margaret was born in 1991.	Margaret was born later than Sam.
contradiction	Bruce was born in 2000 and Marie was born in 1992.	Marie was born later than Bruce.
contradiction	Gary was born in 1991 and Jerry was born in 1990.	Jerry was born later than Gary.
contradiction	Mike was born in 2009 and Louis was born in 2002.	Louis was born later than Mike.
contradiction	Bill was born in 1994 and Sophie was born in 1991.	Sophie was born later than Bill.
contradiction	Daniel was born in 2004 and Florence was born in 1999.	Florence was born later than Daniel.
contradiction	Jim was born in 2002 and Jerry was born in 2001.	Jerry was born later than Jim.
contradiction	Richard was born in 2017 and Simon was born in 1993.	Simon was born later than Richard.
contradiction	Kathryn was born in 2003 and Martha was born in 1994.	Martha was born later than Kathryn.
contradiction	Christopher was born in 1992 and Leslie was born in 1991.	Leslie was born later than Christopher.
contradiction	Chris was born in 2008 and Adam was born in 1999.	Adam was born later than Chris.
contradiction	Larry was born in 2015 and Amanda was born in 2004.	Amanda was born later than Larry.
contradiction	Nancy was born in 1999 and Deborah was born in 1998.	Deborah was born later than Nancy.
contradiction	Louise was born in 1991 and Larry was born in 1990.	Larry was born later than Louise.
contradiction	Anna was born in 2008 and Harold was born in 1995.	Harold was born later than Anna.
contradiction	Tom was born in 1999 and Chris was born in 1993.	Chris was born later than Tom.
contradiction	Donna was born in 1997 and Martha was born in 1993.	Martha was born later than Donna.
contradiction	Mike was born in 2011 and Jennifer was born in 2001.	Jennifer was born later than Mike.
contradiction	Larry was born in 2012 and Florence was born in 2006.	Florence was born later than Larry.
contradiction	Thomas was born in 1997 and Kathy was born in 1995.	Kathy was born later than Thomas.
contradiction	Frances was born in 2003 and Katie was born in 2001.	Katie was born later than Frances.
contradiction	Stephanie was born in 2010 and Catherine was born in 1994.	Catherine was born later than Stephanie.
contradiction	Bobby was born in 2004 and Alice was born in 1990.	Alice was born later than Bobby.
contradiction	Pamela was born in 1998 and Francis was born in 1991.	Francis was born later than Pamela.
contradiction	Diane was born in 2002 and Ellen was born in 1999.	Ellen was born later than Diane.
contradiction	Roy was born in 2008 and Laura was born in 1997.	Laura was born later than Roy.
contradiction	Howard was born in 1997 and Edwin was born in 1993.	Edwin was born later than Howard.
contradiction	Ed was born in 2013 and Tim was born in 2003.	Tim was born later than Ed.
contradiction	Martin was born in 1992 and Diana was born in 1990.	Diana was born later than Martin.
contradiction	Sharon was born in 2012 and Cynthia was born in 2007.	Cynthia was born later than Sharon.
contradiction	Rebecca was born in 2012 and Emily was born in 2001.	Emily was born later than Rebecca.
contradiction	Nicole was born in 1993 and Judy was born in 1991.	Judy was born later than Nicole.
contradiction	Virginia was born in 1992 and William was born in 1990.	William was born later than Virginia.
contradiction	James was born in 1993 and Ray was born in 1991.	Ray was born later than James.
contradiction	Jessica was born in 2015 and Alison was born in 2010.	Alison was born later than Jessica.
contradiction	Jane was born in 2009 and Emily was born in 2005.	Emily was born later than Jane.
contradiction	Kelly was born in 2001 and Carolyn was born in 1994.	Carolyn was born later than Kelly.
contradiction	Michael was born in 1993 and Melissa was born in 1990.	Melissa was born later than Michael.
contradiction	Alexander was born in 1991 and Bill was born in 1990.	Bill was born later than Alexander.
contradiction	Anna was born in 1993 and Janet was born in 1990.	Janet was born later than Anna.
contradiction	Florence was born in 2012 and Margaret was born in 1997.	Margaret was born later than Florence.
contradiction	Charlotte was born in 2009 and Eleanor was born in 1993.	Eleanor was born later than Charlotte.
contradiction	Francis was born in 1991 and Deborah was born in 1990.	Deborah was born later than Francis.
contradiction	Eleanor was born in 2008 and Mary was born in 2002.	Mary was born later than Eleanor.
contradiction	Edwin was born in 2013 and Martin was born in 2012.	Martin was born later than Edwin.
contradiction	Joseph was born in 2015 and Caroline was born in 2007.	Caroline was born later than Joseph.
contradiction	Sally was born in 2007 and Linda was born in 1996.	Linda was born later than Sally.
contradiction	Jay was born in 2004 and Mary was born in 1997.	Mary was born later than Jay.
contradiction	Harriet was born in 2018 and Sarah was born in 1993.	Sarah was born later than Harriet.
contradiction	Heather was born in 2002 and Greg was born in 2001.	Greg was born later than Heather.
contradiction	Thomas was born in 2017 and Diana was born in 2006.	Diana was born later than Thomas.
contradiction	Sue was born in 2010 and Florence was born in 1995.	Florence was born later than Sue.
contradiction	Bruce was born in 2005 and Edwin was born in 1996.	Edwin was born later than Bruce.
contradiction	Heather was born in 2013 and Adam was born in 1999.	Adam was born later than Heather.
contradiction	Benjamin was born in 2005 and Marie was born in 1993.	Marie was born later than Benjamin.
contradiction	Lucy was born in 2016 and Colin was born in 2011.	Colin was born later than Lucy.
contradiction	Cynthia was born in 2004 and Patrick was born in 2002.	Patrick was born later than Cynthia.
contradiction	Jill was born in 2010 and Jennifer was born in 1991.	Jennifer was born later than Jill.
contradiction	Dorothy was born in 2001 and Walter was born in 1996.	Walter was born later than Dorothy.
contradiction	Donald was born in 2007 and Colin was born in 2004.	Colin was born later than Donald.
contradiction	Alex was born in 1996 and Frank was born in 1990.	Frank was born later than Alex.
contradiction	Larry was born in 2009 and Julia was born in 1992.	Julia was born later than Larry.
contradiction	Linda was born in 2019 and Francis was born in 2001.	Francis was born later than Linda.
contradiction	Jill was born in 1994 and Patricia was born in 1993.	Patricia was born later than Jill.
contradiction	Alice was born in 1992 and Kathy was born in 1991.	Kathy was born later than Alice.
contradiction	Ruth was born in 1998 and Cynthia was born in 1996.	Cynthia was born later than Ruth.
contradiction	Nicole was born in 2018 and Claire was born in 2000.	Claire was born later than Nicole.
contradiction	Katherine was born in 2018 and Johnny was born in 2001.	Johnny was born later than Katherine.
contradiction	Margaret was born in 1993 and Gary was born in 1990.	Gary was born later than Margaret.
contradiction	Kathryn was born in 2013 and Patrick was born in 2001.	Patrick was born later than Kathryn.
contradiction	Kathy was born in 1999 and Marie was born in 1991.	Marie was born later than Kathy.
contradiction	Christine was born in 2019 and Al was born in 1991.	Al was born later than Christine.
contradiction	Adam was born in 2009 and Emily was born in 2003.	Emily was born later than Adam.
contradiction	Emma was born in 1999 and Dorothy was born in 1998.	Dorothy was born later than Emma.
contradiction	Gary was born in 2011 and Alison was born in 1991.	Alison was born later than Gary.
contradiction	Ron was born in 1995 and Marie was born in 1994.	Marie was born later than Ron.
contradiction	Joe was born in 1993 and George was born in 1992.	George was born later than Joe.
contradiction	Rebecca was born in 1996 and Lawrence was born in 1994.	Lawrence was born later than Rebecca.
contradiction	Ralph was born in 2003 and Walter was born in 1995.	Walter was born later than Ralph.
contradiction	Joseph was born in 2012 and Richard was born in 2000.	Richard was born later than Joseph.
contradiction	Ray was born in 2019 and Johnny was born in 1994.	Johnny was born later than Ray.
contradiction	Brian was born in 1997 and Sara was born in 1992.	Sara was born later than Brian.
contradiction	Ron was born in 2010 and Sara was born in 2000.	Sara was born later than Ron.
contradiction	Jason was born in 2007 and Tim was born in 1995.	Tim was born later than Jason.
contradiction	Anna was born in 2020 and Daniel was born in 2005.	Daniel was born later than Anna.
contradiction	Ed was born in 2015 and Stephen was born in 2013.	Stephen was born later than Ed.
contradiction	Mike was born in 1994 and Martha was born in 1991.	Martha was born later than Mike.
contradiction	Keith was born in 2007 and James was born in 1997.	James was born later than Keith.
contradiction	George was born in 2005 and Alan was born in 2003.	Alan was born later than George.
contradiction	Alan was born in 1994 and Michael was born in 1991.	Michael was born later than Alan.
contradiction	Colin was born in 2002 and Grace was born in 1994.	Grace was born later than Colin.
contradiction	Harriet was born in 2020 and Don was born in 2009.	Don was born later than Harriet.
contradiction	Ron was born in 2003 and Martha was born in 1997.	Martha was born later than Ron.
contradiction	Joan was born in 2003 and Ray was born in 1996.	Ray was born later than Joan.
contradiction	Victoria was born in 2005 and Helen was born in 1993.	Helen was born later than Victoria.
contradiction	Virginia was born in 2018 and Katie was born in 2000.	Katie was born later than Virginia.
contradiction	Betty was born in 2019 and Carl was born in 1992.	Carl was born later than Betty.
contradiction	Simon was born in 1992 and Sara was born in 1990.	Sara was born later than Simon.
contradiction	Melissa was born in 2002 and Ed was born in 2000.	Ed was born later than Melissa.
contradiction	Francis was born in 1997 and Robert was born in 1993.	Robert was born later than Francis.
contradiction	Marie was born in 1999 and Lucy was born in 1992.	Lucy was born later than Marie.
contradiction	Alice was born in 1991 and Ray was born in 1990.	Ray was born later than Alice.
contradiction	Carolyn was born in 2001 and Rose was born in 2000.	Rose was born later than Carolyn.
contradiction	Julie was born in 2002 and Edith was born in 1990.	Edith was born later than Julie.
contradiction	Lisa was born in 2006 and Donald was born in 1994.	Donald was born later than Lisa.
contradiction	Jonathan was born in 2020 and Henry was born in 1993.	Henry was born later than Jonathan.
contradiction	Fred was born in 2003 and Suzanne was born in 1995.	Suzanne was born later than Fred.
contradiction	Ron was born in 2000 and Jennifer was born in 1996.	Jennifer was born later than Ron.
