contradiction	Helen was born in 2015 and Lynn was born in 2020.	Lynn was born before Helen.
contradiction	Catherine was born in 1995 and Kathryn was born in 1997.	Kathryn was born before Catherine.
contradiction	Kate was born in 1992 and Sandra was born in 1994.	Sandra was born before Kate.
contradiction	Jimmy was born in 2004 and Judith was born in 2013.	Judith was born before Jimmy.
contradiction	Louise was born in 1991 and Johnny was born in 1993.	Johnny was born before Louise.
contradiction	Lauren was born in 1992 and Kate was born in 1994.	Kate was born before Lauren.
contradiction	Pamela was born in 2005 and Amy was born in 2009.	Amy was born before Pamela.
contradiction	Annie was born in 1994 and Martin was born in 1998.	Martin was born before Annie.
contradiction	Nick was born in 1997 and Lisa was born in 2009.	Lisa was born before Nick.
contradiction	Eleanor was born in 1995 and Jimmy was born in 2008.	Jimmy was born before Eleanor.
contradiction	Dorothy was born in 2004 and Philip was born in 2005.	Philip was born before Dorothy.
contradiction	Betty was born in 1990 and Susan was born in 2004.	Susan was born before Betty.
contradiction	Daniel was born in 1996 and Alan was born in 2006.	Alan was born before Daniel.
contradiction	Henry was born in 2010 and Carol was born in 2020.	Carol was born before Henry.
contradiction	Richard was born in 1994 and Ken was born in 2011.	Ken was born before Richard.
contradiction	Lynn was born in 1998 and Rose was born in 2008.	Rose was born before Lynn.
contradiction	Nick was born in 1990 and Ralph was born in 1993.	Ralph was born before Nick.
contradiction	Ben was born in 1995 and Patricia was born in 2016.	Patricia was born before Ben.
contradiction	Jane was born in 1990 and James was born in 1996.	James was born before Jane.
contradiction	Arthur was born in 2018 and Jack was born in 2020.	Jack was born before Arthur.
contradiction	Victoria was born in 1991 and William was born in 2002.	William was born before Victoria.
contradiction	Matt was born in 2004 and Walter was born in 2005.	Walter was born before Matt.
contradiction	Ellen was born in 2003 and Marie was born in 2014.	Marie was born before Ellen.
contradiction	Cynthia was born in 1992 and Hugh was born in 1994.	Hugh was born before Cynthia.
contradiction	Rebecca was born in 1996 and David was born in 2009.	David was born before Rebecca.
contradiction	John was born in 1993 and Anne was born in 2004.	Anne was born before John.
contradiction	Kathryn was born in 1993 and Linda was born in 2003.	Linda was born before Kathryn.
contradiction	Margaret was born in 1998 and Chris was born in 2008.	Chris was born before Margaret.
contradiction	Carol was born in 1991 and David was born in 1992.	David was born before Carol.
contradiction	Diane was born in 1997 and Howard was born in 2008.	Howard was born before Diane.
contradiction	Amy was born in 2002 and Benjamin was born in 2011.	Benjamin was born before Amy.
contradiction	Daniel was born in 2001 and Martha was born in 2003.	Martha was born before Daniel.
contradiction	Ellen was born in 1991 and Melissa was born in 2002.	Melissa was born before Ellen.
contradiction	Lawrence was born in 1992 and Hugh was born in 2005.	Hugh was born before Lawrence.
contradiction	Lisa was born in 1992 and Tim was born in 1997.	Tim was born before Lisa.
contradiction	Cynthia was born in 1990 and William was born in 1992.	William was born before Cynthia.
contradiction	Ray was born in 2000 and Howard was born in 2015.	Howard was born before Ray.
contradiction	Ryan was born in 1990 and Patricia was born in 2003.	Patricia was born before Ryan.
contradiction	Leslie was born in 1990 and Dorothy was born in 1992.	Dorothy was born before Leslie.
contradiction	Catherine was born in 1990 and Harold was born in 2020.	Harold was born before Catherine.
contradiction	Laura was born in 1992 and Ron was born in 1996.	Ron was born before Laura.
contradiction	Ken was born in 2003 and Anne was born in 2018.	Anne was born before Ken.
contradiction	Greg was born in 1996 and Julie was born in 2001.	Julie was born before Greg.
contradiction	Mary was born in 1996 and Frances was born in 1997.	Frances was born before Mary.
contradiction	Bobby was born in 1992 and Francis was born in 2017.	Francis was born before Bobby.
contradiction	Lucy was born in 1992 and Stephanie was born in 1993.	Stephanie was born before Lucy.
contradiction	Roy was born in 1991 and Kelly was born in 2012.	Kelly was born before Roy.
contradiction	Martha was born in 1997 and Joan was born in 2007.	Joan was born before Martha.
contradiction	Leslie was born in 1990 and Harriet was born in 1994.	Harriet was born before Leslie.
contradiction	Diana was born in 2014 and Sarah was born in 2015.	Sarah was born before Diana.
contradiction	Johnny was born in 2001 and Harold was born in 2008.	Harold was born before Johnny.
contradiction	Cynthia was born in 1990 and Lisa was born in 2009.	Lisa was born before Cynthia.
contradiction	Stephanie was born in 1995 and Mary was born in 2002.	Mary was born before Stephanie.
contradiction	Ryan was born in 1990 and Diane was born in 2004.	Diane was born before Ryan.
contradiction	Matt was born in 1990 and Sam was born in 1991.	Sam was born before Matt.
contradiction	Roy was born in 1996 and Lauren was born in 1997.	Lauren was born before Roy.
contradiction	Jay was born in 1997 and William was born in 2002.	William was born before Jay.
contradiction	Betty was born in 2001 and Nick was born in 2006.	Nick was born before Betty.
contradiction	Claire was born in 1994 and Julie was born in 2018.	Julie was born before Claire.
contradiction	Wendy was born in 2003 and Sue was born in 2015.	Sue was born before Wendy.
contradiction	Francis was born in 2002 and Mary was born in 2019.	Mary was born before Francis.
contradiction	Ken was born in 1990 and Pamela was born in 1991.	Pamela was born before Ken.
contradiction	Alex was born in 2000 and Nancy was born in 2018.	Nancy was born before Alex.
contradiction	Ryan was born in 1990 and Pamela was born in 1991.	Pamela was born before Ryan.
contradiction	Suzanne was born in 1995 and Julie was born in 2008.	Julie was born before Suzanne.
contradiction	Cynthia was born in 2009 and Melissa was born in 2015.	Melissa was born before Cynthia.
contradiction	Billy was born in 1993 and Johnny was born in 1999.	Johnny was born before Billy.
contradiction	Margaret was born in 2000 and Janet was born in 2007.	Janet was born before Margaret.
contradiction	Ray was born in 2002 and Steven was born in 2005.	Steven was born before Ray.
contradiction	Tom was born in 1992 and Elizabeth was born in 2015.	Elizabeth was born before Tom.
contradiction	Martin was born in 1997 and Martha was born in 1999.	Martha was born before Martin.
contradiction	Jim was born in 1999 and Jean was born in 2001.	Jean was born before Jim.
contradiction	Robert was born in 1993 and Don was born in 1996.	Don was born before Robert.
contradiction	Dave was born in 1994 and Jason was born in 2005.	Jason was born before Dave.
contradiction	Ian was born in 1996 and Sue was born in 2020.	Sue was born before Ian.
contradiction	Rose was born in 2005 and Claire was born in 2017.	Claire was born before Rose.
contradiction	Frances was born in 2005 and Louise was born in 2009.	Louise was born before Frances.
contradiction	Jean was born in 2004 and Ann was born in 2019.	Ann was born before Jean.
contradiction	Frederick was born in 2005 and Ashley was born in 2013.	Ashley was born before Frederick.
contradiction	Chris was born in 2000 and Charlie was born in 2006.	Charlie was born before Chris.
contradiction	Hugh was born in 1991 and Deborah was born in 2020.	Deborah was born before Hugh.
contradiction	Grace was born in 1993 and Caroline was born in 2007.	Caroline was born before Grace.
contradiction	John was born in 1992 and Leslie was born in 2018.	Leslie was born before John.
contradiction	Andrew was born in 2002 and James was born in 2020.	James was born before Andrew.
contradiction	Roger was born in 1993 and Tony was born in 2007.	Tony was born before Roger.
contradiction	Stephen was born in 1990 and Brian was born in 2008.	Brian was born before Stephen.
contradiction	Kim was born in 2004 and Grace was born in 2013.	Grace was born before Kim.
contradiction	Evelyn was born in 1997 and Heather was born in 2014.	Heather was born before Evelyn.
contradiction	Frederick was born in 2004 and Carolyn was born in 2005.	Carolyn was born before Frederick.
contradiction	Kate was born in 2017 and Roy was born in 2018.	Roy was born before Kate.
contradiction	Stephen was born in 2003 and Simon was born in 2019.	Simon was born before Stephen.
contradiction	Carolyn was born in 2000 and Edith was born in 2017.	Edith was born before Carolyn.
contradiction	Tony was born in 1995 and Carl was born in 1996.	Carl was born before Tony.
contradiction	Emma was born in 1999 and Patricia was born in 2001.	Patricia was born before Emma.
contradiction	Jeff was born in 1996 and Frank was born in 2005.	Frank was born before Jeff.
contradiction	Frank was born in 2009 and Stephen was born in 2016.	Stephen was born before Frank.
contradiction	Lisa was born in 2003 and Henry was born in 2010.	Henry was born before Lisa.
contradiction	Kevin was born in 1990 and Frank was born in 1993.	Frank was born before Kevin.
contradiction	Marilyn was born in 1992 and Bob was born in 2007.	Bob was born before Marilyn.
contradiction	Tim was born in 2018 and Louise was born in 2019.	Louise was born before Tim.
contradiction	Margaret was born in 1991 and Roger was born in 2004.	Roger was born before Margaret.
contradiction	Helen was born in 1992 and Maria was born in 2003.	Maria was born before Helen.
contradiction	Ian was born in 1996 and Mark was born in 2009.	Mark was born before Ian.
contradiction	Patricia was born in 1992 and Ryan was born in 1996.	Ryan was born before Patricia.
contradiction	Louise was born in 1991 and Scott was born in 1992.	Scott was born before Louise.
contradiction	Judith was born in 1992 and Matthew was born in 1995.	Matthew was born before Judith.
contradiction	Lisa was born in 2014 and Anna was born in 2015.	Anna was born before Lisa.
contradiction	Amy was born in 2003 and Emma was born in 2018.	Emma was born before Amy.
contradiction	Hugh was born in 2000 and Kenneth was born in 2014.	Kenneth was born before Hugh.
contradiction	Keith was born in 1993 and Frederick was born in 1995.	Frederick was born before Keith.
contradiction	Deborah was born in 1990 and Jill was born in 2014.	Jill was born before Deborah.
contradiction	Sophie was born in 2007 and James was born in 2009.	James was born before Sophie.
contradiction	Karen was born in 1993 and Al was born in 1994.	Al was born before Karen.
contradiction	Anna was born in 1990 and Diana was born in 2008.	Diana was born before Anna.
contradiction	Andrew was born in 2000 and Ian was born in 2001.	Ian was born before Andrew.
contradiction	Maria was born in 1994 and Kevin was born in 1995.	Kevin was born before Maria.
contradiction	Albert was born in 1993 and Nancy was born in 2010.	Nancy was born before Albert.
contradiction	Alice was born in 2012 and Brian was born in 2019.	Brian was born before Alice.
contradiction	Kelly was born in 1991 and Patricia was born in 2007.	Patricia was born before Kelly.
contradiction	Michelle was born in 1991 and Tom was born in 2008.	Tom was born before Michelle.
contradiction	Andrew was born in 1992 and Victoria was born in 2000.	Victoria was born before Andrew.
contradiction	Sharon was born in 2005 and Linda was born in 2007.	Linda was born before Sharon.
contradiction	Steven was born in 1992 and Elaine was born in 2018.	Elaine was born before Steven.
contradiction	Claire was born in 1991 and Alex was born in 1995.	Alex was born before Claire.
contradiction	Adam was born in 1993 and Charlotte was born in 1994.	Charlotte was born before Adam.
contradiction	Jim was born in 1999 and Maria was born in 2006.	Maria was born before Jim.
contradiction	Gary was born in 2010 and Sandra was born in 2019.	Sandra was born before Gary.
contradiction	Wendy was born in 1990 and Carolyn was born in 1998.	Carolyn was born before Wendy.
contradiction	Robin was born in 2000 and Jerry was born in 2019.	Jerry was born before Robin.
contradiction	Alexandra was born in 2001 and Howard was born in 2007.	Howard was born before Alexandra.
contradiction	Lynn was born in 1991 and Samuel was born in 2013.	Samuel was born before Lynn.
contradiction	Matt was born in 1990 and Joseph was born in 2017.	Joseph was born before Matt.
contradiction	Harry was born in 1997 and Jerry was born in 2004.	Jerry was born before Harry.
contradiction	Peter was born in 1993 and Nick was born in 2013.	Nick was born before Peter.
contradiction	Dorothy was born in 1993 and Greg was born in 2015.	Greg was born before Dorothy.
contradiction	Rebecca was born in 1993 and Elizabeth was born in 1995.	Elizabeth was born before Rebecca.
contradiction	Albert was born in 1997 and Sam was born in 2019.	Sam was born before Albert.
contradiction	Sam was born in 1995 and Cynthia was born in 2013.	Cynthia was born before Sam.
contradiction	Carolyn was born in 1992 and Michelle was born in 2009.	Michelle was born before Carolyn.
contradiction	Cynthia was born in 2008 and Ray was born in 2009.	Ray was born before Cynthia.
contradiction	David was born in 2003 and Michael was born in 2007.	Michael was born before David.
contradiction	Ashley was born in 1995 and Philip was born in 2000.	Philip was born before Ashley.
contradiction	Steve was born in 1993 and Walter was born in 2000.	Walter was born before Steve.
contradiction	Johnny was born in 1991 and Wendy was born in 2008.	Wendy was born before Johnny.
contradiction	Kathy was born in 1993 and Eleanor was born in 2017.	Eleanor was born before Kathy.
contradiction	Catherine was born in 2011 and John was born in 2016.	John was born before Catherine.
contradiction	Bruce was born in 1997 and Louis was born in 2012.	Louis was born before Bruce.
contradiction	Robert was born in 1996 and Carolyn was born in 2012.	Carolyn was born before Robert.
contradiction	Caroline was born in 2002 and Gary was born in 2006.	Gary was born before Caroline.
contradiction	Andrew was born in 1996 and Julia was born in 2002.	Julia was born before Andrew.
contradiction	Martha was born in 2000 and Julia was born in 2007.	Julia was born before Martha.
contradiction	Simon was born in 1995 and Roy was born in 2015.	Roy was born before Simon.
contradiction	Kathleen was born in 1990 and Keith was born in 1999.	Keith was born before Kathleen.
contradiction	Andrea was born in 2003 and Diana was born in 2013.	Diana was born before Andrea.
contradiction	Jim was born in 1996 and Don was born in 1998.	Don was born before Jim.
contradiction	Sam was born in 1995 and Suzanne was born in 1998.	Suzanne was born before Sam.
contradiction	Diane was born in 1990 and Mary was born in 1992.	Mary was born before Diane.
contradiction	Philip was born in 1997 and Louis was born in 2013.	Louis was born before Philip.
contradiction	Mary was born in 1993 and Arthur was born in 2007.	Arthur was born before Mary.
contradiction	Joan was born in 1997 and George was born in 2018.	George was born before Joan.
contradiction	Jonathan was born in 1994 and Eric was born in 1999.	Eric was born before Jonathan.
contradiction	Jane was born in 2001 and Jim was born in 2007.	Jim was born before Jane.
contradiction	Matt was born in 1995 and Michael was born in 1999.	Michael was born before Matt.
contradiction	Ellen was born in 2004 and Evelyn was born in 2011.	Evelyn was born before Ellen.
contradiction	Michael was born in 1990 and Betty was born in 1997.	Betty was born before Michael.
contradiction	Charles was born in 2000 and Angela was born in 2019.	Angela was born before Charles.
contradiction	Martin was born in 1995 and Jim was born in 1997.	Jim was born before Martin.
contradiction	Julia was born in 1999 and Larry was born in 2017.	Larry was born before Julia.
contradiction	Pamela was born in 1994 and Matt was born in 2019.	Matt was born before Pamela.
contradiction	Bill was born in 2004 and Jimmy was born in 2011.	Jimmy was born before Bill.
contradiction	Edward was born in 2004 and Alfred was born in 2009.	Alfred was born before Edward.
contradiction	Jimmy was born in 1992 and Katie was born in 2000.	Katie was born before Jimmy.
contradiction	Joan was born in 1992 and Diane was born in 2015.	Diane was born before Joan.
contradiction	Evelyn was born in 2000 and Florence was born in 2001.	Florence was born before Evelyn.
contradiction	Frances was born in 1997 and Charles was born in 2019.	Charles was born before Frances.
contradiction	Mary was born in 1990 and Lisa was born in 1996.	Lisa was born before Mary.
contradiction	Sharon was born in 1997 and Andrea was born in 2001.	Andrea was born before Sharon.
contradiction	Frank was born in 1995 and Amanda was born in 1998.	Amanda was born before Frank.
contradiction	Louise was born in 2006 and David was born in 2012.	David was born before Louise.
contradiction	Sally was born in 1990 and Dorothy was born in 1993.	Dorothy was born before Sally.
contradiction	William was born in 2004 and Frank was born in 2013.	Frank was born before William.
contradiction	David was born in 2001 and Susan was born in 2002.	Susan was born before David.
contradiction	Anthony was born in 1990 and Ray was born in 1995.	Ray was born before Anthony.
contradiction	Kim was born in 1992 and Dorothy was born in 1993.	Dorothy was born before Kim.
contradiction	Sandra was born in 1996 and Martin was born in 2011.	Martin was born before Sandra.
contradiction	Susan was born in 2009 and Jennifer was born in 2010.	Jennifer was born before Susan.
contradiction	Sam was born in 1994 and Adam was born in 2006.	Adam was born before Sam.
contradiction	Edward was born in 1993 and Samuel was born in 1994.	Samuel was born before Edward.
contradiction	Evelyn was born in 1991 and Sally was born in 1994.	Sally was born before Evelyn.
contradiction	Alfred was born in 1997 and Amanda was born in 2005.	Amanda was born before Alfred.
contradiction	John was born in 2011 and Margaret was born in 2017.	Margaret was born before John.
contradiction	Patrick was born in 1991 and Peter was born in 1993.	Peter was born before Patrick.
contradiction	Kate was born in 1993 and Frances was born in 1994.	Frances was born before Kate.
contradiction	Barbara was born in 2011 and Kathleen was born in 2018.	Kathleen was born before Barbara.
contradiction	Simon was born in 1994 and Steve was born in 1995.	Steve was born before Simon.
contradiction	Ruth was born in 1995 and Howard was born in 1996.	Howard was born before Ruth.
contradiction	Amy was born in 2006 and Marie was born in 2013.	Marie was born before Amy.
contradiction	Nicole was born in 1990 and Alexandra was born in 1991.	Alexandra was born before Nicole.
contradiction	Ann was born in 1990 and Sophie was born in 1991.	Sophie was born before Ann.
contradiction	Julie was born in 1992 and Sharon was born in 2017.	Sharon was born before Julie.
contradiction	Sally was born in 2007 and Donald was born in 2019.	Donald was born before Sally.
contradiction	Mary was born in 2007 and Gary was born in 2016.	Gary was born before Mary.
contradiction	Eric was born in 2009 and Charlotte was born in 2019.	Charlotte was born before Eric.
contradiction	George was born in 1994 and Lynn was born in 2000.	Lynn was born before George.
contradiction	Kim was born in 1992 and Lauren was born in 2015.	Lauren was born before Kim.
contradiction	Dorothy was born in 1992 and Simon was born in 2016.	Simon was born before Dorothy.
contradiction	Ashley was born in 1991 and Katherine was born in 1996.	Katherine was born before Ashley.
contradiction	Margaret was born in 1990 and Kelly was born in 1994.	Kelly was born before Margaret.
contradiction	Christopher was born in 1990 and Judith was born in 2013.	Judith was born before Christopher.
contradiction	Ann was born in 2007 and Kathy was born in 2008.	Kathy was born before Ann.
contradiction	Rose was born in 1996 and Bruce was born in 2014.	Bruce was born before Rose.
contradiction	Ray was born in 1999 and Greg was born in 2010.	Greg was born before Ray.
contradiction	Mary was born in 2001 and Christopher was born in 2012.	Christopher was born before Mary.
contradiction	Walter was born in 1996 and Evelyn was born in 2013.	Evelyn was born before Walter.
contradiction	Katherine was born in 1990 and Virginia was born in 1998.	Virginia was born before Katherine.
contradiction	Rachel was born in 1993 and Samuel was born in 1994.	Samuel was born before Rachel.
contradiction	Caroline was born in 2003 and Jean was born in 2006.	Jean was born before Caroline.
contradiction	Dick was born in 1993 and Evelyn was born in 2007.	Evelyn was born before Dick.
contradiction	Kenneth was born in 2016 and Jennifer was born in 2019.	Jennifer was born before Kenneth.
contradiction	Jason was born in 1990 and James was born in 1996.	James was born before Jason.
contradiction	Julia was born in 2012 and Jonathan was born in 2019.	Jonathan was born before Julia.
contradiction	Eleanor was born in 2005 and Albert was born in 2009.	Albert was born before Eleanor.
contradiction	Katie was born in 2015 and Christopher was born in 2017.	Christopher was born before Katie.
contradiction	Anne was born in 1998 and Hugh was born in 2020.	Hugh was born before Anne.
contradiction	Jean was born in 1990 and Edith was born in 1992.	Edith was born before Jean.
contradiction	Alison was born in 1990 and Lucy was born in 2017.	Lucy was born before Alison.
contradiction	Judy was born in 2000 and Michelle was born in 2012.	Michelle was born before Judy.
contradiction	Evelyn was born in 1991 and Joseph was born in 2003.	Joseph was born before Evelyn.
contradiction	Ian was born in 2005 and Sarah was born in 2007.	Sarah was born before Ian.
contradiction	Barbara was born in 2017 and Sam was born in 2019.	Sam was born before Barbara.
contradiction	Edwin was born in 1993 and Edith was born in 2016.	Edith was born before Edwin.
contradiction	Laura was born in 1991 and Joseph was born in 1995.	Joseph was born before Laura.
contradiction	Anthony was born in 1993 and Eleanor was born in 2001.	Eleanor was born before Anthony.
contradiction	Dick was born in 2013 and Amanda was born in 2018.	Amanda was born before Dick.
contradiction	John was born in 1991 and Judy was born in 1994.	Judy was born before John.
contradiction	Howard was born in 1990 and Deborah was born in 1992.	Deborah was born before Howard.
contradiction	Roger was born in 1998 and Amy was born in 2001.	Amy was born before Roger.
contradiction	Sara was born in 2006 and Alice was born in 2008.	Alice was born before Sara.
contradiction	Jill was born in 1990 and Marie was born in 1991.	Marie was born before Jill.
contradiction	Maria was born in 2001 and Samuel was born in 2007.	Samuel was born before Maria.
contradiction	Louise was born in 1994 and Frederick was born in 1998.	Frederick was born before Louise.
contradiction	Michael was born in 1990 and Kathleen was born in 2013.	Kathleen was born before Michael.
contradiction	Nicole was born in 1990 and Albert was born in 2002.	Albert was born before Nicole.
contradiction	Albert was born in 1996 and Alex was born in 2005.	Alex was born before Albert.
contradiction	Harriet was born in 1993 and Mark was born in 1997.	Mark was born before Harriet.
contradiction	Tony was born in 1991 and Annie was born in 1993.	Annie was born before Tony.
contradiction	Jason was born in 1991 and Alfred was born in 1994.	Alfred was born before Jason.
contradiction	Marie was born in 1991 and Jack was born in 1993.	Jack was born before Marie.
contradiction	Stephen was born in 1996 and Dan was born in 2000.	Dan was born before Stephen.
contradiction	Jason was born in 2013 and Frances was born in 2018.	Frances was born before Jason.
contradiction	Angela was born in 1990 and Sandra was born in 2009.	Sandra was born before Angela.
contradiction	Eleanor was born in 1992 and Ann was born in 1994.	Ann was born before Eleanor.
contradiction	Steve was born in 1990 and Frank was born in 2015.	Frank was born before Steve.
contradiction	Louise was born in 1995 and Susan was born in 1996.	Susan was born before Louise.
contradiction	Jessica was born in 2007 and Joseph was born in 2017.	Joseph was born before Jessica.
contradiction	Scott was born in 2007 and Edith was born in 2017.	Edith was born before Scott.
contradiction	Jimmy was born in 1997 and Martin was born in 2006.	Martin was born before Jimmy.
contradiction	Kim was born in 1997 and Barbara was born in 1998.	Barbara was born before Kim.
contradiction	Cynthia was born in 2001 and Fiona was born in 2003.	Fiona was born before Cynthia.
contradiction	Jean was born in 1991 and Lisa was born in 2011.	Lisa was born before Jean.
contradiction	Kate was born in 1998 and Al was born in 2013.	Al was born before Kate.
contradiction	Andrew was born in 1994 and Edwin was born in 1995.	Edwin was born before Andrew.
contradiction	Rebecca was born in 1992 and Linda was born in 2012.	Linda was born before Rebecca.
contradiction	Steve was born in 1992 and Sharon was born in 1993.	Sharon was born before Steve.
contradiction	Tom was born in 2009 and Claire was born in 2017.	Claire was born before Tom.
contradiction	Roy was born in 1991 and Lynn was born in 2003.	Lynn was born before Roy.
contradiction	Joe was born in 2006 and Chris was born in 2007.	Chris was born before Joe.
contradiction	Catherine was born in 1995 and Jeff was born in 2018.	Jeff was born before Catherine.
contradiction	Ruth was born in 1990 and Margaret was born in 1991.	Margaret was born before Ruth.
contradiction	Katherine was born in 2005 and Matthew was born in 2017.	Matthew was born before Katherine.
contradiction	Emily was born in 2003 and Rachel was born in 2005.	Rachel was born before Emily.
contradiction	Martin was born in 1990 and Kathleen was born in 1992.	Kathleen was born before Martin.
contradiction	Charlotte was born in 2000 and Scott was born in 2003.	Scott was born before Charlotte.
contradiction	Steve was born in 1998 and Kevin was born in 2006.	Kevin was born before Steve.
contradiction	Bob was born in 1990 and Robin was born in 1999.	Robin was born before Bob.
contradiction	Greg was born in 1997 and Mike was born in 2002.	Mike was born before Greg.
contradiction	Hugh was born in 2009 and Ron was born in 2016.	Ron was born before Hugh.
contradiction	Sara was born in 1993 and Sally was born in 2001.	Sally was born before Sara.
contradiction	Sam was born in 1991 and Ben was born in 2001.	Ben was born before Sam.
contradiction	Philip was born in 2011 and Lawrence was born in 2012.	Lawrence was born before Philip.
contradiction	Sue was born in 1993 and Keith was born in 1999.	Keith was born before Sue.
contradiction	Joe was born in 1993 and Margaret was born in 1998.	Margaret was born before Joe.
contradiction	Jonathan was born in 1990 and Marilyn was born in 1991.	Marilyn was born before Jonathan.
contradiction	Janet was born in 1991 and Bruce was born in 1992.	Bruce was born before Janet.
contradiction	Matthew was born in 1991 and Samuel was born in 1994.	Samuel was born before Matthew.
contradiction	Eric was born in 1990 and Larry was born in 2015.	Larry was born before Eric.
contradiction	Ellen was born in 1990 and Fred was born in 1991.	Fred was born before Ellen.
contradiction	Ed was born in 2012 and Jeff was born in 2018.	Jeff was born before Ed.
contradiction	Matt was born in 1996 and Peter was born in 2014.	Peter was born before Matt.
contradiction	Heather was born in 1997 and Melissa was born in 1998.	Melissa was born before Heather.
contradiction	Louis was born in 1990 and Michael was born in 1991.	Michael was born before Louis.
contradiction	Alfred was born in 1990 and Laura was born in 1992.	Laura was born before Alfred.
contradiction	Nicole was born in 2009 and Suzanne was born in 2018.	Suzanne was born before Nicole.
contradiction	Andrew was born in 2005 and Anna was born in 2010.	Anna was born before Andrew.
contradiction	Andrea was born in 1993 and Jerry was born in 1996.	Jerry was born before Andrea.
contradiction	Ken was born in 1990 and Tom was born in 2005.	Tom was born before Ken.
contradiction	Greg was born in 2004 and Dorothy was born in 2012.	Dorothy was born before Greg.
contradiction	Henry was born in 2017 and Ken was born in 2019.	Ken was born before Henry.
contradiction	Alexander was born in 1997 and Donna was born in 1999.	Donna was born before Alexander.
contradiction	Benjamin was born in 2005 and Ian was born in 2016.	Ian was born before Benjamin.
contradiction	Evelyn was born in 1991 and Nicole was born in 1999.	Nicole was born before Evelyn.
contradiction	Joseph was born in 1996 and Billy was born in 2003.	Billy was born before Joseph.
contradiction	Charles was born in 1998 and Mike was born in 2008.	Mike was born before Charles.
contradiction	Elaine was born in 1992 and Alan was born in 2003.	Alan was born before Elaine.
contradiction	Jeff was born in 2015 and Stephen was born in 2017.	Stephen was born before Jeff.
contradiction	Ryan was born in 1996 and Carl was born in 2008.	Carl was born before Ryan.
contradiction	Walter was born in 2014 and Ben was born in 2015.	Ben was born before Walter.
contradiction	Paul was born in 2013 and Ken was born in 2017.	Ken was born before Paul.
contradiction	Matthew was born in 1993 and Peter was born in 1998.	Peter was born before Matthew.
contradiction	Sue was born in 1991 and Joan was born in 2004.	Joan was born before Sue.
contradiction	Heather was born in 1992 and Tom was born in 2018.	Tom was born before Heather.
contradiction	Sara was born in 2003 and Alfred was born in 2004.	Alfred was born before Sara.
contradiction	Jennifer was born in 2014 and Judith was born in 2016.	Judith was born before Jennifer.
contradiction	Carolyn was born in 1994 and Ron was born in 2004.	Ron was born before Carolyn.
contradiction	Arthur was born in 1995 and Victoria was born in 1998.	Victoria was born before Arthur.
contradiction	Joan was born in 1993 and Jane was born in 1994.	Jane was born before Joan.
contradiction	Kathy was born in 1995 and Charlie was born in 1998.	Charlie was born before Kathy.
contradiction	Kim was born in 2008 and Francis was born in 2012.	Francis was born before Kim.
contradiction	Steve was born in 1996 and Julia was born in 2006.	Julia was born before Steve.
contradiction	Heather was born in 1992 and Ray was born in 2017.	Ray was born before Heather.
contradiction	Nicole was born in 1993 and Tom was born in 1998.	Tom was born before Nicole.
contradiction	Ashley was born in 2001 and Alice was born in 2002.	Alice was born before Ashley.
contradiction	Leslie was born in 1996 and Carolyn was born in 2002.	Carolyn was born before Leslie.
contradiction	Marilyn was born in 2003 and Grace was born in 2010.	Grace was born before Marilyn.
contradiction	Carol was born in 1990 and Henry was born in 2008.	Henry was born before Carol.
contradiction	Samuel was born in 1992 and Bruce was born in 1993.	Bruce was born before Samuel.
contradiction	Nancy was born in 1992 and Al was born in 2000.	Al was born before Nancy.
contradiction	Ray was born in 1993 and Nancy was born in 2018.	Nancy was born before Ray.
contradiction	Brian was born in 1990 and Harry was born in 1997.	Harry was born before Brian.
contradiction	Louis was born in 2009 and Dorothy was born in 2011.	Dorothy was born before Louis.
contradiction	Fiona was born in 2004 and Andrew was born in 2020.	Andrew was born before Fiona.
contradiction	Sue was born in 1992 and Amy was born in 2014.	Amy was born before Sue.
contradiction	Ashley was born in 1996 and Bruce was born in 2007.	Bruce was born before Ashley.
contradiction	Dave was born in 1991 and Caroline was born in 2000.	Caroline was born before Dave.
contradiction	Ian was born in 1990 and Dick was born in 1999.	Dick was born before Ian.
contradiction	Kate was born in 1995 and Steve was born in 2019.	Steve was born before Kate.
contradiction	Tony was born in 2003 and Edward was born in 2019.	Edward was born before Tony.
contradiction	Patricia was born in 1991 and Catherine was born in 1994.	Catherine was born before Patricia.
contradiction	Dave was born in 2000 and Tim was born in 2012.	Tim was born before Dave.
contradiction	Kevin was born in 1995 and Laura was born in 2007.	Laura was born before Kevin.
contradiction	Don was born in 1999 and Mark was born in 2002.	Mark was born before Don.
contradiction	Kelly was born in 1997 and Maria was born in 2006.	Maria was born before Kelly.
contradiction	Ken was born in 1999 and Harriet was born in 2018.	Harriet was born before Ken.
contradiction	Alexander was born in 1999 and Barbara was born in 2006.	Barbara was born before Alexander.
contradiction	Henry was born in 1992 and Kate was born in 1996.	Kate was born before Henry.
contradiction	Brian was born in 2005 and Sarah was born in 2007.	Sarah was born before Brian.
contradiction	Louis was born in 1992 and Grace was born in 1994.	Grace was born before Louis.
contradiction	Eric was born in 1994 and Arthur was born in 2000.	Arthur was born before Eric.
contradiction	Harold was born in 1990 and Emily was born in 1992.	Emily was born before Harold.
contradiction	Alexandra was born in 1994 and Sophie was born in 2000.	Sophie was born before Alexandra.
contradiction	Anne was born in 1991 and Bob was born in 1994.	Bob was born before Anne.
contradiction	Kelly was born in 2002 and Patricia was born in 2008.	Patricia was born before Kelly.
contradiction	Jonathan was born in 1991 and Frank was born in 1993.	Frank was born before Jonathan.
contradiction	Frederick was born in 1995 and Jay was born in 1997.	Jay was born before Frederick.
contradiction	Alex was born in 2003 and Diana was born in 2004.	Diana was born before Alex.
contradiction	Martin was born in 1992 and Marilyn was born in 2017.	Marilyn was born before Martin.
contradiction	Tim was born in 2002 and Bill was born in 2018.	Bill was born before Tim.
contradiction	Ellen was born in 2007 and Victoria was born in 2020.	Victoria was born before Ellen.
contradiction	Kathryn was born in 1990 and Ryan was born in 1993.	Ryan was born before Kathryn.
contradiction	Cynthia was born in 2002 and Barbara was born in 2008.	Barbara was born before Cynthia.
contradiction	Sally was born in 1992 and Maria was born in 1995.	Maria was born before Sally.
contradiction	Ray was born in 2012 and Jason was born in 2017.	Jason was born before Ray.
contradiction	Annie was born in 1997 and Philip was born in 2006.	Philip was born before Annie.
contradiction	Jean was born in 1993 and Alexandra was born in 1998.	Alexandra was born before Jean.
contradiction	Harold was born in 2000 and Henry was born in 2009.	Henry was born before Harold.
contradiction	Robin was born in 2000 and Kenneth was born in 2006.	Kenneth was born before Robin.
contradiction	Ann was born in 1994 and Sally was born in 2009.	Sally was born before Ann.
contradiction	Philip was born in 1994 and Andrew was born in 1997.	Andrew was born before Philip.
contradiction	Rachel was born in 2002 and Fiona was born in 2015.	Fiona was born before Rachel.
contradiction	Ashley was born in 2002 and Scott was born in 2004.	Scott was born before Ashley.
contradiction	Dan was born in 2002 and Roger was born in 2004.	Roger was born before Dan.
contradiction	Louise was born in 2009 and Dorothy was born in 2012.	Dorothy was born before Louise.
contradiction	Jean was born in 1991 and Alfred was born in 1993.	Alfred was born before Jean.
contradiction	Kathy was born in 1990 and Billy was born in 2003.	Billy was born before Kathy.
contradiction	Daniel was born in 1990 and Alan was born in 1997.	Alan was born before Daniel.
contradiction	Edwin was born in 1991 and Andrew was born in 2000.	Andrew was born before Edwin.
contradiction	Alexandra was born in 2002 and Helen was born in 2004.	Helen was born before Alexandra.
contradiction	Adam was born in 2002 and Philip was born in 2005.	Philip was born before Adam.
contradiction	Benjamin was born in 2004 and Alexandra was born in 2014.	Alexandra was born before Benjamin.
contradiction	Martha was born in 1994 and Jim was born in 2015.	Jim was born before Martha.
contradiction	John was born in 1991 and Hugh was born in 1994.	Hugh was born before John.
contradiction	Claire was born in 1997 and Bobby was born in 2019.	Bobby was born before Claire.
contradiction	Kathleen was born in 2015 and Betty was born in 2016.	Betty was born before Kathleen.
contradiction	Jimmy was born in 1995 and Robin was born in 2016.	Robin was born before Jimmy.
contradiction	Edith was born in 1996 and Peter was born in 1997.	Peter was born before Edith.
contradiction	Maria was born in 2015 and Ruth was born in 2018.	Ruth was born before Maria.
contradiction	Michael was born in 1992 and Laura was born in 1994.	Laura was born before Michael.
contradiction	Lynn was born in 1997 and Tom was born in 2002.	Tom was born before Lynn.
contradiction	Adam was born in 1990 and Alison was born in 1992.	Alison was born before Adam.
contradiction	Sally was born in 1994 and Dick was born in 2013.	Dick was born before Sally.
contradiction	Helen was born in 1996 and Rose was born in 1998.	Rose was born before Helen.
contradiction	Betty was born in 1996 and Bruce was born in 1998.	Bruce was born before Betty.
contradiction	Marilyn was born in 2006 and Frank was born in 2010.	Frank was born before Marilyn.
contradiction	Marilyn was born in 2002 and Sharon was born in 2007.	Sharon was born before Marilyn.
contradiction	Chris was born in 2013 and Mike was born in 2017.	Mike was born before Chris.
contradiction	David was born in 1995 and Sophie was born in 2018.	Sophie was born before David.
contradiction	Mary was born in 1993 and Kenneth was born in 2004.	Kenneth was born before Mary.
contradiction	Emily was born in 2003 and Louise was born in 2005.	Louise was born before Emily.
contradiction	Annie was born in 2007 and Billy was born in 2012.	Billy was born before Annie.
contradiction	Don was born in 1996 and Al was born in 2007.	Al was born before Don.
contradiction	Florence was born in 1997 and Helen was born in 2008.	Helen was born before Florence.
contradiction	Gary was born in 2006 and Melissa was born in 2011.	Melissa was born before Gary.
contradiction	Alison was born in 2001 and Katie was born in 2007.	Katie was born before Alison.
contradiction	Jonathan was born in 2016 and Dave was born in 2020.	Dave was born before Jonathan.
contradiction	Ann was born in 1991 and Jennifer was born in 1994.	Jennifer was born before Ann.
contradiction	Ashley was born in 1995 and Fiona was born in 2011.	Fiona was born before Ashley.
contradiction	Emily was born in 1991 and Colin was born in 1996.	Colin was born before Emily.
contradiction	Heather was born in 2001 and Dan was born in 2003.	Dan was born before Heather.
contradiction	Angela was born in 1993 and Fred was born in 1994.	Fred was born before Angela.
contradiction	Ben was born in 2001 and William was born in 2015.	William was born before Ben.
contradiction	Bobby was born in 1990 and Virginia was born in 1999.	Virginia was born before Bobby.
contradiction	Charlie was born in 1995 and Donald was born in 2002.	Donald was born before Charlie.
contradiction	Margaret was born in 2003 and Carl was born in 2007.	Carl was born before Margaret.
contradiction	Frank was born in 1998 and Edward was born in 2000.	Edward was born before Frank.
contradiction	Fiona was born in 1991 and Donald was born in 2016.	Donald was born before Fiona.
contradiction	Virginia was born in 2004 and Helen was born in 2007.	Helen was born before Virginia.
contradiction	Florence was born in 2000 and Elizabeth was born in 2013.	Elizabeth was born before Florence.
contradiction	Lucy was born in 2006 and Jack was born in 2008.	Jack was born before Lucy.
contradiction	Larry was born in 1992 and Samuel was born in 2019.	Samuel was born before Larry.
contradiction	Alexandra was born in 2007 and Kate was born in 2014.	Kate was born before Alexandra.
contradiction	Susan was born in 2001 and Julie was born in 2002.	Julie was born before Susan.
contradiction	Carl was born in 1995 and Albert was born in 1998.	Albert was born before Carl.
contradiction	Alex was born in 2004 and Ashley was born in 2005.	Ashley was born before Alex.
contradiction	Virginia was born in 1990 and Alan was born in 1991.	Alan was born before Virginia.
contradiction	Sandra was born in 1998 and Nick was born in 2014.	Nick was born before Sandra.
contradiction	Andrew was born in 2002 and Ron was born in 2015.	Ron was born before Andrew.
contradiction	Emma was born in 1993 and Helen was born in 2018.	Helen was born before Emma.
contradiction	Ashley was born in 1990 and Albert was born in 1992.	Albert was born before Ashley.
contradiction	Karen was born in 2016 and Katherine was born in 2018.	Katherine was born before Karen.
contradiction	Lucy was born in 2000 and Stephen was born in 2001.	Stephen was born before Lucy.
contradiction	Brian was born in 1993 and Carol was born in 1999.	Carol was born before Brian.
contradiction	Jennifer was born in 1994 and Larry was born in 1997.	Larry was born before Jennifer.
contradiction	Samuel was born in 1991 and Christopher was born in 1994.	Christopher was born before Samuel.
contradiction	Steve was born in 2008 and Brian was born in 2013.	Brian was born before Steve.
contradiction	Greg was born in 1995 and Thomas was born in 1996.	Thomas was born before Greg.
contradiction	Chris was born in 1995 and Emily was born in 2000.	Emily was born before Chris.
contradiction	Lynn was born in 2008 and Katie was born in 2020.	Katie was born before Lynn.
contradiction	Dave was born in 1997 and Katie was born in 2001.	Katie was born before Dave.
contradiction	Jeff was born in 1995 and Alex was born in 2019.	Alex was born before Jeff.
contradiction	Jim was born in 1990 and Ron was born in 1991.	Ron was born before Jim.
contradiction	Fred was born in 2009 and Larry was born in 2018.	Larry was born before Fred.
contradiction	Brian was born in 1997 and Charlotte was born in 2003.	Charlotte was born before Brian.
contradiction	Edith was born in 1997 and Larry was born in 2018.	Larry was born before Edith.
contradiction	Keith was born in 2000 and Grace was born in 2011.	Grace was born before Keith.
contradiction	Adam was born in 1992 and Karen was born in 1996.	Karen was born before Adam.
contradiction	Alison was born in 1994 and Margaret was born in 1998.	Margaret was born before Alison.
contradiction	Albert was born in 2003 and Kathleen was born in 2013.	Kathleen was born before Albert.
contradiction	Kathleen was born in 1997 and Stephanie was born in 2012.	Stephanie was born before Kathleen.
contradiction	Virginia was born in 1992 and Judy was born in 1993.	Judy was born before Virginia.
contradiction	Lisa was born in 1997 and Jim was born in 2004.	Jim was born before Lisa.
contradiction	Michelle was born in 2004 and Ellen was born in 2008.	Ellen was born before Michelle.
contradiction	Martin was born in 2013 and Sarah was born in 2020.	Sarah was born before Martin.
contradiction	Anthony was born in 1991 and Amy was born in 2002.	Amy was born before Anthony.
contradiction	Wendy was born in 1992 and Leslie was born in 2014.	Leslie was born before Wendy.
contradiction	Louise was born in 2000 and Larry was born in 2020.	Larry was born before Louise.
contradiction	Roger was born in 1999 and Lucy was born in 2017.	Lucy was born before Roger.
contradiction	Billy was born in 2003 and George was born in 2004.	George was born before Billy.
contradiction	Benjamin was born in 1991 and Andrew was born in 1994.	Andrew was born before Benjamin.
contradiction	Laura was born in 1990 and Caroline was born in 2003.	Caroline was born before Laura.
contradiction	Ray was born in 1993 and Susan was born in 2005.	Susan was born before Ray.
contradiction	Cynthia was born in 2001 and Elaine was born in 2006.	Elaine was born before Cynthia.
contradiction	Judith was born in 1990 and Frank was born in 1999.	Frank was born before Judith.
contradiction	Mark was born in 1990 and Laura was born in 1992.	Laura was born before Mark.
contradiction	Ray was born in 1990 and Tony was born in 1994.	Tony was born before Ray.
contradiction	Alan was born in 1997 and Francis was born in 2007.	Francis was born before Alan.
contradiction	Lisa was born in 2014 and Judith was born in 2017.	Judith was born before Lisa.
contradiction	Bruce was born in 1994 and Nancy was born in 2004.	Nancy was born before Bruce.
contradiction	Carl was born in 2007 and Peter was born in 2017.	Peter was born before Carl.
contradiction	Sam was born in 1996 and Hugh was born in 2010.	Hugh was born before Sam.
contradiction	Annie was born in 2001 and James was born in 2007.	James was born before Annie.
contradiction	Robin was born in 2001 and Louis was born in 2002.	Louis was born before Robin.
contradiction	Anne was born in 1992 and Helen was born in 1995.	Helen was born before Anne.
contradiction	Ralph was born in 1990 and Martin was born in 2011.	Martin was born before Ralph.
contradiction	Ben was born in 2007 and Sally was born in 2016.	Sally was born before Ben.
contradiction	Michael was born in 2014 and Benjamin was born in 2019.	Benjamin was born before Michael.
contradiction	Florence was born in 1996 and Mark was born in 2013.	Mark was born before Florence.
contradiction	Cynthia was born in 1990 and William was born in 2020.	William was born before Cynthia.
contradiction	Kenneth was born in 2003 and Karen was born in 2009.	Karen was born before Kenneth.
contradiction	Ken was born in 1990 and Johnny was born in 1992.	Johnny was born before Ken.
contradiction	Henry was born in 2003 and Ray was born in 2017.	Ray was born before Henry.
contradiction	Alice was born in 1992 and Scott was born in 2008.	Scott was born before Alice.
contradiction	Sophie was born in 2010 and Lucy was born in 2015.	Lucy was born before Sophie.
contradiction	Roger was born in 2005 and Bill was born in 2015.	Bill was born before Roger.
contradiction	Lucy was born in 2009 and Diane was born in 2010.	Diane was born before Lucy.
contradiction	Carol was born in 1998 and Leslie was born in 2000.	Leslie was born before Carol.
contradiction	Ken was born in 1994 and Jack was born in 2000.	Jack was born before Ken.
contradiction	Diane was born in 1993 and Harold was born in 1998.	Harold was born before Diane.
contradiction	Eric was born in 1997 and Harry was born in 2001.	Harry was born before Eric.
contradiction	Arthur was born in 1994 and Sharon was born in 2004.	Sharon was born before Arthur.
contradiction	Tony was born in 1992 and Fiona was born in 2003.	Fiona was born before Tony.
contradiction	Ellen was born in 2002 and Kim was born in 2011.	Kim was born before Ellen.
contradiction	Alexandra was born in 1997 and Claire was born in 2001.	Claire was born before Alexandra.
contradiction	Fiona was born in 1991 and Karen was born in 2000.	Karen was born before Fiona.
contradiction	Andrea was born in 1991 and Janet was born in 1992.	Janet was born before Andrea.
contradiction	Matt was born in 1994 and Sara was born in 1995.	Sara was born before Matt.
contradiction	Wendy was born in 1991 and Matt was born in 2001.	Matt was born before Wendy.
contradiction	David was born in 2006 and Michelle was born in 2007.	Michelle was born before David.
contradiction	Alexander was born in 1991 and Thomas was born in 2020.	Thomas was born before Alexander.
contradiction	Alexandra was born in 2013 and Eleanor was born in 2019.	Eleanor was born before Alexandra.
contradiction	Jane was born in 1990 and Jonathan was born in 1991.	Jonathan was born before Jane.
contradiction	Jimmy was born in 2003 and Amy was born in 2012.	Amy was born before Jimmy.
contradiction	Heather was born in 1991 and Grace was born in 1994.	Grace was born before Heather.
contradiction	Larry was born in 2003 and Carol was born in 2008.	Carol was born before Larry.
contradiction	Johnny was born in 1990 and Roger was born in 1991.	Roger was born before Johnny.
contradiction	Harold was born in 2001 and Philip was born in 2013.	Philip was born before Harold.
contradiction	Caroline was born in 1995 and Laura was born in 2008.	Laura was born before Caroline.
contradiction	Andrew was born in 1994 and Billy was born in 1996.	Billy was born before Andrew.
contradiction	Robin was born in 2005 and Ron was born in 2015.	Ron was born before Robin.
contradiction	Ed was born in 2011 and Don was born in 2017.	Don was born before Ed.
contradiction	Ed was born in 1990 and James was born in 2011.	James was born before Ed.
contradiction	Kathryn was born in 2003 and Caroline was born in 2017.	Caroline was born before Kathryn.
contradiction	Jerry was born in 1997 and Elaine was born in 1998.	Elaine was born before Jerry.
contradiction	Jean was born in 1993 and Dorothy was born in 1996.	Dorothy was born before Jean.
contradiction	Ann was born in 1998 and Harriet was born in 2007.	Harriet was born before Ann.
contradiction	Francis was born in 2011 and Emily was born in 2016.	Emily was born before Francis.
contradiction	Bob was born in 1992 and Maria was born in 1997.	Maria was born before Bob.
contradiction	Jerry was born in 2003 and Dan was born in 2011.	Dan was born before Jerry.
contradiction	Alexander was born in 2002 and Emily was born in 2008.	Emily was born before Alexander.
contradiction	Alan was born in 1990 and Dave was born in 2003.	Dave was born before Alan.
contradiction	Elaine was born in 1996 and Jimmy was born in 2000.	Jimmy was born before Elaine.
contradiction	Thomas was born in 1990 and Gary was born in 1991.	Gary was born before Thomas.
contradiction	Bob was born in 1992 and Melissa was born in 2018.	Melissa was born before Bob.
contradiction	Frances was born in 1990 and Paul was born in 1993.	Paul was born before Frances.
contradiction	Rebecca was born in 1996 and Fred was born in 2001.	Fred was born before Rebecca.
contradiction	Mark was born in 2002 and Laura was born in 2020.	Laura was born before Mark.
contradiction	Joseph was born in 2003 and Billy was born in 2004.	Billy was born before Joseph.
contradiction	George was born in 1992 and Betty was born in 2011.	Betty was born before George.
contradiction	Jill was born in 2002 and Steven was born in 2008.	Steven was born before Jill.
contradiction	Kate was born in 1993 and Andrew was born in 2000.	Andrew was born before Kate.
contradiction	Frances was born in 2010 and Claire was born in 2013.	Claire was born before Frances.
contradiction	Edward was born in 2010 and Sue was born in 2018.	Sue was born before Edward.
contradiction	Andrew was born in 2006 and Harold was born in 2008.	Harold was born before Andrew.
contradiction	Scott was born in 1991 and Stephen was born in 1995.	Stephen was born before Scott.
contradiction	Frederick was born in 2001 and Suzanne was born in 2014.	Suzanne was born before Frederick.
contradiction	Edith was born in 2005 and Sue was born in 2007.	Sue was born before Edith.
contradiction	Kathleen was born in 1995 and Bruce was born in 2007.	Bruce was born before Kathleen.
contradiction	Tim was born in 1993 and Elizabeth was born in 2006.	Elizabeth was born before Tim.
contradiction	Lauren was born in 1996 and Anne was born in 2019.	Anne was born before Lauren.
contradiction	Thomas was born in 1994 and Elizabeth was born in 1996.	Elizabeth was born before Thomas.
contradiction	Donna was born in 1991 and Edith was born in 1993.	Edith was born before Donna.
contradiction	Ben was born in 2010 and Jean was born in 2012.	Jean was born before Ben.
contradiction	Bruce was born in 2004 and Harriet was born in 2009.	Harriet was born before Bruce.
contradiction	Katie was born in 1991 and Sophie was born in 1993.	Sophie was born before Katie.
contradiction	Leslie was born in 2007 and Dan was born in 2010.	Dan was born before Leslie.
contradiction	Ryan was born in 2005 and Karen was born in 2013.	Karen was born before Ryan.
contradiction	Lisa was born in 2004 and Maria was born in 2007.	Maria was born before Lisa.
contradiction	Linda was born in 1998 and Christopher was born in 2002.	Christopher was born before Linda.
contradiction	Janet was born in 2011 and Mike was born in 2019.	Mike was born before Janet.
contradiction	Jimmy was born in 1996 and Carolyn was born in 1998.	Carolyn was born before Jimmy.
contradiction	Alice was born in 2005 and Francis was born in 2014.	Francis was born before Alice.
contradiction	Margaret was born in 2000 and Hugh was born in 2005.	Hugh was born before Margaret.
contradiction	Ruth was born in 1991 and Evelyn was born in 2017.	Evelyn was born before Ruth.
contradiction	Diane was born in 1997 and Jim was born in 2011.	Jim was born before Diane.
contradiction	Melissa was born in 2011 and Sarah was born in 2015.	Sarah was born before Melissa.
contradiction	Albert was born in 1994 and Edward was born in 1997.	Edward was born before Albert.
contradiction	Catherine was born in 2011 and Wendy was born in 2014.	Wendy was born before Catherine.
contradiction	Charles was born in 1995 and Dan was born in 2005.	Dan was born before Charles.
contradiction	Christine was born in 1996 and Peter was born in 2015.	Peter was born before Christine.
contradiction	Ruth was born in 1992 and Bob was born in 1993.	Bob was born before Ruth.
contradiction	Ed was born in 1994 and Bobby was born in 2005.	Bobby was born before Ed.
contradiction	Mary was born in 1995 and Elizabeth was born in 2004.	Elizabeth was born before Mary.
contradiction	Laura was born in 1996 and Cynthia was born in 2005.	Cynthia was born before Laura.
contradiction	Ben was born in 1994 and Martha was born in 1995.	Martha was born before Ben.
contradiction	David was born in 2017 and Alfred was born in 2019.	Alfred was born before David.
contradiction	Chris was born in 2006 and Susan was born in 2019.	Susan was born before Chris.
contradiction	Ed was born in 2012 and James was born in 2018.	James was born before Ed.
contradiction	Harold was born in 1998 and Karen was born in 2004.	Karen was born before Harold.
contradiction	Angela was born in 1990 and Ray was born in 1998.	Ray was born before Angela.
contradiction	Judy was born in 1991 and Bobby was born in 1993.	Bobby was born before Judy.
contradiction	Carol was born in 1991 and Robert was born in 1999.	Robert was born before Carol.
contradiction	Virginia was born in 1993 and Michael was born in 2007.	Michael was born before Virginia.
contradiction	Steven was born in 1993 and Lisa was born in 1999.	Lisa was born before Steven.
contradiction	Tony was born in 2010 and Scott was born in 2012.	Scott was born before Tony.
contradiction	Sally was born in 1998 and Elizabeth was born in 2003.	Elizabeth was born before Sally.
contradiction	Barbara was born in 2003 and Betty was born in 2014.	Betty was born before Barbara.
contradiction	Dick was born in 1991 and Helen was born in 2002.	Helen was born before Dick.
contradiction	Margaret was born in 1993 and Harriet was born in 2008.	Harriet was born before Margaret.
contradiction	Diana was born in 1990 and Steven was born in 1991.	Steven was born before Diana.
contradiction	Charlie was born in 2003 and Al was born in 2004.	Al was born before Charlie.
contradiction	Cynthia was born in 1998 and Dan was born in 2005.	Dan was born before Cynthia.
contradiction	Carol was born in 1992 and Sharon was born in 1997.	Sharon was born before Carol.
contradiction	Martha was born in 2003 and Tim was born in 2009.	Tim was born before Martha.
contradiction	Andrea was born in 1993 and Alan was born in 1995.	Alan was born before Andrea.
contradiction	Jerry was born in 1994 and Michael was born in 2006.	Michael was born before Jerry.
contradiction	Amanda was born in 1995 and Pamela was born in 2002.	Pamela was born before Amanda.
contradiction	Ellen was born in 1991 and Jill was born in 1993.	Jill was born before Ellen.
contradiction	Francis was born in 1996 and Amanda was born in 2006.	Amanda was born before Francis.
contradiction	Ron was born in 1991 and George was born in 1992.	George was born before Ron.
contradiction	Howard was born in 1990 and Roy was born in 1991.	Roy was born before Howard.
contradiction	Albert was born in 1990 and Louis was born in 1996.	Louis was born before Albert.
contradiction	Christopher was born in 1993 and Stephanie was born in 2018.	Stephanie was born before Christopher.
contradiction	Howard was born in 1990 and Andrew was born in 2004.	Andrew was born before Howard.
contradiction	Jim was born in 1991 and Kathleen was born in 1995.	Kathleen was born before Jim.
contradiction	Jerry was born in 2006 and Judith was born in 2009.	Judith was born before Jerry.
contradiction	Roger was born in 1991 and Karen was born in 1995.	Karen was born before Roger.
contradiction	Kelly was born in 1990 and Amy was born in 1995.	Amy was born before Kelly.
contradiction	Donald was born in 1998 and Bruce was born in 2017.	Bruce was born before Donald.
contradiction	Donald was born in 1992 and Paul was born in 2007.	Paul was born before Donald.
contradiction	Patricia was born in 2002 and Brian was born in 2015.	Brian was born before Patricia.
contradiction	Benjamin was born in 1997 and Angela was born in 2005.	Angela was born before Benjamin.
contradiction	Kate was born in 2005 and Suzanne was born in 2013.	Suzanne was born before Kate.
contradiction	Caroline was born in 2003 and Jimmy was born in 2015.	Jimmy was born before Caroline.
contradiction	Francis was born in 2001 and Tom was born in 2009.	Tom was born before Francis.
contradiction	Tim was born in 1991 and Frederick was born in 2002.	Frederick was born before Tim.
contradiction	Rose was born in 2001 and Jerry was born in 2007.	Jerry was born before Rose.
contradiction	Joe was born in 2003 and Marie was born in 2004.	Marie was born before Joe.
contradiction	Jill was born in 1990 and Margaret was born in 1991.	Margaret was born before Jill.
contradiction	Alison was born in 1991 and Louise was born in 1997.	Louise was born before Alison.
contradiction	Brian was born in 1998 and Bobby was born in 2014.	Bobby was born before Brian.
contradiction	Matt was born in 1992 and Ron was born in 2014.	Ron was born before Matt.
contradiction	Alex was born in 1992 and Nicole was born in 2001.	Nicole was born before Alex.
contradiction	Kathy was born in 1994 and Sharon was born in 2016.	Sharon was born before Kathy.
contradiction	Paul was born in 2003 and Ruth was born in 2004.	Ruth was born before Paul.
contradiction	Adam was born in 2004 and Ken was born in 2006.	Ken was born before Adam.
contradiction	Sarah was born in 1992 and Alexandra was born in 1998.	Alexandra was born before Sarah.
contradiction	Jason was born in 2010 and Steve was born in 2014.	Steve was born before Jason.
contradiction	Lynn was born in 1991 and Philip was born in 1992.	Philip was born before Lynn.
contradiction	Tom was born in 1994 and Dan was born in 2004.	Dan was born before Tom.
contradiction	Charlie was born in 1997 and Rose was born in 2015.	Rose was born before Charlie.
contradiction	Donald was born in 1998 and Keith was born in 2016.	Keith was born before Donald.
contradiction	Dan was born in 2004 and Jason was born in 2007.	Jason was born before Dan.
contradiction	Steve was born in 1994 and Walter was born in 1995.	Walter was born before Steve.
contradiction	Frederick was born in 2012 and Ruth was born in 2018.	Ruth was born before Frederick.
contradiction	Dorothy was born in 1990 and Diana was born in 1999.	Diana was born before Dorothy.
contradiction	Ashley was born in 1990 and Lauren was born in 2010.	Lauren was born before Ashley.
contradiction	Roy was born in 1991 and Anthony was born in 1993.	Anthony was born before Roy.
contradiction	Lawrence was born in 2002 and Margaret was born in 2007.	Margaret was born before Lawrence.
contradiction	Frances was born in 1990 and Roger was born in 2003.	Roger was born before Frances.
contradiction	Eleanor was born in 1999 and Louise was born in 2005.	Louise was born before Eleanor.
contradiction	Robert was born in 2011 and Sarah was born in 2017.	Sarah was born before Robert.
contradiction	Edwin was born in 2006 and Jane was born in 2013.	Jane was born before Edwin.
contradiction	Mary was born in 2009 and Lucy was born in 2014.	Lucy was born before Mary.
contradiction	Michelle was born in 1993 and Andrea was born in 1995.	Andrea was born before Michelle.
contradiction	Jason was born in 1993 and Larry was born in 1996.	Larry was born before Jason.
contradiction	Edward was born in 1993 and Julia was born in 2005.	Julia was born before Edward.
contradiction	Jennifer was born in 2011 and Rebecca was born in 2013.	Rebecca was born before Jennifer.
contradiction	Philip was born in 1992 and Harold was born in 1997.	Harold was born before Philip.
contradiction	Tim was born in 1995 and Nick was born in 1998.	Nick was born before Tim.
contradiction	Katie was born in 1990 and Michael was born in 1993.	Michael was born before Katie.
contradiction	Mark was born in 2003 and Johnny was born in 2019.	Johnny was born before Mark.
contradiction	Billy was born in 2000 and Roy was born in 2003.	Roy was born before Billy.
contradiction	Kathryn was born in 1994 and Alfred was born in 1996.	Alfred was born before Kathryn.
contradiction	George was born in 1992 and Carolyn was born in 1997.	Carolyn was born before George.
contradiction	Bobby was born in 2013 and Tim was born in 2014.	Tim was born before Bobby.
contradiction	Bobby was born in 1993 and Martha was born in 1997.	Martha was born before Bobby.
contradiction	Martin was born in 1990 and Maria was born in 1992.	Maria was born before Martin.
contradiction	Walter was born in 1998 and Harriet was born in 2004.	Harriet was born before Walter.
contradiction	Walter was born in 2001 and Bruce was born in 2014.	Bruce was born before Walter.
contradiction	Laura was born in 2012 and Elaine was born in 2019.	Elaine was born before Laura.
contradiction	Edward was born in 1994 and Charles was born in 2012.	Charles was born before Edward.
contradiction	Sarah was born in 1992 and Bobby was born in 1997.	Bobby was born before Sarah.
contradiction	Rebecca was born in 1995 and Amy was born in 2012.	Amy was born before Rebecca.
contradiction	Richard was born in 1990 and Melissa was born in 1992.	Melissa was born before Richard.
contradiction	Margaret was born in 2015 and Kathleen was born in 2017.	Kathleen was born before Margaret.
contradiction	Sara was born in 1996 and Mary was born in 2014.	Mary was born before Sara.
contradiction	Charlie was born in 1990 and Stephen was born in 2003.	Stephen was born before Charlie.
contradiction	Alice was born in 2002 and Lynn was born in 2012.	Lynn was born before Alice.
contradiction	Dick was born in 1993 and Kathy was born in 2002.	Kathy was born before Dick.
contradiction	Katie was born in 1996 and Jill was born in 2003.	Jill was born before Katie.
contradiction	Alan was born in 1998 and Alison was born in 2009.	Alison was born before Alan.
contradiction	Elizabeth was born in 1990 and Donna was born in 2018.	Donna was born before Elizabeth.
contradiction	Christine was born in 2009 and Amy was born in 2011.	Amy was born before Christine.
contradiction	Judith was born in 1998 and Bruce was born in 2011.	Bruce was born before Judith.
contradiction	Amy was born in 1990 and Laura was born in 1994.	Laura was born before Amy.
contradiction	Simon was born in 1991 and Alice was born in 2012.	Alice was born before Simon.
contradiction	Wendy was born in 1994 and Brian was born in 2002.	Brian was born before Wendy.
contradiction	Bob was born in 1991 and Patrick was born in 2005.	Patrick was born before Bob.
contradiction	Ellen was born in 1999 and Laura was born in 2011.	Laura was born before Ellen.
contradiction	Johnny was born in 1993 and Jeff was born in 2002.	Jeff was born before Johnny.
contradiction	Katie was born in 1994 and Ian was born in 1999.	Ian was born before Katie.
contradiction	Thomas was born in 1991 and Kathleen was born in 2005.	Kathleen was born before Thomas.
contradiction	Sue was born in 1992 and Katherine was born in 1993.	Katherine was born before Sue.
contradiction	Adam was born in 1990 and Larry was born in 1991.	Larry was born before Adam.
contradiction	Philip was born in 1992 and Kathryn was born in 1993.	Kathryn was born before Philip.
contradiction	Kathleen was born in 1994 and Sam was born in 2008.	Sam was born before Kathleen.
contradiction	Wendy was born in 1999 and Alison was born in 2014.	Alison was born before Wendy.
contradiction	Edward was born in 1990 and Jonathan was born in 1991.	Jonathan was born before Edward.
contradiction	Francis was born in 1999 and Charles was born in 2020.	Charles was born before Francis.
contradiction	Emily was born in 2016 and Keith was born in 2018.	Keith was born before Emily.
contradiction	Anne was born in 2001 and Frederick was born in 2004.	Frederick was born before Anne.
contradiction	Carl was born in 1990 and Nick was born in 1995.	Nick was born before Carl.
contradiction	Benjamin was born in 2005 and Dorothy was born in 2008.	Dorothy was born before Benjamin.
contradiction	Hugh was born in 1992 and Jim was born in 2015.	Jim was born before Hugh.
contradiction	Scott was born in 2005 and Alison was born in 2017.	Alison was born before Scott.
contradiction	Alison was born in 1996 and Paul was born in 2010.	Paul was born before Alison.
contradiction	Christopher was born in 1990 and Catherine was born in 2008.	Catherine was born before Christopher.
contradiction	Tony was born in 1990 and Ben was born in 1991.	Ben was born before Tony.
contradiction	Elizabeth was born in 1991 and Matt was born in 2007.	Matt was born before Elizabeth.
contradiction	George was born in 1991 and Richard was born in 1999.	Richard was born before George.
contradiction	Matt was born in 1994 and Stephen was born in 2002.	Stephen was born before Matt.
contradiction	Julia was born in 2006 and Chris was born in 2009.	Chris was born before Julia.
contradiction	Emily was born in 1991 and Michael was born in 1999.	Michael was born before Emily.
contradiction	Jane was born in 2015 and Martha was born in 2020.	Martha was born before Jane.
contradiction	Elizabeth was born in 1991 and Heather was born in 2016.	Heather was born before Elizabeth.
contradiction	Robert was born in 1993 and Carol was born in 2006.	Carol was born before Robert.
contradiction	Alfred was born in 1993 and Charlie was born in 1995.	Charlie was born before Alfred.
contradiction	Ed was born in 1991 and Henry was born in 1992.	Henry was born before Ed.
contradiction	Jimmy was born in 2001 and Elaine was born in 2002.	Elaine was born before Jimmy.
contradiction	James was born in 2004 and Maria was born in 2010.	Maria was born before James.
contradiction	Mark was born in 1995 and Margaret was born in 2000.	Margaret was born before Mark.
contradiction	Arthur was born in 2004 and Sue was born in 2011.	Sue was born before Arthur.
contradiction	Jason was born in 2002 and Elaine was born in 2011.	Elaine was born before Jason.
contradiction	Brian was born in 1993 and Lauren was born in 1995.	Lauren was born before Brian.
contradiction	Tony was born in 2008 and Al was born in 2010.	Al was born before Tony.
contradiction	Kate was born in 2002 and Laura was born in 2008.	Laura was born before Kate.
contradiction	Rachel was born in 1995 and George was born in 2004.	George was born before Rachel.
contradiction	Henry was born in 1991 and Charlie was born in 1993.	Charlie was born before Henry.
contradiction	Ellen was born in 1997 and Ashley was born in 2016.	Ashley was born before Ellen.
contradiction	Emma was born in 2002 and Dick was born in 2007.	Dick was born before Emma.
contradiction	Bruce was born in 2011 and Howard was born in 2019.	Howard was born before Bruce.
contradiction	James was born in 1996 and Edward was born in 1999.	Edward was born before James.
contradiction	Roy was born in 1990 and Mary was born in 2008.	Mary was born before Roy.
contradiction	Greg was born in 2013 and Andrew was born in 2015.	Andrew was born before Greg.
contradiction	Sandra was born in 1992 and Victoria was born in 2007.	Victoria was born before Sandra.
contradiction	Colin was born in 1999 and Diana was born in 2005.	Diana was born before Colin.
contradiction	Stephen was born in 1991 and Grace was born in 1998.	Grace was born before Stephen.
contradiction	Elaine was born in 1997 and Anthony was born in 2013.	Anthony was born before Elaine.
contradiction	Cynthia was born in 1996 and Jason was born in 2006.	Jason was born before Cynthia.
contradiction	Tony was born in 1997 and Victoria was born in 2000.	Victoria was born before Tony.
contradiction	Ryan was born in 1996 and Benjamin was born in 2002.	Benjamin was born before Ryan.
contradiction	Ashley was born in 1992 and Emma was born in 2015.	Emma was born before Ashley.
contradiction	Janet was born in 1993 and Brian was born in 2003.	Brian was born before Janet.
contradiction	Frank was born in 1990 and Scott was born in 2016.	Scott was born before Frank.
contradiction	Tom was born in 1990 and Julie was born in 1991.	Julie was born before Tom.
contradiction	Jane was born in 1999 and Matthew was born in 2019.	Matthew was born before Jane.
contradiction	Judy was born in 1991 and Mike was born in 2013.	Mike was born before Judy.
contradiction	Jonathan was born in 2001 and Judith was born in 2003.	Judith was born before Jonathan.
contradiction	Katherine was born in 1994 and Harriet was born in 2000.	Harriet was born before Katherine.
contradiction	Patrick was born in 1998 and Jason was born in 1999.	Jason was born before Patrick.
contradiction	Tim was born in 1991 and Pamela was born in 1993.	Pamela was born before Tim.
contradiction	Donna was born in 1996 and William was born in 2003.	William was born before Donna.
contradiction	Jennifer was born in 2003 and Matthew was born in 2006.	Matthew was born before Jennifer.
contradiction	Peter was born in 1994 and Kathleen was born in 1997.	Kathleen was born before Peter.
contradiction	John was born in 1998 and Albert was born in 2019.	Albert was born before John.
contradiction	Angela was born in 2002 and Fred was born in 2009.	Fred was born before Angela.
contradiction	Ralph was born in 1998 and Alan was born in 1999.	Alan was born before Ralph.
contradiction	Alex was born in 2000 and Emma was born in 2001.	Emma was born before Alex.
contradiction	Johnny was born in 2012 and Frederick was born in 2014.	Frederick was born before Johnny.
contradiction	Diana was born in 1991 and Pamela was born in 2019.	Pamela was born before Diana.
contradiction	James was born in 1992 and Donald was born in 2004.	Donald was born before James.
contradiction	Anna was born in 2003 and Arthur was born in 2008.	Arthur was born before Anna.
contradiction	Kenneth was born in 1997 and Lucy was born in 2014.	Lucy was born before Kenneth.
contradiction	Alfred was born in 1990 and Mary was born in 1997.	Mary was born before Alfred.
contradiction	Maria was born in 1994 and Ann was born in 1995.	Ann was born before Maria.
contradiction	Mark was born in 1991 and Jimmy was born in 1993.	Jimmy was born before Mark.
contradiction	Roger was born in 1991 and Dick was born in 2003.	Dick was born before Roger.
contradiction	Ron was born in 2000 and Evelyn was born in 2008.	Evelyn was born before Ron.
contradiction	Tony was born in 1991 and Ray was born in 1992.	Ray was born before Tony.
contradiction	Walter was born in 1994 and Elaine was born in 2005.	Elaine was born before Walter.
contradiction	Francis was born in 2010 and John was born in 2012.	John was born before Francis.
contradiction	Katherine was born in 1995 and Judith was born in 2008.	Judith was born before Katherine.
contradiction	Sandra was born in 1990 and Nicole was born in 1995.	Nicole was born before Sandra.
contradiction	Colin was born in 1996 and Stephanie was born in 2011.	Stephanie was born before Colin.
contradiction	Heather was born in 1990 and Betty was born in 1993.	Betty was born before Heather.
contradiction	Mark was born in 1992 and Christine was born in 1997.	Christine was born before Mark.
contradiction	Sara was born in 1993 and Paul was born in 1994.	Paul was born before Sara.
contradiction	Richard was born in 2002 and Kathy was born in 2007.	Kathy was born before Richard.
contradiction	Elaine was born in 1990 and Sharon was born in 1995.	Sharon was born before Elaine.
contradiction	Amanda was born in 1990 and Walter was born in 2002.	Walter was born before Amanda.
contradiction	Alexander was born in 1995 and Dan was born in 1997.	Dan was born before Alexander.
contradiction	Steve was born in 1992 and Colin was born in 1994.	Colin was born before Steve.
contradiction	Patrick was born in 1990 and Charles was born in 1992.	Charles was born before Patrick.
contradiction	Jim was born in 2013 and Lauren was born in 2018.	Lauren was born before Jim.
contradiction	Dorothy was born in 1994 and Paul was born in 2004.	Paul was born before Dorothy.
contradiction	Barbara was born in 2000 and Edwin was born in 2006.	Edwin was born before Barbara.
contradiction	Edward was born in 2000 and Claire was born in 2013.	Claire was born before Edward.
contradiction	Mary was born in 1995 and Pamela was born in 1997.	Pamela was born before Mary.
contradiction	Ruth was born in 1994 and Dorothy was born in 2001.	Dorothy was born before Ruth.
contradiction	Edwin was born in 1993 and Judith was born in 1999.	Judith was born before Edwin.
contradiction	Bobby was born in 1993 and Ann was born in 2000.	Ann was born before Bobby.
contradiction	Suzanne was born in 1990 and Amanda was born in 2008.	Amanda was born before Suzanne.
contradiction	Sharon was born in 1998 and Emily was born in 2008.	Emily was born before Sharon.
contradiction	Pamela was born in 1990 and Judith was born in 1991.	Judith was born before Pamela.
contradiction	Kenneth was born in 1999 and Robin was born in 2000.	Robin was born before Kenneth.
contradiction	Nancy was born in 1991 and Lisa was born in 2005.	Lisa was born before Nancy.
contradiction	Barbara was born in 2006 and Christopher was born in 2014.	Christopher was born before Barbara.
contradiction	Dave was born in 1990 and Carol was born in 1995.	Carol was born before Dave.
contradiction	Colin was born in 2006 and Kim was born in 2015.	Kim was born before Colin.
contradiction	Betty was born in 2007 and Maria was born in 2015.	Maria was born before Betty.
contradiction	Frances was born in 1990 and Judy was born in 2000.	Judy was born before Frances.
contradiction	Michael was born in 1998 and Marilyn was born in 2007.	Marilyn was born before Michael.
contradiction	Francis was born in 1990 and Al was born in 1991.	Al was born before Francis.
contradiction	Louise was born in 1992 and Anne was born in 2000.	Anne was born before Louise.
contradiction	Michael was born in 1999 and Martin was born in 2001.	Martin was born before Michael.
contradiction	Francis was born in 1998 and Ellen was born in 2015.	Ellen was born before Francis.
contradiction	Barbara was born in 1995 and Chris was born in 1998.	Chris was born before Barbara.
contradiction	Jill was born in 1994 and Dave was born in 2000.	Dave was born before Jill.
contradiction	Leslie was born in 1992 and Adam was born in 2011.	Adam was born before Leslie.
contradiction	Samuel was born in 2005 and Chris was born in 2020.	Chris was born before Samuel.
contradiction	Bill was born in 1992 and Ian was born in 1995.	Ian was born before Bill.
contradiction	Rebecca was born in 1992 and Ashley was born in 1993.	Ashley was born before Rebecca.
contradiction	Greg was born in 1992 and Frances was born in 2020.	Frances was born before Greg.
contradiction	Leslie was born in 1997 and Jean was born in 2004.	Jean was born before Leslie.
contradiction	Frank was born in 1993 and Edward was born in 1997.	Edward was born before Frank.
contradiction	Charlie was born in 1996 and Cynthia was born in 2016.	Cynthia was born before Charlie.
contradiction	Donna was born in 1990 and Amanda was born in 2001.	Amanda was born before Donna.
contradiction	Nancy was born in 1993 and Jimmy was born in 2000.	Jimmy was born before Nancy.
contradiction	Ralph was born in 1997 and Jeff was born in 2005.	Jeff was born before Ralph.
contradiction	Billy was born in 1991 and Don was born in 2003.	Don was born before Billy.
contradiction	Barbara was born in 2004 and Alexandra was born in 2011.	Alexandra was born before Barbara.
contradiction	Daniel was born in 1998 and Robert was born in 2000.	Robert was born before Daniel.
contradiction	Pamela was born in 1996 and Robin was born in 2002.	Robin was born before Pamela.
contradiction	David was born in 1993 and Emily was born in 2001.	Emily was born before David.
contradiction	Ralph was born in 1994 and Alexandra was born in 1997.	Alexandra was born before Ralph.
contradiction	Julia was born in 1992 and Janet was born in 2008.	Janet was born before Julia.
contradiction	Jill was born in 1990 and Virginia was born in 1993.	Virginia was born before Jill.
contradiction	Susan was born in 1990 and William was born in 2015.	William was born before Susan.
contradiction	Edward was born in 1990 and Jonathan was born in 2005.	Jonathan was born before Edward.
contradiction	Virginia was born in 1990 and Rachel was born in 1998.	Rachel was born before Virginia.
contradiction	Judith was born in 1998 and Stephen was born in 2004.	Stephen was born before Judith.
contradiction	Charles was born in 2001 and Sandra was born in 2013.	Sandra was born before Charles.
contradiction	Carolyn was born in 2000 and Florence was born in 2002.	Florence was born before Carolyn.
contradiction	Anthony was born in 2007 and Jean was born in 2017.	Jean was born before Anthony.
contradiction	Betty was born in 2008 and Leslie was born in 2015.	Leslie was born before Betty.
contradiction	Amanda was born in 1990 and Harriet was born in 1991.	Harriet was born before Amanda.
contradiction	Carol was born in 2004 and Ian was born in 2008.	Ian was born before Carol.
contradiction	Nicole was born in 1998 and James was born in 2006.	James was born before Nicole.
contradiction	Jay was born in 2005 and Albert was born in 2006.	Albert was born before Jay.
contradiction	Andrew was born in 1994 and Peter was born in 2002.	Peter was born before Andrew.
contradiction	Kim was born in 2006 and Don was born in 2007.	Don was born before Kim.
contradiction	Carl was born in 1995 and Christopher was born in 2008.	Christopher was born before Carl.
contradiction	Katherine was born in 2008 and Matthew was born in 2011.	Matthew was born before Katherine.
contradiction	Dorothy was born in 1999 and Don was born in 2003.	Don was born before Dorothy.
contradiction	Ruth was born in 2002 and Howard was born in 2012.	Howard was born before Ruth.
contradiction	Ruth was born in 1995 and Eleanor was born in 2013.	Eleanor was born before Ruth.
contradiction	Richard was born in 2002 and Janet was born in 2013.	Janet was born before Richard.
contradiction	Jason was born in 1991 and Ralph was born in 1993.	Ralph was born before Jason.
contradiction	Lucy was born in 2011 and Emily was born in 2020.	Emily was born before Lucy.
contradiction	Joseph was born in 1992 and Linda was born in 1995.	Linda was born before Joseph.
contradiction	Marie was born in 1990 and Jennifer was born in 1995.	Jennifer was born before Marie.
contradiction	Carolyn was born in 2012 and Tom was born in 2014.	Tom was born before Carolyn.
contradiction	Maria was born in 1992 and Grace was born in 1998.	Grace was born before Maria.
contradiction	Sally was born in 2009 and Al was born in 2017.	Al was born before Sally.
contradiction	Roy was born in 2003 and Alex was born in 2007.	Alex was born before Roy.
contradiction	Dave was born in 1990 and Tim was born in 1993.	Tim was born before Dave.
contradiction	Sharon was born in 1995 and Margaret was born in 1997.	Margaret was born before Sharon.
contradiction	Alison was born in 1990 and Bobby was born in 2019.	Bobby was born before Alison.
contradiction	Charles was born in 2003 and Lauren was born in 2013.	Lauren was born before Charles.
contradiction	Elaine was born in 2009 and Ron was born in 2014.	Ron was born before Elaine.
contradiction	Jennifer was born in 1995 and Lisa was born in 2011.	Lisa was born before Jennifer.
contradiction	Ruth was born in 2010 and Anna was born in 2013.	Anna was born before Ruth.
contradiction	Matthew was born in 1991 and Ian was born in 1992.	Ian was born before Matthew.
contradiction	Brian was born in 1994 and Christopher was born in 1997.	Christopher was born before Brian.
contradiction	Helen was born in 1990 and Kenneth was born in 1995.	Kenneth was born before Helen.
contradiction	Bill was born in 1991 and Michelle was born in 2003.	Michelle was born before Bill.
contradiction	Angela was born in 1992 and Bob was born in 2002.	Bob was born before Angela.
contradiction	Patricia was born in 2010 and Victoria was born in 2012.	Victoria was born before Patricia.
contradiction	Sue was born in 1991 and Eleanor was born in 1992.	Eleanor was born before Sue.
contradiction	Bill was born in 1992 and Bobby was born in 1995.	Bobby was born before Bill.
contradiction	Frank was born in 1996 and Ron was born in 2013.	Ron was born before Frank.
contradiction	Alfred was born in 1990 and Elizabeth was born in 2007.	Elizabeth was born before Alfred.
contradiction	Alice was born in 2008 and Peter was born in 2009.	Peter was born before Alice.
contradiction	Charlie was born in 1990 and Laura was born in 1991.	Laura was born before Charlie.
contradiction	Anne was born in 1992 and Michael was born in 2006.	Michael was born before Anne.
contradiction	Ann was born in 1993 and Ralph was born in 2012.	Ralph was born before Ann.
contradiction	Jennifer was born in 1991 and Carol was born in 2020.	Carol was born before Jennifer.
contradiction	Jane was born in 1996 and Annie was born in 1997.	Annie was born before Jane.
contradiction	Peter was born in 2009 and Sarah was born in 2012.	Sarah was born before Peter.
contradiction	Simon was born in 2014 and Edith was born in 2017.	Edith was born before Simon.
contradiction	Alison was born in 2000 and Caroline was born in 2003.	Caroline was born before Alison.
contradiction	Robert was born in 1995 and Scott was born in 2001.	Scott was born before Robert.
contradiction	Harold was born in 1994 and Larry was born in 2004.	Larry was born before Harold.
contradiction	Sarah was born in 1995 and Margaret was born in 2000.	Margaret was born before Sarah.
contradiction	Harold was born in 1997 and Kenneth was born in 1999.	Kenneth was born before Harold.
contradiction	Roger was born in 1993 and Andrea was born in 1994.	Andrea was born before Roger.
contradiction	Barbara was born in 1992 and Janet was born in 1997.	Janet was born before Barbara.
contradiction	Harry was born in 1997 and Katie was born in 2012.	Katie was born before Harry.
contradiction	Christine was born in 1996 and Keith was born in 2003.	Keith was born before Christine.
contradiction	Sue was born in 1998 and Jane was born in 2012.	Jane was born before Sue.
contradiction	Tim was born in 1991 and Cynthia was born in 2003.	Cynthia was born before Tim.
contradiction	Eric was born in 1998 and John was born in 2004.	John was born before Eric.
contradiction	Charlie was born in 1992 and Emma was born in 2000.	Emma was born before Charlie.
contradiction	Sue was born in 2003 and Rebecca was born in 2009.	Rebecca was born before Sue.
contradiction	Sally was born in 1990 and Annie was born in 2000.	Annie was born before Sally.
contradiction	Jessica was born in 1994 and Michelle was born in 1995.	Michelle was born before Jessica.
contradiction	Bruce was born in 1996 and Mike was born in 1998.	Mike was born before Bruce.
contradiction	Kim was born in 1993 and Paul was born in 2007.	Paul was born before Kim.
contradiction	Fred was born in 1994 and Kathleen was born in 2004.	Kathleen was born before Fred.
contradiction	Roy was born in 1994 and Charlotte was born in 1995.	Charlotte was born before Roy.
contradiction	Jason was born in 1990 and Florence was born in 1991.	Florence was born before Jason.
contradiction	Melissa was born in 1990 and Lawrence was born in 1991.	Lawrence was born before Melissa.
contradiction	Ron was born in 2002 and Claire was born in 2018.	Claire was born before Ron.
contradiction	Rebecca was born in 2000 and Sarah was born in 2001.	Sarah was born before Rebecca.
contradiction	Andrea was born in 2005 and Evelyn was born in 2019.	Evelyn was born before Andrea.
contradiction	Johnny was born in 1995 and Mark was born in 2016.	Mark was born before Johnny.
contradiction	Kim was born in 1998 and Ron was born in 2000.	Ron was born before Kim.
contradiction	Kate was born in 1990 and Kathleen was born in 1991.	Kathleen was born before Kate.
contradiction	Ray was born in 2004 and Florence was born in 2005.	Florence was born before Ray.
contradiction	Wendy was born in 1990 and Sarah was born in 1998.	Sarah was born before Wendy.
contradiction	Charles was born in 2009 and Elaine was born in 2012.	Elaine was born before Charles.
contradiction	Caroline was born in 2000 and Katie was born in 2009.	Katie was born before Caroline.
contradiction	Kenneth was born in 1990 and Tony was born in 1992.	Tony was born before Kenneth.
contradiction	Martin was born in 1999 and Alice was born in 2007.	Alice was born before Martin.
contradiction	Pamela was born in 1991 and Eric was born in 2012.	Eric was born before Pamela.
contradiction	Rachel was born in 1997 and Jonathan was born in 2001.	Jonathan was born before Rachel.
contradiction	Elizabeth was born in 2009 and Bill was born in 2011.	Bill was born before Elizabeth.
contradiction	Francis was born in 1993 and Stephanie was born in 1998.	Stephanie was born before Francis.
contradiction	Margaret was born in 2002 and Linda was born in 2003.	Linda was born before Margaret.
contradiction	David was born in 1996 and Mary was born in 2009.	Mary was born before David.
contradiction	Nancy was born in 2005 and Amanda was born in 2016.	Amanda was born before Nancy.
contradiction	Dave was born in 1990 and Simon was born in 2004.	Simon was born before Dave.
contradiction	Paul was born in 2019 and Benjamin was born in 2020.	Benjamin was born before Paul.
contradiction	Anthony was born in 1999 and Fiona was born in 2002.	Fiona was born before Anthony.
contradiction	Susan was born in 1992 and Donald was born in 2000.	Donald was born before Susan.
contradiction	Tony was born in 1992 and Judy was born in 1994.	Judy was born before Tony.
contradiction	Larry was born in 2006 and Donald was born in 2018.	Donald was born before Larry.
contradiction	Greg was born in 1998 and Dave was born in 2005.	Dave was born before Greg.
contradiction	Carolyn was born in 1991 and Carl was born in 2004.	Carl was born before Carolyn.
contradiction	Jennifer was born in 1991 and Nancy was born in 1999.	Nancy was born before Jennifer.
contradiction	Ken was born in 2014 and Patrick was born in 2016.	Patrick was born before Ken.
contradiction	George was born in 1992 and Melissa was born in 1994.	Melissa was born before George.
contradiction	Alison was born in 1992 and Edward was born in 2017.	Edward was born before Alison.
contradiction	Thomas was born in 1993 and Hugh was born in 1998.	Hugh was born before Thomas.
contradiction	Jessica was born in 1990 and James was born in 2014.	James was born before Jessica.
contradiction	Caroline was born in 2010 and Martha was born in 2013.	Martha was born before Caroline.
contradiction	Patrick was born in 1991 and Joseph was born in 2002.	Joseph was born before Patrick.
contradiction	Judith was born in 1992 and Suzanne was born in 1997.	Suzanne was born before Judith.
contradiction	Caroline was born in 1994 and John was born in 1995.	John was born before Caroline.
contradiction	Alison was born in 2006 and Victoria was born in 2009.	Victoria was born before Alison.
contradiction	William was born in 1994 and Billy was born in 2011.	Billy was born before William.
contradiction	John was born in 2005 and Philip was born in 2007.	Philip was born before John.
contradiction	Angela was born in 1991 and Simon was born in 1992.	Simon was born before Angela.
contradiction	Anna was born in 1998 and Ellen was born in 2003.	Ellen was born before Anna.
contradiction	Steve was born in 1996 and Kevin was born in 2020.	Kevin was born before Steve.
contradiction	Samuel was born in 2006 and Amy was born in 2014.	Amy was born before Samuel.
contradiction	Sandra was born in 1992 and Ralph was born in 2009.	Ralph was born before Sandra.
contradiction	Bill was born in 1991 and Bob was born in 2003.	Bob was born before Bill.
contradiction	Jeff was born in 1994 and Michael was born in 1995.	Michael was born before Jeff.
contradiction	Sharon was born in 1991 and Katherine was born in 1992.	Katherine was born before Sharon.
contradiction	Colin was born in 2003 and Jonathan was born in 2013.	Jonathan was born before Colin.
contradiction	Suzanne was born in 1997 and Albert was born in 1998.	Albert was born before Suzanne.
contradiction	Mary was born in 1999 and Alex was born in 2004.	Alex was born before Mary.
contradiction	Dorothy was born in 1994 and Barbara was born in 2000.	Barbara was born before Dorothy.
contradiction	Matt was born in 1995 and Donald was born in 1996.	Donald was born before Matt.
contradiction	Harry was born in 1992 and Suzanne was born in 2009.	Suzanne was born before Harry.
contradiction	Jack was born in 1990 and Dick was born in 1991.	Dick was born before Jack.
contradiction	Claire was born in 1990 and Rachel was born in 1992.	Rachel was born before Claire.
contradiction	Kathryn was born in 2000 and Janet was born in 2011.	Janet was born before Kathryn.
contradiction	Carolyn was born in 1990 and Paul was born in 2019.	Paul was born before Carolyn.
contradiction	Sue was born in 1991 and Sam was born in 1996.	Sam was born before Sue.
contradiction	Helen was born in 1997 and Jonathan was born in 2003.	Jonathan was born before Helen.
contradiction	Roger was born in 1999 and Christopher was born in 2013.	Christopher was born before Roger.
contradiction	Benjamin was born in 1993 and Ben was born in 2012.	Ben was born before Benjamin.
contradiction	Leslie was born in 1992 and Fred was born in 1998.	Fred was born before Leslie.
contradiction	Anthony was born in 1992 and Wendy was born in 1993.	Wendy was born before Anthony.
contradiction	Arthur was born in 1992 and Ruth was born in 2009.	Ruth was born before Arthur.
contradiction	Evelyn was born in 2001 and Albert was born in 2007.	Albert was born before Evelyn.
contradiction	Ryan was born in 1995 and Kate was born in 2004.	Kate was born before Ryan.
contradiction	Paul was born in 1998 and Kathryn was born in 2008.	Kathryn was born before Paul.
contradiction	Carol was born in 1992 and Stephen was born in 2003.	Stephen was born before Carol.
contradiction	Frank was born in 1990 and Dan was born in 1991.	Dan was born before Frank.
contradiction	Alfred was born in 2014 and Brian was born in 2016.	Brian was born before Alfred.
contradiction	Ralph was born in 1990 and Keith was born in 1996.	Keith was born before Ralph.
contradiction	Judith was born in 1991 and Richard was born in 2018.	Richard was born before Judith.
contradiction	Florence was born in 1993 and Scott was born in 1995.	Scott was born before Florence.
contradiction	Anne was born in 1992 and Patricia was born in 1997.	Patricia was born before Anne.
contradiction	Dan was born in 1997 and Jennifer was born in 1999.	Jennifer was born before Dan.
contradiction	Ken was born in 1993 and Laura was born in 1996.	Laura was born before Ken.
contradiction	Edith was born in 1994 and Grace was born in 2002.	Grace was born before Edith.
contradiction	Charlie was born in 1990 and Francis was born in 1991.	Francis was born before Charlie.
contradiction	Janet was born in 1991 and Wendy was born in 2005.	Wendy was born before Janet.
contradiction	Ruth was born in 2009 and Maria was born in 2017.	Maria was born before Ruth.
contradiction	Joan was born in 1998 and Adam was born in 2011.	Adam was born before Joan.
contradiction	Melissa was born in 1997 and Joan was born in 2003.	Joan was born before Melissa.
contradiction	Christopher was born in 1991 and Ron was born in 2005.	Ron was born before Christopher.
contradiction	Kathleen was born in 2008 and Ryan was born in 2011.	Ryan was born before Kathleen.
contradiction	Carol was born in 1994 and Deborah was born in 1996.	Deborah was born before Carol.
contradiction	Lucy was born in 1990 and Alison was born in 1991.	Alison was born before Lucy.
contradiction	Sam was born in 1995 and Frank was born in 2007.	Frank was born before Sam.
contradiction	Annie was born in 1999 and Fred was born in 2000.	Fred was born before Annie.
contradiction	Sue was born in 2006 and Caroline was born in 2009.	Caroline was born before Sue.
contradiction	Sandra was born in 1990 and Pamela was born in 1999.	Pamela was born before Sandra.
contradiction	Kevin was born in 1996 and Albert was born in 2015.	Albert was born before Kevin.
contradiction	Sandra was born in 1992 and Johnny was born in 2014.	Johnny was born before Sandra.
contradiction	Richard was born in 1993 and Martin was born in 1998.	Martin was born before Richard.
contradiction	Frances was born in 1994 and Harold was born in 1998.	Harold was born before Frances.
contradiction	Stephanie was born in 2018 and Billy was born in 2020.	Billy was born before Stephanie.
contradiction	Kate was born in 2011 and Jay was born in 2013.	Jay was born before Kate.
contradiction	Leslie was born in 2001 and Dave was born in 2010.	Dave was born before Leslie.
contradiction	Margaret was born in 2005 and Leslie was born in 2007.	Leslie was born before Margaret.
contradiction	Simon was born in 1993 and Kathy was born in 1995.	Kathy was born before Simon.
contradiction	Jeff was born in 1991 and Adam was born in 1992.	Adam was born before Jeff.
contradiction	Robin was born in 1990 and Ruth was born in 1992.	Ruth was born before Robin.
contradiction	Ian was born in 1990 and Elizabeth was born in 1998.	Elizabeth was born before Ian.
contradiction	Melissa was born in 2015 and Ben was born in 2019.	Ben was born before Melissa.
contradiction	Sandra was born in 1991 and Jimmy was born in 2002.	Jimmy was born before Sandra.
contradiction	Pamela was born in 2008 and Betty was born in 2011.	Betty was born before Pamela.
contradiction	Billy was born in 2001 and Joe was born in 2016.	Joe was born before Billy.
contradiction	Gary was born in 1993 and Peter was born in 2012.	Peter was born before Gary.
contradiction	Jack was born in 2004 and Peter was born in 2011.	Peter was born before Jack.
contradiction	Ken was born in 1993 and Lisa was born in 2008.	Lisa was born before Ken.
contradiction	Paul was born in 1990 and Diana was born in 1993.	Diana was born before Paul.
contradiction	Paul was born in 1995 and Matt was born in 2017.	Matt was born before Paul.
contradiction	Donald was born in 2009 and Eleanor was born in 2014.	Eleanor was born before Donald.
contradiction	Fred was born in 2011 and Christine was born in 2017.	Christine was born before Fred.
contradiction	Christopher was born in 1995 and Benjamin was born in 2005.	Benjamin was born before Christopher.
contradiction	Catherine was born in 2002 and Bill was born in 2020.	Bill was born before Catherine.
contradiction	Karen was born in 2001 and Brian was born in 2007.	Brian was born before Karen.
contradiction	Andrea was born in 1996 and Steven was born in 1997.	Steven was born before Andrea.
contradiction	Colin was born in 2005 and Emily was born in 2008.	Emily was born before Colin.
