contradiction	Nicole was born in 1994 and Bill was born in 1995.	Nicole is younger than Bill.
contradiction	Anna was born in 1991 and Alfred was born in 1995.	Anna is younger than Alfred.
contradiction	Martha was born in 1995 and John was born in 2003.	Martha is younger than John.
contradiction	Alexander was born in 1993 and Amanda was born in 2000.	Alexander is younger than Amanda.
contradiction	Gary was born in 1991 and Jean was born in 1997.	Gary is younger than Jean.
contradiction	Judy was born in 1990 and Stephen was born in 1993.	Judy is younger than Stephen.
contradiction	Matthew was born in 2003 and Ellen was born in 2017.	Matthew is younger than Ellen.
contradiction	Marie was born in 2014 and Adam was born in 2019.	Marie is younger than Adam.
contradiction	Victoria was born in 2007 and Jim was born in 2019.	Victoria is younger than Jim.
contradiction	Robin was born in 1998 and Ken was born in 2000.	Robin is younger than Ken.
contradiction	Stephanie was born in 1993 and Steven was born in 1997.	Stephanie is younger than Steven.
contradiction	Melissa was born in 2000 and Charlotte was born in 2012.	Melissa is younger than Charlotte.
contradiction	Jane was born in 1990 and Kathleen was born in 1991.	Jane is younger than Kathleen.
contradiction	Louise was born in 1996 and Ken was born in 1997.	Louise is younger than Ken.
contradiction	Bobby was born in 2000 and Scott was born in 2009.	Bobby is younger than Scott.
contradiction	Virginia was born in 2009 and Edward was born in 2013.	Virginia is younger than Edward.
contradiction	Ryan was born in 2003 and Bobby was born in 2004.	Ryan is younger than Bobby.
contradiction	Dorothy was born in 1992 and Janet was born in 2002.	Dorothy is younger than Janet.
contradiction	Janet was born in 1995 and Rachel was born in 1999.	Janet is younger than Rachel.
contradiction	Heather was born in 1996 and Adam was born in 2017.	Heather is younger than Adam.
contradiction	Mark was born in 1990 and Mike was born in 1991.	Mark is younger than Mike.
contradiction	Steve was born in 1992 and Johnny was born in 2018.	Steve is younger than Johnny.
contradiction	Roger was born in 1990 and Tony was born in 1994.	Roger is younger than Tony.
contradiction	Matthew was born in 1995 and Marie was born in 1997.	Matthew is younger than Marie.
contradiction	Patricia was born in 1999 and Kathleen was born in 2012.	Patricia is younger than Kathleen.
contradiction	Larry was born in 1990 and Roger was born in 1995.	Larry is younger than Roger.
contradiction	Julie was born in 1991 and Alex was born in 1995.	Julie is younger than Alex.
contradiction	Marie was born in 1990 and Chris was born in 1991.	Marie is younger than Chris.
contradiction	Sandra was born in 1997 and Frances was born in 1999.	Sandra is younger than Frances.
contradiction	Sam was born in 1992 and Wendy was born in 1994.	Sam is younger than Wendy.
contradiction	Louise was born in 2010 and Francis was born in 2018.	Louise is younger than Francis.
contradiction	Tom was born in 1996 and Steve was born in 2011.	Tom is younger than Steve.
contradiction	Mark was born in 1993 and Simon was born in 1997.	Mark is younger than Simon.
contradiction	Louise was born in 2003 and Jennifer was born in 2005.	Louise is younger than Jennifer.
contradiction	Sandra was born in 1996 and Charles was born in 2002.	Sandra is younger than Charles.
contradiction	Jonathan was born in 1992 and Ruth was born in 1999.	Jonathan is younger than Ruth.
contradiction	Steven was born in 2015 and Linda was born in 2019.	Steven is younger than Linda.
contradiction	Howard was born in 1991 and Matthew was born in 2000.	Howard is younger than Matthew.
contradiction	Elizabeth was born in 1991 and Virginia was born in 2003.	Elizabeth is younger than Virginia.
contradiction	Steven was born in 2008 and Janet was born in 2012.	Steven is younger than Janet.
contradiction	Carol was born in 2003 and Jonathan was born in 2016.	Carol is younger than Jonathan.
contradiction	Arthur was born in 1995 and Richard was born in 2007.	Arthur is younger than Richard.
contradiction	Matt was born in 1991 and Stephanie was born in 2003.	Matt is younger than Stephanie.
contradiction	Tom was born in 2003 and Rose was born in 2013.	Tom is younger than Rose.
contradiction	Ian was born in 1995 and Jessica was born in 2015.	Ian is younger than Jessica.
contradiction	Leslie was born in 1997 and Robin was born in 2018.	Leslie is younger than Robin.
contradiction	Albert was born in 2001 and Cynthia was born in 2020.	Albert is younger than Cynthia.
contradiction	Alice was born in 1995 and Simon was born in 1996.	Alice is younger than Simon.
contradiction	Frances was born in 2013 and Jack was born in 2018.	Frances is younger than Jack.
contradiction	James was born in 1992 and Colin was born in 2011.	James is younger than Colin.
contradiction	Daniel was born in 1992 and Jane was born in 2013.	Daniel is younger than Jane.
contradiction	Lynn was born in 2002 and Dorothy was born in 2015.	Lynn is younger than Dorothy.
contradiction	Robert was born in 2004 and Scott was born in 2015.	Robert is younger than Scott.
contradiction	Anna was born in 1990 and Ron was born in 1993.	Anna is younger than Ron.
contradiction	Judy was born in 1995 and Sally was born in 2017.	Judy is younger than Sally.
contradiction	Judith was born in 1992 and Ruth was born in 1995.	Judith is younger than Ruth.
contradiction	Harriet was born in 2018 and Joe was born in 2019.	Harriet is younger than Joe.
contradiction	Alan was born in 1998 and Sue was born in 2005.	Alan is younger than Sue.
contradiction	Simon was born in 2011 and Edward was born in 2014.	Simon is younger than Edward.
contradiction	Janet was born in 1991 and Ryan was born in 2018.	Janet is younger than Ryan.
contradiction	Dick was born in 1997 and Mike was born in 2007.	Dick is younger than Mike.
contradiction	Ken was born in 2001 and Daniel was born in 2020.	Ken is younger than Daniel.
contradiction	Jeff was born in 1991 and Ian was born in 1993.	Jeff is younger than Ian.
contradiction	Sally was born in 1990 and Bruce was born in 1991.	Sally is younger than Bruce.
contradiction	Jerry was born in 1997 and Michelle was born in 2020.	Jerry is younger than Michelle.
contradiction	Jim was born in 2010 and Dick was born in 2016.	Jim is younger than Dick.
contradiction	Joe was born in 1997 and Hugh was born in 2008.	Joe is younger than Hugh.
contradiction	Nicole was born in 1990 and Roger was born in 2000.	Nicole is younger than Roger.
contradiction	Jimmy was born in 1990 and Maria was born in 1992.	Jimmy is younger than Maria.
contradiction	Bob was born in 2012 and Robin was born in 2020.	Bob is younger than Robin.
contradiction	Dick was born in 1999 and Don was born in 2006.	Dick is younger than Don.
contradiction	Amanda was born in 1992 and Ellen was born in 2007.	Amanda is younger than Ellen.
contradiction	Jay was born in 1995 and Fred was born in 1999.	Jay is younger than Fred.
contradiction	Edward was born in 1995 and Ken was born in 2019.	Edward is younger than Ken.
contradiction	Heather was born in 1993 and Simon was born in 2006.	Heather is younger than Simon.
contradiction	Emily was born in 1994 and Albert was born in 1998.	Emily is younger than Albert.
contradiction	Michelle was born in 1994 and Victoria was born in 1995.	Michelle is younger than Victoria.
contradiction	Benjamin was born in 1997 and Frances was born in 1998.	Benjamin is younger than Frances.
contradiction	Daniel was born in 1997 and Frederick was born in 2005.	Daniel is younger than Frederick.
contradiction	Chris was born in 2000 and Catherine was born in 2011.	Chris is younger than Catherine.
contradiction	Dick was born in 1995 and Harry was born in 2007.	Dick is younger than Harry.
contradiction	Samuel was born in 1992 and Martha was born in 1996.	Samuel is younger than Martha.
contradiction	Larry was born in 2011 and Kate was born in 2018.	Larry is younger than Kate.
contradiction	Emma was born in 1997 and Elaine was born in 2006.	Emma is younger than Elaine.
contradiction	Annie was born in 1997 and Judith was born in 2013.	Annie is younger than Judith.
contradiction	Nick was born in 2014 and Victoria was born in 2016.	Nick is younger than Victoria.
contradiction	Emma was born in 1991 and Betty was born in 2003.	Emma is younger than Betty.
contradiction	Wendy was born in 1998 and Walter was born in 2009.	Wendy is younger than Walter.
contradiction	Pamela was born in 1997 and Frances was born in 2015.	Pamela is younger than Frances.
contradiction	Margaret was born in 1999 and Claire was born in 2006.	Margaret is younger than Claire.
contradiction	Amy was born in 2006 and Frank was born in 2014.	Amy is younger than Frank.
contradiction	Eleanor was born in 2014 and Lawrence was born in 2017.	Eleanor is younger than Lawrence.
contradiction	Ruth was born in 2001 and Nicole was born in 2003.	Ruth is younger than Nicole.
contradiction	Paul was born in 2012 and Kathy was born in 2014.	Paul is younger than Kathy.
contradiction	Kate was born in 1991 and Jean was born in 1994.	Kate is younger than Jean.
contradiction	Sara was born in 2014 and Melissa was born in 2018.	Sara is younger than Melissa.
contradiction	Sophie was born in 1995 and Virginia was born in 1999.	Sophie is younger than Virginia.
contradiction	Ben was born in 1992 and Michael was born in 2009.	Ben is younger than Michael.
contradiction	Jack was born in 2005 and Anne was born in 2010.	Jack is younger than Anne.
contradiction	Jane was born in 1991 and Alison was born in 1993.	Jane is younger than Alison.
contradiction	Keith was born in 1994 and Kate was born in 2013.	Keith is younger than Kate.
contradiction	Laura was born in 2005 and Edith was born in 2013.	Laura is younger than Edith.
contradiction	Kenneth was born in 1994 and Alison was born in 2014.	Kenneth is younger than Alison.
contradiction	Katie was born in 1993 and Stephen was born in 2009.	Katie is younger than Stephen.
contradiction	Billy was born in 1992 and Katherine was born in 1994.	Billy is younger than Katherine.
contradiction	Marie was born in 1998 and Maria was born in 2018.	Marie is younger than Maria.
contradiction	Judith was born in 1994 and Kelly was born in 2006.	Judith is younger than Kelly.
contradiction	Ron was born in 1994 and Jack was born in 2006.	Ron is younger than Jack.
contradiction	Charles was born in 1991 and Frank was born in 1992.	Charles is younger than Frank.
contradiction	Susan was born in 1991 and Ashley was born in 1998.	Susan is younger than Ashley.
contradiction	Andrea was born in 1995 and Betty was born in 2010.	Andrea is younger than Betty.
contradiction	Angela was born in 1993 and John was born in 1999.	Angela is younger than John.
contradiction	Emily was born in 2002 and Jonathan was born in 2005.	Emily is younger than Jonathan.
contradiction	Michelle was born in 1997 and Peter was born in 2014.	Michelle is younger than Peter.
contradiction	Fred was born in 1995 and Daniel was born in 2015.	Fred is younger than Daniel.
contradiction	Nicole was born in 2008 and Jennifer was born in 2011.	Nicole is younger than Jennifer.
contradiction	Benjamin was born in 2000 and Harold was born in 2004.	Benjamin is younger than Harold.
contradiction	Bobby was born in 1992 and Jim was born in 2007.	Bobby is younger than Jim.
contradiction	Francis was born in 1995 and Marie was born in 1996.	Francis is younger than Marie.
contradiction	Jack was born in 1995 and Benjamin was born in 1999.	Jack is younger than Benjamin.
contradiction	Bill was born in 2005 and Michael was born in 2012.	Bill is younger than Michael.
contradiction	Karen was born in 1993 and Charlotte was born in 2005.	Karen is younger than Charlotte.
contradiction	Linda was born in 2007 and Matthew was born in 2009.	Linda is younger than Matthew.
contradiction	David was born in 1990 and Sally was born in 1995.	David is younger than Sally.
contradiction	Patricia was born in 2009 and Philip was born in 2012.	Patricia is younger than Philip.
contradiction	Heather was born in 1995 and Catherine was born in 2003.	Heather is younger than Catherine.
contradiction	Amanda was born in 1991 and Edwin was born in 1992.	Amanda is younger than Edwin.
contradiction	Katie was born in 1997 and Carol was born in 2001.	Katie is younger than Carol.
contradiction	Brian was born in 2003 and Jason was born in 2014.	Brian is younger than Jason.
contradiction	Walter was born in 2003 and Bobby was born in 2019.	Walter is younger than Bobby.
contradiction	Rose was born in 1994 and Henry was born in 2004.	Rose is younger than Henry.
contradiction	Roy was born in 2011 and Lucy was born in 2016.	Roy is younger than Lucy.
contradiction	Kathleen was born in 1990 and Laura was born in 1991.	Kathleen is younger than Laura.
contradiction	George was born in 2007 and Jason was born in 2017.	George is younger than Jason.
contradiction	Janet was born in 2012 and Joseph was born in 2019.	Janet is younger than Joseph.
contradiction	David was born in 1991 and Alex was born in 1994.	David is younger than Alex.
contradiction	Victoria was born in 1997 and Michael was born in 2000.	Victoria is younger than Michael.
contradiction	Robert was born in 1990 and Edith was born in 1992.	Robert is younger than Edith.
contradiction	Elaine was born in 1990 and Wendy was born in 2012.	Elaine is younger than Wendy.
contradiction	Samuel was born in 1992 and George was born in 2001.	Samuel is younger than George.
contradiction	Marie was born in 2012 and Caroline was born in 2019.	Marie is younger than Caroline.
contradiction	Emma was born in 1995 and Stephanie was born in 2001.	Emma is younger than Stephanie.
contradiction	Anthony was born in 1992 and Jane was born in 2003.	Anthony is younger than Jane.
contradiction	Alison was born in 1994 and Emma was born in 2019.	Alison is younger than Emma.
contradiction	Rachel was born in 1993 and Dorothy was born in 2001.	Rachel is younger than Dorothy.
contradiction	Mark was born in 2000 and Jim was born in 2009.	Mark is younger than Jim.
contradiction	Joan was born in 1992 and Elizabeth was born in 2006.	Joan is younger than Elizabeth.
contradiction	Amanda was born in 1998 and Adam was born in 2002.	Amanda is younger than Adam.
contradiction	Dave was born in 1997 and Bobby was born in 2008.	Dave is younger than Bobby.
contradiction	Margaret was born in 2000 and Stephen was born in 2001.	Margaret is younger than Stephen.
contradiction	Peter was born in 1991 and Albert was born in 1993.	Peter is younger than Albert.
contradiction	James was born in 1993 and Julie was born in 2019.	James is younger than Julie.
contradiction	Jimmy was born in 1995 and Susan was born in 2009.	Jimmy is younger than Susan.
contradiction	Robin was born in 1994 and Larry was born in 2018.	Robin is younger than Larry.
contradiction	Tom was born in 1992 and Chris was born in 2016.	Tom is younger than Chris.
contradiction	Daniel was born in 1992 and Sara was born in 1995.	Daniel is younger than Sara.
contradiction	Emma was born in 1998 and Samuel was born in 2003.	Emma is younger than Samuel.
contradiction	Catherine was born in 1995 and Edith was born in 1999.	Catherine is younger than Edith.
contradiction	Julie was born in 1997 and Melissa was born in 1998.	Julie is younger than Melissa.
contradiction	Jane was born in 1994 and Ben was born in 2004.	Jane is younger than Ben.
contradiction	Rose was born in 1994 and Christine was born in 1999.	Rose is younger than Christine.
contradiction	Mary was born in 2015 and Eric was born in 2018.	Mary is younger than Eric.
contradiction	Lucy was born in 1994 and Christopher was born in 1997.	Lucy is younger than Christopher.
contradiction	Steve was born in 2001 and Edward was born in 2012.	Steve is younger than Edward.
contradiction	Jeff was born in 2005 and Carolyn was born in 2019.	Jeff is younger than Carolyn.
contradiction	Arthur was born in 1997 and Diana was born in 2017.	Arthur is younger than Diana.
contradiction	Steven was born in 2013 and Alfred was born in 2018.	Steven is younger than Alfred.
contradiction	Maria was born in 2007 and Barbara was born in 2016.	Maria is younger than Barbara.
contradiction	Gary was born in 2000 and Sue was born in 2009.	Gary is younger than Sue.
contradiction	Jason was born in 1997 and Anne was born in 2006.	Jason is younger than Anne.
contradiction	Ben was born in 1991 and Alison was born in 2002.	Ben is younger than Alison.
contradiction	Elaine was born in 1993 and Jay was born in 1997.	Elaine is younger than Jay.
contradiction	Greg was born in 1992 and Keith was born in 1999.	Greg is younger than Keith.
contradiction	Adam was born in 2004 and Harry was born in 2013.	Adam is younger than Harry.
contradiction	Peter was born in 1990 and Emily was born in 1991.	Peter is younger than Emily.
contradiction	Ralph was born in 1992 and David was born in 2011.	Ralph is younger than David.
contradiction	Jane was born in 1990 and Pamela was born in 1992.	Jane is younger than Pamela.
contradiction	Roger was born in 2000 and Angela was born in 2003.	Roger is younger than Angela.
contradiction	Ken was born in 1998 and Martha was born in 2000.	Ken is younger than Martha.
contradiction	Kathy was born in 1999 and Louis was born in 2002.	Kathy is younger than Louis.
contradiction	Kathleen was born in 1994 and Joseph was born in 2019.	Kathleen is younger than Joseph.
contradiction	Fiona was born in 1990 and Ed was born in 2016.	Fiona is younger than Ed.
contradiction	Chris was born in 2006 and Kelly was born in 2007.	Chris is younger than Kelly.
contradiction	Ann was born in 1990 and Heather was born in 1995.	Ann is younger than Heather.
contradiction	Richard was born in 1990 and James was born in 1991.	Richard is younger than James.
contradiction	Maria was born in 2015 and Susan was born in 2016.	Maria is younger than Susan.
contradiction	Nicole was born in 1992 and Jane was born in 2020.	Nicole is younger than Jane.
contradiction	Jeff was born in 1994 and Marilyn was born in 2017.	Jeff is younger than Marilyn.
contradiction	Frances was born in 1997 and Diana was born in 2002.	Frances is younger than Diana.
contradiction	Amy was born in 2004 and Carol was born in 2006.	Amy is younger than Carol.
contradiction	Ian was born in 2003 and Andrew was born in 2009.	Ian is younger than Andrew.
contradiction	Suzanne was born in 2005 and Francis was born in 2010.	Suzanne is younger than Francis.
contradiction	Sarah was born in 2015 and Suzanne was born in 2019.	Sarah is younger than Suzanne.
contradiction	Lawrence was born in 2005 and Lucy was born in 2006.	Lawrence is younger than Lucy.
contradiction	Louis was born in 1995 and Albert was born in 2012.	Louis is younger than Albert.
contradiction	Adam was born in 2006 and William was born in 2017.	Adam is younger than William.
contradiction	Martin was born in 2004 and Kathy was born in 2019.	Martin is younger than Kathy.
contradiction	Judy was born in 1993 and Kim was born in 2000.	Judy is younger than Kim.
contradiction	Ben was born in 1998 and Simon was born in 2000.	Ben is younger than Simon.
contradiction	Ashley was born in 2016 and Diana was born in 2017.	Ashley is younger than Diana.
contradiction	Robin was born in 1994 and Andrea was born in 2003.	Robin is younger than Andrea.
contradiction	Jim was born in 1995 and Samuel was born in 1999.	Jim is younger than Samuel.
contradiction	Kate was born in 2002 and Arthur was born in 2016.	Kate is younger than Arthur.
contradiction	Diane was born in 1998 and Matt was born in 2006.	Diane is younger than Matt.
contradiction	Maria was born in 1992 and Christopher was born in 2010.	Maria is younger than Christopher.
contradiction	Diana was born in 1997 and Michael was born in 1998.	Diana is younger than Michael.
contradiction	Kate was born in 1994 and Lawrence was born in 2000.	Kate is younger than Lawrence.
contradiction	Helen was born in 1992 and Alice was born in 2000.	Helen is younger than Alice.
contradiction	Benjamin was born in 1992 and Mark was born in 2008.	Benjamin is younger than Mark.
contradiction	Larry was born in 1998 and Donna was born in 2003.	Larry is younger than Donna.
contradiction	Carl was born in 2001 and Nick was born in 2002.	Carl is younger than Nick.
contradiction	Eric was born in 1994 and Dave was born in 2000.	Eric is younger than Dave.
contradiction	Helen was born in 1990 and Margaret was born in 2001.	Helen is younger than Margaret.
contradiction	Karen was born in 1990 and Philip was born in 1991.	Karen is younger than Philip.
contradiction	Colin was born in 1991 and Maria was born in 2001.	Colin is younger than Maria.
contradiction	Ray was born in 1990 and Carolyn was born in 1992.	Ray is younger than Carolyn.
contradiction	Maria was born in 2009 and Simon was born in 2017.	Maria is younger than Simon.
contradiction	Alison was born in 1990 and Joe was born in 1991.	Alison is younger than Joe.
contradiction	Suzanne was born in 1992 and Marie was born in 2011.	Suzanne is younger than Marie.
contradiction	Steve was born in 1994 and Susan was born in 1995.	Steve is younger than Susan.
contradiction	Evelyn was born in 2000 and Deborah was born in 2008.	Evelyn is younger than Deborah.
contradiction	Kathleen was born in 1990 and Louise was born in 1991.	Kathleen is younger than Louise.
contradiction	Diana was born in 2011 and Linda was born in 2014.	Diana is younger than Linda.
contradiction	Maria was born in 2001 and Dick was born in 2012.	Maria is younger than Dick.
contradiction	Florence was born in 2004 and Rebecca was born in 2018.	Florence is younger than Rebecca.
contradiction	James was born in 2000 and Ruth was born in 2011.	James is younger than Ruth.
contradiction	Virginia was born in 1990 and Kim was born in 1996.	Virginia is younger than Kim.
contradiction	Diane was born in 2000 and Karen was born in 2012.	Diane is younger than Karen.
contradiction	Eric was born in 1999 and Gary was born in 2002.	Eric is younger than Gary.
contradiction	Joseph was born in 1991 and Paul was born in 1993.	Joseph is younger than Paul.
contradiction	Charles was born in 2013 and Thomas was born in 2019.	Charles is younger than Thomas.
contradiction	Deborah was born in 2010 and Kelly was born in 2015.	Deborah is younger than Kelly.
contradiction	Nick was born in 1996 and Tony was born in 2002.	Nick is younger than Tony.
contradiction	Matt was born in 1990 and Nick was born in 1992.	Matt is younger than Nick.
contradiction	Kathleen was born in 1991 and Lucy was born in 1994.	Kathleen is younger than Lucy.
contradiction	Katherine was born in 1997 and Larry was born in 2015.	Katherine is younger than Larry.
contradiction	Arthur was born in 2000 and Kevin was born in 2011.	Arthur is younger than Kevin.
contradiction	John was born in 1998 and Jeff was born in 2003.	John is younger than Jeff.
contradiction	Peter was born in 1992 and James was born in 1993.	Peter is younger than James.
contradiction	Samuel was born in 2002 and Tom was born in 2009.	Samuel is younger than Tom.
contradiction	Michael was born in 2009 and Walter was born in 2010.	Michael is younger than Walter.
contradiction	Billy was born in 1995 and David was born in 1997.	Billy is younger than David.
contradiction	Leslie was born in 1993 and Kathryn was born in 2001.	Leslie is younger than Kathryn.
contradiction	Ben was born in 1994 and Jill was born in 2008.	Ben is younger than Jill.
contradiction	Benjamin was born in 1999 and Jay was born in 2020.	Benjamin is younger than Jay.
contradiction	Alison was born in 1991 and Marie was born in 2012.	Alison is younger than Marie.
contradiction	Betty was born in 2002 and Amy was born in 2004.	Betty is younger than Amy.
contradiction	Elizabeth was born in 1997 and Amy was born in 2002.	Elizabeth is younger than Amy.
contradiction	William was born in 1998 and Ellen was born in 2004.	William is younger than Ellen.
contradiction	Jack was born in 2006 and Henry was born in 2009.	Jack is younger than Henry.
contradiction	Kim was born in 1997 and Alice was born in 2006.	Kim is younger than Alice.
contradiction	Christine was born in 1998 and Steve was born in 2011.	Christine is younger than Steve.
contradiction	Judith was born in 2014 and Simon was born in 2020.	Judith is younger than Simon.
contradiction	Keith was born in 1994 and Carl was born in 2003.	Keith is younger than Carl.
contradiction	Dorothy was born in 1999 and Jimmy was born in 2001.	Dorothy is younger than Jimmy.
contradiction	Judy was born in 1995 and Judith was born in 2015.	Judy is younger than Judith.
contradiction	Simon was born in 1990 and Kevin was born in 1998.	Simon is younger than Kevin.
contradiction	Mary was born in 2001 and Alan was born in 2007.	Mary is younger than Alan.
contradiction	Ed was born in 1990 and Marilyn was born in 1992.	Ed is younger than Marilyn.
contradiction	Harriet was born in 1996 and Edwin was born in 2011.	Harriet is younger than Edwin.
contradiction	Dave was born in 1992 and Kathleen was born in 1995.	Dave is younger than Kathleen.
contradiction	Carolyn was born in 2004 and Nancy was born in 2015.	Carolyn is younger than Nancy.
contradiction	Carol was born in 1992 and Daniel was born in 2009.	Carol is younger than Daniel.
contradiction	Matthew was born in 1996 and Michael was born in 1999.	Matthew is younger than Michael.
contradiction	Alexandra was born in 2004 and Susan was born in 2014.	Alexandra is younger than Susan.
contradiction	Andrea was born in 2004 and Ashley was born in 2019.	Andrea is younger than Ashley.
contradiction	Louise was born in 1991 and Fred was born in 1992.	Louise is younger than Fred.
contradiction	Evelyn was born in 1998 and Charles was born in 2011.	Evelyn is younger than Charles.
contradiction	Benjamin was born in 1990 and Carol was born in 1992.	Benjamin is younger than Carol.
contradiction	Diane was born in 1992 and Dick was born in 1997.	Diane is younger than Dick.
contradiction	Edward was born in 1992 and Kevin was born in 1999.	Edward is younger than Kevin.
contradiction	Ellen was born in 2002 and Betty was born in 2013.	Ellen is younger than Betty.
contradiction	Henry was born in 1995 and Anne was born in 2012.	Henry is younger than Anne.
contradiction	Ryan was born in 1993 and Jay was born in 2012.	Ryan is younger than Jay.
contradiction	Joan was born in 1999 and Jay was born in 2011.	Joan is younger than Jay.
contradiction	Carl was born in 1994 and Florence was born in 1999.	Carl is younger than Florence.
contradiction	Amanda was born in 2012 and Laura was born in 2016.	Amanda is younger than Laura.
contradiction	Melissa was born in 2007 and Bruce was born in 2009.	Melissa is younger than Bruce.
contradiction	Larry was born in 1992 and Alex was born in 2013.	Larry is younger than Alex.
contradiction	Ben was born in 1994 and Ken was born in 2006.	Ben is younger than Ken.
contradiction	Jennifer was born in 2001 and Christine was born in 2003.	Jennifer is younger than Christine.
contradiction	Alfred was born in 2014 and Don was born in 2020.	Alfred is younger than Don.
contradiction	Greg was born in 1998 and Simon was born in 2001.	Greg is younger than Simon.
contradiction	Karen was born in 1991 and Joan was born in 1993.	Karen is younger than Joan.
contradiction	Alan was born in 1996 and Carolyn was born in 2001.	Alan is younger than Carolyn.
contradiction	Catherine was born in 1990 and Angela was born in 1991.	Catherine is younger than Angela.
contradiction	Rebecca was born in 1991 and Tom was born in 1992.	Rebecca is younger than Tom.
contradiction	Florence was born in 1990 and Peter was born in 1998.	Florence is younger than Peter.
contradiction	Elaine was born in 1997 and Larry was born in 2009.	Elaine is younger than Larry.
contradiction	Lawrence was born in 1990 and Harold was born in 1991.	Lawrence is younger than Harold.
contradiction	Larry was born in 1994 and Martha was born in 1995.	Larry is younger than Martha.
contradiction	Grace was born in 2004 and Jill was born in 2011.	Grace is younger than Jill.
contradiction	Lawrence was born in 2005 and Don was born in 2007.	Lawrence is younger than Don.
contradiction	Bruce was born in 1991 and Tim was born in 1998.	Bruce is younger than Tim.
contradiction	Marie was born in 1990 and Ken was born in 1992.	Marie is younger than Ken.
contradiction	Albert was born in 1990 and Christine was born in 1994.	Albert is younger than Christine.
contradiction	Jay was born in 1992 and Mark was born in 1999.	Jay is younger than Mark.
contradiction	Francis was born in 1997 and Kenneth was born in 2004.	Francis is younger than Kenneth.
contradiction	Dorothy was born in 1991 and Jonathan was born in 2013.	Dorothy is younger than Jonathan.
contradiction	Ken was born in 1992 and Ralph was born in 2000.	Ken is younger than Ralph.
contradiction	Jerry was born in 1990 and James was born in 1994.	Jerry is younger than James.
contradiction	Louis was born in 2008 and Caroline was born in 2019.	Louis is younger than Caroline.
contradiction	William was born in 1990 and Jonathan was born in 1995.	William is younger than Jonathan.
contradiction	Anna was born in 1990 and Bobby was born in 1993.	Anna is younger than Bobby.
contradiction	Walter was born in 2006 and Donald was born in 2010.	Walter is younger than Donald.
contradiction	Steve was born in 1991 and Nicole was born in 1992.	Steve is younger than Nicole.
contradiction	Anthony was born in 2010 and Alice was born in 2015.	Anthony is younger than Alice.
contradiction	Dave was born in 1996 and Nicole was born in 1999.	Dave is younger than Nicole.
contradiction	Florence was born in 1998 and Janet was born in 2014.	Florence is younger than Janet.
contradiction	Ian was born in 2000 and Jeff was born in 2002.	Ian is younger than Jeff.
contradiction	Gary was born in 1998 and Ray was born in 2011.	Gary is younger than Ray.
contradiction	Nick was born in 2010 and Kenneth was born in 2015.	Nick is younger than Kenneth.
contradiction	Lauren was born in 1998 and Frank was born in 2016.	Lauren is younger than Frank.
contradiction	Jay was born in 1994 and Michael was born in 2000.	Jay is younger than Michael.
contradiction	Stephanie was born in 1997 and Frederick was born in 2000.	Stephanie is younger than Frederick.
contradiction	Amy was born in 2004 and Joseph was born in 2014.	Amy is younger than Joseph.
contradiction	Rachel was born in 1998 and Bruce was born in 2014.	Rachel is younger than Bruce.
contradiction	Grace was born in 1995 and Lawrence was born in 1999.	Grace is younger than Lawrence.
contradiction	Florence was born in 2000 and Cynthia was born in 2003.	Florence is younger than Cynthia.
contradiction	Michelle was born in 2011 and Elizabeth was born in 2013.	Michelle is younger than Elizabeth.
contradiction	Ashley was born in 1996 and Samuel was born in 2018.	Ashley is younger than Samuel.
contradiction	Al was born in 1992 and Steve was born in 1999.	Al is younger than Steve.
contradiction	Stephen was born in 1999 and Ed was born in 2013.	Stephen is younger than Ed.
contradiction	Jim was born in 1994 and Jill was born in 1995.	Jim is younger than Jill.
contradiction	Anna was born in 2005 and Dave was born in 2013.	Anna is younger than Dave.
contradiction	Scott was born in 1995 and Julia was born in 2000.	Scott is younger than Julia.
contradiction	Harriet was born in 1999 and Nick was born in 2018.	Harriet is younger than Nick.
contradiction	Helen was born in 1991 and Lauren was born in 1997.	Helen is younger than Lauren.
contradiction	Julia was born in 1996 and Margaret was born in 2001.	Julia is younger than Margaret.
contradiction	Robert was born in 1994 and Joe was born in 2017.	Robert is younger than Joe.
contradiction	Elaine was born in 1992 and Mark was born in 1993.	Elaine is younger than Mark.
contradiction	Donna was born in 2000 and Cynthia was born in 2010.	Donna is younger than Cynthia.
contradiction	Fred was born in 2002 and Ron was born in 2004.	Fred is younger than Ron.
contradiction	Sam was born in 1999 and Ed was born in 2001.	Sam is younger than Ed.
contradiction	Sandra was born in 1993 and Dave was born in 2007.	Sandra is younger than Dave.
contradiction	Diana was born in 1998 and Peter was born in 2007.	Diana is younger than Peter.
contradiction	Karen was born in 1994 and Carolyn was born in 1995.	Karen is younger than Carolyn.
contradiction	Harold was born in 1995 and Nicole was born in 2001.	Harold is younger than Nicole.
contradiction	Edwin was born in 2009 and Thomas was born in 2011.	Edwin is younger than Thomas.
contradiction	Grace was born in 1994 and Eleanor was born in 1999.	Grace is younger than Eleanor.
contradiction	Johnny was born in 1997 and Laura was born in 2001.	Johnny is younger than Laura.
contradiction	Al was born in 2001 and Tom was born in 2016.	Al is younger than Tom.
contradiction	Tim was born in 1990 and James was born in 1995.	Tim is younger than James.
contradiction	Joseph was born in 2003 and Sophie was born in 2017.	Joseph is younger than Sophie.
contradiction	Claire was born in 2008 and Matt was born in 2015.	Claire is younger than Matt.
contradiction	Cynthia was born in 1992 and Harry was born in 1993.	Cynthia is younger than Harry.
contradiction	Leslie was born in 1994 and Jason was born in 1995.	Leslie is younger than Jason.
contradiction	Greg was born in 2005 and Lauren was born in 2015.	Greg is younger than Lauren.
contradiction	Kelly was born in 1993 and Laura was born in 2020.	Kelly is younger than Laura.
contradiction	Harriet was born in 2005 and Colin was born in 2013.	Harriet is younger than Colin.
contradiction	Carl was born in 2011 and Sara was born in 2017.	Carl is younger than Sara.
contradiction	Stephen was born in 2009 and Frederick was born in 2012.	Stephen is younger than Frederick.
contradiction	Greg was born in 1990 and Eric was born in 1995.	Greg is younger than Eric.
contradiction	Patrick was born in 1992 and Judith was born in 1997.	Patrick is younger than Judith.
contradiction	Nicole was born in 2007 and Joan was born in 2018.	Nicole is younger than Joan.
contradiction	Bobby was born in 1998 and Billy was born in 2001.	Bobby is younger than Billy.
contradiction	Alexandra was born in 1990 and Tony was born in 1997.	Alexandra is younger than Tony.
contradiction	Frances was born in 1990 and Emma was born in 1994.	Frances is younger than Emma.
contradiction	Dave was born in 1996 and Margaret was born in 1997.	Dave is younger than Margaret.
contradiction	Frank was born in 1999 and Dave was born in 2016.	Frank is younger than Dave.
contradiction	Kate was born in 1993 and Barbara was born in 1998.	Kate is younger than Barbara.
contradiction	Julie was born in 1999 and Anthony was born in 2018.	Julie is younger than Anthony.
contradiction	Frances was born in 1990 and Wendy was born in 1993.	Frances is younger than Wendy.
contradiction	Rebecca was born in 2003 and Marie was born in 2016.	Rebecca is younger than Marie.
contradiction	Eleanor was born in 1995 and Dorothy was born in 1998.	Eleanor is younger than Dorothy.
contradiction	Philip was born in 1997 and Lauren was born in 1999.	Philip is younger than Lauren.
contradiction	Daniel was born in 1990 and Carol was born in 1996.	Daniel is younger than Carol.
contradiction	Christopher was born in 1992 and Eric was born in 1995.	Christopher is younger than Eric.
contradiction	Larry was born in 1990 and Catherine was born in 2016.	Larry is younger than Catherine.
contradiction	Martin was born in 2006 and Edith was born in 2011.	Martin is younger than Edith.
contradiction	Maria was born in 1996 and Christopher was born in 1999.	Maria is younger than Christopher.
contradiction	Suzanne was born in 2005 and Martin was born in 2009.	Suzanne is younger than Martin.
contradiction	Ann was born in 1997 and Dorothy was born in 2000.	Ann is younger than Dorothy.
contradiction	Edith was born in 1997 and Harry was born in 2003.	Edith is younger than Harry.
contradiction	Jill was born in 1990 and Marilyn was born in 2001.	Jill is younger than Marilyn.
contradiction	Christine was born in 1990 and Katherine was born in 1992.	Christine is younger than Katherine.
contradiction	Carolyn was born in 1990 and Alice was born in 2000.	Carolyn is younger than Alice.
contradiction	Diana was born in 1999 and Judy was born in 2006.	Diana is younger than Judy.
contradiction	Martin was born in 1991 and Ben was born in 1993.	Martin is younger than Ben.
contradiction	Tom was born in 1994 and Charlotte was born in 2005.	Tom is younger than Charlotte.
contradiction	Daniel was born in 1993 and George was born in 2009.	Daniel is younger than George.
contradiction	Grace was born in 1999 and Maria was born in 2012.	Grace is younger than Maria.
contradiction	Judy was born in 1990 and Elaine was born in 1994.	Judy is younger than Elaine.
contradiction	Patricia was born in 1995 and Emma was born in 2005.	Patricia is younger than Emma.
contradiction	George was born in 2005 and Thomas was born in 2006.	George is younger than Thomas.
contradiction	James was born in 2008 and Roger was born in 2013.	James is younger than Roger.
contradiction	Kathy was born in 1997 and Ken was born in 2012.	Kathy is younger than Ken.
contradiction	Daniel was born in 2017 and Alan was born in 2020.	Daniel is younger than Alan.
contradiction	Anna was born in 1996 and Richard was born in 1999.	Anna is younger than Richard.
contradiction	Donald was born in 1994 and Melissa was born in 2000.	Donald is younger than Melissa.
contradiction	Robert was born in 1994 and Julia was born in 2009.	Robert is younger than Julia.
contradiction	James was born in 1994 and Sharon was born in 2004.	James is younger than Sharon.
contradiction	Kim was born in 2006 and Joseph was born in 2009.	Kim is younger than Joseph.
contradiction	Steve was born in 2008 and Alex was born in 2011.	Steve is younger than Alex.
contradiction	Julie was born in 2000 and Jay was born in 2009.	Julie is younger than Jay.
contradiction	Katie was born in 2009 and Anna was born in 2015.	Katie is younger than Anna.
contradiction	James was born in 1997 and Katherine was born in 2016.	James is younger than Katherine.
contradiction	Fred was born in 2012 and Margaret was born in 2018.	Fred is younger than Margaret.
contradiction	Chris was born in 1993 and Carolyn was born in 1994.	Chris is younger than Carolyn.
contradiction	Harry was born in 2000 and Sharon was born in 2015.	Harry is younger than Sharon.
contradiction	Chris was born in 1991 and Lauren was born in 2019.	Chris is younger than Lauren.
contradiction	Ian was born in 1990 and Edward was born in 2019.	Ian is younger than Edward.
contradiction	Edwin was born in 2001 and Benjamin was born in 2010.	Edwin is younger than Benjamin.
contradiction	Chris was born in 2016 and Matt was born in 2017.	Chris is younger than Matt.
contradiction	Kathryn was born in 2000 and Diane was born in 2006.	Kathryn is younger than Diane.
contradiction	Christine was born in 1996 and Fred was born in 2018.	Christine is younger than Fred.
contradiction	Tom was born in 1992 and Henry was born in 1994.	Tom is younger than Henry.
contradiction	Charlotte was born in 1990 and Joseph was born in 1996.	Charlotte is younger than Joseph.
contradiction	Lucy was born in 2005 and Claire was born in 2008.	Lucy is younger than Claire.
contradiction	Donald was born in 1996 and Ed was born in 2010.	Donald is younger than Ed.
contradiction	Anne was born in 1994 and Joseph was born in 2011.	Anne is younger than Joseph.
contradiction	Charlotte was born in 1994 and Jean was born in 2001.	Charlotte is younger than Jean.
contradiction	Rebecca was born in 1991 and Dan was born in 2001.	Rebecca is younger than Dan.
contradiction	Daniel was born in 1995 and Suzanne was born in 2002.	Daniel is younger than Suzanne.
contradiction	Patricia was born in 1993 and Jeff was born in 1994.	Patricia is younger than Jeff.
contradiction	Donald was born in 1990 and Marilyn was born in 2000.	Donald is younger than Marilyn.
contradiction	Charles was born in 1992 and Diane was born in 2005.	Charles is younger than Diane.
contradiction	Linda was born in 2009 and Carol was born in 2018.	Linda is younger than Carol.
contradiction	Robert was born in 1999 and Patricia was born in 2013.	Robert is younger than Patricia.
contradiction	Arthur was born in 2004 and Wendy was born in 2014.	Arthur is younger than Wendy.
contradiction	Fiona was born in 1995 and Ann was born in 2007.	Fiona is younger than Ann.
contradiction	Gary was born in 2015 and Katherine was born in 2020.	Gary is younger than Katherine.
contradiction	Chris was born in 1995 and Peter was born in 1997.	Chris is younger than Peter.
contradiction	Rachel was born in 2007 and Sandra was born in 2011.	Rachel is younger than Sandra.
contradiction	Ann was born in 2003 and Patricia was born in 2005.	Ann is younger than Patricia.
contradiction	Bill was born in 1996 and Emily was born in 2004.	Bill is younger than Emily.
contradiction	Charlie was born in 2001 and Emma was born in 2015.	Charlie is younger than Emma.
contradiction	Nick was born in 1990 and Richard was born in 1998.	Nick is younger than Richard.
contradiction	Harriet was born in 1990 and Fred was born in 1991.	Harriet is younger than Fred.
contradiction	Jennifer was born in 1993 and Kathryn was born in 2015.	Jennifer is younger than Kathryn.
contradiction	Ellen was born in 2010 and Charlie was born in 2019.	Ellen is younger than Charlie.
contradiction	James was born in 1994 and Betty was born in 2002.	James is younger than Betty.
contradiction	Jeff was born in 2012 and Frances was born in 2016.	Jeff is younger than Frances.
contradiction	Francis was born in 1998 and Deborah was born in 2012.	Francis is younger than Deborah.
contradiction	Lisa was born in 1993 and Samuel was born in 2000.	Lisa is younger than Samuel.
contradiction	Deborah was born in 2003 and Dick was born in 2008.	Deborah is younger than Dick.
contradiction	Martha was born in 2001 and Jason was born in 2010.	Martha is younger than Jason.
contradiction	Bruce was born in 1990 and Francis was born in 1992.	Bruce is younger than Francis.
contradiction	Claire was born in 2002 and Kathryn was born in 2020.	Claire is younger than Kathryn.
contradiction	Dave was born in 1993 and Edward was born in 1994.	Dave is younger than Edward.
contradiction	Evelyn was born in 1990 and Deborah was born in 2014.	Evelyn is younger than Deborah.
contradiction	Frank was born in 1996 and Christopher was born in 1999.	Frank is younger than Christopher.
contradiction	Jennifer was born in 1992 and Christopher was born in 1994.	Jennifer is younger than Christopher.
contradiction	Patricia was born in 1992 and Chris was born in 1994.	Patricia is younger than Chris.
contradiction	Jennifer was born in 1990 and Dick was born in 2000.	Jennifer is younger than Dick.
contradiction	William was born in 1992 and Jessica was born in 1996.	William is younger than Jessica.
contradiction	Katherine was born in 1994 and Wendy was born in 1995.	Katherine is younger than Wendy.
contradiction	Philip was born in 1990 and Jane was born in 1999.	Philip is younger than Jane.
contradiction	Andrea was born in 1995 and Joseph was born in 2019.	Andrea is younger than Joseph.
contradiction	William was born in 1991 and Eric was born in 2018.	William is younger than Eric.
contradiction	Joe was born in 1990 and Ben was born in 1992.	Joe is younger than Ben.
contradiction	Sophie was born in 1996 and Frank was born in 2002.	Sophie is younger than Frank.
contradiction	George was born in 1994 and Marie was born in 1999.	George is younger than Marie.
contradiction	James was born in 1998 and Ken was born in 2019.	James is younger than Ken.
contradiction	Don was born in 2002 and Louis was born in 2014.	Don is younger than Louis.
contradiction	Kevin was born in 1991 and Florence was born in 2014.	Kevin is younger than Florence.
contradiction	James was born in 1993 and Ruth was born in 1994.	James is younger than Ruth.
contradiction	Lisa was born in 1992 and Kathy was born in 1994.	Lisa is younger than Kathy.
contradiction	Marilyn was born in 1997 and Howard was born in 2004.	Marilyn is younger than Howard.
contradiction	Joe was born in 1993 and Jill was born in 2001.	Joe is younger than Jill.
contradiction	Dave was born in 2007 and Matthew was born in 2020.	Dave is younger than Matthew.
contradiction	Stephen was born in 1992 and Joseph was born in 2002.	Stephen is younger than Joseph.
contradiction	Kelly was born in 1993 and Ed was born in 1995.	Kelly is younger than Ed.
contradiction	Rose was born in 2006 and Dan was born in 2014.	Rose is younger than Dan.
contradiction	Dick was born in 1997 and Grace was born in 2010.	Dick is younger than Grace.
contradiction	Jack was born in 1990 and Henry was born in 1991.	Jack is younger than Henry.
contradiction	Rebecca was born in 2002 and James was born in 2019.	Rebecca is younger than James.
contradiction	Richard was born in 1991 and Ruth was born in 1994.	Richard is younger than Ruth.
contradiction	Peter was born in 1990 and Joseph was born in 1991.	Peter is younger than Joseph.
contradiction	Sandra was born in 1991 and Evelyn was born in 2015.	Sandra is younger than Evelyn.
contradiction	Dan was born in 1994 and Lawrence was born in 1997.	Dan is younger than Lawrence.
contradiction	Benjamin was born in 1991 and Florence was born in 2004.	Benjamin is younger than Florence.
contradiction	Jimmy was born in 1998 and Carol was born in 1999.	Jimmy is younger than Carol.
contradiction	Emma was born in 1991 and Maria was born in 2012.	Emma is younger than Maria.
contradiction	Mike was born in 1992 and Louise was born in 1993.	Mike is younger than Louise.
contradiction	Anne was born in 2003 and Kevin was born in 2004.	Anne is younger than Kevin.
contradiction	Christopher was born in 2002 and Jonathan was born in 2007.	Christopher is younger than Jonathan.
contradiction	Diane was born in 1993 and Nick was born in 2006.	Diane is younger than Nick.
contradiction	Albert was born in 1991 and Jonathan was born in 1997.	Albert is younger than Jonathan.
contradiction	Daniel was born in 1993 and Robert was born in 1995.	Daniel is younger than Robert.
contradiction	Albert was born in 1992 and Brian was born in 2002.	Albert is younger than Brian.
contradiction	Dan was born in 1999 and Emily was born in 2003.	Dan is younger than Emily.
contradiction	Kim was born in 1998 and Jonathan was born in 2018.	Kim is younger than Jonathan.
contradiction	Fred was born in 1996 and Jennifer was born in 2008.	Fred is younger than Jennifer.
contradiction	Rose was born in 1997 and Lawrence was born in 2001.	Rose is younger than Lawrence.
contradiction	Arthur was born in 2000 and Sally was born in 2005.	Arthur is younger than Sally.
contradiction	Bob was born in 2012 and Roger was born in 2019.	Bob is younger than Roger.
contradiction	Joe was born in 2010 and Steve was born in 2020.	Joe is younger than Steve.
contradiction	Angela was born in 1992 and John was born in 2004.	Angela is younger than John.
contradiction	Janet was born in 1999 and Grace was born in 2000.	Janet is younger than Grace.
contradiction	Martha was born in 1998 and Adam was born in 2019.	Martha is younger than Adam.
contradiction	Paul was born in 1995 and Albert was born in 2004.	Paul is younger than Albert.
contradiction	Charlotte was born in 1996 and Emily was born in 1997.	Charlotte is younger than Emily.
contradiction	Adam was born in 1990 and Benjamin was born in 2007.	Adam is younger than Benjamin.
contradiction	Howard was born in 2004 and Victoria was born in 2005.	Howard is younger than Victoria.
contradiction	Sara was born in 1997 and Joe was born in 2001.	Sara is younger than Joe.
contradiction	Jill was born in 1993 and Nicole was born in 1995.	Jill is younger than Nicole.
contradiction	Andrea was born in 1992 and Matt was born in 2000.	Andrea is younger than Matt.
contradiction	Edith was born in 1997 and Arthur was born in 2011.	Edith is younger than Arthur.
contradiction	Harriet was born in 2013 and Ralph was born in 2019.	Harriet is younger than Ralph.
contradiction	Henry was born in 1992 and Donna was born in 1998.	Henry is younger than Donna.
contradiction	Howard was born in 1991 and Ken was born in 2012.	Howard is younger than Ken.
contradiction	Francis was born in 1990 and Johnny was born in 2014.	Francis is younger than Johnny.
contradiction	Eleanor was born in 2003 and Steve was born in 2018.	Eleanor is younger than Steve.
contradiction	Julia was born in 1993 and Mary was born in 2005.	Julia is younger than Mary.
contradiction	Victoria was born in 1990 and Anne was born in 2013.	Victoria is younger than Anne.
contradiction	Julia was born in 1990 and Peter was born in 1991.	Julia is younger than Peter.
contradiction	Ian was born in 2018 and Bobby was born in 2020.	Ian is younger than Bobby.
contradiction	Larry was born in 1990 and Suzanne was born in 2003.	Larry is younger than Suzanne.
contradiction	Rose was born in 1991 and Paul was born in 2002.	Rose is younger than Paul.
contradiction	Matthew was born in 1993 and Walter was born in 2013.	Matthew is younger than Walter.
contradiction	Dick was born in 2014 and Diane was born in 2017.	Dick is younger than Diane.
contradiction	Pamela was born in 2001 and Greg was born in 2005.	Pamela is younger than Greg.
contradiction	Joseph was born in 1998 and Alexandra was born in 2004.	Joseph is younger than Alexandra.
contradiction	Tom was born in 1999 and William was born in 2005.	Tom is younger than William.
contradiction	Donald was born in 2002 and Larry was born in 2013.	Donald is younger than Larry.
contradiction	Larry was born in 1994 and Suzanne was born in 1997.	Larry is younger than Suzanne.
contradiction	Jimmy was born in 1997 and Frances was born in 2007.	Jimmy is younger than Frances.
contradiction	Rebecca was born in 1991 and Fiona was born in 1992.	Rebecca is younger than Fiona.
contradiction	Andrew was born in 1992 and Nick was born in 1998.	Andrew is younger than Nick.
contradiction	Deborah was born in 2005 and Melissa was born in 2007.	Deborah is younger than Melissa.
contradiction	Cynthia was born in 2010 and Paul was born in 2016.	Cynthia is younger than Paul.
contradiction	Martin was born in 2003 and Bill was born in 2017.	Martin is younger than Bill.
contradiction	Kathryn was born in 1990 and Don was born in 1995.	Kathryn is younger than Don.
contradiction	Daniel was born in 1994 and Elizabeth was born in 2019.	Daniel is younger than Elizabeth.
contradiction	Barbara was born in 1991 and Sara was born in 2012.	Barbara is younger than Sara.
contradiction	Ron was born in 1998 and Albert was born in 2008.	Ron is younger than Albert.
contradiction	William was born in 1995 and Kathryn was born in 2001.	William is younger than Kathryn.
contradiction	Dick was born in 1996 and Amanda was born in 2019.	Dick is younger than Amanda.
contradiction	Fred was born in 2013 and Colin was born in 2016.	Fred is younger than Colin.
contradiction	Wendy was born in 1998 and Joan was born in 2008.	Wendy is younger than Joan.
contradiction	Virginia was born in 2000 and Bob was born in 2001.	Virginia is younger than Bob.
contradiction	Kelly was born in 1998 and Bob was born in 2008.	Kelly is younger than Bob.
contradiction	Anne was born in 1994 and George was born in 2019.	Anne is younger than George.
contradiction	Margaret was born in 1998 and Fiona was born in 2020.	Margaret is younger than Fiona.
contradiction	Donald was born in 1991 and Carolyn was born in 1992.	Donald is younger than Carolyn.
contradiction	Kenneth was born in 1990 and Eric was born in 1992.	Kenneth is younger than Eric.
contradiction	Greg was born in 1991 and Daniel was born in 1998.	Greg is younger than Daniel.
contradiction	Benjamin was born in 1992 and Dorothy was born in 1993.	Benjamin is younger than Dorothy.
contradiction	Grace was born in 1990 and Jim was born in 2007.	Grace is younger than Jim.
contradiction	Dick was born in 1990 and Florence was born in 2000.	Dick is younger than Florence.
contradiction	Kevin was born in 1995 and Carol was born in 1996.	Kevin is younger than Carol.
contradiction	Ellen was born in 1990 and Jessica was born in 2002.	Ellen is younger than Jessica.
contradiction	Heather was born in 1992 and Peter was born in 1997.	Heather is younger than Peter.
contradiction	Sandra was born in 1995 and Andrew was born in 2006.	Sandra is younger than Andrew.
contradiction	Stephanie was born in 2002 and Sally was born in 2010.	Stephanie is younger than Sally.
contradiction	Roger was born in 1992 and Ellen was born in 2019.	Roger is younger than Ellen.
contradiction	Ed was born in 1996 and Arthur was born in 1998.	Ed is younger than Arthur.
contradiction	Harry was born in 1997 and Chris was born in 2001.	Harry is younger than Chris.
contradiction	Dave was born in 1992 and Edith was born in 2001.	Dave is younger than Edith.
contradiction	Charles was born in 1994 and Matt was born in 1996.	Charles is younger than Matt.
contradiction	Sue was born in 1995 and Harold was born in 2006.	Sue is younger than Harold.
contradiction	Ashley was born in 1998 and Sarah was born in 2009.	Ashley is younger than Sarah.
contradiction	Nancy was born in 1997 and Kim was born in 2009.	Nancy is younger than Kim.
contradiction	Linda was born in 2002 and Gary was born in 2005.	Linda is younger than Gary.
contradiction	Andrew was born in 1990 and Ralph was born in 2004.	Andrew is younger than Ralph.
contradiction	Carol was born in 1996 and Jerry was born in 2006.	Carol is younger than Jerry.
contradiction	Francis was born in 1990 and Eleanor was born in 1993.	Francis is younger than Eleanor.
contradiction	Martin was born in 1990 and James was born in 2003.	Martin is younger than James.
contradiction	Kim was born in 2001 and Ray was born in 2006.	Kim is younger than Ray.
contradiction	Dorothy was born in 1990 and Dick was born in 2001.	Dorothy is younger than Dick.
contradiction	Samuel was born in 1995 and Wendy was born in 1997.	Samuel is younger than Wendy.
contradiction	Melissa was born in 1999 and Dave was born in 2016.	Melissa is younger than Dave.
contradiction	Simon was born in 1997 and Robin was born in 2019.	Simon is younger than Robin.
contradiction	Don was born in 1993 and Hugh was born in 2001.	Don is younger than Hugh.
contradiction	Jane was born in 2014 and Nick was born in 2017.	Jane is younger than Nick.
contradiction	Kathleen was born in 2012 and Jennifer was born in 2013.	Kathleen is younger than Jennifer.
contradiction	Jay was born in 1993 and Carl was born in 2013.	Jay is younger than Carl.
contradiction	Stephen was born in 1990 and Carol was born in 1998.	Stephen is younger than Carol.
contradiction	Sara was born in 2008 and Marilyn was born in 2011.	Sara is younger than Marilyn.
contradiction	Jerry was born in 1993 and Philip was born in 1997.	Jerry is younger than Philip.
contradiction	Mary was born in 1990 and Sue was born in 2014.	Mary is younger than Sue.
contradiction	Alfred was born in 1990 and Andrea was born in 2018.	Alfred is younger than Andrea.
contradiction	David was born in 1990 and Melissa was born in 1993.	David is younger than Melissa.
contradiction	Kelly was born in 1992 and Brian was born in 1994.	Kelly is younger than Brian.
contradiction	Sally was born in 1994 and Carol was born in 1998.	Sally is younger than Carol.
contradiction	Mary was born in 2004 and Ed was born in 2008.	Mary is younger than Ed.
contradiction	Johnny was born in 1993 and Alice was born in 2009.	Johnny is younger than Alice.
contradiction	John was born in 1999 and Jerry was born in 2000.	John is younger than Jerry.
contradiction	Claire was born in 2001 and Albert was born in 2019.	Claire is younger than Albert.
contradiction	Michelle was born in 1991 and William was born in 1992.	Michelle is younger than William.
contradiction	Heather was born in 2000 and Dan was born in 2009.	Heather is younger than Dan.
contradiction	Christine was born in 2001 and Steve was born in 2017.	Christine is younger than Steve.
contradiction	Dan was born in 1998 and Jonathan was born in 2015.	Dan is younger than Jonathan.
contradiction	Alex was born in 1993 and Joe was born in 1999.	Alex is younger than Joe.
contradiction	Sarah was born in 1990 and Amy was born in 1997.	Sarah is younger than Amy.
contradiction	Ray was born in 2009 and Kevin was born in 2019.	Ray is younger than Kevin.
contradiction	Steven was born in 2009 and Michael was born in 2019.	Steven is younger than Michael.
contradiction	Melissa was born in 1992 and Anna was born in 1993.	Melissa is younger than Anna.
contradiction	Donna was born in 1991 and Sarah was born in 1992.	Donna is younger than Sarah.
contradiction	Donald was born in 2007 and Colin was born in 2009.	Donald is younger than Colin.
contradiction	Jessica was born in 1993 and Sophie was born in 2010.	Jessica is younger than Sophie.
contradiction	Janet was born in 1995 and Roger was born in 1996.	Janet is younger than Roger.
contradiction	Steven was born in 1991 and Pamela was born in 1992.	Steven is younger than Pamela.
contradiction	Maria was born in 1999 and Colin was born in 2018.	Maria is younger than Colin.
contradiction	Harriet was born in 1990 and George was born in 2005.	Harriet is younger than George.
contradiction	Frances was born in 1993 and Marie was born in 2016.	Frances is younger than Marie.
contradiction	Michael was born in 1996 and Elizabeth was born in 2016.	Michael is younger than Elizabeth.
contradiction	Jonathan was born in 2008 and Simon was born in 2013.	Jonathan is younger than Simon.
contradiction	Lisa was born in 2000 and Elaine was born in 2009.	Lisa is younger than Elaine.
contradiction	Louise was born in 1995 and Robert was born in 2002.	Louise is younger than Robert.
contradiction	Claire was born in 1994 and Paul was born in 2002.	Claire is younger than Paul.
contradiction	Howard was born in 1997 and Kathryn was born in 2006.	Howard is younger than Kathryn.
contradiction	Frances was born in 1992 and Nancy was born in 2020.	Frances is younger than Nancy.
contradiction	Eric was born in 1990 and Marie was born in 1991.	Eric is younger than Marie.
contradiction	Rachel was born in 1994 and Michelle was born in 2004.	Rachel is younger than Michelle.
contradiction	Victoria was born in 2011 and Susan was born in 2019.	Victoria is younger than Susan.
contradiction	Martha was born in 1993 and Matt was born in 1999.	Martha is younger than Matt.
contradiction	Barbara was born in 1990 and Harry was born in 2000.	Barbara is younger than Harry.
contradiction	Dick was born in 1991 and Robin was born in 1997.	Dick is younger than Robin.
contradiction	Henry was born in 1990 and Richard was born in 1994.	Henry is younger than Richard.
contradiction	Peter was born in 1994 and Wendy was born in 2008.	Peter is younger than Wendy.
contradiction	Dan was born in 1996 and David was born in 2000.	Dan is younger than David.
contradiction	Catherine was born in 1995 and Alex was born in 1997.	Catherine is younger than Alex.
contradiction	Tony was born in 1990 and Amy was born in 2018.	Tony is younger than Amy.
contradiction	Samuel was born in 1999 and Julia was born in 2003.	Samuel is younger than Julia.
contradiction	Michelle was born in 1993 and Charles was born in 2004.	Michelle is younger than Charles.
contradiction	Paul was born in 1990 and Walter was born in 1993.	Paul is younger than Walter.
contradiction	Dan was born in 1993 and Anthony was born in 2005.	Dan is younger than Anthony.
contradiction	Karen was born in 2011 and Nicole was born in 2018.	Karen is younger than Nicole.
contradiction	Jay was born in 2001 and Simon was born in 2002.	Jay is younger than Simon.
contradiction	Chris was born in 1990 and Brian was born in 1991.	Chris is younger than Brian.
contradiction	Jessica was born in 1990 and Roger was born in 1991.	Jessica is younger than Roger.
contradiction	Joseph was born in 2003 and Annie was born in 2007.	Joseph is younger than Annie.
contradiction	Charlie was born in 1991 and George was born in 2019.	Charlie is younger than George.
contradiction	Julia was born in 1991 and Jeff was born in 1995.	Julia is younger than Jeff.
contradiction	Mike was born in 2013 and Margaret was born in 2017.	Mike is younger than Margaret.
contradiction	Jason was born in 1992 and George was born in 1993.	Jason is younger than George.
contradiction	Francis was born in 1993 and Lisa was born in 2015.	Francis is younger than Lisa.
contradiction	Susan was born in 1995 and Jeff was born in 2000.	Susan is younger than Jeff.
contradiction	Mike was born in 1990 and Michelle was born in 1995.	Mike is younger than Michelle.
contradiction	Judith was born in 1992 and Judy was born in 2014.	Judith is younger than Judy.
contradiction	Ralph was born in 2017 and Kathy was born in 2019.	Ralph is younger than Kathy.
contradiction	Amanda was born in 1990 and Larry was born in 2017.	Amanda is younger than Larry.
contradiction	Lauren was born in 2009 and Kim was born in 2017.	Lauren is younger than Kim.
contradiction	Greg was born in 1990 and Sarah was born in 2002.	Greg is younger than Sarah.
contradiction	Mike was born in 2006 and Sue was born in 2010.	Mike is younger than Sue.
contradiction	Arthur was born in 1998 and Pamela was born in 2007.	Arthur is younger than Pamela.
contradiction	Charlotte was born in 1992 and Frank was born in 1998.	Charlotte is younger than Frank.
contradiction	Alice was born in 2004 and Bobby was born in 2010.	Alice is younger than Bobby.
contradiction	Marie was born in 1994 and Jonathan was born in 1995.	Marie is younger than Jonathan.
contradiction	Jessica was born in 1991 and Donna was born in 2016.	Jessica is younger than Donna.
contradiction	Ray was born in 2012 and Lucy was born in 2017.	Ray is younger than Lucy.
contradiction	Marie was born in 2001 and Jim was born in 2003.	Marie is younger than Jim.
contradiction	Joe was born in 1990 and Gary was born in 2005.	Joe is younger than Gary.
contradiction	Rebecca was born in 1990 and Pamela was born in 1991.	Rebecca is younger than Pamela.
contradiction	Carol was born in 1995 and Scott was born in 1999.	Carol is younger than Scott.
contradiction	Jeff was born in 1997 and Diana was born in 2004.	Jeff is younger than Diana.
contradiction	Alice was born in 1999 and Leslie was born in 2010.	Alice is younger than Leslie.
contradiction	Charlie was born in 1995 and Dave was born in 2001.	Charlie is younger than Dave.
contradiction	Lauren was born in 1997 and Wendy was born in 1998.	Lauren is younger than Wendy.
contradiction	Sara was born in 2009 and Sharon was born in 2020.	Sara is younger than Sharon.
contradiction	Katherine was born in 1992 and Kate was born in 1997.	Katherine is younger than Kate.
contradiction	Daniel was born in 1991 and Amanda was born in 1995.	Daniel is younger than Amanda.
contradiction	Joe was born in 2003 and Stephen was born in 2008.	Joe is younger than Stephen.
contradiction	Stephen was born in 1997 and Gary was born in 2019.	Stephen is younger than Gary.
contradiction	Thomas was born in 1991 and Martha was born in 1992.	Thomas is younger than Martha.
contradiction	Ray was born in 1992 and Keith was born in 1993.	Ray is younger than Keith.
contradiction	Susan was born in 1994 and Alice was born in 1995.	Susan is younger than Alice.
contradiction	Joan was born in 1996 and Charlotte was born in 2000.	Joan is younger than Charlotte.
contradiction	Wendy was born in 1996 and Julie was born in 1997.	Wendy is younger than Julie.
contradiction	Carl was born in 2000 and Johnny was born in 2018.	Carl is younger than Johnny.
contradiction	Katherine was born in 1991 and Arthur was born in 1993.	Katherine is younger than Arthur.
contradiction	Rose was born in 1994 and Michael was born in 2004.	Rose is younger than Michael.
contradiction	Joseph was born in 1995 and Gary was born in 2009.	Joseph is younger than Gary.
contradiction	Melissa was born in 2004 and Nicole was born in 2011.	Melissa is younger than Nicole.
contradiction	Laura was born in 1998 and Helen was born in 2015.	Laura is younger than Helen.
contradiction	Howard was born in 1990 and Elaine was born in 1993.	Howard is younger than Elaine.
contradiction	Frank was born in 1999 and Colin was born in 2011.	Frank is younger than Colin.
contradiction	Deborah was born in 2000 and Bobby was born in 2015.	Deborah is younger than Bobby.
contradiction	Helen was born in 2000 and Kate was born in 2012.	Helen is younger than Kate.
contradiction	Alexandra was born in 1998 and Ron was born in 1999.	Alexandra is younger than Ron.
contradiction	Jay was born in 2000 and Anthony was born in 2002.	Jay is younger than Anthony.
contradiction	Annie was born in 2012 and Susan was born in 2014.	Annie is younger than Susan.
contradiction	Martin was born in 2001 and David was born in 2015.	Martin is younger than David.
contradiction	Simon was born in 1994 and Eric was born in 2012.	Simon is younger than Eric.
contradiction	Caroline was born in 2000 and Joan was born in 2006.	Caroline is younger than Joan.
contradiction	Carolyn was born in 2009 and Sara was born in 2018.	Carolyn is younger than Sara.
contradiction	Diane was born in 2008 and Bob was born in 2014.	Diane is younger than Bob.
contradiction	Kathleen was born in 1994 and Ruth was born in 1997.	Kathleen is younger than Ruth.
contradiction	Howard was born in 1996 and Pamela was born in 1998.	Howard is younger than Pamela.
contradiction	Claire was born in 1992 and Ryan was born in 2001.	Claire is younger than Ryan.
contradiction	Sarah was born in 1990 and Caroline was born in 1992.	Sarah is younger than Caroline.
contradiction	Edith was born in 1993 and Louis was born in 1996.	Edith is younger than Louis.
contradiction	Dave was born in 1991 and Virginia was born in 2012.	Dave is younger than Virginia.
contradiction	Amy was born in 2016 and Ryan was born in 2017.	Amy is younger than Ryan.
contradiction	David was born in 1993 and Robert was born in 2000.	David is younger than Robert.
contradiction	Eric was born in 1992 and Katie was born in 1993.	Eric is younger than Katie.
contradiction	Sharon was born in 1992 and Dan was born in 2003.	Sharon is younger than Dan.
contradiction	Joseph was born in 1992 and Grace was born in 2008.	Joseph is younger than Grace.
contradiction	Wendy was born in 1991 and Kate was born in 2003.	Wendy is younger than Kate.
contradiction	Kate was born in 1990 and Frances was born in 1999.	Kate is younger than Frances.
contradiction	Evelyn was born in 2002 and Heather was born in 2014.	Evelyn is younger than Heather.
contradiction	Eleanor was born in 1994 and Tom was born in 1995.	Eleanor is younger than Tom.
contradiction	Alan was born in 1999 and Alison was born in 2013.	Alan is younger than Alison.
contradiction	Judy was born in 1992 and Jessica was born in 1997.	Judy is younger than Jessica.
contradiction	Jessica was born in 2002 and Carol was born in 2003.	Jessica is younger than Carol.
contradiction	Lauren was born in 1998 and Tim was born in 2016.	Lauren is younger than Tim.
contradiction	Ryan was born in 1995 and Jason was born in 1999.	Ryan is younger than Jason.
contradiction	Kathryn was born in 1990 and Tim was born in 2001.	Kathryn is younger than Tim.
contradiction	Bruce was born in 1990 and Lawrence was born in 1995.	Bruce is younger than Lawrence.
contradiction	Harriet was born in 1997 and Eleanor was born in 2001.	Harriet is younger than Eleanor.
contradiction	Patrick was born in 2013 and Ryan was born in 2015.	Patrick is younger than Ryan.
contradiction	Elizabeth was born in 2004 and Tony was born in 2008.	Elizabeth is younger than Tony.
contradiction	Roger was born in 1993 and Pamela was born in 1997.	Roger is younger than Pamela.
contradiction	Marilyn was born in 1996 and Kathryn was born in 2003.	Marilyn is younger than Kathryn.
contradiction	Jay was born in 2018 and Sara was born in 2020.	Jay is younger than Sara.
contradiction	Lauren was born in 2004 and Kathy was born in 2017.	Lauren is younger than Kathy.
contradiction	Sharon was born in 2001 and Harold was born in 2008.	Sharon is younger than Harold.
contradiction	Stephanie was born in 2009 and Adam was born in 2020.	Stephanie is younger than Adam.
contradiction	Daniel was born in 2005 and Elizabeth was born in 2012.	Daniel is younger than Elizabeth.
contradiction	Judy was born in 1995 and Thomas was born in 1999.	Judy is younger than Thomas.
contradiction	Rebecca was born in 2000 and Paul was born in 2008.	Rebecca is younger than Paul.
contradiction	Ben was born in 1990 and Deborah was born in 1992.	Ben is younger than Deborah.
contradiction	Nancy was born in 2000 and Amanda was born in 2008.	Nancy is younger than Amanda.
contradiction	Daniel was born in 2011 and Robert was born in 2012.	Daniel is younger than Robert.
contradiction	Philip was born in 1991 and Andrea was born in 1992.	Philip is younger than Andrea.
contradiction	Carl was born in 2006 and Richard was born in 2017.	Carl is younger than Richard.
contradiction	Albert was born in 1993 and Judith was born in 2009.	Albert is younger than Judith.
contradiction	Dan was born in 1991 and Lawrence was born in 1994.	Dan is younger than Lawrence.
contradiction	Harriet was born in 2006 and Donald was born in 2020.	Harriet is younger than Donald.
contradiction	Joan was born in 2001 and Heather was born in 2004.	Joan is younger than Heather.
contradiction	Charles was born in 1991 and Lisa was born in 2019.	Charles is younger than Lisa.
contradiction	Rebecca was born in 1997 and William was born in 1999.	Rebecca is younger than William.
contradiction	Eric was born in 1990 and Kelly was born in 2019.	Eric is younger than Kelly.
contradiction	Kathryn was born in 2002 and Sam was born in 2010.	Kathryn is younger than Sam.
contradiction	Matthew was born in 1990 and Andrea was born in 2007.	Matthew is younger than Andrea.
contradiction	Virginia was born in 2003 and Lucy was born in 2005.	Virginia is younger than Lucy.
contradiction	Betty was born in 1996 and Melissa was born in 2016.	Betty is younger than Melissa.
contradiction	Julie was born in 1994 and Jill was born in 2002.	Julie is younger than Jill.
contradiction	Nicole was born in 2004 and Patrick was born in 2006.	Nicole is younger than Patrick.
contradiction	Matthew was born in 1992 and Roy was born in 1993.	Matthew is younger than Roy.
contradiction	Richard was born in 2008 and Judith was born in 2013.	Richard is younger than Judith.
contradiction	Scott was born in 2002 and Edwin was born in 2011.	Scott is younger than Edwin.
contradiction	Eric was born in 1997 and Harold was born in 2019.	Eric is younger than Harold.
contradiction	Jean was born in 2017 and Ray was born in 2018.	Jean is younger than Ray.
contradiction	Alison was born in 1999 and Victoria was born in 2000.	Alison is younger than Victoria.
contradiction	Claire was born in 2004 and Adam was born in 2009.	Claire is younger than Adam.
contradiction	Florence was born in 1992 and Carol was born in 1996.	Florence is younger than Carol.
contradiction	Benjamin was born in 2016 and Alex was born in 2018.	Benjamin is younger than Alex.
contradiction	Carolyn was born in 2008 and Emma was born in 2019.	Carolyn is younger than Emma.
contradiction	Alexander was born in 1991 and Patrick was born in 1997.	Alexander is younger than Patrick.
contradiction	Nancy was born in 1992 and Keith was born in 2010.	Nancy is younger than Keith.
contradiction	Virginia was born in 2011 and Samuel was born in 2016.	Virginia is younger than Samuel.
contradiction	Tony was born in 2004 and Ray was born in 2020.	Tony is younger than Ray.
contradiction	Simon was born in 2007 and Sue was born in 2008.	Simon is younger than Sue.
contradiction	Nick was born in 1990 and Jim was born in 1997.	Nick is younger than Jim.
contradiction	Bob was born in 1995 and Emma was born in 1999.	Bob is younger than Emma.
contradiction	Johnny was born in 1998 and Lauren was born in 2004.	Johnny is younger than Lauren.
contradiction	Alexandra was born in 2003 and Claire was born in 2016.	Alexandra is younger than Claire.
contradiction	Rachel was born in 1993 and Sandra was born in 2006.	Rachel is younger than Sandra.
contradiction	Harry was born in 1999 and Tom was born in 2012.	Harry is younger than Tom.
contradiction	Grace was born in 1991 and Carolyn was born in 2015.	Grace is younger than Carolyn.
contradiction	Janet was born in 1999 and Lynn was born in 2005.	Janet is younger than Lynn.
contradiction	Dan was born in 1996 and Christopher was born in 2004.	Dan is younger than Christopher.
contradiction	Edward was born in 1999 and Eleanor was born in 2008.	Edward is younger than Eleanor.
contradiction	Suzanne was born in 2004 and Virginia was born in 2006.	Suzanne is younger than Virginia.
contradiction	Diana was born in 1990 and Matthew was born in 1993.	Diana is younger than Matthew.
contradiction	Hugh was born in 1992 and Mark was born in 1994.	Hugh is younger than Mark.
contradiction	Mark was born in 1996 and Tim was born in 2018.	Mark is younger than Tim.
contradiction	Florence was born in 1990 and Edward was born in 2008.	Florence is younger than Edward.
contradiction	Julia was born in 1998 and Fred was born in 2003.	Julia is younger than Fred.
contradiction	Alexander was born in 1991 and Rose was born in 1994.	Alexander is younger than Rose.
contradiction	Joan was born in 1997 and Jonathan was born in 2015.	Joan is younger than Jonathan.
contradiction	Ron was born in 2002 and Samuel was born in 2019.	Ron is younger than Samuel.
contradiction	Jim was born in 1990 and Sue was born in 2002.	Jim is younger than Sue.
contradiction	Harold was born in 1998 and Mike was born in 2020.	Harold is younger than Mike.
contradiction	Diane was born in 2000 and Mark was born in 2018.	Diane is younger than Mark.
contradiction	Katie was born in 1998 and Bruce was born in 2020.	Katie is younger than Bruce.
contradiction	Melissa was born in 1992 and Edith was born in 2020.	Melissa is younger than Edith.
contradiction	Nancy was born in 2009 and Donna was born in 2020.	Nancy is younger than Donna.
contradiction	Cynthia was born in 2000 and Ron was born in 2020.	Cynthia is younger than Ron.
contradiction	Angela was born in 2014 and Lauren was born in 2015.	Angela is younger than Lauren.
contradiction	Anna was born in 1990 and Christine was born in 1996.	Anna is younger than Christine.
contradiction	Howard was born in 1999 and Laura was born in 2002.	Howard is younger than Laura.
contradiction	Fiona was born in 1990 and William was born in 1997.	Fiona is younger than William.
contradiction	Virginia was born in 2010 and Keith was born in 2016.	Virginia is younger than Keith.
contradiction	Paul was born in 1997 and Katherine was born in 2015.	Paul is younger than Katherine.
contradiction	Andrew was born in 1991 and David was born in 1992.	Andrew is younger than David.
contradiction	Ellen was born in 1991 and Robert was born in 1997.	Ellen is younger than Robert.
contradiction	Jill was born in 1995 and Patricia was born in 2001.	Jill is younger than Patricia.
contradiction	Evelyn was born in 1990 and Lawrence was born in 1991.	Evelyn is younger than Lawrence.
contradiction	Alice was born in 1991 and Annie was born in 2010.	Alice is younger than Annie.
contradiction	Daniel was born in 1999 and Charlotte was born in 2006.	Daniel is younger than Charlotte.
contradiction	Deborah was born in 2008 and Elizabeth was born in 2010.	Deborah is younger than Elizabeth.
contradiction	Kathleen was born in 2003 and Lucy was born in 2004.	Kathleen is younger than Lucy.
contradiction	Janet was born in 1999 and Rose was born in 2000.	Janet is younger than Rose.
contradiction	Ruth was born in 1992 and Michael was born in 1997.	Ruth is younger than Michael.
contradiction	Matt was born in 1995 and Carolyn was born in 2001.	Matt is younger than Carolyn.
contradiction	Ann was born in 2001 and Sara was born in 2012.	Ann is younger than Sara.
contradiction	Julia was born in 1990 and Harriet was born in 1993.	Julia is younger than Harriet.
contradiction	Alexander was born in 1990 and Adam was born in 1991.	Alexander is younger than Adam.
contradiction	Deborah was born in 2009 and Samuel was born in 2017.	Deborah is younger than Samuel.
contradiction	Howard was born in 2008 and Florence was born in 2018.	Howard is younger than Florence.
contradiction	Howard was born in 1999 and Heather was born in 2001.	Howard is younger than Heather.
contradiction	Eric was born in 2001 and Emily was born in 2017.	Eric is younger than Emily.
contradiction	Amy was born in 1999 and Jerry was born in 2005.	Amy is younger than Jerry.
contradiction	Brian was born in 1997 and Barbara was born in 2013.	Brian is younger than Barbara.
contradiction	John was born in 1990 and Colin was born in 1993.	John is younger than Colin.
contradiction	Alan was born in 1993 and Henry was born in 2004.	Alan is younger than Henry.
contradiction	Judith was born in 2012 and Tony was born in 2017.	Judith is younger than Tony.
contradiction	Virginia was born in 1996 and Stephanie was born in 1998.	Virginia is younger than Stephanie.
contradiction	Joseph was born in 2000 and Karen was born in 2007.	Joseph is younger than Karen.
contradiction	Roger was born in 1991 and Julie was born in 2003.	Roger is younger than Julie.
contradiction	Kelly was born in 1995 and Henry was born in 2003.	Kelly is younger than Henry.
contradiction	Amy was born in 1992 and Eric was born in 2004.	Amy is younger than Eric.
contradiction	Jennifer was born in 1998 and Maria was born in 2015.	Jennifer is younger than Maria.
contradiction	Samuel was born in 1992 and Alison was born in 2012.	Samuel is younger than Alison.
contradiction	Carolyn was born in 1990 and Margaret was born in 1994.	Carolyn is younger than Margaret.
contradiction	Laura was born in 2004 and Matthew was born in 2009.	Laura is younger than Matthew.
contradiction	Al was born in 2007 and Ray was born in 2017.	Al is younger than Ray.
contradiction	Louis was born in 2011 and Nicole was born in 2016.	Louis is younger than Nicole.
contradiction	Mary was born in 2001 and Kevin was born in 2019.	Mary is younger than Kevin.
contradiction	Jane was born in 1995 and Julia was born in 1998.	Jane is younger than Julia.
contradiction	Claire was born in 1994 and Kevin was born in 1995.	Claire is younger than Kevin.
contradiction	Jay was born in 2013 and Billy was born in 2014.	Jay is younger than Billy.
contradiction	Cynthia was born in 1997 and Charlotte was born in 1999.	Cynthia is younger than Charlotte.
contradiction	Lynn was born in 1995 and Jason was born in 2011.	Lynn is younger than Jason.
contradiction	Ryan was born in 1995 and Bill was born in 1999.	Ryan is younger than Bill.
contradiction	Emily was born in 1999 and Kathy was born in 2001.	Emily is younger than Kathy.
contradiction	Jerry was born in 2003 and Louise was born in 2006.	Jerry is younger than Louise.
contradiction	Victoria was born in 1993 and Carolyn was born in 1996.	Victoria is younger than Carolyn.
contradiction	Anne was born in 2006 and Ashley was born in 2007.	Anne is younger than Ashley.
contradiction	Alan was born in 1997 and Kevin was born in 2002.	Alan is younger than Kevin.
contradiction	Victoria was born in 1994 and Dick was born in 2002.	Victoria is younger than Dick.
contradiction	Frances was born in 2006 and Martha was born in 2015.	Frances is younger than Martha.
contradiction	Elizabeth was born in 2015 and Angela was born in 2020.	Elizabeth is younger than Angela.
contradiction	Bob was born in 2010 and Richard was born in 2012.	Bob is younger than Richard.
contradiction	Rachel was born in 1990 and Jill was born in 1994.	Rachel is younger than Jill.
contradiction	Jay was born in 1993 and Judy was born in 1999.	Jay is younger than Judy.
contradiction	Richard was born in 1998 and Alison was born in 1999.	Richard is younger than Alison.
contradiction	Melissa was born in 1998 and Fiona was born in 2003.	Melissa is younger than Fiona.
contradiction	Stephanie was born in 1994 and Frederick was born in 1998.	Stephanie is younger than Frederick.
contradiction	Louis was born in 1992 and Bobby was born in 1993.	Louis is younger than Bobby.
contradiction	Michael was born in 1990 and Jill was born in 1991.	Michael is younger than Jill.
contradiction	Elaine was born in 2005 and Jonathan was born in 2012.	Elaine is younger than Jonathan.
contradiction	Fred was born in 2004 and Walter was born in 2015.	Fred is younger than Walter.
contradiction	Tim was born in 1997 and Patrick was born in 2019.	Tim is younger than Patrick.
contradiction	Dick was born in 2013 and Harold was born in 2014.	Dick is younger than Harold.
contradiction	Harriet was born in 1996 and Jane was born in 2012.	Harriet is younger than Jane.
contradiction	Mike was born in 1999 and Amanda was born in 2007.	Mike is younger than Amanda.
contradiction	Elizabeth was born in 1990 and Jennifer was born in 1994.	Elizabeth is younger than Jennifer.
contradiction	Joan was born in 1993 and Roger was born in 2008.	Joan is younger than Roger.
contradiction	Frederick was born in 1993 and Ashley was born in 1998.	Frederick is younger than Ashley.
contradiction	Ralph was born in 1994 and Sam was born in 2005.	Ralph is younger than Sam.
contradiction	Greg was born in 1992 and Edwin was born in 1994.	Greg is younger than Edwin.
contradiction	Alexander was born in 1994 and Christine was born in 1997.	Alexander is younger than Christine.
contradiction	Roy was born in 1992 and Andrew was born in 2015.	Roy is younger than Andrew.
contradiction	Sally was born in 2004 and Donald was born in 2010.	Sally is younger than Donald.
contradiction	Lauren was born in 2002 and Amy was born in 2011.	Lauren is younger than Amy.
contradiction	Angela was born in 2003 and Kelly was born in 2010.	Angela is younger than Kelly.
contradiction	Ben was born in 1996 and Bobby was born in 2009.	Ben is younger than Bobby.
contradiction	Sam was born in 1996 and Colin was born in 2003.	Sam is younger than Colin.
contradiction	Harriet was born in 1995 and Chris was born in 1996.	Harriet is younger than Chris.
contradiction	Heather was born in 2005 and Dick was born in 2014.	Heather is younger than Dick.
contradiction	Andrew was born in 1997 and Jessica was born in 2003.	Andrew is younger than Jessica.
contradiction	Jane was born in 1992 and Andrea was born in 1993.	Jane is younger than Andrea.
contradiction	Deborah was born in 1993 and Nicole was born in 2019.	Deborah is younger than Nicole.
contradiction	Robin was born in 2000 and Ray was born in 2012.	Robin is younger than Ray.
contradiction	Ben was born in 2002 and Kate was born in 2007.	Ben is younger than Kate.
contradiction	Annie was born in 1992 and Kathleen was born in 1996.	Annie is younger than Kathleen.
contradiction	Ashley was born in 2006 and Diane was born in 2010.	Ashley is younger than Diane.
contradiction	Andrea was born in 1990 and Kathryn was born in 1992.	Andrea is younger than Kathryn.
contradiction	Lauren was born in 1996 and Joseph was born in 2006.	Lauren is younger than Joseph.
contradiction	Jill was born in 2001 and Elaine was born in 2011.	Jill is younger than Elaine.
contradiction	Sophie was born in 2004 and Colin was born in 2015.	Sophie is younger than Colin.
contradiction	Fiona was born in 1998 and Julie was born in 2002.	Fiona is younger than Julie.
contradiction	Matt was born in 1997 and Lawrence was born in 2015.	Matt is younger than Lawrence.
contradiction	Rebecca was born in 1996 and Edwin was born in 2014.	Rebecca is younger than Edwin.
contradiction	Marilyn was born in 1997 and Albert was born in 2015.	Marilyn is younger than Albert.
contradiction	Benjamin was born in 1996 and Annie was born in 1998.	Benjamin is younger than Annie.
contradiction	Claire was born in 1994 and Hugh was born in 2005.	Claire is younger than Hugh.
contradiction	Ron was born in 2003 and Francis was born in 2007.	Ron is younger than Francis.
contradiction	Jonathan was born in 1991 and Charlotte was born in 1999.	Jonathan is younger than Charlotte.
contradiction	Steven was born in 2002 and Maria was born in 2013.	Steven is younger than Maria.
contradiction	Edward was born in 2004 and Kathy was born in 2020.	Edward is younger than Kathy.
contradiction	Chris was born in 2005 and Greg was born in 2018.	Chris is younger than Greg.
contradiction	Mary was born in 1996 and Eleanor was born in 2020.	Mary is younger than Eleanor.
contradiction	Suzanne was born in 2008 and Jay was born in 2011.	Suzanne is younger than Jay.
contradiction	Harry was born in 2002 and Katie was born in 2015.	Harry is younger than Katie.
contradiction	Greg was born in 1990 and Gary was born in 1998.	Greg is younger than Gary.
contradiction	Kelly was born in 1991 and Samuel was born in 1998.	Kelly is younger than Samuel.
contradiction	Amanda was born in 2011 and Julia was born in 2016.	Amanda is younger than Julia.
contradiction	Mark was born in 2006 and Carolyn was born in 2018.	Mark is younger than Carolyn.
contradiction	Jimmy was born in 2012 and Bob was born in 2016.	Jimmy is younger than Bob.
contradiction	Benjamin was born in 2006 and Alex was born in 2010.	Benjamin is younger than Alex.
contradiction	Maria was born in 2003 and Lucy was born in 2004.	Maria is younger than Lucy.
contradiction	Fred was born in 1990 and Leslie was born in 2015.	Fred is younger than Leslie.
contradiction	Kathleen was born in 1993 and Steve was born in 2017.	Kathleen is younger than Steve.
contradiction	Annie was born in 1998 and Nancy was born in 2004.	Annie is younger than Nancy.
contradiction	Frances was born in 1990 and Alexandra was born in 1991.	Frances is younger than Alexandra.
contradiction	William was born in 1991 and Bobby was born in 1994.	William is younger than Bobby.
contradiction	Catherine was born in 2009 and Helen was born in 2016.	Catherine is younger than Helen.
contradiction	Harriet was born in 1992 and Fred was born in 1993.	Harriet is younger than Fred.
contradiction	Edward was born in 1995 and Christine was born in 1998.	Edward is younger than Christine.
contradiction	Catherine was born in 2000 and Gary was born in 2018.	Catherine is younger than Gary.
contradiction	Sharon was born in 2005 and Jessica was born in 2010.	Sharon is younger than Jessica.
contradiction	Julie was born in 1991 and Catherine was born in 1992.	Julie is younger than Catherine.
contradiction	Greg was born in 2006 and Kate was born in 2020.	Greg is younger than Kate.
contradiction	Fiona was born in 2003 and Rachel was born in 2006.	Fiona is younger than Rachel.
contradiction	Lucy was born in 1992 and Elaine was born in 2018.	Lucy is younger than Elaine.
contradiction	Frances was born in 1994 and Margaret was born in 2003.	Frances is younger than Margaret.
contradiction	John was born in 2009 and Marilyn was born in 2017.	John is younger than Marilyn.
contradiction	Melissa was born in 1995 and Kathleen was born in 1996.	Melissa is younger than Kathleen.
contradiction	Steve was born in 1994 and Simon was born in 2017.	Steve is younger than Simon.
contradiction	Alan was born in 1990 and Tony was born in 2018.	Alan is younger than Tony.
contradiction	Donna was born in 1990 and Tony was born in 1996.	Donna is younger than Tony.
contradiction	Matt was born in 2001 and Virginia was born in 2005.	Matt is younger than Virginia.
contradiction	Jean was born in 2010 and Peter was born in 2019.	Jean is younger than Peter.
contradiction	Anne was born in 1990 and Michael was born in 1991.	Anne is younger than Michael.
contradiction	Adam was born in 2003 and Evelyn was born in 2007.	Adam is younger than Evelyn.
contradiction	Jimmy was born in 1992 and Julia was born in 2006.	Jimmy is younger than Julia.
contradiction	Marie was born in 2012 and Heather was born in 2013.	Marie is younger than Heather.
contradiction	Ray was born in 1993 and Maria was born in 1995.	Ray is younger than Maria.
contradiction	Kathryn was born in 1991 and Gary was born in 2001.	Kathryn is younger than Gary.
contradiction	Steve was born in 1997 and Mary was born in 2019.	Steve is younger than Mary.
contradiction	Ashley was born in 1998 and Michael was born in 2014.	Ashley is younger than Michael.
contradiction	Grace was born in 1990 and Anthony was born in 2001.	Grace is younger than Anthony.
contradiction	Virginia was born in 2017 and Mark was born in 2020.	Virginia is younger than Mark.
contradiction	Florence was born in 1992 and Martin was born in 1998.	Florence is younger than Martin.
contradiction	Kathleen was born in 2007 and Susan was born in 2019.	Kathleen is younger than Susan.
contradiction	Jeff was born in 1999 and Rebecca was born in 2007.	Jeff is younger than Rebecca.
contradiction	Alexander was born in 1999 and Kelly was born in 2008.	Alexander is younger than Kelly.
contradiction	Lucy was born in 1993 and Alex was born in 2000.	Lucy is younger than Alex.
contradiction	Tim was born in 1995 and Nicole was born in 2004.	Tim is younger than Nicole.
contradiction	Betty was born in 1995 and Sandra was born in 2002.	Betty is younger than Sandra.
contradiction	Suzanne was born in 1991 and Christopher was born in 2009.	Suzanne is younger than Christopher.
contradiction	Rose was born in 1996 and Victoria was born in 2006.	Rose is younger than Victoria.
contradiction	Alexander was born in 2003 and Charles was born in 2009.	Alexander is younger than Charles.
contradiction	Jay was born in 2003 and Ruth was born in 2011.	Jay is younger than Ruth.
contradiction	Heather was born in 1992 and Lucy was born in 2004.	Heather is younger than Lucy.
contradiction	Barbara was born in 1990 and Suzanne was born in 2005.	Barbara is younger than Suzanne.
contradiction	Diana was born in 1990 and Victoria was born in 1998.	Diana is younger than Victoria.
contradiction	Steven was born in 1998 and Ruth was born in 2003.	Steven is younger than Ruth.
contradiction	Gary was born in 1991 and Ann was born in 1995.	Gary is younger than Ann.
contradiction	Keith was born in 1996 and Charlotte was born in 1998.	Keith is younger than Charlotte.
contradiction	James was born in 1994 and Annie was born in 1997.	James is younger than Annie.
contradiction	Adam was born in 1990 and Tom was born in 1994.	Adam is younger than Tom.
contradiction	Alfred was born in 1991 and Howard was born in 1992.	Alfred is younger than Howard.
contradiction	Gary was born in 1991 and Annie was born in 1997.	Gary is younger than Annie.
contradiction	Patricia was born in 1994 and Colin was born in 2009.	Patricia is younger than Colin.
contradiction	Steven was born in 1993 and Lisa was born in 1994.	Steven is younger than Lisa.
contradiction	Virginia was born in 2008 and Mike was born in 2014.	Virginia is younger than Mike.
contradiction	Leslie was born in 2008 and Virginia was born in 2015.	Leslie is younger than Virginia.
contradiction	Cynthia was born in 1999 and Matthew was born in 2018.	Cynthia is younger than Matthew.
contradiction	Julie was born in 1993 and Kenneth was born in 2007.	Julie is younger than Kenneth.
contradiction	Dick was born in 2000 and Suzanne was born in 2003.	Dick is younger than Suzanne.
contradiction	Larry was born in 2004 and Stephanie was born in 2017.	Larry is younger than Stephanie.
contradiction	Walter was born in 1999 and Donna was born in 2003.	Walter is younger than Donna.
contradiction	Kim was born in 1994 and Jonathan was born in 2010.	Kim is younger than Jonathan.
contradiction	Marilyn was born in 1996 and Ken was born in 1999.	Marilyn is younger than Ken.
contradiction	Ben was born in 2000 and Brian was born in 2004.	Ben is younger than Brian.
contradiction	Michelle was born in 1998 and Heather was born in 2018.	Michelle is younger than Heather.
contradiction	Andrew was born in 1990 and Fiona was born in 2001.	Andrew is younger than Fiona.
contradiction	Philip was born in 2010 and Kenneth was born in 2020.	Philip is younger than Kenneth.
contradiction	Michelle was born in 2013 and Bob was born in 2020.	Michelle is younger than Bob.
contradiction	Janet was born in 1990 and Matthew was born in 2009.	Janet is younger than Matthew.
contradiction	Ken was born in 1996 and Robert was born in 2009.	Ken is younger than Robert.
contradiction	Rose was born in 1990 and Linda was born in 1999.	Rose is younger than Linda.
contradiction	Susan was born in 1991 and Ellen was born in 2004.	Susan is younger than Ellen.
contradiction	Rachel was born in 2004 and Ron was born in 2018.	Rachel is younger than Ron.
contradiction	Anthony was born in 1997 and Sue was born in 1998.	Anthony is younger than Sue.
contradiction	Stephen was born in 1992 and Alan was born in 2014.	Stephen is younger than Alan.
contradiction	Kelly was born in 2002 and Kenneth was born in 2019.	Kelly is younger than Kenneth.
contradiction	Carol was born in 1993 and Melissa was born in 1999.	Carol is younger than Melissa.
contradiction	Simon was born in 2006 and Donald was born in 2008.	Simon is younger than Donald.
contradiction	Caroline was born in 2000 and Ron was born in 2003.	Caroline is younger than Ron.
contradiction	Lucy was born in 1998 and Evelyn was born in 2012.	Lucy is younger than Evelyn.
contradiction	Ed was born in 1991 and Albert was born in 2002.	Ed is younger than Albert.
contradiction	Donald was born in 1996 and Rachel was born in 2006.	Donald is younger than Rachel.
contradiction	Sarah was born in 1993 and Philip was born in 1998.	Sarah is younger than Philip.
contradiction	Steve was born in 1999 and Joan was born in 2000.	Steve is younger than Joan.
contradiction	Donald was born in 2008 and Ruth was born in 2009.	Donald is younger than Ruth.
contradiction	Johnny was born in 1990 and Ben was born in 1991.	Johnny is younger than Ben.
contradiction	Tom was born in 2011 and Jay was born in 2019.	Tom is younger than Jay.
contradiction	Kate was born in 1992 and Andrew was born in 1996.	Kate is younger than Andrew.
contradiction	Alison was born in 1992 and Jean was born in 2000.	Alison is younger than Jean.
contradiction	Alice was born in 2000 and Mark was born in 2003.	Alice is younger than Mark.
contradiction	Kate was born in 1991 and Katie was born in 1994.	Kate is younger than Katie.
contradiction	Sam was born in 2002 and Leslie was born in 2005.	Sam is younger than Leslie.
contradiction	Karen was born in 1994 and Margaret was born in 2007.	Karen is younger than Margaret.
contradiction	David was born in 1996 and Sophie was born in 2010.	David is younger than Sophie.
contradiction	Rebecca was born in 1998 and Mary was born in 2013.	Rebecca is younger than Mary.
contradiction	Caroline was born in 1991 and Henry was born in 1997.	Caroline is younger than Henry.
contradiction	Peter was born in 2003 and Sandra was born in 2006.	Peter is younger than Sandra.
contradiction	Tim was born in 2000 and Thomas was born in 2012.	Tim is younger than Thomas.
contradiction	Kate was born in 1990 and Jimmy was born in 2015.	Kate is younger than Jimmy.
contradiction	Carol was born in 2011 and Ashley was born in 2017.	Carol is younger than Ashley.
contradiction	Judy was born in 1993 and Jennifer was born in 1994.	Judy is younger than Jennifer.
contradiction	Simon was born in 1992 and Frances was born in 2000.	Simon is younger than Frances.
contradiction	Fred was born in 1998 and Michelle was born in 2000.	Fred is younger than Michelle.
contradiction	Amanda was born in 1994 and Catherine was born in 2015.	Amanda is younger than Catherine.
contradiction	Dave was born in 2005 and Bruce was born in 2016.	Dave is younger than Bruce.
contradiction	Ed was born in 1995 and Helen was born in 1997.	Ed is younger than Helen.
contradiction	Jill was born in 2001 and Henry was born in 2007.	Jill is younger than Henry.
contradiction	Ben was born in 1991 and Roy was born in 2007.	Ben is younger than Roy.
contradiction	Laura was born in 1998 and Brian was born in 2010.	Laura is younger than Brian.
contradiction	Annie was born in 1997 and Bill was born in 2018.	Annie is younger than Bill.
contradiction	Katie was born in 1991 and Diane was born in 2002.	Katie is younger than Diane.
contradiction	Alan was born in 1991 and Ed was born in 1997.	Alan is younger than Ed.
