contradiction	Emma was born in 1995 and Greg was born in 2004.	Greg is elder than Emma.
contradiction	Keith was born in 2002 and Paul was born in 2005.	Paul is elder than Keith.
contradiction	Anna was born in 1995 and Adam was born in 2007.	Adam is elder than Anna.
contradiction	Kenneth was born in 1998 and Eleanor was born in 2001.	Eleanor is elder than Kenneth.
contradiction	Ed was born in 1992 and Charlie was born in 2010.	Charlie is elder than Ed.
contradiction	Caroline was born in 1995 and Kenneth was born in 2008.	Kenneth is elder than Caroline.
contradiction	Alexandra was born in 1991 and Bruce was born in 1992.	Bruce is elder than Alexandra.
contradiction	Richard was born in 2002 and Suzanne was born in 2018.	Suzanne is elder than Richard.
contradiction	Robin was born in 2008 and Matt was born in 2013.	Matt is elder than Robin.
contradiction	Eric was born in 1990 and Sophie was born in 2016.	Sophie is elder than Eric.
contradiction	Nicole was born in 1990 and Jimmy was born in 1991.	Jimmy is elder than Nicole.
contradiction	Anthony was born in 1995 and Jane was born in 2002.	Jane is elder than Anthony.
contradiction	Lisa was born in 2005 and Ken was born in 2017.	Ken is elder than Lisa.
contradiction	Tom was born in 1999 and Samuel was born in 2008.	Samuel is elder than Tom.
contradiction	Billy was born in 1998 and Sharon was born in 2003.	Sharon is elder than Billy.
contradiction	Judy was born in 1993 and Ian was born in 1994.	Ian is elder than Judy.
contradiction	Suzanne was born in 1991 and David was born in 1993.	David is elder than Suzanne.
contradiction	Paul was born in 1991 and Albert was born in 1999.	Albert is elder than Paul.
contradiction	John was born in 2015 and Matt was born in 2018.	Matt is elder than John.
contradiction	Matthew was born in 1993 and Ben was born in 2003.	Ben is elder than Matthew.
contradiction	Alice was born in 1994 and Ellen was born in 1997.	Ellen is elder than Alice.
contradiction	Eleanor was born in 1996 and Kathryn was born in 2001.	Kathryn is elder than Eleanor.
contradiction	Joseph was born in 1999 and Edith was born in 2006.	Edith is elder than Joseph.
contradiction	Hugh was born in 1990 and Rachel was born in 1991.	Rachel is elder than Hugh.
contradiction	Katherine was born in 2004 and Angela was born in 2020.	Angela is elder than Katherine.
contradiction	Katherine was born in 2001 and John was born in 2010.	John is elder than Katherine.
contradiction	Catherine was born in 1990 and Alice was born in 1991.	Alice is elder than Catherine.
contradiction	Al was born in 1993 and Brian was born in 2003.	Brian is elder than Al.
contradiction	James was born in 1997 and Nick was born in 2011.	Nick is elder than James.
contradiction	Mike was born in 1990 and Edith was born in 2007.	Edith is elder than Mike.
contradiction	Sharon was born in 1995 and Daniel was born in 2018.	Daniel is elder than Sharon.
contradiction	Brian was born in 1994 and Benjamin was born in 1999.	Benjamin is elder than Brian.
contradiction	Christine was born in 1995 and Robert was born in 1997.	Robert is elder than Christine.
contradiction	Kenneth was born in 1991 and Tim was born in 2004.	Tim is elder than Kenneth.
contradiction	Kevin was born in 1997 and Suzanne was born in 1998.	Suzanne is elder than Kevin.
contradiction	Philip was born in 1996 and Jay was born in 2001.	Jay is elder than Philip.
contradiction	Carolyn was born in 1995 and Lynn was born in 1998.	Lynn is elder than Carolyn.
contradiction	Edward was born in 1997 and Hugh was born in 2002.	Hugh is elder than Edward.
contradiction	Don was born in 1998 and Donald was born in 2004.	Donald is elder than Don.
contradiction	Kathryn was born in 2005 and Marie was born in 2008.	Marie is elder than Kathryn.
contradiction	Henry was born in 1993 and David was born in 1994.	David is elder than Henry.
contradiction	Carl was born in 2001 and Adam was born in 2019.	Adam is elder than Carl.
contradiction	Betty was born in 1990 and Heather was born in 2001.	Heather is elder than Betty.
contradiction	Sandra was born in 1994 and Marilyn was born in 2005.	Marilyn is elder than Sandra.
contradiction	Leslie was born in 1991 and Maria was born in 1996.	Maria is elder than Leslie.
contradiction	Diana was born in 1997 and Dave was born in 1998.	Dave is elder than Diana.
contradiction	Grace was born in 1990 and Angela was born in 1993.	Angela is elder than Grace.
contradiction	Alan was born in 1994 and Sophie was born in 2020.	Sophie is elder than Alan.
contradiction	Jeff was born in 1995 and Albert was born in 2014.	Albert is elder than Jeff.
contradiction	Caroline was born in 2005 and James was born in 2012.	James is elder than Caroline.
contradiction	Donald was born in 1997 and Don was born in 2007.	Don is elder than Donald.
contradiction	Joseph was born in 1999 and Stephanie was born in 2006.	Stephanie is elder than Joseph.
contradiction	Steve was born in 1994 and Pamela was born in 2011.	Pamela is elder than Steve.
contradiction	Peter was born in 2007 and Alan was born in 2017.	Alan is elder than Peter.
contradiction	Albert was born in 1990 and Charlie was born in 2008.	Charlie is elder than Albert.
contradiction	Dan was born in 1990 and Ray was born in 1992.	Ray is elder than Dan.
contradiction	Amy was born in 2004 and Susan was born in 2008.	Susan is elder than Amy.
contradiction	Ellen was born in 2005 and Kathryn was born in 2019.	Kathryn is elder than Ellen.
contradiction	Ian was born in 1991 and Brian was born in 1994.	Brian is elder than Ian.
contradiction	Gary was born in 1990 and Adam was born in 2001.	Adam is elder than Gary.
contradiction	Donna was born in 1992 and Helen was born in 1994.	Helen is elder than Donna.
contradiction	Kenneth was born in 1993 and Dorothy was born in 1994.	Dorothy is elder than Kenneth.
contradiction	Harriet was born in 1990 and Kenneth was born in 1992.	Kenneth is elder than Harriet.
contradiction	Virginia was born in 1990 and Linda was born in 1995.	Linda is elder than Virginia.
contradiction	Kelly was born in 2000 and Virginia was born in 2001.	Virginia is elder than Kelly.
contradiction	Angela was born in 2010 and Margaret was born in 2018.	Margaret is elder than Angela.
contradiction	Kathryn was born in 1991 and Annie was born in 1996.	Annie is elder than Kathryn.
contradiction	Jay was born in 2010 and Harriet was born in 2016.	Harriet is elder than Jay.
contradiction	Stephanie was born in 2002 and Ralph was born in 2020.	Ralph is elder than Stephanie.
contradiction	Pamela was born in 1991 and Amy was born in 2008.	Amy is elder than Pamela.
contradiction	Howard was born in 1996 and Alfred was born in 2003.	Alfred is elder than Howard.
contradiction	Ann was born in 2009 and Kim was born in 2010.	Kim is elder than Ann.
contradiction	Thomas was born in 1996 and Tim was born in 2004.	Tim is elder than Thomas.
contradiction	Sue was born in 1994 and Christopher was born in 2009.	Christopher is elder than Sue.
contradiction	Arthur was born in 2006 and Thomas was born in 2016.	Thomas is elder than Arthur.
contradiction	Alfred was born in 1993 and John was born in 2016.	John is elder than Alfred.
contradiction	Jennifer was born in 1999 and Judy was born in 2017.	Judy is elder than Jennifer.
contradiction	Jason was born in 1999 and Tony was born in 2003.	Tony is elder than Jason.
contradiction	Kathy was born in 2018 and Janet was born in 2019.	Janet is elder than Kathy.
contradiction	Pamela was born in 2010 and John was born in 2012.	John is elder than Pamela.
contradiction	Louise was born in 1994 and Melissa was born in 2004.	Melissa is elder than Louise.
contradiction	Simon was born in 1993 and Katie was born in 2006.	Katie is elder than Simon.
contradiction	Sandra was born in 2008 and Donna was born in 2015.	Donna is elder than Sandra.
contradiction	Jessica was born in 1997 and Heather was born in 2001.	Heather is elder than Jessica.
contradiction	Joseph was born in 1994 and Kevin was born in 2012.	Kevin is elder than Joseph.
contradiction	Donald was born in 2004 and Donna was born in 2017.	Donna is elder than Donald.
contradiction	Alex was born in 1993 and Eric was born in 2007.	Eric is elder than Alex.
contradiction	Adam was born in 2002 and Dick was born in 2009.	Dick is elder than Adam.
contradiction	Thomas was born in 1991 and Alexandra was born in 2012.	Alexandra is elder than Thomas.
contradiction	Charlie was born in 1996 and Patrick was born in 1997.	Patrick is elder than Charlie.
contradiction	Amanda was born in 2000 and Barbara was born in 2001.	Barbara is elder than Amanda.
contradiction	Ashley was born in 2008 and Karen was born in 2015.	Karen is elder than Ashley.
contradiction	Judith was born in 1997 and Rachel was born in 2006.	Rachel is elder than Judith.
contradiction	Alfred was born in 1990 and Leslie was born in 1992.	Leslie is elder than Alfred.
contradiction	Janet was born in 2000 and Louis was born in 2015.	Louis is elder than Janet.
contradiction	Michael was born in 1998 and Edith was born in 2016.	Edith is elder than Michael.
contradiction	Chris was born in 1994 and Judy was born in 1999.	Judy is elder than Chris.
contradiction	Patrick was born in 1997 and Helen was born in 1999.	Helen is elder than Patrick.
contradiction	Diana was born in 2000 and Kevin was born in 2007.	Kevin is elder than Diana.
contradiction	John was born in 1992 and Ruth was born in 2001.	Ruth is elder than John.
contradiction	Lynn was born in 1996 and Henry was born in 2004.	Henry is elder than Lynn.
contradiction	Alex was born in 1998 and Joseph was born in 2000.	Joseph is elder than Alex.
contradiction	Deborah was born in 1996 and Bob was born in 2000.	Bob is elder than Deborah.
contradiction	Karen was born in 1992 and Lawrence was born in 1999.	Lawrence is elder than Karen.
contradiction	Hugh was born in 1994 and Jonathan was born in 1998.	Jonathan is elder than Hugh.
contradiction	Jane was born in 1992 and Ashley was born in 2011.	Ashley is elder than Jane.
contradiction	Mike was born in 1990 and Nick was born in 1992.	Nick is elder than Mike.
contradiction	Adam was born in 1990 and Charlotte was born in 1992.	Charlotte is elder than Adam.
contradiction	Dorothy was born in 2015 and Kenneth was born in 2020.	Kenneth is elder than Dorothy.
contradiction	Kim was born in 2001 and Andrew was born in 2006.	Andrew is elder than Kim.
contradiction	James was born in 2000 and Joan was born in 2018.	Joan is elder than James.
contradiction	Margaret was born in 1991 and Amanda was born in 2000.	Amanda is elder than Margaret.
contradiction	Sally was born in 2003 and Michael was born in 2006.	Michael is elder than Sally.
contradiction	Martin was born in 1993 and Steven was born in 2019.	Steven is elder than Martin.
contradiction	Larry was born in 1995 and Lucy was born in 1997.	Lucy is elder than Larry.
contradiction	Alan was born in 1992 and Anna was born in 2004.	Anna is elder than Alan.
contradiction	Louis was born in 1996 and Barbara was born in 2011.	Barbara is elder than Louis.
contradiction	Fred was born in 1992 and Rebecca was born in 2020.	Rebecca is elder than Fred.
contradiction	Stephen was born in 1991 and Frank was born in 2013.	Frank is elder than Stephen.
contradiction	Ben was born in 1997 and Kathryn was born in 2006.	Kathryn is elder than Ben.
contradiction	Anna was born in 1991 and Caroline was born in 1992.	Caroline is elder than Anna.
contradiction	Lisa was born in 2010 and Frank was born in 2012.	Frank is elder than Lisa.
contradiction	Katherine was born in 1992 and Dave was born in 2008.	Dave is elder than Katherine.
contradiction	Charlie was born in 1990 and Kate was born in 1996.	Kate is elder than Charlie.
contradiction	Elizabeth was born in 1996 and Michelle was born in 2001.	Michelle is elder than Elizabeth.
contradiction	Linda was born in 1991 and Scott was born in 1992.	Scott is elder than Linda.
contradiction	Matthew was born in 1993 and Charlie was born in 1995.	Charlie is elder than Matthew.
contradiction	Lynn was born in 1997 and Jason was born in 2017.	Jason is elder than Lynn.
contradiction	Michelle was born in 1990 and Jay was born in 1994.	Jay is elder than Michelle.
contradiction	Karen was born in 1991 and Katie was born in 1998.	Katie is elder than Karen.
contradiction	Edward was born in 1994 and Bruce was born in 2003.	Bruce is elder than Edward.
contradiction	Sally was born in 1996 and Alan was born in 2003.	Alan is elder than Sally.
contradiction	Julia was born in 1991 and Diane was born in 2012.	Diane is elder than Julia.
contradiction	Diana was born in 2004 and Gary was born in 2020.	Gary is elder than Diana.
contradiction	Wendy was born in 2003 and Diane was born in 2016.	Diane is elder than Wendy.
contradiction	Jimmy was born in 1994 and Robin was born in 1995.	Robin is elder than Jimmy.
contradiction	Virginia was born in 1992 and Kathy was born in 2013.	Kathy is elder than Virginia.
contradiction	Edward was born in 2006 and Joseph was born in 2011.	Joseph is elder than Edward.
contradiction	Alexandra was born in 1994 and Angela was born in 1996.	Angela is elder than Alexandra.
contradiction	Tony was born in 1992 and Jane was born in 2002.	Jane is elder than Tony.
contradiction	Michelle was born in 1999 and Christine was born in 2007.	Christine is elder than Michelle.
contradiction	Mark was born in 1991 and Nancy was born in 1992.	Nancy is elder than Mark.
contradiction	Carolyn was born in 1992 and Ron was born in 1994.	Ron is elder than Carolyn.
contradiction	William was born in 1995 and Ray was born in 2002.	Ray is elder than William.
contradiction	Kelly was born in 2001 and Tom was born in 2010.	Tom is elder than Kelly.
contradiction	Cynthia was born in 2008 and Fred was born in 2010.	Fred is elder than Cynthia.
contradiction	Janet was born in 1995 and Wendy was born in 1997.	Wendy is elder than Janet.
contradiction	Marie was born in 1994 and Simon was born in 1996.	Simon is elder than Marie.
contradiction	Mary was born in 1995 and Jennifer was born in 2001.	Jennifer is elder than Mary.
contradiction	Marie was born in 1990 and James was born in 2012.	James is elder than Marie.
contradiction	Christine was born in 1992 and Gary was born in 1996.	Gary is elder than Christine.
contradiction	Susan was born in 2012 and Annie was born in 2015.	Annie is elder than Susan.
contradiction	Jeff was born in 1990 and John was born in 1991.	John is elder than Jeff.
contradiction	Dick was born in 2011 and Francis was born in 2020.	Francis is elder than Dick.
contradiction	Hugh was born in 1993 and Al was born in 2015.	Al is elder than Hugh.
contradiction	Arthur was born in 1991 and Jason was born in 1998.	Jason is elder than Arthur.
contradiction	Christine was born in 1997 and Colin was born in 2018.	Colin is elder than Christine.
contradiction	Ian was born in 1998 and Leslie was born in 2014.	Leslie is elder than Ian.
contradiction	Ron was born in 2002 and Nicole was born in 2005.	Nicole is elder than Ron.
contradiction	Michelle was born in 2009 and Elizabeth was born in 2013.	Elizabeth is elder than Michelle.
contradiction	Sophie was born in 2004 and Harold was born in 2015.	Harold is elder than Sophie.
contradiction	Gary was born in 1995 and Marilyn was born in 2000.	Marilyn is elder than Gary.
contradiction	Edith was born in 1990 and Caroline was born in 1992.	Caroline is elder than Edith.
contradiction	Dan was born in 1995 and Lauren was born in 2011.	Lauren is elder than Dan.
contradiction	Ryan was born in 1991 and Samuel was born in 1993.	Samuel is elder than Ryan.
contradiction	James was born in 1990 and Diane was born in 1991.	Diane is elder than James.
contradiction	Dan was born in 2004 and Roy was born in 2009.	Roy is elder than Dan.
contradiction	Jim was born in 1995 and Kelly was born in 1998.	Kelly is elder than Jim.
contradiction	Simon was born in 1992 and Donna was born in 2013.	Donna is elder than Simon.
contradiction	Samuel was born in 1992 and Marie was born in 1994.	Marie is elder than Samuel.
contradiction	Brian was born in 2006 and Stephen was born in 2019.	Stephen is elder than Brian.
contradiction	Joan was born in 2004 and Sam was born in 2007.	Sam is elder than Joan.
contradiction	Bobby was born in 1992 and Anthony was born in 1998.	Anthony is elder than Bobby.
contradiction	Catherine was born in 2000 and Samuel was born in 2019.	Samuel is elder than Catherine.
contradiction	Christopher was born in 1993 and Martha was born in 2005.	Martha is elder than Christopher.
contradiction	Jay was born in 1994 and Jason was born in 2005.	Jason is elder than Jay.
contradiction	Eleanor was born in 2004 and Lynn was born in 2016.	Lynn is elder than Eleanor.
contradiction	Sam was born in 1994 and Lawrence was born in 1996.	Lawrence is elder than Sam.
contradiction	David was born in 1991 and Ken was born in 1995.	Ken is elder than David.
contradiction	Frances was born in 1992 and Paul was born in 1995.	Paul is elder than Frances.
contradiction	Albert was born in 2009 and Harold was born in 2012.	Harold is elder than Albert.
contradiction	Louis was born in 1991 and Greg was born in 1994.	Greg is elder than Louis.
contradiction	Laura was born in 1990 and Cynthia was born in 1991.	Cynthia is elder than Laura.
contradiction	Harold was born in 1990 and Arthur was born in 2000.	Arthur is elder than Harold.
contradiction	Jim was born in 2006 and Alex was born in 2011.	Alex is elder than Jim.
contradiction	Philip was born in 1995 and Maria was born in 2019.	Maria is elder than Philip.
contradiction	Marilyn was born in 1992 and Florence was born in 2000.	Florence is elder than Marilyn.
contradiction	Dan was born in 1996 and Cynthia was born in 2015.	Cynthia is elder than Dan.
contradiction	Anne was born in 2000 and Katie was born in 2002.	Katie is elder than Anne.
contradiction	Alex was born in 1997 and Bobby was born in 2019.	Bobby is elder than Alex.
contradiction	Ray was born in 1995 and Johnny was born in 2000.	Johnny is elder than Ray.
contradiction	Joseph was born in 1992 and Stephanie was born in 2014.	Stephanie is elder than Joseph.
contradiction	Patricia was born in 2007 and Louis was born in 2014.	Louis is elder than Patricia.
contradiction	Patricia was born in 1994 and Andrew was born in 1996.	Andrew is elder than Patricia.
contradiction	Edwin was born in 2006 and Tony was born in 2020.	Tony is elder than Edwin.
contradiction	Kenneth was born in 1992 and Kathryn was born in 2000.	Kathryn is elder than Kenneth.
contradiction	Martin was born in 1990 and Matt was born in 1991.	Matt is elder than Martin.
contradiction	Carolyn was born in 1996 and Gary was born in 1999.	Gary is elder than Carolyn.
contradiction	Keith was born in 1991 and Chris was born in 2011.	Chris is elder than Keith.
contradiction	Jack was born in 2007 and Scott was born in 2008.	Scott is elder than Jack.
contradiction	Dick was born in 2002 and Arthur was born in 2012.	Arthur is elder than Dick.
contradiction	John was born in 1990 and Albert was born in 2010.	Albert is elder than John.
contradiction	Linda was born in 2009 and Hugh was born in 2014.	Hugh is elder than Linda.
contradiction	Jason was born in 1995 and Lucy was born in 2008.	Lucy is elder than Jason.
contradiction	Rachel was born in 1990 and Hugh was born in 2004.	Hugh is elder than Rachel.
contradiction	Suzanne was born in 1990 and Arthur was born in 1991.	Arthur is elder than Suzanne.
contradiction	Lauren was born in 1992 and Louis was born in 1999.	Louis is elder than Lauren.
contradiction	Adam was born in 1998 and Kathryn was born in 2009.	Kathryn is elder than Adam.
contradiction	Mary was born in 1996 and Michelle was born in 2001.	Michelle is elder than Mary.
contradiction	Florence was born in 2003 and Virginia was born in 2013.	Virginia is elder than Florence.
contradiction	Eric was born in 2015 and Elizabeth was born in 2017.	Elizabeth is elder than Eric.
contradiction	Stephanie was born in 1990 and Sam was born in 1992.	Sam is elder than Stephanie.
contradiction	Carolyn was born in 1991 and Al was born in 2010.	Al is elder than Carolyn.
contradiction	Frank was born in 2016 and Jennifer was born in 2019.	Jennifer is elder than Frank.
contradiction	Katherine was born in 1992 and Ed was born in 2010.	Ed is elder than Katherine.
contradiction	Annie was born in 1996 and Harriet was born in 2003.	Harriet is elder than Annie.
contradiction	Michelle was born in 1994 and Sharon was born in 1995.	Sharon is elder than Michelle.
contradiction	Kevin was born in 1991 and Katie was born in 1995.	Katie is elder than Kevin.
contradiction	Katie was born in 1994 and Gary was born in 1996.	Gary is elder than Katie.
contradiction	Kathryn was born in 1991 and Kate was born in 1992.	Kate is elder than Kathryn.
contradiction	Emma was born in 1991 and Amy was born in 2004.	Amy is elder than Emma.
contradiction	Sam was born in 2005 and Harriet was born in 2020.	Harriet is elder than Sam.
contradiction	Ashley was born in 1991 and Lawrence was born in 2017.	Lawrence is elder than Ashley.
contradiction	Ruth was born in 1990 and Alex was born in 1997.	Alex is elder than Ruth.
contradiction	Stephanie was born in 1998 and Mike was born in 1999.	Mike is elder than Stephanie.
contradiction	Jason was born in 1996 and Thomas was born in 2008.	Thomas is elder than Jason.
contradiction	Anna was born in 2007 and Charlotte was born in 2017.	Charlotte is elder than Anna.
contradiction	Jean was born in 1994 and George was born in 2001.	George is elder than Jean.
contradiction	Roger was born in 1990 and Albert was born in 1991.	Albert is elder than Roger.
contradiction	Simon was born in 2001 and Evelyn was born in 2017.	Evelyn is elder than Simon.
contradiction	Stephen was born in 1993 and Sue was born in 1999.	Sue is elder than Stephen.
contradiction	Nancy was born in 2002 and Alexander was born in 2005.	Alexander is elder than Nancy.
contradiction	Caroline was born in 1996 and Elaine was born in 1999.	Elaine is elder than Caroline.
contradiction	Diana was born in 1990 and Patrick was born in 2013.	Patrick is elder than Diana.
contradiction	Jay was born in 1996 and Philip was born in 2001.	Philip is elder than Jay.
contradiction	Anne was born in 1992 and Sue was born in 1995.	Sue is elder than Anne.
contradiction	Louise was born in 2000 and Katherine was born in 2018.	Katherine is elder than Louise.
contradiction	Alfred was born in 1992 and Kelly was born in 1995.	Kelly is elder than Alfred.
contradiction	Kelly was born in 2006 and Evelyn was born in 2016.	Evelyn is elder than Kelly.
contradiction	Leslie was born in 1991 and Linda was born in 1992.	Linda is elder than Leslie.
contradiction	Scott was born in 1993 and Caroline was born in 2000.	Caroline is elder than Scott.
contradiction	Susan was born in 2001 and Roger was born in 2015.	Roger is elder than Susan.
contradiction	Pamela was born in 1991 and Michelle was born in 1992.	Michelle is elder than Pamela.
contradiction	Rachel was born in 1991 and Barbara was born in 1992.	Barbara is elder than Rachel.
contradiction	Louis was born in 1994 and Peter was born in 1995.	Peter is elder than Louis.
contradiction	Caroline was born in 2001 and Steve was born in 2012.	Steve is elder than Caroline.
contradiction	Emma was born in 1991 and Sandra was born in 1999.	Sandra is elder than Emma.
contradiction	Colin was born in 1996 and Jane was born in 2000.	Jane is elder than Colin.
contradiction	Bobby was born in 2013 and Sam was born in 2015.	Sam is elder than Bobby.
contradiction	Fred was born in 1994 and Claire was born in 1999.	Claire is elder than Fred.
contradiction	Karen was born in 1999 and Dave was born in 2017.	Dave is elder than Karen.
contradiction	Alfred was born in 1994 and Alan was born in 1998.	Alan is elder than Alfred.
contradiction	Jerry was born in 1991 and Judith was born in 2020.	Judith is elder than Jerry.
contradiction	Harriet was born in 1994 and Edward was born in 1998.	Edward is elder than Harriet.
contradiction	Louis was born in 2007 and Bobby was born in 2020.	Bobby is elder than Louis.
contradiction	Arthur was born in 2001 and Pamela was born in 2016.	Pamela is elder than Arthur.
contradiction	Peter was born in 2010 and Lisa was born in 2014.	Lisa is elder than Peter.
contradiction	Marilyn was born in 1990 and Paul was born in 2014.	Paul is elder than Marilyn.
contradiction	Alexandra was born in 1995 and Alfred was born in 2005.	Alfred is elder than Alexandra.
contradiction	Greg was born in 1995 and Laura was born in 2018.	Laura is elder than Greg.
contradiction	Barbara was born in 2016 and Lucy was born in 2017.	Lucy is elder than Barbara.
contradiction	Ben was born in 1990 and Wendy was born in 1992.	Wendy is elder than Ben.
contradiction	Ann was born in 1993 and Julie was born in 1994.	Julie is elder than Ann.
contradiction	Bruce was born in 2002 and Laura was born in 2003.	Laura is elder than Bruce.
contradiction	Adam was born in 2002 and Emma was born in 2004.	Emma is elder than Adam.
contradiction	Julia was born in 1993 and Donald was born in 1997.	Donald is elder than Julia.
contradiction	David was born in 2002 and Jerry was born in 2010.	Jerry is elder than David.
contradiction	Ben was born in 1999 and Grace was born in 2003.	Grace is elder than Ben.
contradiction	Alex was born in 1990 and Edward was born in 2004.	Edward is elder than Alex.
contradiction	Ken was born in 1995 and Donald was born in 2002.	Donald is elder than Ken.
contradiction	Judy was born in 2000 and Andrew was born in 2003.	Andrew is elder than Judy.
contradiction	Gary was born in 1994 and Virginia was born in 1995.	Virginia is elder than Gary.
contradiction	Charles was born in 2007 and Sue was born in 2012.	Sue is elder than Charles.
contradiction	Roy was born in 2002 and Heather was born in 2013.	Heather is elder than Roy.
contradiction	Lauren was born in 1995 and Florence was born in 2001.	Florence is elder than Lauren.
contradiction	Jason was born in 1995 and Steven was born in 2010.	Steven is elder than Jason.
contradiction	Alice was born in 2007 and Robin was born in 2019.	Robin is elder than Alice.
contradiction	Tony was born in 2004 and Alan was born in 2009.	Alan is elder than Tony.
contradiction	Karen was born in 1995 and Lynn was born in 2008.	Lynn is elder than Karen.
contradiction	Emily was born in 2011 and Charles was born in 2017.	Charles is elder than Emily.
contradiction	Kathy was born in 1990 and Katie was born in 1991.	Katie is elder than Kathy.
contradiction	Kim was born in 1990 and Dan was born in 1997.	Dan is elder than Kim.
contradiction	Sue was born in 1990 and Patrick was born in 1997.	Patrick is elder than Sue.
contradiction	Roger was born in 2004 and Henry was born in 2013.	Henry is elder than Roger.
contradiction	Sarah was born in 2003 and David was born in 2011.	David is elder than Sarah.
contradiction	Steven was born in 2009 and Samuel was born in 2016.	Samuel is elder than Steven.
contradiction	Kevin was born in 2001 and Tim was born in 2019.	Tim is elder than Kevin.
contradiction	Paul was born in 1991 and Keith was born in 1994.	Keith is elder than Paul.
contradiction	Jonathan was born in 1998 and Claire was born in 2013.	Claire is elder than Jonathan.
contradiction	Jeff was born in 1990 and Jill was born in 2000.	Jill is elder than Jeff.
contradiction	Karen was born in 1997 and Alfred was born in 2005.	Alfred is elder than Karen.
contradiction	Fiona was born in 2018 and Richard was born in 2020.	Richard is elder than Fiona.
contradiction	Judy was born in 1991 and Joe was born in 1993.	Joe is elder than Judy.
contradiction	Adam was born in 1993 and Leslie was born in 1995.	Leslie is elder than Adam.
contradiction	Edith was born in 1997 and Bob was born in 2003.	Bob is elder than Edith.
contradiction	Deborah was born in 2012 and Kenneth was born in 2015.	Kenneth is elder than Deborah.
contradiction	Billy was born in 1994 and Jerry was born in 2011.	Jerry is elder than Billy.
contradiction	Karen was born in 1991 and Francis was born in 1996.	Francis is elder than Karen.
contradiction	Elizabeth was born in 1994 and Amanda was born in 1997.	Amanda is elder than Elizabeth.
contradiction	Jeff was born in 2000 and Martha was born in 2001.	Martha is elder than Jeff.
contradiction	Heather was born in 2018 and Lisa was born in 2019.	Lisa is elder than Heather.
contradiction	Edwin was born in 1995 and Janet was born in 1998.	Janet is elder than Edwin.
contradiction	Betty was born in 1990 and Katherine was born in 1991.	Katherine is elder than Betty.
contradiction	Bill was born in 1998 and Matthew was born in 2005.	Matthew is elder than Bill.
contradiction	Alexander was born in 2009 and James was born in 2018.	James is elder than Alexander.
contradiction	Harriet was born in 1991 and Adam was born in 1996.	Adam is elder than Harriet.
contradiction	Amanda was born in 1993 and Tony was born in 1999.	Tony is elder than Amanda.
contradiction	James was born in 2005 and Roger was born in 2015.	Roger is elder than James.
contradiction	Joe was born in 1990 and Scott was born in 1998.	Scott is elder than Joe.
contradiction	Kathy was born in 1998 and Louis was born in 2002.	Louis is elder than Kathy.
contradiction	William was born in 2014 and Melissa was born in 2019.	Melissa is elder than William.
contradiction	Charles was born in 1996 and Jerry was born in 2010.	Jerry is elder than Charles.
contradiction	Dan was born in 1992 and Rachel was born in 2016.	Rachel is elder than Dan.
contradiction	Louis was born in 2000 and Frederick was born in 2006.	Frederick is elder than Louis.
contradiction	Nick was born in 1990 and Michelle was born in 1993.	Michelle is elder than Nick.
contradiction	Ben was born in 1999 and Christine was born in 2003.	Christine is elder than Ben.
contradiction	Kathleen was born in 1990 and Carl was born in 2012.	Carl is elder than Kathleen.
contradiction	Kathryn was born in 2005 and Margaret was born in 2017.	Margaret is elder than Kathryn.
contradiction	Alexandra was born in 1993 and Frank was born in 2000.	Frank is elder than Alexandra.
contradiction	Ralph was born in 1991 and Sarah was born in 1995.	Sarah is elder than Ralph.
contradiction	Scott was born in 1992 and Matthew was born in 1998.	Matthew is elder than Scott.
contradiction	Melissa was born in 1993 and Patrick was born in 2017.	Patrick is elder than Melissa.
contradiction	Thomas was born in 2015 and Rose was born in 2018.	Rose is elder than Thomas.
contradiction	Charlotte was born in 2010 and Robert was born in 2020.	Robert is elder than Charlotte.
contradiction	Frederick was born in 1997 and Patrick was born in 1998.	Patrick is elder than Frederick.
contradiction	Angela was born in 1994 and Edith was born in 1998.	Edith is elder than Angela.
contradiction	Charlotte was born in 2011 and Roger was born in 2013.	Roger is elder than Charlotte.
contradiction	Judy was born in 1990 and Adam was born in 1995.	Adam is elder than Judy.
contradiction	Harriet was born in 1993 and Colin was born in 2008.	Colin is elder than Harriet.
contradiction	Al was born in 1995 and Christopher was born in 2011.	Christopher is elder than Al.
contradiction	Samuel was born in 1995 and Judy was born in 1996.	Judy is elder than Samuel.
contradiction	Nancy was born in 1990 and Jean was born in 1991.	Jean is elder than Nancy.
contradiction	Patricia was born in 2005 and Bill was born in 2016.	Bill is elder than Patricia.
contradiction	Fred was born in 1997 and Martha was born in 2000.	Martha is elder than Fred.
contradiction	Fiona was born in 1996 and Jeff was born in 2005.	Jeff is elder than Fiona.
contradiction	Catherine was born in 2003 and George was born in 2004.	George is elder than Catherine.
contradiction	Eric was born in 2018 and Al was born in 2020.	Al is elder than Eric.
contradiction	Gary was born in 1997 and Don was born in 2017.	Don is elder than Gary.
contradiction	Dorothy was born in 2001 and Emily was born in 2019.	Emily is elder than Dorothy.
contradiction	Sharon was born in 1990 and Ralph was born in 1994.	Ralph is elder than Sharon.
contradiction	Tom was born in 1990 and Charles was born in 1998.	Charles is elder than Tom.
contradiction	Sally was born in 1991 and Cynthia was born in 1992.	Cynthia is elder than Sally.
contradiction	Lynn was born in 1996 and Stephanie was born in 1998.	Stephanie is elder than Lynn.
contradiction	Ralph was born in 1994 and Julie was born in 1998.	Julie is elder than Ralph.
contradiction	Annie was born in 1996 and Louis was born in 1997.	Louis is elder than Annie.
contradiction	Diana was born in 1995 and Richard was born in 2005.	Richard is elder than Diana.
contradiction	Henry was born in 1993 and Robert was born in 2001.	Robert is elder than Henry.
contradiction	Bill was born in 1991 and Brian was born in 2011.	Brian is elder than Bill.
contradiction	Emily was born in 2011 and Anna was born in 2015.	Anna is elder than Emily.
contradiction	Eleanor was born in 2008 and Alan was born in 2015.	Alan is elder than Eleanor.
contradiction	Louise was born in 1994 and Arthur was born in 2014.	Arthur is elder than Louise.
contradiction	Peter was born in 2016 and Maria was born in 2019.	Maria is elder than Peter.
contradiction	Steve was born in 2003 and Sandra was born in 2004.	Sandra is elder than Steve.
contradiction	Frances was born in 1992 and Edwin was born in 2009.	Edwin is elder than Frances.
contradiction	Deborah was born in 2011 and Jim was born in 2019.	Jim is elder than Deborah.
contradiction	Simon was born in 1990 and Nancy was born in 1991.	Nancy is elder than Simon.
contradiction	Alison was born in 1991 and Dorothy was born in 2006.	Dorothy is elder than Alison.
contradiction	Carol was born in 2000 and Al was born in 2008.	Al is elder than Carol.
contradiction	Ken was born in 2000 and Nicole was born in 2002.	Nicole is elder than Ken.
contradiction	Bruce was born in 1995 and Jane was born in 1997.	Jane is elder than Bruce.
contradiction	Alan was born in 1991 and Louise was born in 2001.	Louise is elder than Alan.
contradiction	Howard was born in 1991 and Rachel was born in 1995.	Rachel is elder than Howard.
contradiction	Caroline was born in 1993 and Karen was born in 1999.	Karen is elder than Caroline.
contradiction	Judith was born in 1992 and Jay was born in 2009.	Jay is elder than Judith.
contradiction	Alison was born in 1991 and Julia was born in 1997.	Julia is elder than Alison.
contradiction	Harold was born in 1999 and Rebecca was born in 2015.	Rebecca is elder than Harold.
contradiction	Marilyn was born in 2000 and Evelyn was born in 2016.	Evelyn is elder than Marilyn.
contradiction	Sam was born in 1992 and Don was born in 2009.	Don is elder than Sam.
contradiction	Richard was born in 1998 and Carolyn was born in 2002.	Carolyn is elder than Richard.
contradiction	Matt was born in 1992 and Sharon was born in 1993.	Sharon is elder than Matt.
contradiction	Judy was born in 2002 and Deborah was born in 2005.	Deborah is elder than Judy.
contradiction	Eleanor was born in 1990 and Lynn was born in 2008.	Lynn is elder than Eleanor.
contradiction	Charles was born in 1991 and Matt was born in 1994.	Matt is elder than Charles.
contradiction	Edwin was born in 1995 and Judy was born in 2000.	Judy is elder than Edwin.
contradiction	Andrea was born in 2003 and Daniel was born in 2010.	Daniel is elder than Andrea.
contradiction	Kim was born in 1999 and Emma was born in 2013.	Emma is elder than Kim.
contradiction	Emma was born in 1996 and Nick was born in 2011.	Nick is elder than Emma.
contradiction	Christopher was born in 1998 and Scott was born in 2006.	Scott is elder than Christopher.
contradiction	Emma was born in 1994 and Fiona was born in 2004.	Fiona is elder than Emma.
contradiction	Dick was born in 2014 and Emma was born in 2018.	Emma is elder than Dick.
contradiction	Adam was born in 2015 and Louis was born in 2020.	Louis is elder than Adam.
contradiction	Gary was born in 1994 and Kathryn was born in 2013.	Kathryn is elder than Gary.
contradiction	Richard was born in 1990 and Albert was born in 1999.	Albert is elder than Richard.
contradiction	Alexander was born in 1997 and Caroline was born in 2018.	Caroline is elder than Alexander.
contradiction	Tim was born in 2004 and Lynn was born in 2007.	Lynn is elder than Tim.
contradiction	Marie was born in 1999 and Grace was born in 2019.	Grace is elder than Marie.
contradiction	Sam was born in 1995 and John was born in 2005.	John is elder than Sam.
contradiction	Caroline was born in 1990 and Jason was born in 2018.	Jason is elder than Caroline.
contradiction	Michelle was born in 2007 and Donna was born in 2016.	Donna is elder than Michelle.
contradiction	Martin was born in 1999 and Mike was born in 2002.	Mike is elder than Martin.
contradiction	Annie was born in 1990 and Ray was born in 2007.	Ray is elder than Annie.
contradiction	Jessica was born in 2006 and Eric was born in 2017.	Eric is elder than Jessica.
contradiction	Alexandra was born in 1990 and Mike was born in 1993.	Mike is elder than Alexandra.
contradiction	Caroline was born in 1994 and Thomas was born in 2012.	Thomas is elder than Caroline.
contradiction	Joseph was born in 1991 and Billy was born in 1992.	Billy is elder than Joseph.
contradiction	Linda was born in 1991 and Sam was born in 2003.	Sam is elder than Linda.
contradiction	William was born in 2005 and Hugh was born in 2019.	Hugh is elder than William.
contradiction	Kate was born in 2001 and Charlotte was born in 2010.	Charlotte is elder than Kate.
contradiction	Marie was born in 1998 and Janet was born in 2017.	Janet is elder than Marie.
contradiction	Bob was born in 2001 and Ashley was born in 2008.	Ashley is elder than Bob.
contradiction	Lucy was born in 1993 and Leslie was born in 2013.	Leslie is elder than Lucy.
contradiction	Mary was born in 2001 and Marie was born in 2006.	Marie is elder than Mary.
contradiction	Carl was born in 2008 and Joan was born in 2009.	Joan is elder than Carl.
contradiction	Sue was born in 2010 and Suzanne was born in 2019.	Suzanne is elder than Sue.
contradiction	Edward was born in 2011 and Mike was born in 2019.	Mike is elder than Edward.
contradiction	Alfred was born in 1990 and Lisa was born in 1995.	Lisa is elder than Alfred.
contradiction	Steve was born in 1997 and Henry was born in 1998.	Henry is elder than Steve.
contradiction	Martin was born in 1996 and Philip was born in 2014.	Philip is elder than Martin.
contradiction	Anna was born in 1993 and Elizabeth was born in 1995.	Elizabeth is elder than Anna.
contradiction	Alexander was born in 1992 and Jeff was born in 2011.	Jeff is elder than Alexander.
contradiction	Scott was born in 1992 and Martin was born in 1996.	Martin is elder than Scott.
contradiction	Arthur was born in 2009 and Jason was born in 2017.	Jason is elder than Arthur.
contradiction	Kenneth was born in 1994 and Nick was born in 2013.	Nick is elder than Kenneth.
contradiction	Ralph was born in 1991 and Michelle was born in 1998.	Michelle is elder than Ralph.
contradiction	Michael was born in 1991 and Fred was born in 2010.	Fred is elder than Michael.
contradiction	Sally was born in 1998 and Cynthia was born in 2000.	Cynthia is elder than Sally.
contradiction	Paul was born in 2007 and Sarah was born in 2009.	Sarah is elder than Paul.
contradiction	Edith was born in 2004 and Patrick was born in 2006.	Patrick is elder than Edith.
contradiction	Stephanie was born in 1997 and Emily was born in 2000.	Emily is elder than Stephanie.
contradiction	Keith was born in 1999 and Mary was born in 2008.	Mary is elder than Keith.
contradiction	Lynn was born in 2009 and Nicole was born in 2017.	Nicole is elder than Lynn.
contradiction	Christopher was born in 2000 and Martin was born in 2001.	Martin is elder than Christopher.
contradiction	Roger was born in 2012 and Frances was born in 2016.	Frances is elder than Roger.
contradiction	Elizabeth was born in 2005 and Kenneth was born in 2009.	Kenneth is elder than Elizabeth.
contradiction	Eric was born in 1993 and Andrew was born in 2000.	Andrew is elder than Eric.
contradiction	Julie was born in 1990 and Samuel was born in 1992.	Samuel is elder than Julie.
contradiction	Lynn was born in 1990 and Emily was born in 1991.	Emily is elder than Lynn.
contradiction	Eric was born in 1990 and Kathleen was born in 2007.	Kathleen is elder than Eric.
contradiction	Robin was born in 1993 and Jack was born in 1996.	Jack is elder than Robin.
contradiction	Dick was born in 1995 and Edward was born in 2003.	Edward is elder than Dick.
contradiction	Chris was born in 1991 and Harriet was born in 2015.	Harriet is elder than Chris.
contradiction	Annie was born in 1994 and Jay was born in 2007.	Jay is elder than Annie.
contradiction	Simon was born in 2001 and Jane was born in 2003.	Jane is elder than Simon.
contradiction	Leslie was born in 1999 and Simon was born in 2017.	Simon is elder than Leslie.
contradiction	Sue was born in 1992 and Harold was born in 1994.	Harold is elder than Sue.
contradiction	Patricia was born in 1990 and Chris was born in 1992.	Chris is elder than Patricia.
contradiction	Ryan was born in 1997 and Rebecca was born in 1999.	Rebecca is elder than Ryan.
contradiction	Michael was born in 2013 and Richard was born in 2016.	Richard is elder than Michael.
contradiction	Kate was born in 1998 and Nancy was born in 2002.	Nancy is elder than Kate.
contradiction	Greg was born in 2000 and John was born in 2003.	John is elder than Greg.
contradiction	Jessica was born in 2006 and Robin was born in 2008.	Robin is elder than Jessica.
contradiction	Elizabeth was born in 1994 and Sally was born in 2012.	Sally is elder than Elizabeth.
contradiction	Florence was born in 1998 and Patricia was born in 2000.	Patricia is elder than Florence.
contradiction	Kenneth was born in 1991 and Karen was born in 1995.	Karen is elder than Kenneth.
contradiction	Gary was born in 1990 and Roger was born in 1991.	Roger is elder than Gary.
contradiction	Jay was born in 1991 and Al was born in 2006.	Al is elder than Jay.
contradiction	Virginia was born in 1993 and Johnny was born in 2014.	Johnny is elder than Virginia.
contradiction	Christine was born in 1994 and Julie was born in 1995.	Julie is elder than Christine.
contradiction	Billy was born in 1992 and Peter was born in 2015.	Peter is elder than Billy.
contradiction	Angela was born in 1991 and Fred was born in 2020.	Fred is elder than Angela.
contradiction	Don was born in 1997 and Bruce was born in 1998.	Bruce is elder than Don.
contradiction	Greg was born in 1991 and Matthew was born in 1992.	Matthew is elder than Greg.
contradiction	Joan was born in 1991 and Albert was born in 1992.	Albert is elder than Joan.
contradiction	Diana was born in 1998 and Arthur was born in 2004.	Arthur is elder than Diana.
contradiction	Catherine was born in 1992 and Ben was born in 1997.	Ben is elder than Catherine.
contradiction	Bill was born in 2000 and Matthew was born in 2008.	Matthew is elder than Bill.
contradiction	Eleanor was born in 1994 and Steve was born in 1999.	Steve is elder than Eleanor.
contradiction	Jill was born in 1997 and Diane was born in 2001.	Diane is elder than Jill.
contradiction	Peter was born in 1991 and Susan was born in 2009.	Susan is elder than Peter.
contradiction	Charlotte was born in 1996 and Caroline was born in 2011.	Caroline is elder than Charlotte.
contradiction	Benjamin was born in 2009 and Charles was born in 2013.	Charles is elder than Benjamin.
contradiction	Al was born in 1997 and Francis was born in 1998.	Francis is elder than Al.
contradiction	Matthew was born in 2000 and Julia was born in 2009.	Julia is elder than Matthew.
contradiction	Rebecca was born in 1991 and Ron was born in 1993.	Ron is elder than Rebecca.
contradiction	Diane was born in 2001 and Jay was born in 2005.	Jay is elder than Diane.
contradiction	Jay was born in 1991 and Frederick was born in 1995.	Frederick is elder than Jay.
contradiction	Ruth was born in 1992 and David was born in 1995.	David is elder than Ruth.
contradiction	Florence was born in 2005 and Julia was born in 2009.	Julia is elder than Florence.
contradiction	Rebecca was born in 1997 and Marie was born in 2008.	Marie is elder than Rebecca.
contradiction	Ben was born in 2013 and Carolyn was born in 2015.	Carolyn is elder than Ben.
contradiction	Patrick was born in 2011 and Alison was born in 2018.	Alison is elder than Patrick.
contradiction	Maria was born in 1996 and Frances was born in 1998.	Frances is elder than Maria.
contradiction	Anne was born in 1995 and Jane was born in 1997.	Jane is elder than Anne.
contradiction	Fred was born in 1996 and Johnny was born in 2005.	Johnny is elder than Fred.
contradiction	Matthew was born in 2000 and Julie was born in 2005.	Julie is elder than Matthew.
contradiction	Suzanne was born in 1996 and Edwin was born in 1999.	Edwin is elder than Suzanne.
contradiction	Chris was born in 1999 and Andrea was born in 2013.	Andrea is elder than Chris.
contradiction	Dorothy was born in 1996 and Francis was born in 1997.	Francis is elder than Dorothy.
contradiction	Roger was born in 1992 and Louis was born in 1997.	Louis is elder than Roger.
contradiction	Johnny was born in 2005 and Mary was born in 2017.	Mary is elder than Johnny.
contradiction	David was born in 1998 and Jill was born in 2017.	Jill is elder than David.
contradiction	Judy was born in 2004 and Jill was born in 2016.	Jill is elder than Judy.
contradiction	Wendy was born in 1993 and Evelyn was born in 1995.	Evelyn is elder than Wendy.
contradiction	Robin was born in 1999 and Eric was born in 2006.	Eric is elder than Robin.
contradiction	Alexandra was born in 2000 and Michelle was born in 2001.	Michelle is elder than Alexandra.
contradiction	Jerry was born in 2000 and Wendy was born in 2003.	Wendy is elder than Jerry.
contradiction	Patrick was born in 1992 and Kathy was born in 1993.	Kathy is elder than Patrick.
contradiction	Andrea was born in 1996 and Joseph was born in 2017.	Joseph is elder than Andrea.
contradiction	Richard was born in 2012 and Jimmy was born in 2019.	Jimmy is elder than Richard.
contradiction	Diane was born in 1990 and Alison was born in 1992.	Alison is elder than Diane.
contradiction	Andrea was born in 1999 and Jack was born in 2005.	Jack is elder than Andrea.
contradiction	Betty was born in 1991 and Kate was born in 1995.	Kate is elder than Betty.
contradiction	Chris was born in 1990 and Amy was born in 1992.	Amy is elder than Chris.
contradiction	Alexander was born in 2002 and Nancy was born in 2010.	Nancy is elder than Alexander.
contradiction	Carolyn was born in 1990 and Pamela was born in 1993.	Pamela is elder than Carolyn.
contradiction	Dick was born in 1990 and Jennifer was born in 1993.	Jennifer is elder than Dick.
contradiction	Kate was born in 1994 and Alan was born in 2013.	Alan is elder than Kate.
contradiction	Susan was born in 1996 and Jimmy was born in 2006.	Jimmy is elder than Susan.
contradiction	Amy was born in 1990 and Kathleen was born in 1995.	Kathleen is elder than Amy.
contradiction	Nancy was born in 1991 and Deborah was born in 1997.	Deborah is elder than Nancy.
contradiction	Gary was born in 1991 and Jonathan was born in 1993.	Jonathan is elder than Gary.
contradiction	Julie was born in 2010 and Frank was born in 2017.	Frank is elder than Julie.
contradiction	Grace was born in 2009 and Julia was born in 2014.	Julia is elder than Grace.
contradiction	Harriet was born in 1990 and Margaret was born in 1997.	Margaret is elder than Harriet.
contradiction	Simon was born in 1990 and Donna was born in 1991.	Donna is elder than Simon.
contradiction	Edwin was born in 2012 and Ron was born in 2013.	Ron is elder than Edwin.
contradiction	Donna was born in 1994 and Charles was born in 2007.	Charles is elder than Donna.
contradiction	Joe was born in 1992 and Alice was born in 2008.	Alice is elder than Joe.
contradiction	Carl was born in 1995 and Kenneth was born in 2001.	Kenneth is elder than Carl.
contradiction	Sara was born in 1990 and Scott was born in 1991.	Scott is elder than Sara.
contradiction	Carl was born in 2005 and Emma was born in 2013.	Emma is elder than Carl.
contradiction	Steven was born in 2003 and Johnny was born in 2004.	Johnny is elder than Steven.
contradiction	Sara was born in 2005 and Elizabeth was born in 2016.	Elizabeth is elder than Sara.
contradiction	Annie was born in 1999 and Samuel was born in 2004.	Samuel is elder than Annie.
contradiction	Fred was born in 1993 and Steve was born in 2020.	Steve is elder than Fred.
contradiction	Matthew was born in 1994 and Jimmy was born in 2001.	Jimmy is elder than Matthew.
contradiction	Kathleen was born in 2003 and Keith was born in 2016.	Keith is elder than Kathleen.
contradiction	Ray was born in 2000 and Donna was born in 2020.	Donna is elder than Ray.
contradiction	Judy was born in 1992 and Charlie was born in 1999.	Charlie is elder than Judy.
contradiction	Fiona was born in 2009 and Harriet was born in 2016.	Harriet is elder than Fiona.
contradiction	Patrick was born in 1990 and Karen was born in 1991.	Karen is elder than Patrick.
contradiction	Maria was born in 1991 and Lauren was born in 1994.	Lauren is elder than Maria.
contradiction	Jill was born in 1990 and Emily was born in 2002.	Emily is elder than Jill.
contradiction	Roy was born in 1990 and Matt was born in 1995.	Matt is elder than Roy.
contradiction	Barbara was born in 1994 and Don was born in 1997.	Don is elder than Barbara.
contradiction	Alison was born in 2018 and Margaret was born in 2019.	Margaret is elder than Alison.
contradiction	Greg was born in 2010 and Johnny was born in 2019.	Johnny is elder than Greg.
contradiction	Stephen was born in 1995 and James was born in 1997.	James is elder than Stephen.
contradiction	Howard was born in 1992 and Victoria was born in 1998.	Victoria is elder than Howard.
contradiction	Mike was born in 1999 and Mary was born in 2005.	Mary is elder than Mike.
contradiction	Carol was born in 2006 and Louise was born in 2008.	Louise is elder than Carol.
contradiction	Mike was born in 2004 and Jean was born in 2010.	Jean is elder than Mike.
contradiction	Amanda was born in 2004 and Peter was born in 2010.	Peter is elder than Amanda.
contradiction	Dan was born in 2004 and David was born in 2005.	David is elder than Dan.
contradiction	Emma was born in 1994 and Edwin was born in 2004.	Edwin is elder than Emma.
contradiction	Rachel was born in 2005 and Mike was born in 2011.	Mike is elder than Rachel.
contradiction	Carol was born in 1991 and Fiona was born in 2000.	Fiona is elder than Carol.
contradiction	Jack was born in 1993 and Harold was born in 1994.	Harold is elder than Jack.
contradiction	Hugh was born in 2010 and Marie was born in 2018.	Marie is elder than Hugh.
contradiction	Bruce was born in 2012 and Sally was born in 2019.	Sally is elder than Bruce.
contradiction	Paul was born in 1996 and Ann was born in 1997.	Ann is elder than Paul.
contradiction	Stephen was born in 1992 and Emily was born in 1993.	Emily is elder than Stephen.
contradiction	Judith was born in 1990 and Chris was born in 1998.	Chris is elder than Judith.
contradiction	Carl was born in 2002 and Stephen was born in 2020.	Stephen is elder than Carl.
contradiction	Richard was born in 1991 and Joe was born in 1993.	Joe is elder than Richard.
contradiction	Rose was born in 2000 and Florence was born in 2001.	Florence is elder than Rose.
contradiction	Michael was born in 1990 and Leslie was born in 1993.	Leslie is elder than Michael.
contradiction	Ben was born in 1992 and Martha was born in 1993.	Martha is elder than Ben.
contradiction	Mark was born in 1990 and Mike was born in 1994.	Mike is elder than Mark.
contradiction	Jane was born in 2004 and Frances was born in 2012.	Frances is elder than Jane.
contradiction	Ben was born in 2011 and Nancy was born in 2016.	Nancy is elder than Ben.
contradiction	Francis was born in 2001 and Katherine was born in 2005.	Katherine is elder than Francis.
contradiction	Billy was born in 1990 and Emma was born in 1997.	Emma is elder than Billy.
contradiction	Henry was born in 1992 and Grace was born in 2001.	Grace is elder than Henry.
contradiction	Emma was born in 1990 and Ruth was born in 2006.	Ruth is elder than Emma.
contradiction	Cynthia was born in 1993 and Rachel was born in 1996.	Rachel is elder than Cynthia.
contradiction	Leslie was born in 1991 and Ben was born in 2010.	Ben is elder than Leslie.
contradiction	Chris was born in 2002 and Betty was born in 2019.	Betty is elder than Chris.
contradiction	Matt was born in 1991 and Harold was born in 1994.	Harold is elder than Matt.
contradiction	Emma was born in 1997 and Kim was born in 1998.	Kim is elder than Emma.
contradiction	Evelyn was born in 1999 and Fred was born in 2005.	Fred is elder than Evelyn.
contradiction	Ann was born in 1991 and Heather was born in 1992.	Heather is elder than Ann.
contradiction	Chris was born in 1999 and Ryan was born in 2001.	Ryan is elder than Chris.
contradiction	Barbara was born in 1991 and Brian was born in 1993.	Brian is elder than Barbara.
contradiction	Julia was born in 1990 and Donna was born in 2003.	Donna is elder than Julia.
contradiction	Matthew was born in 1999 and George was born in 2009.	George is elder than Matthew.
contradiction	Anna was born in 1998 and Jim was born in 1999.	Jim is elder than Anna.
contradiction	Suzanne was born in 2012 and Bob was born in 2016.	Bob is elder than Suzanne.
contradiction	Walter was born in 1995 and Albert was born in 2008.	Albert is elder than Walter.
contradiction	Alex was born in 1995 and Roger was born in 2004.	Roger is elder than Alex.
contradiction	Edith was born in 1990 and Mark was born in 1994.	Mark is elder than Edith.
contradiction	Jeff was born in 1997 and Jimmy was born in 2002.	Jimmy is elder than Jeff.
contradiction	Keith was born in 1992 and Richard was born in 2009.	Richard is elder than Keith.
contradiction	Wendy was born in 1996 and Frederick was born in 2003.	Frederick is elder than Wendy.
contradiction	Karen was born in 1994 and Helen was born in 1995.	Helen is elder than Karen.
contradiction	Scott was born in 1990 and Sally was born in 2008.	Sally is elder than Scott.
contradiction	Peter was born in 1999 and Michael was born in 2011.	Michael is elder than Peter.
contradiction	James was born in 1997 and Amanda was born in 2009.	Amanda is elder than James.
contradiction	Catherine was born in 2005 and Jane was born in 2014.	Jane is elder than Catherine.
contradiction	Sally was born in 2003 and Albert was born in 2019.	Albert is elder than Sally.
contradiction	Dan was born in 1990 and Grace was born in 1991.	Grace is elder than Dan.
contradiction	Diana was born in 1995 and Patrick was born in 2015.	Patrick is elder than Diana.
contradiction	Julie was born in 1990 and Sarah was born in 1992.	Sarah is elder than Julie.
contradiction	Sharon was born in 2004 and Alan was born in 2005.	Alan is elder than Sharon.
contradiction	Joan was born in 1994 and Michael was born in 2011.	Michael is elder than Joan.
contradiction	Greg was born in 1995 and Christine was born in 2015.	Christine is elder than Greg.
contradiction	Ruth was born in 1991 and Ian was born in 1995.	Ian is elder than Ruth.
contradiction	Linda was born in 2000 and Jack was born in 2011.	Jack is elder than Linda.
contradiction	Claire was born in 2001 and Eleanor was born in 2013.	Eleanor is elder than Claire.
contradiction	Karen was born in 1998 and Claire was born in 2011.	Claire is elder than Karen.
contradiction	Keith was born in 1993 and Fiona was born in 2001.	Fiona is elder than Keith.
contradiction	Steve was born in 1991 and Alison was born in 1993.	Alison is elder than Steve.
contradiction	Nicole was born in 2003 and Jennifer was born in 2019.	Jennifer is elder than Nicole.
contradiction	Jessica was born in 1992 and Pamela was born in 1994.	Pamela is elder than Jessica.
contradiction	Albert was born in 1990 and Louis was born in 1994.	Louis is elder than Albert.
contradiction	Frederick was born in 1996 and Emily was born in 2004.	Emily is elder than Frederick.
contradiction	William was born in 2002 and Mary was born in 2012.	Mary is elder than William.
contradiction	Frank was born in 1991 and Dan was born in 1997.	Dan is elder than Frank.
contradiction	Charles was born in 1993 and Ian was born in 1999.	Ian is elder than Charles.
contradiction	Nicole was born in 1993 and Fred was born in 1994.	Fred is elder than Nicole.
contradiction	Karen was born in 2006 and Richard was born in 2010.	Richard is elder than Karen.
contradiction	Stephanie was born in 2000 and Mark was born in 2004.	Mark is elder than Stephanie.
contradiction	Julia was born in 1990 and James was born in 1993.	James is elder than Julia.
contradiction	Tom was born in 1990 and Kate was born in 2009.	Kate is elder than Tom.
contradiction	Christine was born in 1990 and Ruth was born in 2001.	Ruth is elder than Christine.
contradiction	Mark was born in 1990 and Evelyn was born in 1993.	Evelyn is elder than Mark.
contradiction	Steve was born in 1990 and Elizabeth was born in 1999.	Elizabeth is elder than Steve.
contradiction	Robert was born in 2001 and Amanda was born in 2008.	Amanda is elder than Robert.
contradiction	Emily was born in 1998 and Colin was born in 2008.	Colin is elder than Emily.
contradiction	Karen was born in 1995 and Jane was born in 1997.	Jane is elder than Karen.
contradiction	Daniel was born in 2002 and William was born in 2010.	William is elder than Daniel.
contradiction	Patrick was born in 1996 and Frances was born in 2001.	Frances is elder than Patrick.
contradiction	Roy was born in 1990 and Sam was born in 1995.	Sam is elder than Roy.
contradiction	Laura was born in 1993 and Mark was born in 2000.	Mark is elder than Laura.
contradiction	Ben was born in 1998 and Kathryn was born in 2017.	Kathryn is elder than Ben.
contradiction	Jack was born in 1995 and Leslie was born in 2000.	Leslie is elder than Jack.
contradiction	Jill was born in 1991 and Jack was born in 1999.	Jack is elder than Jill.
contradiction	Robert was born in 1997 and Arthur was born in 2011.	Arthur is elder than Robert.
contradiction	Simon was born in 1990 and Edith was born in 1992.	Edith is elder than Simon.
contradiction	Nicole was born in 1990 and Andrew was born in 1992.	Andrew is elder than Nicole.
contradiction	Claire was born in 1997 and Matt was born in 2001.	Matt is elder than Claire.
contradiction	Rebecca was born in 2007 and Ron was born in 2016.	Ron is elder than Rebecca.
contradiction	Michael was born in 1999 and Alex was born in 2019.	Alex is elder than Michael.
contradiction	Thomas was born in 2002 and Sharon was born in 2019.	Sharon is elder than Thomas.
contradiction	Carol was born in 1994 and Judith was born in 1995.	Judith is elder than Carol.
contradiction	Thomas was born in 1999 and William was born in 2012.	William is elder than Thomas.
contradiction	Harold was born in 1993 and Jerry was born in 1999.	Jerry is elder than Harold.
contradiction	Heather was born in 1997 and Dave was born in 2000.	Dave is elder than Heather.
contradiction	Steve was born in 1997 and Mike was born in 2015.	Mike is elder than Steve.
contradiction	Dick was born in 1994 and Virginia was born in 1996.	Virginia is elder than Dick.
contradiction	Eric was born in 1996 and Simon was born in 2002.	Simon is elder than Eric.
contradiction	Carl was born in 2016 and Harriet was born in 2017.	Harriet is elder than Carl.
contradiction	Diana was born in 1992 and Patricia was born in 1993.	Patricia is elder than Diana.
contradiction	Larry was born in 1990 and Charlie was born in 1993.	Charlie is elder than Larry.
contradiction	Lynn was born in 2001 and Kathleen was born in 2002.	Kathleen is elder than Lynn.
contradiction	Andrew was born in 2013 and Louise was born in 2018.	Louise is elder than Andrew.
contradiction	Bruce was born in 1993 and Harold was born in 1996.	Harold is elder than Bruce.
contradiction	Mary was born in 1998 and Louise was born in 2004.	Louise is elder than Mary.
contradiction	Claire was born in 1991 and Jerry was born in 1994.	Jerry is elder than Claire.
contradiction	Fiona was born in 2004 and Kim was born in 2009.	Kim is elder than Fiona.
contradiction	Patrick was born in 2003 and Wendy was born in 2006.	Wendy is elder than Patrick.
contradiction	Christine was born in 1994 and Dan was born in 2001.	Dan is elder than Christine.
contradiction	Don was born in 1990 and Samuel was born in 1994.	Samuel is elder than Don.
contradiction	Stephen was born in 1996 and Eric was born in 2020.	Eric is elder than Stephen.
contradiction	Alison was born in 1990 and Henry was born in 1993.	Henry is elder than Alison.
contradiction	Leslie was born in 1992 and Harriet was born in 2000.	Harriet is elder than Leslie.
contradiction	Charles was born in 1991 and Sara was born in 1996.	Sara is elder than Charles.
contradiction	Anne was born in 2016 and Scott was born in 2017.	Scott is elder than Anne.
contradiction	Andrew was born in 1997 and Betty was born in 2002.	Betty is elder than Andrew.
contradiction	Louis was born in 1997 and Ashley was born in 2004.	Ashley is elder than Louis.
contradiction	Harriet was born in 1999 and Brian was born in 2001.	Brian is elder than Harriet.
contradiction	Alison was born in 2014 and Colin was born in 2017.	Colin is elder than Alison.
contradiction	Grace was born in 2011 and Kathryn was born in 2016.	Kathryn is elder than Grace.
contradiction	Jason was born in 2005 and Sandra was born in 2009.	Sandra is elder than Jason.
contradiction	Anthony was born in 1995 and Howard was born in 1998.	Howard is elder than Anthony.
contradiction	Karen was born in 1990 and Roger was born in 1993.	Roger is elder than Karen.
contradiction	Charlotte was born in 1994 and Patricia was born in 2005.	Patricia is elder than Charlotte.
contradiction	Alexandra was born in 2010 and Sara was born in 2014.	Sara is elder than Alexandra.
contradiction	Deborah was born in 1991 and Donald was born in 2000.	Donald is elder than Deborah.
contradiction	Colin was born in 1997 and Cynthia was born in 2002.	Cynthia is elder than Colin.
contradiction	Julie was born in 1990 and Jessica was born in 2007.	Jessica is elder than Julie.
contradiction	Ron was born in 1993 and Kathryn was born in 1998.	Kathryn is elder than Ron.
contradiction	Barbara was born in 1992 and Adam was born in 2003.	Adam is elder than Barbara.
contradiction	Janet was born in 2010 and Jeff was born in 2016.	Jeff is elder than Janet.
contradiction	Karen was born in 1993 and Kevin was born in 2009.	Kevin is elder than Karen.
contradiction	Sharon was born in 1996 and Diana was born in 2008.	Diana is elder than Sharon.
contradiction	Jennifer was born in 1992 and David was born in 1993.	David is elder than Jennifer.
contradiction	Stephanie was born in 1990 and Jim was born in 1991.	Jim is elder than Stephanie.
contradiction	Jason was born in 1990 and Roger was born in 1991.	Roger is elder than Jason.
contradiction	Francis was born in 2000 and Arthur was born in 2001.	Arthur is elder than Francis.
contradiction	Alex was born in 1990 and Roger was born in 1991.	Roger is elder than Alex.
contradiction	Alex was born in 1993 and Gary was born in 1997.	Gary is elder than Alex.
contradiction	Dave was born in 1993 and Johnny was born in 1997.	Johnny is elder than Dave.
contradiction	Francis was born in 1999 and Arthur was born in 2010.	Arthur is elder than Francis.
contradiction	Patricia was born in 1998 and Harry was born in 2006.	Harry is elder than Patricia.
contradiction	Samuel was born in 1995 and Sara was born in 2011.	Sara is elder than Samuel.
contradiction	Rose was born in 1996 and Sandra was born in 1997.	Sandra is elder than Rose.
contradiction	Kathy was born in 1994 and Frederick was born in 1996.	Frederick is elder than Kathy.
contradiction	Nancy was born in 1992 and Karen was born in 2019.	Karen is elder than Nancy.
contradiction	Thomas was born in 1996 and Pamela was born in 2003.	Pamela is elder than Thomas.
contradiction	Alfred was born in 2002 and Kevin was born in 2017.	Kevin is elder than Alfred.
contradiction	Carolyn was born in 1992 and Carol was born in 2007.	Carol is elder than Carolyn.
contradiction	Pamela was born in 1992 and Fred was born in 1998.	Fred is elder than Pamela.
contradiction	Ellen was born in 1992 and Angela was born in 1994.	Angela is elder than Ellen.
contradiction	Dorothy was born in 2002 and Carolyn was born in 2006.	Carolyn is elder than Dorothy.
contradiction	Sally was born in 1995 and Stephen was born in 2003.	Stephen is elder than Sally.
contradiction	Sue was born in 2010 and Martha was born in 2016.	Martha is elder than Sue.
contradiction	Claire was born in 1995 and Howard was born in 2002.	Howard is elder than Claire.
contradiction	Maria was born in 2004 and Jennifer was born in 2008.	Jennifer is elder than Maria.
contradiction	Christine was born in 1993 and Ed was born in 2005.	Ed is elder than Christine.
contradiction	Cynthia was born in 2009 and Bob was born in 2010.	Bob is elder than Cynthia.
contradiction	Joe was born in 1991 and Greg was born in 1996.	Greg is elder than Joe.
contradiction	Wendy was born in 1997 and Suzanne was born in 2001.	Suzanne is elder than Wendy.
contradiction	Bob was born in 1995 and Janet was born in 2003.	Janet is elder than Bob.
contradiction	Roger was born in 1995 and Harold was born in 2000.	Harold is elder than Roger.
contradiction	Karen was born in 2013 and Ken was born in 2020.	Ken is elder than Karen.
contradiction	Margaret was born in 2000 and Ann was born in 2012.	Ann is elder than Margaret.
contradiction	Leslie was born in 1999 and Dorothy was born in 2013.	Dorothy is elder than Leslie.
contradiction	Deborah was born in 2012 and Sally was born in 2013.	Sally is elder than Deborah.
contradiction	Katie was born in 1990 and Francis was born in 2005.	Francis is elder than Katie.
contradiction	Robert was born in 2011 and Diane was born in 2019.	Diane is elder than Robert.
contradiction	Jean was born in 2006 and Donna was born in 2007.	Donna is elder than Jean.
contradiction	Kelly was born in 1997 and Alex was born in 1999.	Alex is elder than Kelly.
contradiction	Jane was born in 2010 and Jim was born in 2016.	Jim is elder than Jane.
contradiction	Elaine was born in 2000 and Edward was born in 2007.	Edward is elder than Elaine.
contradiction	Philip was born in 1992 and Tim was born in 1994.	Tim is elder than Philip.
contradiction	Judy was born in 1992 and Jim was born in 1993.	Jim is elder than Judy.
contradiction	Annie was born in 1991 and Walter was born in 1994.	Walter is elder than Annie.
contradiction	Colin was born in 2006 and Jay was born in 2018.	Jay is elder than Colin.
contradiction	Harold was born in 2010 and Grace was born in 2012.	Grace is elder than Harold.
contradiction	David was born in 1999 and Bill was born in 2012.	Bill is elder than David.
contradiction	George was born in 1991 and Amanda was born in 2009.	Amanda is elder than George.
contradiction	Louise was born in 1999 and Elaine was born in 2009.	Elaine is elder than Louise.
contradiction	Ryan was born in 1990 and Maria was born in 1993.	Maria is elder than Ryan.
contradiction	Thomas was born in 1993 and Sarah was born in 1998.	Sarah is elder than Thomas.
contradiction	Rachel was born in 1992 and Alfred was born in 1993.	Alfred is elder than Rachel.
contradiction	Ralph was born in 1991 and Alex was born in 1992.	Alex is elder than Ralph.
contradiction	Al was born in 1996 and Kevin was born in 2018.	Kevin is elder than Al.
contradiction	Amanda was born in 2008 and Ruth was born in 2019.	Ruth is elder than Amanda.
contradiction	Sarah was born in 1991 and Tom was born in 1996.	Tom is elder than Sarah.
contradiction	Carolyn was born in 1991 and Mary was born in 1993.	Mary is elder than Carolyn.
contradiction	Ian was born in 1995 and Martin was born in 1997.	Martin is elder than Ian.
contradiction	Virginia was born in 1994 and Louis was born in 2017.	Louis is elder than Virginia.
contradiction	Tim was born in 1993 and Suzanne was born in 2007.	Suzanne is elder than Tim.
contradiction	Alice was born in 1997 and Keith was born in 2000.	Keith is elder than Alice.
contradiction	Fred was born in 2001 and Annie was born in 2007.	Annie is elder than Fred.
contradiction	Matt was born in 1990 and Michelle was born in 1991.	Michelle is elder than Matt.
contradiction	Jonathan was born in 2008 and Kelly was born in 2009.	Kelly is elder than Jonathan.
contradiction	Bill was born in 1994 and Ray was born in 2013.	Ray is elder than Bill.
contradiction	Jack was born in 1991 and Mark was born in 1995.	Mark is elder than Jack.
contradiction	Benjamin was born in 1993 and Brian was born in 1994.	Brian is elder than Benjamin.
contradiction	Stephen was born in 1994 and Margaret was born in 1995.	Margaret is elder than Stephen.
contradiction	Gary was born in 1998 and Ken was born in 2003.	Ken is elder than Gary.
contradiction	Anthony was born in 2001 and Michael was born in 2003.	Michael is elder than Anthony.
contradiction	Michelle was born in 1999 and Mark was born in 2005.	Mark is elder than Michelle.
contradiction	Julie was born in 2010 and Ryan was born in 2015.	Ryan is elder than Julie.
contradiction	Claire was born in 1990 and Katie was born in 2000.	Katie is elder than Claire.
contradiction	Karen was born in 2003 and Jimmy was born in 2004.	Jimmy is elder than Karen.
contradiction	Keith was born in 1991 and Kelly was born in 1999.	Kelly is elder than Keith.
contradiction	Benjamin was born in 1990 and Keith was born in 1992.	Keith is elder than Benjamin.
contradiction	Harold was born in 1990 and Sara was born in 2003.	Sara is elder than Harold.
contradiction	Catherine was born in 1991 and Simon was born in 2011.	Simon is elder than Catherine.
contradiction	Florence was born in 2004 and Billy was born in 2007.	Billy is elder than Florence.
contradiction	Fred was born in 2010 and Carolyn was born in 2016.	Carolyn is elder than Fred.
contradiction	Roger was born in 2012 and Catherine was born in 2014.	Catherine is elder than Roger.
contradiction	Frederick was born in 1994 and Margaret was born in 2007.	Margaret is elder than Frederick.
contradiction	Martha was born in 1994 and Robert was born in 2015.	Robert is elder than Martha.
contradiction	Jessica was born in 1996 and Dorothy was born in 2013.	Dorothy is elder than Jessica.
contradiction	Sam was born in 1997 and Jeff was born in 2018.	Jeff is elder than Sam.
contradiction	Alex was born in 1990 and Harry was born in 2000.	Harry is elder than Alex.
contradiction	Katie was born in 1994 and Martha was born in 2002.	Martha is elder than Katie.
contradiction	Ashley was born in 1997 and Nicole was born in 2001.	Nicole is elder than Ashley.
contradiction	Scott was born in 2012 and Catherine was born in 2013.	Catherine is elder than Scott.
contradiction	Lynn was born in 1990 and Judith was born in 1991.	Judith is elder than Lynn.
contradiction	Rachel was born in 1990 and Judith was born in 1993.	Judith is elder than Rachel.
contradiction	Sandra was born in 2010 and Billy was born in 2020.	Billy is elder than Sandra.
contradiction	Andrea was born in 1996 and Daniel was born in 2016.	Daniel is elder than Andrea.
contradiction	Alfred was born in 1992 and Kathleen was born in 2003.	Kathleen is elder than Alfred.
contradiction	Kelly was born in 2005 and Jeff was born in 2020.	Jeff is elder than Kelly.
contradiction	Anthony was born in 2006 and Jeff was born in 2008.	Jeff is elder than Anthony.
contradiction	John was born in 1994 and Daniel was born in 2014.	Daniel is elder than John.
contradiction	Christine was born in 1995 and Ryan was born in 2009.	Ryan is elder than Christine.
contradiction	Joseph was born in 1991 and Harold was born in 1996.	Harold is elder than Joseph.
contradiction	Fred was born in 1996 and Ed was born in 1999.	Ed is elder than Fred.
contradiction	Fiona was born in 2003 and Rose was born in 2016.	Rose is elder than Fiona.
contradiction	Ian was born in 1990 and Wendy was born in 1991.	Wendy is elder than Ian.
contradiction	Sara was born in 2006 and Ray was born in 2013.	Ray is elder than Sara.
contradiction	Jay was born in 1997 and Francis was born in 1999.	Francis is elder than Jay.
contradiction	Sarah was born in 2001 and Pamela was born in 2002.	Pamela is elder than Sarah.
contradiction	Florence was born in 1990 and Robin was born in 2013.	Robin is elder than Florence.
contradiction	Ann was born in 1990 and Ed was born in 2009.	Ed is elder than Ann.
contradiction	Tom was born in 2004 and Rose was born in 2016.	Rose is elder than Tom.
contradiction	Suzanne was born in 1999 and Ray was born in 2007.	Ray is elder than Suzanne.
contradiction	Howard was born in 1990 and Elaine was born in 1993.	Elaine is elder than Howard.
contradiction	Nancy was born in 1994 and Virginia was born in 1998.	Virginia is elder than Nancy.
contradiction	Maria was born in 1991 and William was born in 2012.	William is elder than Maria.
contradiction	Peter was born in 1993 and Kate was born in 1996.	Kate is elder than Peter.
contradiction	Al was born in 1991 and Julia was born in 1992.	Julia is elder than Al.
contradiction	Andrew was born in 1998 and Jean was born in 2001.	Jean is elder than Andrew.
contradiction	Laura was born in 1995 and Charlie was born in 2019.	Charlie is elder than Laura.
contradiction	Catherine was born in 1996 and Christine was born in 1998.	Christine is elder than Catherine.
contradiction	Al was born in 1993 and Katie was born in 1996.	Katie is elder than Al.
contradiction	Dan was born in 2005 and Nick was born in 2012.	Nick is elder than Dan.
contradiction	Emma was born in 2000 and Walter was born in 2001.	Walter is elder than Emma.
contradiction	Sue was born in 2001 and Janet was born in 2007.	Janet is elder than Sue.
contradiction	Fiona was born in 1991 and Walter was born in 1992.	Walter is elder than Fiona.
contradiction	William was born in 1995 and Louis was born in 2000.	Louis is elder than William.
contradiction	Ron was born in 1996 and Lucy was born in 2009.	Lucy is elder than Ron.
contradiction	Jean was born in 1990 and Tim was born in 1994.	Tim is elder than Jean.
contradiction	Lauren was born in 2008 and Caroline was born in 2013.	Caroline is elder than Lauren.
contradiction	Sophie was born in 2002 and Sally was born in 2005.	Sally is elder than Sophie.
contradiction	Kate was born in 1993 and Joseph was born in 1997.	Joseph is elder than Kate.
contradiction	Catherine was born in 1991 and Patrick was born in 1996.	Patrick is elder than Catherine.
contradiction	Eleanor was born in 1992 and Florence was born in 1997.	Florence is elder than Eleanor.
contradiction	Carl was born in 1990 and Carol was born in 1991.	Carol is elder than Carl.
contradiction	Nancy was born in 1996 and Jonathan was born in 2019.	Jonathan is elder than Nancy.
contradiction	Lynn was born in 2005 and Wendy was born in 2007.	Wendy is elder than Lynn.
contradiction	Carl was born in 1991 and Henry was born in 1997.	Henry is elder than Carl.
contradiction	Johnny was born in 1992 and Edith was born in 2001.	Edith is elder than Johnny.
contradiction	Andrea was born in 1990 and John was born in 1992.	John is elder than Andrea.
contradiction	Amy was born in 2015 and Alfred was born in 2020.	Alfred is elder than Amy.
contradiction	Ray was born in 1993 and Simon was born in 2009.	Simon is elder than Ray.
contradiction	Ian was born in 1994 and Lisa was born in 2004.	Lisa is elder than Ian.
contradiction	Diane was born in 1991 and Roy was born in 2008.	Roy is elder than Diane.
contradiction	Lisa was born in 1997 and George was born in 2002.	George is elder than Lisa.
contradiction	Mark was born in 1993 and Tom was born in 1999.	Tom is elder than Mark.
contradiction	Ed was born in 1991 and Emily was born in 1992.	Emily is elder than Ed.
contradiction	Steven was born in 1993 and Christopher was born in 2011.	Christopher is elder than Steven.
contradiction	Kenneth was born in 1992 and Jay was born in 1998.	Jay is elder than Kenneth.
contradiction	Donald was born in 1998 and Mike was born in 2002.	Mike is elder than Donald.
contradiction	Alfred was born in 1996 and Brian was born in 1997.	Brian is elder than Alfred.
contradiction	Edwin was born in 2009 and Christopher was born in 2020.	Christopher is elder than Edwin.
contradiction	Sophie was born in 1996 and Arthur was born in 2007.	Arthur is elder than Sophie.
contradiction	Steven was born in 1990 and Al was born in 1993.	Al is elder than Steven.
contradiction	Bobby was born in 1992 and Tim was born in 1993.	Tim is elder than Bobby.
contradiction	Tom was born in 1996 and Matthew was born in 2004.	Matthew is elder than Tom.
contradiction	Martha was born in 1997 and Ellen was born in 2000.	Ellen is elder than Martha.
contradiction	Arthur was born in 2006 and Hugh was born in 2008.	Hugh is elder than Arthur.
contradiction	Ben was born in 1995 and Alison was born in 1997.	Alison is elder than Ben.
contradiction	Carolyn was born in 1996 and Roy was born in 1997.	Roy is elder than Carolyn.
contradiction	Jerry was born in 2007 and Brian was born in 2017.	Brian is elder than Jerry.
contradiction	Grace was born in 1998 and Jimmy was born in 2014.	Jimmy is elder than Grace.
contradiction	Frederick was born in 1992 and Ellen was born in 2017.	Ellen is elder than Frederick.
contradiction	Jeff was born in 1993 and Ralph was born in 1996.	Ralph is elder than Jeff.
contradiction	Ryan was born in 1995 and Paul was born in 2000.	Paul is elder than Ryan.
contradiction	George was born in 1991 and Brian was born in 1993.	Brian is elder than George.
contradiction	Suzanne was born in 1990 and Pamela was born in 1998.	Pamela is elder than Suzanne.
contradiction	Ed was born in 2012 and Billy was born in 2020.	Billy is elder than Ed.
contradiction	Betty was born in 1996 and Anthony was born in 2010.	Anthony is elder than Betty.
contradiction	Elizabeth was born in 1998 and Mike was born in 2010.	Mike is elder than Elizabeth.
contradiction	Angela was born in 2012 and Kate was born in 2019.	Kate is elder than Angela.
contradiction	George was born in 2001 and William was born in 2014.	William is elder than George.
contradiction	Kathryn was born in 1996 and Alice was born in 2013.	Alice is elder than Kathryn.
contradiction	Steve was born in 1992 and Lawrence was born in 1995.	Lawrence is elder than Steve.
contradiction	Edward was born in 1992 and Anna was born in 1999.	Anna is elder than Edward.
contradiction	Kenneth was born in 1993 and Kathleen was born in 1995.	Kathleen is elder than Kenneth.
contradiction	Francis was born in 2004 and Carl was born in 2018.	Carl is elder than Francis.
contradiction	Scott was born in 1995 and Jim was born in 2011.	Jim is elder than Scott.
contradiction	Diane was born in 1997 and James was born in 2000.	James is elder than Diane.
contradiction	Alice was born in 1992 and Alison was born in 1994.	Alison is elder than Alice.
contradiction	Virginia was born in 1997 and Martha was born in 1999.	Martha is elder than Virginia.
contradiction	Jason was born in 2001 and Carolyn was born in 2002.	Carolyn is elder than Jason.
contradiction	Diana was born in 1995 and Ed was born in 2014.	Ed is elder than Diana.
contradiction	Jane was born in 1992 and Billy was born in 1995.	Billy is elder than Jane.
contradiction	Frank was born in 2002 and Jeff was born in 2018.	Jeff is elder than Frank.
contradiction	Johnny was born in 1997 and Dave was born in 2000.	Dave is elder than Johnny.
contradiction	Kelly was born in 2012 and Fred was born in 2017.	Fred is elder than Kelly.
contradiction	Bobby was born in 2000 and Daniel was born in 2012.	Daniel is elder than Bobby.
contradiction	Frank was born in 1994 and Kenneth was born in 1995.	Kenneth is elder than Frank.
contradiction	Daniel was born in 1991 and Kathy was born in 1992.	Kathy is elder than Daniel.
contradiction	Kevin was born in 1993 and Diane was born in 1998.	Diane is elder than Kevin.
contradiction	Matt was born in 1993 and Johnny was born in 1994.	Johnny is elder than Matt.
contradiction	Alice was born in 1998 and Nicole was born in 2010.	Nicole is elder than Alice.
contradiction	Margaret was born in 2001 and Melissa was born in 2008.	Melissa is elder than Margaret.
contradiction	Kevin was born in 1991 and George was born in 1994.	George is elder than Kevin.
contradiction	Edith was born in 1999 and Dan was born in 2007.	Dan is elder than Edith.
contradiction	Henry was born in 2007 and Anna was born in 2018.	Anna is elder than Henry.
contradiction	Scott was born in 1990 and Tony was born in 2001.	Tony is elder than Scott.
contradiction	Billy was born in 1994 and Harry was born in 2008.	Harry is elder than Billy.
contradiction	Patrick was born in 1995 and Roger was born in 2016.	Roger is elder than Patrick.
contradiction	Kim was born in 1993 and Diane was born in 2009.	Diane is elder than Kim.
contradiction	Nicole was born in 1997 and Bruce was born in 2002.	Bruce is elder than Nicole.
contradiction	Katie was born in 1991 and Frances was born in 1992.	Frances is elder than Katie.
contradiction	Barbara was born in 1990 and Julia was born in 2011.	Julia is elder than Barbara.
contradiction	Judith was born in 1991 and Alexander was born in 2017.	Alexander is elder than Judith.
contradiction	Robert was born in 1997 and Andrea was born in 2005.	Andrea is elder than Robert.
contradiction	Roy was born in 1990 and Jeff was born in 1997.	Jeff is elder than Roy.
contradiction	Amanda was born in 2000 and Melissa was born in 2003.	Melissa is elder than Amanda.
contradiction	Alexander was born in 1991 and Wendy was born in 1993.	Wendy is elder than Alexander.
contradiction	Susan was born in 2003 and Thomas was born in 2015.	Thomas is elder than Susan.
contradiction	Nick was born in 1993 and Robert was born in 1996.	Robert is elder than Nick.
contradiction	Arthur was born in 1990 and Edward was born in 2007.	Edward is elder than Arthur.
contradiction	Tim was born in 1993 and Louis was born in 1999.	Louis is elder than Tim.
contradiction	Jennifer was born in 1997 and Roy was born in 2013.	Roy is elder than Jennifer.
contradiction	Ruth was born in 1996 and Lynn was born in 2007.	Lynn is elder than Ruth.
contradiction	Scott was born in 1992 and Martin was born in 1998.	Martin is elder than Scott.
contradiction	Don was born in 2008 and Walter was born in 2020.	Walter is elder than Don.
contradiction	Jonathan was born in 1997 and Linda was born in 2014.	Linda is elder than Jonathan.
contradiction	Claire was born in 1990 and Katie was born in 2014.	Katie is elder than Claire.
contradiction	Tony was born in 2012 and Nicole was born in 2019.	Nicole is elder than Tony.
contradiction	Sam was born in 1996 and Peter was born in 2009.	Peter is elder than Sam.
contradiction	Tony was born in 1990 and Sandra was born in 2014.	Sandra is elder than Tony.
contradiction	Donna was born in 2012 and Anna was born in 2014.	Anna is elder than Donna.
contradiction	Sue was born in 2015 and Betty was born in 2018.	Betty is elder than Sue.
contradiction	Bruce was born in 1991 and Henry was born in 1992.	Henry is elder than Bruce.
contradiction	Richard was born in 1992 and Albert was born in 2010.	Albert is elder than Richard.
contradiction	Scott was born in 2008 and Sandra was born in 2011.	Sandra is elder than Scott.
contradiction	Harriet was born in 1992 and Alexandra was born in 1999.	Alexandra is elder than Harriet.
contradiction	Kathleen was born in 1990 and Bill was born in 2006.	Bill is elder than Kathleen.
contradiction	Jessica was born in 1993 and Amanda was born in 1998.	Amanda is elder than Jessica.
contradiction	Karen was born in 1990 and Nancy was born in 2011.	Nancy is elder than Karen.
contradiction	Judith was born in 1998 and Edwin was born in 2002.	Edwin is elder than Judith.
contradiction	Ken was born in 1994 and Edwin was born in 2014.	Edwin is elder than Ken.
contradiction	Bill was born in 1993 and Andrew was born in 2016.	Andrew is elder than Bill.
contradiction	Amanda was born in 1995 and Gary was born in 1996.	Gary is elder than Amanda.
contradiction	Nicole was born in 1995 and Dan was born in 2011.	Dan is elder than Nicole.
contradiction	Steve was born in 1992 and Kim was born in 1995.	Kim is elder than Steve.
contradiction	Judith was born in 1990 and Jerry was born in 2019.	Jerry is elder than Judith.
contradiction	William was born in 1996 and Frederick was born in 2005.	Frederick is elder than William.
contradiction	Rose was born in 1994 and Johnny was born in 2017.	Johnny is elder than Rose.
contradiction	Katherine was born in 1995 and Frederick was born in 2016.	Frederick is elder than Katherine.
contradiction	Bill was born in 1992 and David was born in 1996.	David is elder than Bill.
contradiction	Don was born in 2014 and Bobby was born in 2018.	Bobby is elder than Don.
contradiction	Samuel was born in 1992 and Patrick was born in 1995.	Patrick is elder than Samuel.
contradiction	Dorothy was born in 1994 and Donald was born in 1997.	Donald is elder than Dorothy.
contradiction	Heather was born in 1998 and Victoria was born in 1999.	Victoria is elder than Heather.
contradiction	Jessica was born in 1993 and Jason was born in 1997.	Jason is elder than Jessica.
contradiction	Donald was born in 1995 and Rachel was born in 2018.	Rachel is elder than Donald.
contradiction	Angela was born in 1990 and Rachel was born in 1992.	Rachel is elder than Angela.
contradiction	Steve was born in 1992 and Stephen was born in 2006.	Stephen is elder than Steve.
contradiction	Martin was born in 2005 and Katie was born in 2007.	Katie is elder than Martin.
contradiction	Richard was born in 1998 and Benjamin was born in 2008.	Benjamin is elder than Richard.
contradiction	Lisa was born in 2001 and Al was born in 2019.	Al is elder than Lisa.
contradiction	Laura was born in 1992 and Alan was born in 1993.	Alan is elder than Laura.
contradiction	Carolyn was born in 2010 and Melissa was born in 2019.	Melissa is elder than Carolyn.
contradiction	Matthew was born in 1991 and Thomas was born in 1992.	Thomas is elder than Matthew.
contradiction	Paul was born in 2001 and Patrick was born in 2018.	Patrick is elder than Paul.
contradiction	Tom was born in 1990 and Kevin was born in 2011.	Kevin is elder than Tom.
contradiction	Colin was born in 2007 and Rachel was born in 2019.	Rachel is elder than Colin.
contradiction	Stephanie was born in 1997 and Tony was born in 2007.	Tony is elder than Stephanie.
contradiction	Jessica was born in 1998 and Johnny was born in 2009.	Johnny is elder than Jessica.
contradiction	Charlotte was born in 1991 and Peter was born in 1993.	Peter is elder than Charlotte.
contradiction	Jack was born in 1990 and Amanda was born in 1992.	Amanda is elder than Jack.
contradiction	Tony was born in 2009 and Louise was born in 2016.	Louise is elder than Tony.
contradiction	Kathleen was born in 1990 and Patricia was born in 1991.	Patricia is elder than Kathleen.
contradiction	Sam was born in 1990 and Karen was born in 1991.	Karen is elder than Sam.
contradiction	Deborah was born in 1995 and Amy was born in 1998.	Amy is elder than Deborah.
contradiction	Sally was born in 2016 and Louise was born in 2018.	Louise is elder than Sally.
contradiction	Dick was born in 1996 and Emily was born in 1998.	Emily is elder than Dick.
contradiction	Joseph was born in 1999 and Matthew was born in 2016.	Matthew is elder than Joseph.
contradiction	Jeff was born in 1990 and Christopher was born in 1991.	Christopher is elder than Jeff.
contradiction	Steve was born in 1991 and Walter was born in 2000.	Walter is elder than Steve.
contradiction	James was born in 1992 and Donna was born in 2003.	Donna is elder than James.
contradiction	Sarah was born in 1991 and Pamela was born in 1995.	Pamela is elder than Sarah.
contradiction	David was born in 1991 and Arthur was born in 2001.	Arthur is elder than David.
contradiction	Jean was born in 2017 and Steven was born in 2018.	Steven is elder than Jean.
contradiction	Greg was born in 1993 and Caroline was born in 2016.	Caroline is elder than Greg.
contradiction	Frederick was born in 1991 and Daniel was born in 1994.	Daniel is elder than Frederick.
contradiction	Alan was born in 2002 and Steve was born in 2015.	Steve is elder than Alan.
contradiction	Marilyn was born in 2014 and Angela was born in 2015.	Angela is elder than Marilyn.
contradiction	Arthur was born in 1991 and Robert was born in 1992.	Robert is elder than Arthur.
contradiction	Judith was born in 1990 and Joan was born in 1991.	Joan is elder than Judith.
contradiction	Alice was born in 1993 and Melissa was born in 1994.	Melissa is elder than Alice.
contradiction	Thomas was born in 1994 and Deborah was born in 2010.	Deborah is elder than Thomas.
contradiction	Rose was born in 2001 and Virginia was born in 2014.	Virginia is elder than Rose.
contradiction	Nick was born in 1993 and Elaine was born in 2018.	Elaine is elder than Nick.
contradiction	Charlotte was born in 1990 and Benjamin was born in 2008.	Benjamin is elder than Charlotte.
contradiction	Jane was born in 1993 and Anthony was born in 2000.	Anthony is elder than Jane.
contradiction	Harriet was born in 1992 and Linda was born in 1993.	Linda is elder than Harriet.
contradiction	Tony was born in 2014 and Caroline was born in 2019.	Caroline is elder than Tony.
contradiction	Sophie was born in 1992 and Amanda was born in 1999.	Amanda is elder than Sophie.
contradiction	Edith was born in 1996 and Samuel was born in 2000.	Samuel is elder than Edith.
contradiction	Kelly was born in 1990 and Nick was born in 1991.	Nick is elder than Kelly.
contradiction	Hugh was born in 2000 and Andrea was born in 2012.	Andrea is elder than Hugh.
contradiction	Emily was born in 1995 and Billy was born in 2007.	Billy is elder than Emily.
contradiction	Betty was born in 2001 and Laura was born in 2002.	Laura is elder than Betty.
contradiction	Kathleen was born in 1994 and Marilyn was born in 2004.	Marilyn is elder than Kathleen.
contradiction	Kathy was born in 1991 and Kevin was born in 2012.	Kevin is elder than Kathy.
contradiction	Edward was born in 1995 and Jean was born in 2015.	Jean is elder than Edward.
contradiction	Alan was born in 1992 and Alice was born in 2009.	Alice is elder than Alan.
contradiction	Virginia was born in 2003 and Christine was born in 2015.	Christine is elder than Virginia.
contradiction	Charlie was born in 1997 and Peter was born in 1999.	Peter is elder than Charlie.
contradiction	Evelyn was born in 2003 and Bobby was born in 2015.	Bobby is elder than Evelyn.
contradiction	Hugh was born in 1993 and Katherine was born in 1994.	Katherine is elder than Hugh.
contradiction	Brian was born in 1995 and Robert was born in 1997.	Robert is elder than Brian.
contradiction	Ray was born in 2010 and Florence was born in 2018.	Florence is elder than Ray.
contradiction	Lawrence was born in 2000 and Laura was born in 2018.	Laura is elder than Lawrence.
contradiction	Edward was born in 1990 and David was born in 1993.	David is elder than Edward.
contradiction	Ruth was born in 2012 and Robin was born in 2016.	Robin is elder than Ruth.
contradiction	Sally was born in 1997 and Anthony was born in 2003.	Anthony is elder than Sally.
contradiction	Alexandra was born in 2003 and Jimmy was born in 2006.	Jimmy is elder than Alexandra.
contradiction	Steve was born in 1994 and Philip was born in 2003.	Philip is elder than Steve.
contradiction	Richard was born in 1997 and Patrick was born in 1999.	Patrick is elder than Richard.
contradiction	Peter was born in 1991 and William was born in 1995.	William is elder than Peter.
contradiction	Paul was born in 2005 and Sue was born in 2014.	Sue is elder than Paul.
contradiction	Sarah was born in 1997 and Janet was born in 2002.	Janet is elder than Sarah.
contradiction	Kelly was born in 1999 and Joan was born in 2017.	Joan is elder than Kelly.
contradiction	Carol was born in 1995 and Eleanor was born in 2017.	Eleanor is elder than Carol.
contradiction	Alex was born in 1993 and Stephen was born in 2010.	Stephen is elder than Alex.
contradiction	Chris was born in 2008 and Kim was born in 2011.	Kim is elder than Chris.
contradiction	Peter was born in 2000 and Ed was born in 2004.	Ed is elder than Peter.
contradiction	Ryan was born in 2016 and Lynn was born in 2020.	Lynn is elder than Ryan.
contradiction	Alice was born in 1993 and Elizabeth was born in 2002.	Elizabeth is elder than Alice.
contradiction	Michael was born in 2004 and Steve was born in 2005.	Steve is elder than Michael.
contradiction	Florence was born in 1995 and Bobby was born in 2003.	Bobby is elder than Florence.
contradiction	Stephen was born in 2009 and Ed was born in 2020.	Ed is elder than Stephen.
contradiction	Eric was born in 1992 and Heather was born in 1995.	Heather is elder than Eric.
contradiction	Rebecca was born in 1997 and Margaret was born in 1998.	Margaret is elder than Rebecca.
contradiction	Elizabeth was born in 1990 and Greg was born in 2014.	Greg is elder than Elizabeth.
contradiction	Kim was born in 1998 and Matthew was born in 2010.	Matthew is elder than Kim.
contradiction	Heather was born in 2003 and Lynn was born in 2004.	Lynn is elder than Heather.
contradiction	Elizabeth was born in 1990 and Annie was born in 1991.	Annie is elder than Elizabeth.
contradiction	Mark was born in 1991 and Matt was born in 1994.	Matt is elder than Mark.
contradiction	Florence was born in 2002 and Dave was born in 2007.	Dave is elder than Florence.
contradiction	Amy was born in 1990 and Philip was born in 1992.	Philip is elder than Amy.
contradiction	Simon was born in 2012 and Alexandra was born in 2016.	Alexandra is elder than Simon.
contradiction	Betty was born in 1991 and Benjamin was born in 2001.	Benjamin is elder than Betty.
contradiction	Don was born in 2003 and Ann was born in 2006.	Ann is elder than Don.
contradiction	Edith was born in 2003 and Barbara was born in 2014.	Barbara is elder than Edith.
contradiction	Kelly was born in 1992 and Tom was born in 2020.	Tom is elder than Kelly.
