contradiction	Bruce was born in 2018 and Amanda was born in 2009.	Amanda was born after Bruce.
contradiction	Nick was born in 2018 and Charlotte was born in 2010.	Charlotte was born after Nick.
contradiction	Victoria was born in 2011 and Sue was born in 2005.	Sue was born after Victoria.
contradiction	Sophie was born in 1996 and Jean was born in 1990.	Jean was born after Sophie.
contradiction	Kathy was born in 2007 and Jennifer was born in 2003.	Jennifer was born after Kathy.
contradiction	Jack was born in 2008 and Colin was born in 1993.	Colin was born after Jack.
contradiction	Frances was born in 1995 and Melissa was born in 1993.	Melissa was born after Frances.
contradiction	Sam was born in 2006 and Christopher was born in 2001.	Christopher was born after Sam.
contradiction	Hugh was born in 2002 and Marie was born in 1992.	Marie was born after Hugh.
contradiction	Harold was born in 2006 and Anna was born in 1992.	Anna was born after Harold.
contradiction	Linda was born in 2001 and Carol was born in 2000.	Carol was born after Linda.
contradiction	Kate was born in 1991 and Victoria was born in 1990.	Victoria was born after Kate.
contradiction	Mike was born in 2016 and Eric was born in 2005.	Eric was born after Mike.
contradiction	Robert was born in 2005 and Peter was born in 1996.	Peter was born after Robert.
contradiction	Bobby was born in 2002 and Alex was born in 1999.	Alex was born after Bobby.
contradiction	Paul was born in 1998 and Jane was born in 1992.	Jane was born after Paul.
contradiction	Jason was born in 2000 and Diane was born in 1994.	Diane was born after Jason.
contradiction	Dave was born in 2006 and Roger was born in 1996.	Roger was born after Dave.
contradiction	Caroline was born in 1998 and Margaret was born in 1995.	Margaret was born after Caroline.
contradiction	Alan was born in 1997 and Charlie was born in 1992.	Charlie was born after Alan.
contradiction	Judy was born in 2018 and Ben was born in 2004.	Ben was born after Judy.
contradiction	Christine was born in 2007 and Hugh was born in 2005.	Hugh was born after Christine.
contradiction	Amy was born in 1998 and Francis was born in 1997.	Francis was born after Amy.
contradiction	Elizabeth was born in 1994 and Kenneth was born in 1992.	Kenneth was born after Elizabeth.
contradiction	Rose was born in 2019 and Ben was born in 2008.	Ben was born after Rose.
contradiction	Rebecca was born in 1994 and Jonathan was born in 1992.	Jonathan was born after Rebecca.
contradiction	Ruth was born in 1993 and Amanda was born in 1992.	Amanda was born after Ruth.
contradiction	Linda was born in 2005 and Richard was born in 1992.	Richard was born after Linda.
contradiction	Patricia was born in 1995 and Alison was born in 1990.	Alison was born after Patricia.
contradiction	Gary was born in 2020 and Tony was born in 2011.	Tony was born after Gary.
contradiction	Kelly was born in 2012 and Frank was born in 1998.	Frank was born after Kelly.
contradiction	Stephanie was born in 2010 and Alison was born in 1997.	Alison was born after Stephanie.
contradiction	Jean was born in 2014 and Virginia was born in 2012.	Virginia was born after Jean.
contradiction	Harold was born in 1993 and Bruce was born in 1991.	Bruce was born after Harold.
contradiction	Annie was born in 2017 and Linda was born in 1999.	Linda was born after Annie.
contradiction	Carl was born in 2010 and Amy was born in 2008.	Amy was born after Carl.
contradiction	Stephanie was born in 2011 and Caroline was born in 2010.	Caroline was born after Stephanie.
contradiction	Nick was born in 2008 and Frances was born in 1993.	Frances was born after Nick.
contradiction	Hugh was born in 2005 and Rebecca was born in 1998.	Rebecca was born after Hugh.
contradiction	Rebecca was born in 2015 and Lawrence was born in 1995.	Lawrence was born after Rebecca.
contradiction	Kevin was born in 1991 and Benjamin was born in 1990.	Benjamin was born after Kevin.
contradiction	Bobby was born in 1994 and Judy was born in 1992.	Judy was born after Bobby.
contradiction	Alexander was born in 2013 and Don was born in 2006.	Don was born after Alexander.
contradiction	Michelle was born in 2016 and Bruce was born in 1990.	Bruce was born after Michelle.
contradiction	Steven was born in 1991 and Jill was born in 1990.	Jill was born after Steven.
contradiction	Emma was born in 1993 and Edwin was born in 1991.	Edwin was born after Emma.
contradiction	Kathleen was born in 2013 and Caroline was born in 1999.	Caroline was born after Kathleen.
contradiction	Katie was born in 2014 and Leslie was born in 1999.	Leslie was born after Katie.
contradiction	Sophie was born in 2007 and Lucy was born in 1999.	Lucy was born after Sophie.
contradiction	Julie was born in 2007 and Alexandra was born in 2003.	Alexandra was born after Julie.
contradiction	Benjamin was born in 1992 and Christine was born in 1990.	Christine was born after Benjamin.
contradiction	Kathy was born in 1994 and Elaine was born in 1992.	Elaine was born after Kathy.
contradiction	Ron was born in 2001 and Jimmy was born in 1998.	Jimmy was born after Ron.
contradiction	Richard was born in 1992 and Bob was born in 1990.	Bob was born after Richard.
contradiction	Bobby was born in 1991 and Jim was born in 1990.	Jim was born after Bobby.
contradiction	Fred was born in 2015 and Louis was born in 2008.	Louis was born after Fred.
contradiction	Brian was born in 1991 and Jill was born in 1990.	Jill was born after Brian.
contradiction	Nicole was born in 2016 and Julie was born in 1993.	Julie was born after Nicole.
contradiction	Jill was born in 2012 and Philip was born in 2010.	Philip was born after Jill.
contradiction	Melissa was born in 2012 and Arthur was born in 2005.	Arthur was born after Melissa.
contradiction	Harry was born in 2007 and Billy was born in 1996.	Billy was born after Harry.
contradiction	Sarah was born in 2000 and Ann was born in 1997.	Ann was born after Sarah.
contradiction	Anthony was born in 2012 and Francis was born in 2008.	Francis was born after Anthony.
contradiction	Charlie was born in 1993 and Lauren was born in 1991.	Lauren was born after Charlie.
contradiction	Cynthia was born in 2013 and Barbara was born in 2006.	Barbara was born after Cynthia.
contradiction	Bobby was born in 2004 and Jason was born in 1993.	Jason was born after Bobby.
contradiction	Helen was born in 1996 and Albert was born in 1993.	Albert was born after Helen.
contradiction	Alan was born in 2017 and Patrick was born in 1995.	Patrick was born after Alan.
contradiction	Frederick was born in 2008 and Robin was born in 2002.	Robin was born after Frederick.
contradiction	Roger was born in 1993 and Robin was born in 1990.	Robin was born after Roger.
contradiction	Harold was born in 2004 and Alexandra was born in 1993.	Alexandra was born after Harold.
contradiction	Edwin was born in 1996 and Lawrence was born in 1993.	Lawrence was born after Edwin.
contradiction	John was born in 1993 and Pamela was born in 1990.	Pamela was born after John.
contradiction	Jim was born in 2014 and Dan was born in 1992.	Dan was born after Jim.
contradiction	Deborah was born in 2007 and Richard was born in 1990.	Richard was born after Deborah.
contradiction	Harold was born in 2000 and Carol was born in 1998.	Carol was born after Harold.
contradiction	Harry was born in 1994 and Louis was born in 1990.	Louis was born after Harry.
contradiction	Bob was born in 1991 and Grace was born in 1990.	Grace was born after Bob.
contradiction	Amanda was born in 2018 and Ryan was born in 2009.	Ryan was born after Amanda.
contradiction	Carolyn was born in 1996 and Harry was born in 1994.	Harry was born after Carolyn.
contradiction	Frederick was born in 2019 and Cynthia was born in 2009.	Cynthia was born after Frederick.
contradiction	Carolyn was born in 2006 and Ian was born in 1991.	Ian was born after Carolyn.
contradiction	Jim was born in 2011 and Kate was born in 2003.	Kate was born after Jim.
contradiction	Carl was born in 1992 and Janet was born in 1990.	Janet was born after Carl.
contradiction	Charles was born in 2002 and Richard was born in 2001.	Richard was born after Charles.
contradiction	Kathryn was born in 2013 and Hugh was born in 1996.	Hugh was born after Kathryn.
contradiction	Jimmy was born in 2004 and Jerry was born in 2002.	Jerry was born after Jimmy.
contradiction	Kathryn was born in 2005 and Walter was born in 2002.	Walter was born after Kathryn.
contradiction	Matthew was born in 1996 and Tim was born in 1993.	Tim was born after Matthew.
contradiction	Michael was born in 1996 and Chris was born in 1994.	Chris was born after Michael.
contradiction	Scott was born in 2008 and Robin was born in 2005.	Robin was born after Scott.
contradiction	Jim was born in 1998 and Benjamin was born in 1990.	Benjamin was born after Jim.
contradiction	Evelyn was born in 2004 and Hugh was born in 1996.	Hugh was born after Evelyn.
contradiction	Kevin was born in 2016 and Sharon was born in 1995.	Sharon was born after Kevin.
contradiction	Emily was born in 2007 and Anna was born in 2006.	Anna was born after Emily.
contradiction	Ashley was born in 2015 and Kate was born in 1994.	Kate was born after Ashley.
contradiction	Wendy was born in 2013 and Kenneth was born in 2008.	Kenneth was born after Wendy.
contradiction	Elaine was born in 2016 and Lauren was born in 2009.	Lauren was born after Elaine.
contradiction	Karen was born in 1996 and Dorothy was born in 1992.	Dorothy was born after Karen.
contradiction	Claire was born in 2008 and Grace was born in 1992.	Grace was born after Claire.
contradiction	Andrea was born in 1992 and Sharon was born in 1990.	Sharon was born after Andrea.
contradiction	Bruce was born in 1999 and Scott was born in 1991.	Scott was born after Bruce.
contradiction	Sam was born in 2008 and Benjamin was born in 1991.	Benjamin was born after Sam.
contradiction	Julie was born in 1992 and Sophie was born in 1991.	Sophie was born after Julie.
contradiction	Bob was born in 1997 and Julie was born in 1993.	Julie was born after Bob.
contradiction	Charlotte was born in 2011 and Jason was born in 2005.	Jason was born after Charlotte.
contradiction	Alice was born in 2000 and Julia was born in 1996.	Julia was born after Alice.
contradiction	Mark was born in 1999 and Johnny was born in 1990.	Johnny was born after Mark.
contradiction	Tim was born in 2011 and Richard was born in 2005.	Richard was born after Tim.
contradiction	Sam was born in 2015 and Paul was born in 1997.	Paul was born after Sam.
contradiction	Thomas was born in 2005 and Bobby was born in 2000.	Bobby was born after Thomas.
contradiction	Stephen was born in 2015 and Christine was born in 2001.	Christine was born after Stephen.
contradiction	Elaine was born in 2009 and Sophie was born in 2006.	Sophie was born after Elaine.
contradiction	Don was born in 2007 and Henry was born in 2001.	Henry was born after Don.
contradiction	Frederick was born in 2018 and Harriet was born in 2000.	Harriet was born after Frederick.
contradiction	Jennifer was born in 2016 and Anne was born in 2011.	Anne was born after Jennifer.
contradiction	Greg was born in 1998 and Paul was born in 1992.	Paul was born after Greg.
contradiction	Jack was born in 2017 and Lisa was born in 1997.	Lisa was born after Jack.
contradiction	Emma was born in 2000 and Kate was born in 1991.	Kate was born after Emma.
contradiction	Julie was born in 2007 and Alexandra was born in 2005.	Alexandra was born after Julie.
contradiction	Laura was born in 2000 and Judy was born in 1992.	Judy was born after Laura.
contradiction	Jack was born in 2001 and Lynn was born in 1995.	Lynn was born after Jack.
contradiction	Jean was born in 2002 and Ruth was born in 2000.	Ruth was born after Jean.
contradiction	Jennifer was born in 1993 and Robert was born in 1992.	Robert was born after Jennifer.
contradiction	Marilyn was born in 2006 and Roger was born in 2001.	Roger was born after Marilyn.
contradiction	Jill was born in 2008 and Arthur was born in 1993.	Arthur was born after Jill.
contradiction	Ray was born in 2004 and Kathy was born in 1993.	Kathy was born after Ray.
contradiction	Adam was born in 1996 and Ben was born in 1992.	Ben was born after Adam.
contradiction	Laura was born in 1996 and Betty was born in 1990.	Betty was born after Laura.
contradiction	Stephanie was born in 2004 and Louis was born in 1995.	Louis was born after Stephanie.
contradiction	Hugh was born in 2002 and Alison was born in 1999.	Alison was born after Hugh.
contradiction	Frank was born in 2014 and Diane was born in 2002.	Diane was born after Frank.
contradiction	Margaret was born in 1999 and Michael was born in 1997.	Michael was born after Margaret.
contradiction	Robin was born in 2020 and Colin was born in 1991.	Colin was born after Robin.
contradiction	Jessica was born in 2017 and Charles was born in 1996.	Charles was born after Jessica.
contradiction	Joe was born in 1991 and Sue was born in 1990.	Sue was born after Joe.
contradiction	Patrick was born in 2010 and David was born in 2002.	David was born after Patrick.
contradiction	Kate was born in 2019 and Jessica was born in 2013.	Jessica was born after Kate.
contradiction	Kate was born in 1998 and Roger was born in 1996.	Roger was born after Kate.
contradiction	Walter was born in 2002 and Stephanie was born in 2000.	Stephanie was born after Walter.
contradiction	Stephen was born in 2020 and Mary was born in 2003.	Mary was born after Stephen.
contradiction	Andrew was born in 2007 and Chris was born in 2005.	Chris was born after Andrew.
contradiction	Andrea was born in 1993 and Harriet was born in 1992.	Harriet was born after Andrea.
contradiction	Jimmy was born in 1997 and Dick was born in 1992.	Dick was born after Jimmy.
contradiction	Pamela was born in 2004 and Sam was born in 1990.	Sam was born after Pamela.
contradiction	Wendy was born in 2016 and Paul was born in 2010.	Paul was born after Wendy.
contradiction	Roger was born in 2017 and Julia was born in 2011.	Julia was born after Roger.
contradiction	James was born in 2014 and Claire was born in 2010.	Claire was born after James.
contradiction	Sarah was born in 2005 and Edward was born in 1998.	Edward was born after Sarah.
contradiction	Anthony was born in 1994 and Anne was born in 1991.	Anne was born after Anthony.
contradiction	Grace was born in 2017 and Jerry was born in 2013.	Jerry was born after Grace.
contradiction	Margaret was born in 2002 and Lucy was born in 1997.	Lucy was born after Margaret.
contradiction	Sally was born in 1991 and Matt was born in 1990.	Matt was born after Sally.
contradiction	Elaine was born in 2015 and Albert was born in 2012.	Albert was born after Elaine.
contradiction	Bill was born in 1999 and Lauren was born in 1993.	Lauren was born after Bill.
contradiction	Diana was born in 2011 and Michael was born in 1992.	Michael was born after Diana.
contradiction	Elizabeth was born in 2016 and Betty was born in 1996.	Betty was born after Elizabeth.
contradiction	Ruth was born in 1992 and Julie was born in 1991.	Julie was born after Ruth.
contradiction	Samuel was born in 2004 and Alice was born in 1995.	Alice was born after Samuel.
contradiction	Laura was born in 2016 and Larry was born in 2004.	Larry was born after Laura.
contradiction	David was born in 2001 and Charles was born in 2000.	Charles was born after David.
contradiction	Jack was born in 2001 and Bobby was born in 1993.	Bobby was born after Jack.
contradiction	Harold was born in 2012 and Frank was born in 2002.	Frank was born after Harold.
contradiction	Mike was born in 2006 and Robin was born in 1997.	Robin was born after Mike.
contradiction	Robin was born in 1998 and Donna was born in 1996.	Donna was born after Robin.
contradiction	Edwin was born in 2015 and Albert was born in 2014.	Albert was born after Edwin.
contradiction	Paul was born in 2020 and Frederick was born in 2000.	Frederick was born after Paul.
contradiction	Betty was born in 2010 and Christine was born in 1993.	Christine was born after Betty.
contradiction	Katie was born in 2006 and Claire was born in 1995.	Claire was born after Katie.
contradiction	Leslie was born in 2007 and Sophie was born in 2003.	Sophie was born after Leslie.
contradiction	Anna was born in 1992 and Roger was born in 1990.	Roger was born after Anna.
contradiction	Anna was born in 1999 and Jack was born in 1990.	Jack was born after Anna.
contradiction	Sam was born in 2016 and Caroline was born in 2007.	Caroline was born after Sam.
contradiction	Dick was born in 1992 and Sally was born in 1991.	Sally was born after Dick.
contradiction	Mike was born in 2019 and Andrew was born in 2003.	Andrew was born after Mike.
contradiction	Suzanne was born in 2018 and Diana was born in 1991.	Diana was born after Suzanne.
contradiction	Johnny was born in 2017 and Jonathan was born in 2011.	Jonathan was born after Johnny.
contradiction	Kate was born in 2014 and Matt was born in 2001.	Matt was born after Kate.
contradiction	Lawrence was born in 2009 and Nick was born in 1997.	Nick was born after Lawrence.
contradiction	Colin was born in 1997 and Wendy was born in 1994.	Wendy was born after Colin.
contradiction	Robert was born in 2010 and Kathryn was born in 2008.	Kathryn was born after Robert.
contradiction	Alexandra was born in 1991 and Brian was born in 1990.	Brian was born after Alexandra.
contradiction	Marie was born in 2005 and Lauren was born in 1992.	Lauren was born after Marie.
contradiction	Barbara was born in 2019 and Sally was born in 1999.	Sally was born after Barbara.
contradiction	Judith was born in 1995 and Harriet was born in 1991.	Harriet was born after Judith.
contradiction	John was born in 2012 and Harold was born in 1999.	Harold was born after John.
contradiction	Julia was born in 2011 and Victoria was born in 1998.	Victoria was born after Julia.
contradiction	Kim was born in 2015 and Sandra was born in 2004.	Sandra was born after Kim.
contradiction	Harry was born in 2020 and Betty was born in 2013.	Betty was born after Harry.
contradiction	Bobby was born in 2001 and Kathleen was born in 2000.	Kathleen was born after Bobby.
contradiction	Paul was born in 2017 and Catherine was born in 1999.	Catherine was born after Paul.
contradiction	Alan was born in 2014 and Amanda was born in 1992.	Amanda was born after Alan.
contradiction	Kevin was born in 2007 and Fred was born in 1996.	Fred was born after Kevin.
contradiction	Rebecca was born in 2006 and Judith was born in 1992.	Judith was born after Rebecca.
contradiction	Matt was born in 2016 and Patricia was born in 1998.	Patricia was born after Matt.
contradiction	Richard was born in 1991 and Angela was born in 1990.	Angela was born after Richard.
contradiction	Bob was born in 2019 and Simon was born in 1998.	Simon was born after Bob.
contradiction	Dan was born in 2013 and Stephen was born in 2010.	Stephen was born after Dan.
contradiction	Judith was born in 2017 and Cynthia was born in 1998.	Cynthia was born after Judith.
contradiction	Harry was born in 2002 and Edwin was born in 1994.	Edwin was born after Harry.
contradiction	Sara was born in 2020 and Jeff was born in 2005.	Jeff was born after Sara.
contradiction	Walter was born in 1993 and Roger was born in 1992.	Roger was born after Walter.
contradiction	Alfred was born in 1997 and Alan was born in 1990.	Alan was born after Alfred.
contradiction	Nick was born in 1997 and Linda was born in 1992.	Linda was born after Nick.
contradiction	Walter was born in 2019 and Heather was born in 2012.	Heather was born after Walter.
contradiction	Jason was born in 2019 and Stephanie was born in 1994.	Stephanie was born after Jason.
contradiction	Sandra was born in 2008 and Ellen was born in 1990.	Ellen was born after Sandra.
contradiction	Judy was born in 1993 and Stephanie was born in 1992.	Stephanie was born after Judy.
contradiction	Edwin was born in 2019 and Marilyn was born in 2015.	Marilyn was born after Edwin.
contradiction	Ellen was born in 2000 and Ashley was born in 1993.	Ashley was born after Ellen.
contradiction	Evelyn was born in 2002 and Walter was born in 1991.	Walter was born after Evelyn.
contradiction	Leslie was born in 2003 and Louise was born in 1999.	Louise was born after Leslie.
contradiction	Arthur was born in 2015 and Elizabeth was born in 2009.	Elizabeth was born after Arthur.
contradiction	Edwin was born in 1999 and Ryan was born in 1991.	Ryan was born after Edwin.
contradiction	Samuel was born in 1994 and Alan was born in 1991.	Alan was born after Samuel.
contradiction	Dorothy was born in 1999 and Gary was born in 1997.	Gary was born after Dorothy.
contradiction	Sam was born in 2012 and Linda was born in 2004.	Linda was born after Sam.
contradiction	Kathy was born in 2002 and Jay was born in 1990.	Jay was born after Kathy.
contradiction	Dick was born in 1994 and Dorothy was born in 1993.	Dorothy was born after Dick.
contradiction	Dan was born in 2014 and Christine was born in 1992.	Christine was born after Dan.
contradiction	Ruth was born in 1991 and David was born in 1990.	David was born after Ruth.
contradiction	Dick was born in 2018 and Joan was born in 2003.	Joan was born after Dick.
contradiction	Dan was born in 2014 and Florence was born in 1995.	Florence was born after Dan.
contradiction	Keith was born in 2016 and Mike was born in 2000.	Mike was born after Keith.
contradiction	John was born in 1997 and Karen was born in 1995.	Karen was born after John.
contradiction	Helen was born in 2016 and Martin was born in 2004.	Martin was born after Helen.
contradiction	Karen was born in 2008 and Steven was born in 1991.	Steven was born after Karen.
contradiction	Jay was born in 2013 and Steve was born in 2012.	Steve was born after Jay.
contradiction	Tony was born in 1995 and Alex was born in 1990.	Alex was born after Tony.
contradiction	Francis was born in 2009 and Lauren was born in 1997.	Lauren was born after Francis.
contradiction	Thomas was born in 2016 and Deborah was born in 2011.	Deborah was born after Thomas.
contradiction	Ed was born in 2006 and Scott was born in 1992.	Scott was born after Ed.
contradiction	Annie was born in 2004 and Albert was born in 1992.	Albert was born after Annie.
contradiction	Jessica was born in 1992 and Rose was born in 1991.	Rose was born after Jessica.
contradiction	Alexander was born in 2019 and Karen was born in 2018.	Karen was born after Alexander.
contradiction	Larry was born in 2006 and Kathy was born in 2004.	Kathy was born after Larry.
contradiction	Carol was born in 2016 and Alfred was born in 2010.	Alfred was born after Carol.
contradiction	Florence was born in 1993 and Jill was born in 1991.	Jill was born after Florence.
contradiction	Stephanie was born in 2014 and Catherine was born in 1990.	Catherine was born after Stephanie.
contradiction	Ron was born in 1993 and Susan was born in 1991.	Susan was born after Ron.
contradiction	Donald was born in 2003 and Kathy was born in 1991.	Kathy was born after Donald.
contradiction	Tony was born in 2017 and Anthony was born in 2013.	Anthony was born after Tony.
contradiction	Anne was born in 1993 and Ann was born in 1990.	Ann was born after Anne.
contradiction	Grace was born in 2000 and Donald was born in 1996.	Donald was born after Grace.
contradiction	Ian was born in 2020 and Samuel was born in 2001.	Samuel was born after Ian.
contradiction	Claire was born in 1995 and Bill was born in 1991.	Bill was born after Claire.
contradiction	Donna was born in 2013 and Samuel was born in 1998.	Samuel was born after Donna.
contradiction	Steven was born in 2012 and Hugh was born in 2001.	Hugh was born after Steven.
contradiction	Bill was born in 2002 and Katie was born in 1994.	Katie was born after Bill.
contradiction	Henry was born in 2004 and Alan was born in 2000.	Alan was born after Henry.
contradiction	Janet was born in 1994 and Roy was born in 1990.	Roy was born after Janet.
contradiction	Jennifer was born in 1999 and Louise was born in 1992.	Louise was born after Jennifer.
contradiction	Jerry was born in 2008 and Daniel was born in 1996.	Daniel was born after Jerry.
contradiction	Colin was born in 1991 and Katherine was born in 1990.	Katherine was born after Colin.
contradiction	James was born in 1997 and Carolyn was born in 1996.	Carolyn was born after James.
contradiction	Jennifer was born in 2007 and Jill was born in 1994.	Jill was born after Jennifer.
contradiction	Janet was born in 1995 and Gary was born in 1994.	Gary was born after Janet.
contradiction	Julie was born in 2001 and Angela was born in 1995.	Angela was born after Julie.
contradiction	Carl was born in 1994 and Kathryn was born in 1993.	Kathryn was born after Carl.
contradiction	Matthew was born in 2012 and Jeff was born in 1994.	Jeff was born after Matthew.
contradiction	Kim was born in 2020 and Helen was born in 2014.	Helen was born after Kim.
contradiction	Katie was born in 2016 and Philip was born in 1996.	Philip was born after Katie.
contradiction	James was born in 2015 and Laura was born in 2012.	Laura was born after James.
contradiction	Eric was born in 1996 and Louise was born in 1995.	Louise was born after Eric.
contradiction	Philip was born in 2016 and Al was born in 2011.	Al was born after Philip.
contradiction	Colin was born in 2002 and Catherine was born in 1992.	Catherine was born after Colin.
contradiction	Jennifer was born in 2019 and Stephen was born in 2009.	Stephen was born after Jennifer.
contradiction	Jack was born in 2017 and Elaine was born in 2015.	Elaine was born after Jack.
contradiction	Lauren was born in 2000 and Cynthia was born in 1995.	Cynthia was born after Lauren.
contradiction	Mary was born in 1994 and Katie was born in 1992.	Katie was born after Mary.
contradiction	Simon was born in 2002 and Nancy was born in 1998.	Nancy was born after Simon.
contradiction	Francis was born in 2012 and Maria was born in 2008.	Maria was born after Francis.
contradiction	Kelly was born in 1994 and Cynthia was born in 1993.	Cynthia was born after Kelly.
contradiction	Alison was born in 1994 and Marie was born in 1991.	Marie was born after Alison.
contradiction	Don was born in 1999 and Charles was born in 1993.	Charles was born after Don.
contradiction	Andrea was born in 2012 and Francis was born in 1992.	Francis was born after Andrea.
contradiction	Jay was born in 1994 and Charles was born in 1993.	Charles was born after Jay.
contradiction	Martha was born in 2012 and Angela was born in 2004.	Angela was born after Martha.
contradiction	Kathy was born in 2010 and Jonathan was born in 1998.	Jonathan was born after Kathy.
contradiction	Simon was born in 1997 and Sam was born in 1996.	Sam was born after Simon.
contradiction	Stephanie was born in 2006 and Nick was born in 1992.	Nick was born after Stephanie.
contradiction	Susan was born in 2006 and Caroline was born in 1997.	Caroline was born after Susan.
contradiction	Carl was born in 2004 and Alexander was born in 1992.	Alexander was born after Carl.
contradiction	Gary was born in 2005 and Stephen was born in 1991.	Stephen was born after Gary.
contradiction	Charlie was born in 2008 and Thomas was born in 2007.	Thomas was born after Charlie.
contradiction	Alex was born in 2018 and Patricia was born in 2017.	Patricia was born after Alex.
contradiction	Kelly was born in 2011 and Andrea was born in 1997.	Andrea was born after Kelly.
contradiction	Eric was born in 1991 and Chris was born in 1990.	Chris was born after Eric.
contradiction	Marie was born in 1993 and Elizabeth was born in 1990.	Elizabeth was born after Marie.
contradiction	Christine was born in 2010 and Wendy was born in 1997.	Wendy was born after Christine.
contradiction	Jay was born in 2007 and Kathryn was born in 2000.	Kathryn was born after Jay.
contradiction	Barbara was born in 2003 and Edward was born in 1994.	Edward was born after Barbara.
contradiction	Richard was born in 2008 and Patricia was born in 2006.	Patricia was born after Richard.
contradiction	Anne was born in 2011 and Edith was born in 2003.	Edith was born after Anne.
contradiction	Carol was born in 2008 and Suzanne was born in 2001.	Suzanne was born after Carol.
contradiction	Suzanne was born in 2003 and Jim was born in 2000.	Jim was born after Suzanne.
contradiction	Eleanor was born in 2004 and Michael was born in 2000.	Michael was born after Eleanor.
contradiction	Grace was born in 2011 and Sandra was born in 2004.	Sandra was born after Grace.
contradiction	Brian was born in 2013 and Stephen was born in 1996.	Stephen was born after Brian.
contradiction	Ron was born in 2016 and Leslie was born in 2010.	Leslie was born after Ron.
contradiction	Deborah was born in 2001 and Alice was born in 1993.	Alice was born after Deborah.
contradiction	Ashley was born in 1997 and Christopher was born in 1994.	Christopher was born after Ashley.
contradiction	Amanda was born in 1999 and Thomas was born in 1991.	Thomas was born after Amanda.
contradiction	Jason was born in 2011 and Steve was born in 1993.	Steve was born after Jason.
contradiction	Donna was born in 1996 and Nancy was born in 1992.	Nancy was born after Donna.
contradiction	Joan was born in 2000 and Don was born in 1998.	Don was born after Joan.
contradiction	Roger was born in 2004 and Fiona was born in 1990.	Fiona was born after Roger.
contradiction	Thomas was born in 1991 and Peter was born in 1990.	Peter was born after Thomas.
contradiction	Pamela was born in 2001 and Katherine was born in 1993.	Katherine was born after Pamela.
contradiction	Robin was born in 2014 and Evelyn was born in 1995.	Evelyn was born after Robin.
contradiction	Dan was born in 2013 and Dorothy was born in 2010.	Dorothy was born after Dan.
contradiction	Gary was born in 2009 and Tom was born in 1991.	Tom was born after Gary.
contradiction	Brian was born in 2004 and Bob was born in 2000.	Bob was born after Brian.
contradiction	Stephanie was born in 2007 and Tim was born in 2003.	Tim was born after Stephanie.
contradiction	Kathryn was born in 1999 and Walter was born in 1998.	Walter was born after Kathryn.
contradiction	Philip was born in 1994 and Robin was born in 1990.	Robin was born after Philip.
contradiction	Don was born in 2000 and Janet was born in 1993.	Janet was born after Don.
contradiction	Elaine was born in 2003 and Lawrence was born in 1990.	Lawrence was born after Elaine.
contradiction	Fred was born in 2004 and Anthony was born in 1993.	Anthony was born after Fred.
contradiction	Robert was born in 1997 and Kevin was born in 1990.	Kevin was born after Robert.
contradiction	Dave was born in 1994 and Jane was born in 1993.	Jane was born after Dave.
contradiction	Jonathan was born in 2001 and Matthew was born in 1992.	Matthew was born after Jonathan.
contradiction	Ed was born in 2010 and Colin was born in 2007.	Colin was born after Ed.
contradiction	Amy was born in 2001 and Julie was born in 1997.	Julie was born after Amy.
contradiction	Al was born in 2007 and Alfred was born in 2004.	Alfred was born after Al.
contradiction	Steven was born in 1995 and Ryan was born in 1990.	Ryan was born after Steven.
contradiction	Rachel was born in 1991 and Marie was born in 1990.	Marie was born after Rachel.
contradiction	Anna was born in 2005 and George was born in 1996.	George was born after Anna.
contradiction	Jim was born in 1994 and Keith was born in 1991.	Keith was born after Jim.
contradiction	Janet was born in 2017 and Jack was born in 2008.	Jack was born after Janet.
contradiction	Lucy was born in 2017 and Bob was born in 2004.	Bob was born after Lucy.
contradiction	Elizabeth was born in 2001 and Larry was born in 1996.	Larry was born after Elizabeth.
contradiction	Steven was born in 1994 and Linda was born in 1993.	Linda was born after Steven.
contradiction	Lisa was born in 2008 and Stephen was born in 2003.	Stephen was born after Lisa.
contradiction	Grace was born in 2000 and William was born in 1998.	William was born after Grace.
contradiction	Harold was born in 2014 and Keith was born in 1998.	Keith was born after Harold.
contradiction	Joan was born in 1995 and Anthony was born in 1990.	Anthony was born after Joan.
contradiction	Jonathan was born in 2009 and Catherine was born in 2004.	Catherine was born after Jonathan.
contradiction	Charles was born in 2004 and Jason was born in 1999.	Jason was born after Charles.
contradiction	Harriet was born in 2005 and Benjamin was born in 2000.	Benjamin was born after Harriet.
contradiction	Caroline was born in 1992 and Jay was born in 1990.	Jay was born after Caroline.
contradiction	Virginia was born in 2005 and Thomas was born in 1990.	Thomas was born after Virginia.
contradiction	Sue was born in 2014 and Elizabeth was born in 2012.	Elizabeth was born after Sue.
contradiction	Susan was born in 2007 and Leslie was born in 2005.	Leslie was born after Susan.
contradiction	Scott was born in 2006 and Jennifer was born in 1995.	Jennifer was born after Scott.
contradiction	Larry was born in 2016 and Kathryn was born in 1999.	Kathryn was born after Larry.
contradiction	Jason was born in 2005 and Lawrence was born in 1996.	Lawrence was born after Jason.
contradiction	Don was born in 2006 and Virginia was born in 1994.	Virginia was born after Don.
contradiction	Richard was born in 2016 and Marie was born in 2015.	Marie was born after Richard.
contradiction	Greg was born in 2012 and Mark was born in 2002.	Mark was born after Greg.
contradiction	Louis was born in 2015 and Kathryn was born in 1994.	Kathryn was born after Louis.
contradiction	Nancy was born in 1997 and Sharon was born in 1994.	Sharon was born after Nancy.
contradiction	Harold was born in 2002 and Christopher was born in 1990.	Christopher was born after Harold.
contradiction	Jane was born in 2019 and Harriet was born in 2004.	Harriet was born after Jane.
contradiction	Ken was born in 2001 and Sandra was born in 1992.	Sandra was born after Ken.
contradiction	Larry was born in 2011 and Alison was born in 1995.	Alison was born after Larry.
contradiction	Stephanie was born in 2008 and Nancy was born in 2003.	Nancy was born after Stephanie.
contradiction	Chris was born in 2017 and Evelyn was born in 2007.	Evelyn was born after Chris.
contradiction	Francis was born in 2015 and Greg was born in 2012.	Greg was born after Francis.
contradiction	Jack was born in 2008 and Tim was born in 1992.	Tim was born after Jack.
contradiction	Howard was born in 2005 and Anthony was born in 1997.	Anthony was born after Howard.
contradiction	Jennifer was born in 2020 and Frank was born in 2012.	Frank was born after Jennifer.
contradiction	Samuel was born in 2006 and Angela was born in 2000.	Angela was born after Samuel.
contradiction	Charlie was born in 2013 and Robert was born in 2009.	Robert was born after Charlie.
contradiction	Roger was born in 2011 and Jack was born in 1994.	Jack was born after Roger.
contradiction	Lawrence was born in 2015 and Bill was born in 1998.	Bill was born after Lawrence.
contradiction	Deborah was born in 2007 and Albert was born in 2000.	Albert was born after Deborah.
contradiction	Heather was born in 1999 and Charlie was born in 1991.	Charlie was born after Heather.
contradiction	Amanda was born in 2014 and Victoria was born in 1998.	Victoria was born after Amanda.
contradiction	George was born in 2003 and Marilyn was born in 1999.	Marilyn was born after George.
contradiction	Peter was born in 2014 and John was born in 2003.	John was born after Peter.
contradiction	Sharon was born in 2007 and Martin was born in 2001.	Martin was born after Sharon.
contradiction	Keith was born in 2003 and Hugh was born in 1992.	Hugh was born after Keith.
contradiction	Jim was born in 2017 and Hugh was born in 2016.	Hugh was born after Jim.
contradiction	Nancy was born in 1992 and Sara was born in 1991.	Sara was born after Nancy.
contradiction	Ryan was born in 1994 and Kathleen was born in 1993.	Kathleen was born after Ryan.
contradiction	Robin was born in 2004 and Colin was born in 2001.	Colin was born after Robin.
contradiction	Tim was born in 1999 and Catherine was born in 1990.	Catherine was born after Tim.
contradiction	Carl was born in 2017 and Ben was born in 2002.	Ben was born after Carl.
contradiction	Eric was born in 2008 and Harry was born in 1999.	Harry was born after Eric.
contradiction	Heather was born in 2004 and Fiona was born in 1996.	Fiona was born after Heather.
contradiction	Don was born in 1999 and Charlotte was born in 1991.	Charlotte was born after Don.
contradiction	Benjamin was born in 2020 and Richard was born in 2010.	Richard was born after Benjamin.
contradiction	Matt was born in 1995 and Deborah was born in 1992.	Deborah was born after Matt.
contradiction	Carolyn was born in 2000 and Sophie was born in 1995.	Sophie was born after Carolyn.
contradiction	Scott was born in 2011 and Sarah was born in 2008.	Sarah was born after Scott.
contradiction	Johnny was born in 2005 and Jason was born in 1992.	Jason was born after Johnny.
contradiction	Nick was born in 2011 and Bill was born in 2005.	Bill was born after Nick.
contradiction	Scott was born in 2013 and Ellen was born in 2000.	Ellen was born after Scott.
contradiction	Stephanie was born in 1994 and Melissa was born in 1992.	Melissa was born after Stephanie.
contradiction	Robin was born in 2001 and Angela was born in 1991.	Angela was born after Robin.
contradiction	Sue was born in 1994 and Frances was born in 1990.	Frances was born after Sue.
contradiction	Benjamin was born in 2002 and Amy was born in 1997.	Amy was born after Benjamin.
contradiction	Bruce was born in 2002 and Virginia was born in 1992.	Virginia was born after Bruce.
contradiction	Sam was born in 2013 and Ralph was born in 2012.	Ralph was born after Sam.
contradiction	Fiona was born in 1999 and Paul was born in 1995.	Paul was born after Fiona.
contradiction	Melissa was born in 1996 and Pamela was born in 1991.	Pamela was born after Melissa.
contradiction	Harold was born in 2005 and Jessica was born in 1992.	Jessica was born after Harold.
contradiction	Louis was born in 2006 and Stephen was born in 1994.	Stephen was born after Louis.
contradiction	Ron was born in 2015 and Evelyn was born in 1999.	Evelyn was born after Ron.
contradiction	Harold was born in 2006 and Nick was born in 1995.	Nick was born after Harold.
contradiction	Laura was born in 2015 and Daniel was born in 2000.	Daniel was born after Laura.
contradiction	Jennifer was born in 2019 and Ralph was born in 2010.	Ralph was born after Jennifer.
contradiction	Kate was born in 1993 and Chris was born in 1992.	Chris was born after Kate.
contradiction	Michelle was born in 1997 and Elizabeth was born in 1992.	Elizabeth was born after Michelle.
contradiction	Annie was born in 1993 and Jean was born in 1990.	Jean was born after Annie.
contradiction	Dick was born in 2020 and Roger was born in 2001.	Roger was born after Dick.
contradiction	Ashley was born in 2000 and Wendy was born in 1995.	Wendy was born after Ashley.
contradiction	Ian was born in 1994 and Maria was born in 1992.	Maria was born after Ian.
contradiction	James was born in 2011 and Frederick was born in 1994.	Frederick was born after James.
contradiction	Jeff was born in 2012 and Frank was born in 2001.	Frank was born after Jeff.
contradiction	Harry was born in 2019 and Kelly was born in 2002.	Kelly was born after Harry.
contradiction	Alex was born in 1993 and Ian was born in 1991.	Ian was born after Alex.
contradiction	Janet was born in 2009 and Lisa was born in 2003.	Lisa was born after Janet.
contradiction	Anne was born in 2019 and Grace was born in 1992.	Grace was born after Anne.
contradiction	Jim was born in 2001 and Lynn was born in 2000.	Lynn was born after Jim.
contradiction	Diana was born in 2001 and Marie was born in 1990.	Marie was born after Diana.
contradiction	Jane was born in 1996 and Eleanor was born in 1992.	Eleanor was born after Jane.
contradiction	Robert was born in 1991 and Dorothy was born in 1990.	Dorothy was born after Robert.
contradiction	Ed was born in 1999 and Kathryn was born in 1996.	Kathryn was born after Ed.
contradiction	Edwin was born in 2020 and Christopher was born in 2004.	Christopher was born after Edwin.
contradiction	Dan was born in 2015 and Dick was born in 2010.	Dick was born after Dan.
contradiction	Marie was born in 2013 and Mark was born in 1992.	Mark was born after Marie.
contradiction	Steven was born in 2004 and Michael was born in 1995.	Michael was born after Steven.
contradiction	Fred was born in 2014 and Joan was born in 2008.	Joan was born after Fred.
contradiction	Sally was born in 2016 and Carolyn was born in 2007.	Carolyn was born after Sally.
contradiction	Elaine was born in 2010 and Wendy was born in 1993.	Wendy was born after Elaine.
contradiction	Keith was born in 1999 and Jessica was born in 1992.	Jessica was born after Keith.
contradiction	Sarah was born in 1998 and Billy was born in 1992.	Billy was born after Sarah.
contradiction	Robert was born in 2003 and Diana was born in 1991.	Diana was born after Robert.
contradiction	Caroline was born in 2013 and Roger was born in 2005.	Roger was born after Caroline.
contradiction	Roy was born in 2014 and Jane was born in 2001.	Jane was born after Roy.
contradiction	Brian was born in 1992 and Henry was born in 1991.	Henry was born after Brian.
contradiction	Alan was born in 1998 and Laura was born in 1991.	Laura was born after Alan.
contradiction	Susan was born in 2013 and Jessica was born in 2009.	Jessica was born after Susan.
contradiction	Katie was born in 2003 and Sally was born in 1999.	Sally was born after Katie.
contradiction	Florence was born in 2003 and Maria was born in 1990.	Maria was born after Florence.
contradiction	Claire was born in 2003 and Philip was born in 2002.	Philip was born after Claire.
contradiction	Kelly was born in 2018 and Patrick was born in 2006.	Patrick was born after Kelly.
contradiction	William was born in 1993 and Billy was born in 1991.	Billy was born after William.
contradiction	Ellen was born in 1998 and Patrick was born in 1991.	Patrick was born after Ellen.
contradiction	Linda was born in 1996 and Alex was born in 1991.	Alex was born after Linda.
contradiction	Angela was born in 2002 and Robert was born in 1991.	Robert was born after Angela.
contradiction	Heather was born in 1998 and Nicole was born in 1997.	Nicole was born after Heather.
contradiction	Jack was born in 2005 and Walter was born in 1990.	Walter was born after Jack.
contradiction	Rachel was born in 2010 and Lynn was born in 2005.	Lynn was born after Rachel.
contradiction	Nick was born in 2015 and Ed was born in 1999.	Ed was born after Nick.
contradiction	Mary was born in 1995 and Amanda was born in 1994.	Amanda was born after Mary.
contradiction	Ken was born in 2004 and Jeff was born in 1997.	Jeff was born after Ken.
contradiction	Diane was born in 2000 and Kevin was born in 1992.	Kevin was born after Diane.
contradiction	Jay was born in 2012 and Louise was born in 2001.	Louise was born after Jay.
contradiction	Edward was born in 2019 and Dave was born in 1990.	Dave was born after Edward.
contradiction	Nancy was born in 2009 and Kathy was born in 2006.	Kathy was born after Nancy.
contradiction	Alison was born in 2002 and Lucy was born in 1998.	Lucy was born after Alison.
contradiction	Bill was born in 2009 and Barbara was born in 1995.	Barbara was born after Bill.
contradiction	Katie was born in 2003 and Margaret was born in 1991.	Margaret was born after Katie.
contradiction	Jean was born in 2001 and Maria was born in 1998.	Maria was born after Jean.
contradiction	Pamela was born in 2006 and Hugh was born in 1999.	Hugh was born after Pamela.
contradiction	Lawrence was born in 2005 and Keith was born in 1993.	Keith was born after Lawrence.
contradiction	Howard was born in 2004 and Dave was born in 2002.	Dave was born after Howard.
contradiction	Patricia was born in 2016 and Edward was born in 2008.	Edward was born after Patricia.
contradiction	Billy was born in 2009 and Michael was born in 1997.	Michael was born after Billy.
contradiction	Philip was born in 1992 and Grace was born in 1990.	Grace was born after Philip.
contradiction	Roger was born in 2007 and Rachel was born in 1993.	Rachel was born after Roger.
contradiction	Alexander was born in 2006 and Matthew was born in 2000.	Matthew was born after Alexander.
contradiction	Jeff was born in 1997 and Jennifer was born in 1992.	Jennifer was born after Jeff.
contradiction	Dave was born in 2010 and Louis was born in 1990.	Louis was born after Dave.
contradiction	Emily was born in 2012 and Angela was born in 1999.	Angela was born after Emily.
contradiction	George was born in 2000 and Henry was born in 1991.	Henry was born after George.
contradiction	Andrea was born in 2007 and Jim was born in 2003.	Jim was born after Andrea.
contradiction	Virginia was born in 2005 and Pamela was born in 1993.	Pamela was born after Virginia.
contradiction	Sara was born in 2019 and Dan was born in 1997.	Dan was born after Sara.
contradiction	Alison was born in 2003 and Kim was born in 1994.	Kim was born after Alison.
contradiction	Florence was born in 2007 and Alice was born in 1999.	Alice was born after Florence.
contradiction	Thomas was born in 1994 and Samuel was born in 1992.	Samuel was born after Thomas.
contradiction	Alexandra was born in 2018 and Sam was born in 2002.	Sam was born after Alexandra.
contradiction	Henry was born in 2019 and Eric was born in 1995.	Eric was born after Henry.
contradiction	Alexandra was born in 2003 and Rachel was born in 1990.	Rachel was born after Alexandra.
contradiction	Cynthia was born in 2013 and Jill was born in 1994.	Jill was born after Cynthia.
contradiction	Al was born in 1996 and Claire was born in 1990.	Claire was born after Al.
contradiction	Lucy was born in 1998 and Kathleen was born in 1992.	Kathleen was born after Lucy.
contradiction	Ray was born in 2009 and Victoria was born in 2002.	Victoria was born after Ray.
contradiction	Martha was born in 1993 and Adam was born in 1990.	Adam was born after Martha.
contradiction	Greg was born in 2014 and Richard was born in 2009.	Richard was born after Greg.
contradiction	Sandra was born in 2018 and Tom was born in 2004.	Tom was born after Sandra.
contradiction	Don was born in 2017 and Christopher was born in 2008.	Christopher was born after Don.
contradiction	Jill was born in 2008 and Louise was born in 1991.	Louise was born after Jill.
contradiction	Ann was born in 2002 and Alexander was born in 1992.	Alexander was born after Ann.
contradiction	Harry was born in 2018 and David was born in 1991.	David was born after Harry.
contradiction	Richard was born in 2002 and Jonathan was born in 1992.	Jonathan was born after Richard.
contradiction	Daniel was born in 1991 and Donald was born in 1990.	Donald was born after Daniel.
contradiction	Matthew was born in 1995 and Joseph was born in 1991.	Joseph was born after Matthew.
contradiction	Bobby was born in 2005 and Amanda was born in 1996.	Amanda was born after Bobby.
contradiction	Melissa was born in 2004 and Francis was born in 2003.	Francis was born after Melissa.
contradiction	Tim was born in 2005 and Sally was born in 1993.	Sally was born after Tim.
contradiction	Janet was born in 2000 and Jonathan was born in 1993.	Jonathan was born after Janet.
contradiction	Helen was born in 1995 and Donald was born in 1991.	Donald was born after Helen.
contradiction	Charlie was born in 2015 and Karen was born in 2010.	Karen was born after Charlie.
contradiction	Nick was born in 2016 and Johnny was born in 2002.	Johnny was born after Nick.
contradiction	Fred was born in 1992 and Dave was born in 1991.	Dave was born after Fred.
contradiction	Alan was born in 2002 and Kenneth was born in 1994.	Kenneth was born after Alan.
contradiction	Anthony was born in 2001 and Chris was born in 1995.	Chris was born after Anthony.
contradiction	Katie was born in 2004 and Ken was born in 2002.	Ken was born after Katie.
contradiction	Martin was born in 2017 and Bobby was born in 2000.	Bobby was born after Martin.
contradiction	Alexandra was born in 1997 and Joan was born in 1995.	Joan was born after Alexandra.
contradiction	Sam was born in 2015 and Ken was born in 2007.	Ken was born after Sam.
contradiction	Donald was born in 1992 and Diane was born in 1990.	Diane was born after Donald.
contradiction	Charlotte was born in 2018 and Annie was born in 2016.	Annie was born after Charlotte.
contradiction	Victoria was born in 1997 and Judith was born in 1991.	Judith was born after Victoria.
contradiction	Patrick was born in 2014 and Michael was born in 1992.	Michael was born after Patrick.
contradiction	Ron was born in 2012 and Jill was born in 2007.	Jill was born after Ron.
contradiction	Jimmy was born in 2019 and Amy was born in 1999.	Amy was born after Jimmy.
contradiction	Emily was born in 2014 and Jim was born in 1991.	Jim was born after Emily.
contradiction	Edith was born in 2006 and Joe was born in 1993.	Joe was born after Edith.
contradiction	Louis was born in 2020 and Jane was born in 2005.	Jane was born after Louis.
contradiction	Gary was born in 2012 and Ben was born in 1997.	Ben was born after Gary.
contradiction	Louis was born in 2001 and Anna was born in 1997.	Anna was born after Louis.
contradiction	Carol was born in 2014 and Arthur was born in 2012.	Arthur was born after Carol.
contradiction	Bob was born in 1998 and Angela was born in 1992.	Angela was born after Bob.
contradiction	Margaret was born in 2013 and Edwin was born in 2007.	Edwin was born after Margaret.
contradiction	Keith was born in 2007 and Charlie was born in 2001.	Charlie was born after Keith.
contradiction	Julie was born in 2014 and Tony was born in 2008.	Tony was born after Julie.
contradiction	Marilyn was born in 1996 and Lisa was born in 1995.	Lisa was born after Marilyn.
contradiction	Caroline was born in 1992 and Lynn was born in 1990.	Lynn was born after Caroline.
contradiction	Bill was born in 2003 and Victoria was born in 1997.	Victoria was born after Bill.
contradiction	Virginia was born in 1994 and Keith was born in 1991.	Keith was born after Virginia.
contradiction	Sarah was born in 1996 and Susan was born in 1993.	Susan was born after Sarah.
contradiction	Adam was born in 1994 and Janet was born in 1993.	Janet was born after Adam.
contradiction	Alice was born in 1995 and Alexandra was born in 1992.	Alexandra was born after Alice.
contradiction	Kate was born in 1995 and Ken was born in 1990.	Ken was born after Kate.
contradiction	Roger was born in 2012 and Jean was born in 1991.	Jean was born after Roger.
contradiction	Bill was born in 2015 and Mike was born in 1995.	Mike was born after Bill.
contradiction	Grace was born in 2002 and Sue was born in 1992.	Sue was born after Grace.
contradiction	Rose was born in 1991 and Adam was born in 1990.	Adam was born after Rose.
contradiction	Carolyn was born in 2019 and David was born in 2000.	David was born after Carolyn.
contradiction	Sam was born in 2002 and Jeff was born in 1991.	Jeff was born after Sam.
contradiction	Eleanor was born in 1991 and Kelly was born in 1990.	Kelly was born after Eleanor.
contradiction	Judy was born in 2001 and John was born in 1991.	John was born after Judy.
contradiction	Diane was born in 2016 and Harriet was born in 1997.	Harriet was born after Diane.
contradiction	Katherine was born in 1991 and Lisa was born in 1990.	Lisa was born after Katherine.
contradiction	Heather was born in 2013 and Joan was born in 1998.	Joan was born after Heather.
contradiction	Philip was born in 2001 and Julie was born in 2000.	Julie was born after Philip.
contradiction	Johnny was born in 2001 and Elaine was born in 1998.	Elaine was born after Johnny.
contradiction	Kim was born in 2012 and Betty was born in 1994.	Betty was born after Kim.
contradiction	Bill was born in 2009 and Anna was born in 2001.	Anna was born after Bill.
contradiction	Eleanor was born in 1995 and Daniel was born in 1994.	Daniel was born after Eleanor.
contradiction	Marilyn was born in 2005 and Cynthia was born in 1994.	Cynthia was born after Marilyn.
contradiction	Keith was born in 2004 and Albert was born in 1997.	Albert was born after Keith.
contradiction	Ralph was born in 2014 and Kate was born in 2000.	Kate was born after Ralph.
contradiction	Marilyn was born in 2014 and Jeff was born in 2000.	Jeff was born after Marilyn.
contradiction	Jay was born in 1991 and Janet was born in 1990.	Janet was born after Jay.
contradiction	Keith was born in 2012 and Pamela was born in 2009.	Pamela was born after Keith.
contradiction	Tony was born in 2019 and Francis was born in 2018.	Francis was born after Tony.
contradiction	Kathy was born in 2004 and Ryan was born in 1998.	Ryan was born after Kathy.
contradiction	Bob was born in 2012 and Helen was born in 1993.	Helen was born after Bob.
contradiction	Wendy was born in 1993 and Marilyn was born in 1992.	Marilyn was born after Wendy.
contradiction	Ryan was born in 2010 and Dave was born in 1990.	Dave was born after Ryan.
contradiction	Annie was born in 2006 and Amanda was born in 2002.	Amanda was born after Annie.
contradiction	Brian was born in 2013 and Jerry was born in 2005.	Jerry was born after Brian.
contradiction	Steven was born in 2004 and John was born in 1995.	John was born after Steven.
contradiction	Edith was born in 2018 and Tom was born in 2004.	Tom was born after Edith.
contradiction	Francis was born in 2008 and Diana was born in 1998.	Diana was born after Francis.
contradiction	Joan was born in 2004 and Frederick was born in 1997.	Frederick was born after Joan.
contradiction	Ken was born in 2007 and Julia was born in 1994.	Julia was born after Ken.
contradiction	Linda was born in 2007 and Robert was born in 2004.	Robert was born after Linda.
contradiction	Jay was born in 1993 and Matt was born in 1992.	Matt was born after Jay.
contradiction	George was born in 1991 and Carolyn was born in 1990.	Carolyn was born after George.
contradiction	Jonathan was born in 2012 and Betty was born in 1991.	Betty was born after Jonathan.
contradiction	Amy was born in 1991 and Lisa was born in 1990.	Lisa was born after Amy.
contradiction	Simon was born in 2004 and Wendy was born in 1992.	Wendy was born after Simon.
contradiction	Kathleen was born in 2014 and Brian was born in 2004.	Brian was born after Kathleen.
contradiction	Dave was born in 2011 and Samuel was born in 2003.	Samuel was born after Dave.
contradiction	Bruce was born in 1995 and Dan was born in 1992.	Dan was born after Bruce.
contradiction	Jane was born in 1992 and Charlie was born in 1991.	Charlie was born after Jane.
contradiction	Sophie was born in 2006 and Don was born in 1992.	Don was born after Sophie.
contradiction	Lauren was born in 1991 and Kenneth was born in 1990.	Kenneth was born after Lauren.
contradiction	Lauren was born in 2012 and Kathy was born in 1991.	Kathy was born after Lauren.
contradiction	Kevin was born in 2018 and Lawrence was born in 1990.	Lawrence was born after Kevin.
contradiction	Kate was born in 2017 and Edwin was born in 2002.	Edwin was born after Kate.
contradiction	Michael was born in 2002 and Benjamin was born in 1993.	Benjamin was born after Michael.
contradiction	Ken was born in 2005 and Elizabeth was born in 1993.	Elizabeth was born after Ken.
contradiction	Cynthia was born in 2016 and Helen was born in 1990.	Helen was born after Cynthia.
contradiction	Edwin was born in 2014 and Martha was born in 2010.	Martha was born after Edwin.
contradiction	Carl was born in 2005 and Sharon was born in 2004.	Sharon was born after Carl.
contradiction	Anna was born in 1994 and Kathleen was born in 1990.	Kathleen was born after Anna.
contradiction	Nancy was born in 1999 and Bobby was born in 1991.	Bobby was born after Nancy.
contradiction	Steve was born in 2017 and Bill was born in 1995.	Bill was born after Steve.
contradiction	Alexander was born in 1999 and Andrea was born in 1995.	Andrea was born after Alexander.
contradiction	Samuel was born in 2010 and Marie was born in 2004.	Marie was born after Samuel.
contradiction	Edwin was born in 2008 and Judy was born in 1999.	Judy was born after Edwin.
contradiction	Keith was born in 2015 and Nick was born in 1994.	Nick was born after Keith.
contradiction	Sophie was born in 1997 and Simon was born in 1990.	Simon was born after Sophie.
contradiction	Emma was born in 1999 and Laura was born in 1992.	Laura was born after Emma.
contradiction	Ron was born in 1996 and Daniel was born in 1995.	Daniel was born after Ron.
contradiction	Dorothy was born in 2003 and Ellen was born in 1993.	Ellen was born after Dorothy.
contradiction	Frances was born in 2008 and Margaret was born in 2004.	Margaret was born after Frances.
contradiction	Albert was born in 2018 and Edwin was born in 1994.	Edwin was born after Albert.
contradiction	Martin was born in 1999 and Bill was born in 1994.	Bill was born after Martin.
contradiction	Jane was born in 2011 and Lauren was born in 2010.	Lauren was born after Jane.
contradiction	Alex was born in 2000 and Michelle was born in 1992.	Michelle was born after Alex.
contradiction	Tony was born in 2013 and Sarah was born in 2003.	Sarah was born after Tony.
contradiction	Charlotte was born in 1993 and Charles was born in 1992.	Charles was born after Charlotte.
contradiction	Ben was born in 2015 and Diana was born in 2003.	Diana was born after Ben.
contradiction	Eric was born in 1995 and Susan was born in 1993.	Susan was born after Eric.
contradiction	Jennifer was born in 1992 and Charlie was born in 1990.	Charlie was born after Jennifer.
contradiction	Edward was born in 2004 and Amy was born in 1993.	Amy was born after Edward.
contradiction	Anthony was born in 2017 and Robert was born in 2007.	Robert was born after Anthony.
contradiction	Jonathan was born in 2005 and Colin was born in 2003.	Colin was born after Jonathan.
contradiction	Jim was born in 2000 and Dorothy was born in 1992.	Dorothy was born after Jim.
contradiction	Patrick was born in 2014 and Ann was born in 1997.	Ann was born after Patrick.
contradiction	Judith was born in 1992 and Karen was born in 1990.	Karen was born after Judith.
contradiction	Jill was born in 1994 and Amanda was born in 1992.	Amanda was born after Jill.
contradiction	Diane was born in 2003 and Kelly was born in 1994.	Kelly was born after Diane.
contradiction	Emily was born in 2000 and Sam was born in 1991.	Sam was born after Emily.
contradiction	Christine was born in 1994 and Walter was born in 1990.	Walter was born after Christine.
contradiction	Stephen was born in 2017 and Frances was born in 2003.	Frances was born after Stephen.
contradiction	Ken was born in 2006 and Sara was born in 1998.	Sara was born after Ken.
contradiction	Jennifer was born in 2020 and Eric was born in 2003.	Eric was born after Jennifer.
contradiction	Kevin was born in 2002 and Fred was born in 1993.	Fred was born after Kevin.
contradiction	Barbara was born in 1999 and Emma was born in 1992.	Emma was born after Barbara.
contradiction	Carl was born in 2009 and Harold was born in 2008.	Harold was born after Carl.
contradiction	Patrick was born in 2017 and Sue was born in 2013.	Sue was born after Patrick.
contradiction	Katherine was born in 2008 and Rebecca was born in 1993.	Rebecca was born after Katherine.
contradiction	Michael was born in 2020 and Jessica was born in 2015.	Jessica was born after Michael.
contradiction	Jean was born in 2016 and Martha was born in 2009.	Martha was born after Jean.
contradiction	Steven was born in 2006 and Edwin was born in 2000.	Edwin was born after Steven.
contradiction	Chris was born in 1992 and Alexandra was born in 1990.	Alexandra was born after Chris.
contradiction	Diana was born in 2014 and Simon was born in 1994.	Simon was born after Diana.
contradiction	Frances was born in 2009 and Jean was born in 1999.	Jean was born after Frances.
contradiction	Eleanor was born in 2003 and Albert was born in 1995.	Albert was born after Eleanor.
contradiction	Harold was born in 1996 and Joan was born in 1994.	Joan was born after Harold.
contradiction	Margaret was born in 1996 and Stephanie was born in 1991.	Stephanie was born after Margaret.
contradiction	John was born in 2009 and Dick was born in 2007.	Dick was born after John.
contradiction	Bobby was born in 1996 and Virginia was born in 1991.	Virginia was born after Bobby.
contradiction	Rebecca was born in 1995 and Lynn was born in 1993.	Lynn was born after Rebecca.
contradiction	Peter was born in 2002 and Ralph was born in 1999.	Ralph was born after Peter.
contradiction	Julie was born in 2001 and Lawrence was born in 1995.	Lawrence was born after Julie.
contradiction	Kenneth was born in 2017 and Lawrence was born in 2016.	Lawrence was born after Kenneth.
contradiction	Andrea was born in 2018 and Charlotte was born in 2012.	Charlotte was born after Andrea.
contradiction	Colin was born in 2000 and Donna was born in 1991.	Donna was born after Colin.
contradiction	Bill was born in 1998 and Roy was born in 1995.	Roy was born after Bill.
contradiction	Donna was born in 2009 and Kenneth was born in 1999.	Kenneth was born after Donna.
contradiction	Brian was born in 2017 and Angela was born in 1999.	Angela was born after Brian.
contradiction	Edwin was born in 1995 and Barbara was born in 1994.	Barbara was born after Edwin.
contradiction	Elaine was born in 2020 and Sarah was born in 1996.	Sarah was born after Elaine.
contradiction	Jerry was born in 2004 and Ryan was born in 2000.	Ryan was born after Jerry.
contradiction	Bruce was born in 1997 and Bill was born in 1992.	Bill was born after Bruce.
contradiction	Lawrence was born in 2018 and Susan was born in 1994.	Susan was born after Lawrence.
contradiction	Anna was born in 2002 and Diane was born in 1998.	Diane was born after Anna.
contradiction	Jason was born in 2011 and Donna was born in 1990.	Donna was born after Jason.
contradiction	Bruce was born in 2015 and Eleanor was born in 2008.	Eleanor was born after Bruce.
contradiction	David was born in 2001 and Fred was born in 1992.	Fred was born after David.
contradiction	Diana was born in 2005 and Matt was born in 1991.	Matt was born after Diana.
contradiction	Charles was born in 1998 and Kathryn was born in 1997.	Kathryn was born after Charles.
contradiction	Catherine was born in 2019 and Jack was born in 2000.	Jack was born after Catherine.
contradiction	Matt was born in 1997 and Maria was born in 1996.	Maria was born after Matt.
contradiction	Patricia was born in 2000 and Sarah was born in 1996.	Sarah was born after Patricia.
contradiction	Kelly was born in 1993 and Kim was born in 1991.	Kim was born after Kelly.
contradiction	Virginia was born in 1997 and Sophie was born in 1994.	Sophie was born after Virginia.
contradiction	Alfred was born in 2002 and Steven was born in 2001.	Steven was born after Alfred.
contradiction	Joe was born in 1992 and Frank was born in 1991.	Frank was born after Joe.
contradiction	Ben was born in 2001 and Matt was born in 1994.	Matt was born after Ben.
contradiction	Elaine was born in 1999 and Martha was born in 1994.	Martha was born after Elaine.
contradiction	Helen was born in 2008 and Kathleen was born in 2007.	Kathleen was born after Helen.
contradiction	Catherine was born in 1991 and James was born in 1990.	James was born after Catherine.
contradiction	Diana was born in 2005 and Hugh was born in 1996.	Hugh was born after Diana.
contradiction	Alexandra was born in 1996 and Emily was born in 1992.	Emily was born after Alexandra.
contradiction	Louis was born in 2007 and Evelyn was born in 1993.	Evelyn was born after Louis.
contradiction	Pamela was born in 2013 and Anna was born in 1997.	Anna was born after Pamela.
contradiction	Scott was born in 1992 and Kim was born in 1991.	Kim was born after Scott.
contradiction	Scott was born in 2014 and Victoria was born in 2010.	Victoria was born after Scott.
contradiction	Harriet was born in 1993 and Jean was born in 1991.	Jean was born after Harriet.
contradiction	Nicole was born in 1993 and Brian was born in 1992.	Brian was born after Nicole.
contradiction	Robin was born in 2007 and Julie was born in 1994.	Julie was born after Robin.
contradiction	Dave was born in 2017 and Kenneth was born in 1994.	Kenneth was born after Dave.
contradiction	Bill was born in 1996 and Matthew was born in 1991.	Matthew was born after Bill.
contradiction	Brian was born in 2001 and Michelle was born in 1995.	Michelle was born after Brian.
contradiction	Angela was born in 1997 and Judith was born in 1991.	Judith was born after Angela.
contradiction	Julie was born in 2009 and Hugh was born in 2008.	Hugh was born after Julie.
contradiction	Cynthia was born in 2001 and Judith was born in 1995.	Judith was born after Cynthia.
contradiction	Nicole was born in 2004 and Chris was born in 1997.	Chris was born after Nicole.
contradiction	Bobby was born in 2012 and Diane was born in 1990.	Diane was born after Bobby.
contradiction	Claire was born in 1994 and Alison was born in 1990.	Alison was born after Claire.
contradiction	Robin was born in 1996 and Henry was born in 1992.	Henry was born after Robin.
contradiction	Paul was born in 2000 and Adam was born in 1990.	Adam was born after Paul.
contradiction	Peter was born in 1992 and Billy was born in 1990.	Billy was born after Peter.
contradiction	Carolyn was born in 2014 and Nick was born in 1991.	Nick was born after Carolyn.
contradiction	Bob was born in 2014 and Sue was born in 2005.	Sue was born after Bob.
contradiction	Peter was born in 2001 and Maria was born in 1994.	Maria was born after Peter.
contradiction	Diane was born in 2019 and Joe was born in 1999.	Joe was born after Diane.
contradiction	Jonathan was born in 2019 and William was born in 1994.	William was born after Jonathan.
contradiction	Suzanne was born in 2002 and Patrick was born in 1996.	Patrick was born after Suzanne.
contradiction	Ben was born in 2010 and Johnny was born in 1995.	Johnny was born after Ben.
contradiction	Jay was born in 2009 and Stephanie was born in 1999.	Stephanie was born after Jay.
contradiction	Emily was born in 1993 and Anne was born in 1992.	Anne was born after Emily.
contradiction	Hugh was born in 2012 and Julia was born in 2011.	Julia was born after Hugh.
contradiction	Judy was born in 2017 and Harriet was born in 2015.	Harriet was born after Judy.
contradiction	Richard was born in 1996 and Michael was born in 1994.	Michael was born after Richard.
contradiction	Tom was born in 2020 and Colin was born in 2013.	Colin was born after Tom.
contradiction	Martha was born in 2016 and Jerry was born in 1999.	Jerry was born after Martha.
contradiction	Marie was born in 2006 and Colin was born in 1992.	Colin was born after Marie.
contradiction	Betty was born in 1997 and Paul was born in 1992.	Paul was born after Betty.
contradiction	Kim was born in 2007 and Julia was born in 1994.	Julia was born after Kim.
contradiction	Charlie was born in 2001 and Bob was born in 1999.	Bob was born after Charlie.
contradiction	Anna was born in 2015 and Samuel was born in 2001.	Samuel was born after Anna.
contradiction	Louis was born in 2003 and Alexander was born in 1996.	Alexander was born after Louis.
contradiction	Jimmy was born in 1995 and Judith was born in 1992.	Judith was born after Jimmy.
contradiction	Ellen was born in 2020 and Greg was born in 2007.	Greg was born after Ellen.
contradiction	Richard was born in 2006 and Ben was born in 1999.	Ben was born after Richard.
contradiction	Louis was born in 2005 and Richard was born in 1996.	Richard was born after Louis.
contradiction	Michael was born in 2020 and Robert was born in 1995.	Robert was born after Michael.
contradiction	Maria was born in 2002 and Frederick was born in 1991.	Frederick was born after Maria.
contradiction	Jill was born in 2000 and Patrick was born in 1991.	Patrick was born after Jill.
contradiction	Julia was born in 1991 and Roy was born in 1990.	Roy was born after Julia.
contradiction	Mark was born in 1993 and Bill was born in 1992.	Bill was born after Mark.
contradiction	Christine was born in 1994 and Dick was born in 1992.	Dick was born after Christine.
contradiction	Edith was born in 2017 and William was born in 2004.	William was born after Edith.
contradiction	Nancy was born in 2005 and Rose was born in 2001.	Rose was born after Nancy.
contradiction	Daniel was born in 1992 and Paul was born in 1990.	Paul was born after Daniel.
contradiction	Chris was born in 1995 and Christopher was born in 1992.	Christopher was born after Chris.
contradiction	Louise was born in 2005 and Peter was born in 2004.	Peter was born after Louise.
contradiction	Steve was born in 2006 and Judy was born in 2000.	Judy was born after Steve.
contradiction	Lucy was born in 2016 and Alexander was born in 1998.	Alexander was born after Lucy.
contradiction	Jimmy was born in 1998 and Lynn was born in 1991.	Lynn was born after Jimmy.
contradiction	Lisa was born in 1993 and Sarah was born in 1990.	Sarah was born after Lisa.
contradiction	Bruce was born in 1999 and Patrick was born in 1990.	Patrick was born after Bruce.
contradiction	Mike was born in 2019 and Dave was born in 1994.	Dave was born after Mike.
contradiction	Andrea was born in 2016 and Eric was born in 1992.	Eric was born after Andrea.
contradiction	Jessica was born in 1997 and Sally was born in 1995.	Sally was born after Jessica.
contradiction	Maria was born in 1992 and Michelle was born in 1990.	Michelle was born after Maria.
contradiction	Deborah was born in 2011 and Ellen was born in 2003.	Ellen was born after Deborah.
contradiction	Louis was born in 1993 and Harry was born in 1992.	Harry was born after Louis.
contradiction	Carl was born in 1998 and Simon was born in 1994.	Simon was born after Carl.
contradiction	Harold was born in 2018 and Joseph was born in 2007.	Joseph was born after Harold.
contradiction	Jimmy was born in 2008 and Grace was born in 1995.	Grace was born after Jimmy.
contradiction	Hugh was born in 2005 and Patricia was born in 1999.	Patricia was born after Hugh.
contradiction	Maria was born in 1997 and Virginia was born in 1992.	Virginia was born after Maria.
contradiction	Paul was born in 2018 and Bobby was born in 1996.	Bobby was born after Paul.
contradiction	Jane was born in 2019 and Jennifer was born in 2015.	Jennifer was born after Jane.
contradiction	Marie was born in 2011 and Andrew was born in 2007.	Andrew was born after Marie.
contradiction	Bruce was born in 2006 and Lucy was born in 1991.	Lucy was born after Bruce.
contradiction	Alice was born in 2017 and Rose was born in 2004.	Rose was born after Alice.
contradiction	Lawrence was born in 2006 and Adam was born in 1998.	Adam was born after Lawrence.
contradiction	Harold was born in 2012 and Stephanie was born in 1995.	Stephanie was born after Harold.
contradiction	Stephen was born in 2002 and Helen was born in 1990.	Helen was born after Stephen.
contradiction	Rebecca was born in 2007 and Joe was born in 1995.	Joe was born after Rebecca.
contradiction	Keith was born in 2016 and Alison was born in 2009.	Alison was born after Keith.
contradiction	Louis was born in 2013 and Judy was born in 2008.	Judy was born after Louis.
contradiction	Ellen was born in 2010 and Harold was born in 2000.	Harold was born after Ellen.
contradiction	Joseph was born in 2006 and Grace was born in 1993.	Grace was born after Joseph.
contradiction	Melissa was born in 2003 and Deborah was born in 1990.	Deborah was born after Melissa.
contradiction	Tony was born in 2017 and Stephanie was born in 2015.	Stephanie was born after Tony.
contradiction	Maria was born in 1999 and Judy was born in 1992.	Judy was born after Maria.
contradiction	Steve was born in 2007 and Eleanor was born in 2006.	Eleanor was born after Steve.
contradiction	Lucy was born in 2011 and Fred was born in 2008.	Fred was born after Lucy.
contradiction	Louise was born in 1997 and Rebecca was born in 1991.	Rebecca was born after Louise.
contradiction	Nancy was born in 1998 and Sharon was born in 1991.	Sharon was born after Nancy.
contradiction	Ray was born in 2014 and Nick was born in 1991.	Nick was born after Ray.
contradiction	Annie was born in 1993 and Deborah was born in 1992.	Deborah was born after Annie.
contradiction	Steve was born in 2003 and Hugh was born in 1994.	Hugh was born after Steve.
contradiction	Roy was born in 2020 and Grace was born in 2004.	Grace was born after Roy.
contradiction	Ray was born in 2018 and Leslie was born in 2013.	Leslie was born after Ray.
contradiction	Martha was born in 1998 and Rebecca was born in 1993.	Rebecca was born after Martha.
contradiction	Jack was born in 1997 and Ian was born in 1990.	Ian was born after Jack.
contradiction	Dick was born in 2017 and Elizabeth was born in 2011.	Elizabeth was born after Dick.
contradiction	Ryan was born in 1995 and Sandra was born in 1993.	Sandra was born after Ryan.
contradiction	Joseph was born in 2007 and Alfred was born in 2002.	Alfred was born after Joseph.
contradiction	Alexandra was born in 2008 and Steven was born in 2001.	Steven was born after Alexandra.
contradiction	Benjamin was born in 2010 and Jack was born in 2007.	Jack was born after Benjamin.
contradiction	Anna was born in 2013 and Amy was born in 2003.	Amy was born after Anna.
contradiction	Emma was born in 1993 and Thomas was born in 1992.	Thomas was born after Emma.
contradiction	Arthur was born in 2013 and Susan was born in 2007.	Susan was born after Arthur.
contradiction	Roy was born in 2001 and Andrew was born in 1992.	Andrew was born after Roy.
contradiction	Michael was born in 2019 and Kevin was born in 2009.	Kevin was born after Michael.
contradiction	Stephen was born in 2001 and Suzanne was born in 1993.	Suzanne was born after Stephen.
contradiction	Bill was born in 2011 and Nick was born in 1999.	Nick was born after Bill.
contradiction	Anne was born in 1991 and Ian was born in 1990.	Ian was born after Anne.
contradiction	Nick was born in 2014 and Linda was born in 1996.	Linda was born after Nick.
contradiction	Alison was born in 2015 and William was born in 2000.	William was born after Alison.
contradiction	Matthew was born in 1996 and Annie was born in 1990.	Annie was born after Matthew.
contradiction	Grace was born in 2004 and Bob was born in 1991.	Bob was born after Grace.
contradiction	Frances was born in 2009 and Chris was born in 1997.	Chris was born after Frances.
contradiction	Michelle was born in 1991 and Claire was born in 1990.	Claire was born after Michelle.
contradiction	Harold was born in 2017 and Judith was born in 1999.	Judith was born after Harold.
contradiction	Nick was born in 1995 and Emma was born in 1990.	Emma was born after Nick.
contradiction	Ed was born in 2014 and Harriet was born in 2012.	Harriet was born after Ed.
contradiction	Simon was born in 2007 and Edwin was born in 1991.	Edwin was born after Simon.
contradiction	Michelle was born in 2006 and Sarah was born in 2003.	Sarah was born after Michelle.
contradiction	Andrew was born in 2016 and Matthew was born in 2011.	Matthew was born after Andrew.
contradiction	Eric was born in 2019 and Harry was born in 1995.	Harry was born after Eric.
contradiction	Virginia was born in 1995 and Sarah was born in 1990.	Sarah was born after Virginia.
contradiction	Johnny was born in 2014 and Anne was born in 2006.	Anne was born after Johnny.
contradiction	Kim was born in 2013 and Harry was born in 2011.	Harry was born after Kim.
contradiction	Henry was born in 2007 and Louis was born in 2006.	Louis was born after Henry.
contradiction	Jay was born in 2000 and Marie was born in 1999.	Marie was born after Jay.
contradiction	Johnny was born in 2008 and Don was born in 1998.	Don was born after Johnny.
contradiction	Amanda was born in 2008 and Harriet was born in 1992.	Harriet was born after Amanda.
contradiction	Deborah was born in 2009 and Philip was born in 2003.	Philip was born after Deborah.
contradiction	Sally was born in 1999 and Dave was born in 1993.	Dave was born after Sally.
contradiction	Benjamin was born in 2012 and Bobby was born in 1999.	Bobby was born after Benjamin.
contradiction	Bruce was born in 2005 and Donna was born in 1991.	Donna was born after Bruce.
contradiction	Martha was born in 2019 and Thomas was born in 1996.	Thomas was born after Martha.
contradiction	David was born in 2009 and Philip was born in 1994.	Philip was born after David.
contradiction	Evelyn was born in 2016 and Bob was born in 1999.	Bob was born after Evelyn.
contradiction	Frank was born in 2001 and Emma was born in 1992.	Emma was born after Frank.
contradiction	Linda was born in 1999 and Heather was born in 1993.	Heather was born after Linda.
contradiction	Sara was born in 1993 and Laura was born in 1990.	Laura was born after Sara.
contradiction	Sue was born in 2012 and Marilyn was born in 2008.	Marilyn was born after Sue.
contradiction	Andrew was born in 2019 and Jill was born in 2007.	Jill was born after Andrew.
contradiction	Kathleen was born in 2020 and Rose was born in 1997.	Rose was born after Kathleen.
contradiction	Christine was born in 2001 and Rachel was born in 1996.	Rachel was born after Christine.
contradiction	Thomas was born in 1994 and David was born in 1991.	David was born after Thomas.
contradiction	Adam was born in 1997 and Benjamin was born in 1994.	Benjamin was born after Adam.
contradiction	Lisa was born in 2006 and Anthony was born in 2002.	Anthony was born after Lisa.
contradiction	Tom was born in 1992 and Hugh was born in 1990.	Hugh was born after Tom.
contradiction	Edward was born in 1999 and Ryan was born in 1996.	Ryan was born after Edward.
contradiction	Tim was born in 2017 and Carol was born in 2008.	Carol was born after Tim.
contradiction	Linda was born in 1993 and Jerry was born in 1992.	Jerry was born after Linda.
contradiction	Edwin was born in 1991 and Florence was born in 1990.	Florence was born after Edwin.
contradiction	Matt was born in 2007 and James was born in 2004.	James was born after Matt.
contradiction	Maria was born in 2014 and Robin was born in 1994.	Robin was born after Maria.
contradiction	William was born in 2003 and Al was born in 1994.	Al was born after William.
contradiction	Robin was born in 1997 and Joseph was born in 1994.	Joseph was born after Robin.
contradiction	Sandra was born in 1995 and Charlotte was born in 1991.	Charlotte was born after Sandra.
contradiction	Kathleen was born in 1992 and Fred was born in 1990.	Fred was born after Kathleen.
contradiction	John was born in 2011 and Julia was born in 2008.	Julia was born after John.
contradiction	Ben was born in 1997 and Sharon was born in 1991.	Sharon was born after Ben.
contradiction	Diane was born in 2012 and Donald was born in 2007.	Donald was born after Diane.
contradiction	Andrew was born in 1997 and Virginia was born in 1996.	Virginia was born after Andrew.
contradiction	Nicole was born in 2014 and Lynn was born in 2002.	Lynn was born after Nicole.
contradiction	Lawrence was born in 1999 and Matt was born in 1990.	Matt was born after Lawrence.
contradiction	Roy was born in 2020 and James was born in 1996.	James was born after Roy.
contradiction	Ashley was born in 2007 and Arthur was born in 1999.	Arthur was born after Ashley.
contradiction	Colin was born in 2004 and Ron was born in 1992.	Ron was born after Colin.
contradiction	Charlotte was born in 2004 and Julie was born in 1990.	Julie was born after Charlotte.
contradiction	Edwin was born in 1991 and Jill was born in 1990.	Jill was born after Edwin.
contradiction	Barbara was born in 1997 and Deborah was born in 1991.	Deborah was born after Barbara.
contradiction	Alexander was born in 2018 and Martha was born in 2007.	Martha was born after Alexander.
contradiction	Ron was born in 2017 and Elizabeth was born in 2016.	Elizabeth was born after Ron.
contradiction	Steven was born in 2012 and Patrick was born in 1997.	Patrick was born after Steven.
contradiction	Andrea was born in 1999 and Fred was born in 1991.	Fred was born after Andrea.
contradiction	Pamela was born in 2019 and Joan was born in 2005.	Joan was born after Pamela.
contradiction	Jack was born in 2016 and Elaine was born in 1995.	Elaine was born after Jack.
contradiction	Edith was born in 2003 and Sam was born in 1998.	Sam was born after Edith.
contradiction	Charles was born in 2000 and Sara was born in 1993.	Sara was born after Charles.
contradiction	Alan was born in 1996 and Ralph was born in 1991.	Ralph was born after Alan.
contradiction	Thomas was born in 2016 and Kelly was born in 1998.	Kelly was born after Thomas.
contradiction	Louis was born in 2010 and Sophie was born in 2009.	Sophie was born after Louis.
contradiction	Thomas was born in 2015 and Bob was born in 1995.	Bob was born after Thomas.
contradiction	Nick was born in 1993 and Angela was born in 1992.	Angela was born after Nick.
contradiction	Deborah was born in 2005 and Kate was born in 2002.	Kate was born after Deborah.
contradiction	Bobby was born in 2014 and Patrick was born in 1999.	Patrick was born after Bobby.
contradiction	Kim was born in 2003 and Ed was born in 1994.	Ed was born after Kim.
contradiction	Carl was born in 2010 and Daniel was born in 1991.	Daniel was born after Carl.
contradiction	Patricia was born in 1992 and Charlotte was born in 1991.	Charlotte was born after Patricia.
contradiction	Emily was born in 2000 and Paul was born in 1991.	Paul was born after Emily.
contradiction	Anna was born in 1991 and Jason was born in 1990.	Jason was born after Anna.
contradiction	Dorothy was born in 1996 and Tom was born in 1990.	Tom was born after Dorothy.
contradiction	Claire was born in 2001 and Emma was born in 1998.	Emma was born after Claire.
contradiction	Ken was born in 2011 and Anne was born in 1990.	Anne was born after Ken.
contradiction	Kathryn was born in 2000 and James was born in 1996.	James was born after Kathryn.
contradiction	Jerry was born in 2017 and Nicole was born in 2006.	Nicole was born after Jerry.
contradiction	Francis was born in 2003 and Nick was born in 1999.	Nick was born after Francis.
contradiction	Ray was born in 1999 and Ken was born in 1990.	Ken was born after Ray.
contradiction	Rachel was born in 2018 and Peter was born in 2014.	Peter was born after Rachel.
contradiction	Judy was born in 2015 and Jane was born in 2006.	Jane was born after Judy.
contradiction	Sarah was born in 2004 and Simon was born in 1998.	Simon was born after Sarah.
contradiction	Sally was born in 1999 and Alex was born in 1995.	Alex was born after Sally.
contradiction	Scott was born in 2006 and Laura was born in 1990.	Laura was born after Scott.
contradiction	Carl was born in 2003 and Wendy was born in 1999.	Wendy was born after Carl.
contradiction	Tom was born in 2003 and Lisa was born in 1997.	Lisa was born after Tom.
contradiction	Heather was born in 2010 and Martin was born in 1992.	Martin was born after Heather.
contradiction	Steve was born in 1999 and Frances was born in 1994.	Frances was born after Steve.
contradiction	Patrick was born in 2002 and Dorothy was born in 1991.	Dorothy was born after Patrick.
contradiction	Samuel was born in 1997 and Suzanne was born in 1996.	Suzanne was born after Samuel.
contradiction	David was born in 2018 and Christine was born in 1994.	Christine was born after David.
contradiction	Lucy was born in 2009 and Robin was born in 1994.	Robin was born after Lucy.
contradiction	Kate was born in 2005 and Charles was born in 2001.	Charles was born after Kate.
contradiction	Arthur was born in 2016 and Jack was born in 1999.	Jack was born after Arthur.
contradiction	Keith was born in 2006 and Charlotte was born in 1994.	Charlotte was born after Keith.
contradiction	Charlie was born in 2005 and Robert was born in 2000.	Robert was born after Charlie.
contradiction	Sue was born in 2019 and Jay was born in 2003.	Jay was born after Sue.
contradiction	Christopher was born in 2020 and Francis was born in 2018.	Francis was born after Christopher.
contradiction	Anne was born in 2003 and Frank was born in 1991.	Frank was born after Anne.
contradiction	Susan was born in 1995 and Nancy was born in 1993.	Nancy was born after Susan.
contradiction	Chris was born in 1995 and Catherine was born in 1990.	Catherine was born after Chris.
contradiction	Michelle was born in 2004 and Sam was born in 2001.	Sam was born after Michelle.
contradiction	Carol was born in 2018 and George was born in 2006.	George was born after Carol.
contradiction	Suzanne was born in 2000 and Evelyn was born in 1995.	Evelyn was born after Suzanne.
contradiction	Michelle was born in 2006 and Sandra was born in 2003.	Sandra was born after Michelle.
contradiction	Donna was born in 2009 and Fred was born in 2008.	Fred was born after Donna.
contradiction	Frances was born in 2006 and Jason was born in 2005.	Jason was born after Frances.
contradiction	Alex was born in 2020 and Richard was born in 2017.	Richard was born after Alex.
contradiction	Bruce was born in 1999 and Martha was born in 1995.	Martha was born after Bruce.
contradiction	Roger was born in 2010 and Ralph was born in 1990.	Ralph was born after Roger.
contradiction	Sophie was born in 2018 and Heather was born in 2012.	Heather was born after Sophie.
contradiction	Amy was born in 2012 and Scott was born in 1997.	Scott was born after Amy.
contradiction	Simon was born in 2018 and Bobby was born in 2001.	Bobby was born after Simon.
contradiction	Bruce was born in 2000 and Nicole was born in 1994.	Nicole was born after Bruce.
contradiction	Annie was born in 2002 and Emily was born in 1993.	Emily was born after Annie.
contradiction	Katherine was born in 2006 and Frances was born in 1994.	Frances was born after Katherine.
contradiction	Barbara was born in 2017 and Ryan was born in 2002.	Ryan was born after Barbara.
contradiction	Elizabeth was born in 2000 and Philip was born in 1999.	Philip was born after Elizabeth.
contradiction	Patrick was born in 2014 and Jean was born in 1992.	Jean was born after Patrick.
contradiction	Rebecca was born in 2012 and Martha was born in 2009.	Martha was born after Rebecca.
contradiction	Grace was born in 2019 and Cynthia was born in 2007.	Cynthia was born after Grace.
contradiction	Nick was born in 2004 and Dave was born in 2003.	Dave was born after Nick.
contradiction	Charlotte was born in 2002 and Alex was born in 1999.	Alex was born after Charlotte.
contradiction	Bobby was born in 1996 and Sam was born in 1994.	Sam was born after Bobby.
contradiction	Sharon was born in 1995 and Lauren was born in 1991.	Lauren was born after Sharon.
contradiction	Maria was born in 2002 and Rebecca was born in 1993.	Rebecca was born after Maria.
contradiction	Jim was born in 2007 and William was born in 2006.	William was born after Jim.
contradiction	Howard was born in 1999 and Katherine was born in 1994.	Katherine was born after Howard.
contradiction	Edith was born in 1993 and Linda was born in 1990.	Linda was born after Edith.
contradiction	Susan was born in 2010 and Kelly was born in 1991.	Kelly was born after Susan.
contradiction	Jessica was born in 2008 and George was born in 2002.	George was born after Jessica.
contradiction	Lucy was born in 2014 and Ken was born in 2009.	Ken was born after Lucy.
contradiction	Sophie was born in 2005 and Margaret was born in 2003.	Margaret was born after Sophie.
contradiction	Fiona was born in 2014 and Julia was born in 2003.	Julia was born after Fiona.
contradiction	Kenneth was born in 2020 and Elizabeth was born in 2002.	Elizabeth was born after Kenneth.
contradiction	Steve was born in 1999 and Francis was born in 1994.	Francis was born after Steve.
contradiction	Francis was born in 1994 and Kathy was born in 1990.	Kathy was born after Francis.
contradiction	Dan was born in 2006 and Diana was born in 2003.	Diana was born after Dan.
contradiction	Alex was born in 2006 and Robin was born in 1998.	Robin was born after Alex.
contradiction	Fiona was born in 2009 and Ellen was born in 2004.	Ellen was born after Fiona.
contradiction	Donna was born in 1994 and Harold was born in 1993.	Harold was born after Donna.
contradiction	Matt was born in 1994 and Alexandra was born in 1991.	Alexandra was born after Matt.
contradiction	Ann was born in 2011 and Rachel was born in 2010.	Rachel was born after Ann.
contradiction	Charlie was born in 2011 and Patrick was born in 1998.	Patrick was born after Charlie.
contradiction	Helen was born in 2004 and Angela was born in 1990.	Angela was born after Helen.
contradiction	Edith was born in 1997 and Nancy was born in 1996.	Nancy was born after Edith.
contradiction	Judith was born in 2016 and Katherine was born in 1994.	Katherine was born after Judith.
contradiction	George was born in 1991 and Jill was born in 1990.	Jill was born after George.
contradiction	Al was born in 1992 and Alexandra was born in 1990.	Alexandra was born after Al.
contradiction	Rose was born in 1992 and Martha was born in 1991.	Martha was born after Rose.
contradiction	Rachel was born in 2013 and Deborah was born in 1991.	Deborah was born after Rachel.
contradiction	Simon was born in 1996 and Janet was born in 1992.	Janet was born after Simon.
contradiction	Alison was born in 1996 and Judy was born in 1992.	Judy was born after Alison.
contradiction	Mike was born in 2008 and Charlotte was born in 1999.	Charlotte was born after Mike.
contradiction	Eleanor was born in 2000 and Emma was born in 1993.	Emma was born after Eleanor.
contradiction	Jean was born in 2019 and Sara was born in 2011.	Sara was born after Jean.
contradiction	Jack was born in 2001 and Chris was born in 1999.	Chris was born after Jack.
contradiction	Amy was born in 2000 and Jill was born in 1996.	Jill was born after Amy.
contradiction	Ellen was born in 2016 and Charlie was born in 2000.	Charlie was born after Ellen.
contradiction	Alice was born in 1995 and Emily was born in 1992.	Emily was born after Alice.
contradiction	Ralph was born in 2002 and Steve was born in 1999.	Steve was born after Ralph.
contradiction	Sally was born in 1993 and Jennifer was born in 1992.	Jennifer was born after Sally.
contradiction	Gary was born in 2020 and Kevin was born in 2005.	Kevin was born after Gary.
contradiction	Martha was born in 1994 and Ken was born in 1992.	Ken was born after Martha.
contradiction	Jim was born in 2009 and Alexandra was born in 2007.	Alexandra was born after Jim.
contradiction	Anne was born in 2000 and Joe was born in 1997.	Joe was born after Anne.
contradiction	Jill was born in 2018 and Walter was born in 1999.	Walter was born after Jill.
contradiction	Annie was born in 2010 and Alfred was born in 2006.	Alfred was born after Annie.
contradiction	Al was born in 2016 and Jason was born in 2011.	Jason was born after Al.
contradiction	Alice was born in 2013 and Jessica was born in 1994.	Jessica was born after Alice.
contradiction	Martin was born in 2018 and Jim was born in 1993.	Jim was born after Martin.
contradiction	Johnny was born in 2017 and Edward was born in 2002.	Edward was born after Johnny.
contradiction	Julia was born in 2006 and Greg was born in 2004.	Greg was born after Julia.
contradiction	Paul was born in 2015 and Diane was born in 1998.	Diane was born after Paul.
contradiction	Frances was born in 1999 and Scott was born in 1994.	Scott was born after Frances.
contradiction	Angela was born in 2011 and Alfred was born in 2010.	Alfred was born after Angela.
contradiction	Alex was born in 1993 and Donald was born in 1992.	Donald was born after Alex.
contradiction	Jason was born in 2000 and Tom was born in 1994.	Tom was born after Jason.
contradiction	Tim was born in 2019 and Caroline was born in 2005.	Caroline was born after Tim.
contradiction	Frances was born in 2007 and Harriet was born in 1994.	Harriet was born after Frances.
contradiction	Eleanor was born in 1992 and Emma was born in 1990.	Emma was born after Eleanor.
contradiction	Kenneth was born in 2020 and Marilyn was born in 2007.	Marilyn was born after Kenneth.
contradiction	Patrick was born in 2013 and Andrew was born in 1993.	Andrew was born after Patrick.
contradiction	Alan was born in 2020 and Joan was born in 2008.	Joan was born after Alan.
contradiction	Amy was born in 2016 and Mark was born in 1998.	Mark was born after Amy.
contradiction	Maria was born in 1992 and Anna was born in 1991.	Anna was born after Maria.
contradiction	Wendy was born in 2006 and Alex was born in 2003.	Alex was born after Wendy.
contradiction	Sandra was born in 2013 and Anne was born in 1997.	Anne was born after Sandra.
contradiction	Edward was born in 2020 and Ben was born in 1992.	Ben was born after Edward.
contradiction	Deborah was born in 2017 and Heather was born in 2007.	Heather was born after Deborah.
contradiction	Peter was born in 2003 and Edward was born in 1997.	Edward was born after Peter.
contradiction	Matt was born in 1996 and Margaret was born in 1994.	Margaret was born after Matt.
contradiction	Pamela was born in 2009 and Ron was born in 1990.	Ron was born after Pamela.
contradiction	Bobby was born in 2001 and Ed was born in 1993.	Ed was born after Bobby.
contradiction	Ben was born in 1993 and Alexander was born in 1991.	Alexander was born after Ben.
contradiction	Albert was born in 2013 and Jonathan was born in 1991.	Jonathan was born after Albert.
contradiction	Arthur was born in 1996 and Ashley was born in 1992.	Ashley was born after Arthur.
contradiction	Harry was born in 1995 and Ben was born in 1991.	Ben was born after Harry.
contradiction	Julie was born in 2005 and Al was born in 1991.	Al was born after Julie.
contradiction	Evelyn was born in 1998 and Frederick was born in 1997.	Frederick was born after Evelyn.
contradiction	Sally was born in 2015 and Sophie was born in 1998.	Sophie was born after Sally.
contradiction	Johnny was born in 1997 and Virginia was born in 1993.	Virginia was born after Johnny.
contradiction	Grace was born in 1997 and Bruce was born in 1994.	Bruce was born after Grace.
contradiction	Amanda was born in 2000 and Jill was born in 1994.	Jill was born after Amanda.
contradiction	Anna was born in 2015 and Lauren was born in 2003.	Lauren was born after Anna.
contradiction	Larry was born in 2001 and Lucy was born in 1990.	Lucy was born after Larry.
contradiction	Pamela was born in 2000 and Ralph was born in 1991.	Ralph was born after Pamela.
contradiction	Kevin was born in 2011 and Tim was born in 2006.	Tim was born after Kevin.
contradiction	Kenneth was born in 2016 and Carol was born in 1997.	Carol was born after Kenneth.
contradiction	Kathryn was born in 1993 and Robert was born in 1991.	Robert was born after Kathryn.
contradiction	Sophie was born in 1995 and Margaret was born in 1991.	Margaret was born after Sophie.
contradiction	Fred was born in 1991 and Steve was born in 1990.	Steve was born after Fred.
contradiction	Paul was born in 1991 and Jack was born in 1990.	Jack was born after Paul.
contradiction	Johnny was born in 2000 and Grace was born in 1994.	Grace was born after Johnny.
contradiction	Lisa was born in 2006 and Mary was born in 1995.	Mary was born after Lisa.
